[{"stream_name":"stderr","time":6.149520093,"data":"0.00s - Debugger warning: It seems that frozen modules are being used, which may\n"}
,{"stream_name":"stderr","time":6.149588296,"data":"0.00s - make the debugger miss breakpoints. Please pass -Xfrozen_modules=off\n"}
,{"stream_name":"stderr","time":6.149595336,"data":"0.00s - to python to disable frozen modules.\n"}
,{"stream_name":"stderr","time":6.149599622,"data":"0.00s - Note: Debugging will proceed. Set PYDEVD_DISABLE_FILE_VALIDATION=1 to disable this validation.\n"}
,{"stream_name":"stderr","time":6.705959953,"data":"0.00s - Debugger warning: It seems that frozen modules are being used, which may\n"}
,{"stream_name":"stderr","time":6.706004145,"data":"0.00s - make the debugger miss breakpoints. Please pass -Xfrozen_modules=off\n"}
,{"stream_name":"stderr","time":6.706009523,"data":"0.00s - to python to disable frozen modules.\n"}
,{"stream_name":"stderr","time":6.706014322,"data":"0.00s - Note: Debugging will proceed. Set PYDEVD_DISABLE_FILE_VALIDATION=1 to disable this validation.\n"}
,{"stream_name":"stdout","time":27.408187369,"data":"Device: cuda | Model: convnext_base\n"}
,{"stream_name":"stdout","time":27.408253138,"data":"Selection metric: macro_f1 | Seed: 42\n"}
,{"stream_name":"stdout","time":27.408260677,"data":"Epochs: 1 (head) + 1 (fine-tune)\n"}
,{"stream_name":"stdout","time":27.408265449,"data":"Num workers: 4\n"}
,{"stream_name":"stdout","time":27.408269687,"data":"GPU: Tesla T4 (15.6 GB), 2 visible\n"}
,{"stream_name":"stderr","time":27.519115341,"data":"Warning: You are sending unauthenticated requests to the HF Hub. Please set a HF_TOKEN to enable higher rate limits and faster downloads.\n"}
,{"stream_name":"stderr","time":27.519158884,"data":"\n"}
,{"stream_name":"stderr","time":27.519163607,"data":"Warning: You are sending unauthenticated requests to the HF Hub. Please set a HF_TOKEN to enable higher rate limits and faster downloads.\n"}
,{"stream_name":"stdout","time":38.944842502,"data":"Data module ready.\n"}
,{"stream_name":"stdout","time":38.944889687,"data":"Train batches: 164, Val batches: 41, Test batches: 51\n"}
,{"stream_name":"stdout","time":40.267136841,"data":"Downloading: \"https://download.pytorch.org/models/convnext_base-6075fbad.pth\" to /root/.cache/torch/hub/checkpoints/convnext_base-6075fbad.pth\n"}
,{"stream_name":"stderr","time":40.268064505,"data":"\r  0%|          | 0.00/338M [00:00\u003c?, ?B/s]\n"}
,{"stream_name":"stderr","time":40.369396885,"data":"\r  0%|          | 0.00/338M [00:00\u003c?, ?B/s]\r  6%|▋         | 21.9M/338M [00:00\u003c00:01, 229MB/s]\n"}
,{"stream_name":"stderr","time":40.470006978,"data":"\r  6%|▋         | 21.9M/338M [00:00\u003c00:01, 229MB/s]\r 13%|█▎        | 45.0M/338M [00:00\u003c00:01, 236MB/s]\n"}
,{"stream_name":"stderr","time":40.57004101,"data":"\r 13%|█▎        | 45.0M/338M [00:00\u003c00:01, 236MB/s]\r 20%|██        | 67.9M/338M [00:00\u003c00:01, 238MB/s]\n"}
,{"stream_name":"stderr","time":40.670454172,"data":"\r 20%|██        | 67.9M/338M [00:00\u003c00:01, 238MB/s]\r 27%|██▋       | 91.4M/338M [00:00\u003c00:01, 241MB/s]\n"}
,{"stream_name":"stderr","time":40.770503243,"data":"\r 27%|██▋       | 91.4M/338M [00:00\u003c00:01, 241MB/s]\r 34%|███▍      | 115M/338M [00:00\u003c00:00, 243MB/s] \n"}
,{"stream_name":"stderr","time":40.880106687,"data":"\r 34%|███▍      | 115M/338M [00:00\u003c00:00, 243MB/s] \r 41%|████      | 138M/338M [00:00\u003c00:00, 236MB/s]\n"}
,{"stream_name":"stderr","time":40.985941873,"data":"\r 41%|████      | 138M/338M [00:00\u003c00:00, 236MB/s]\r 48%|████▊     | 161M/338M [00:00\u003c00:00, 232MB/s]\n"}
,{"stream_name":"stderr","time":41.211809525,"data":"\r 48%|████▊     | 161M/338M [00:00\u003c00:00, 232MB/s]\r 54%|█████▍    | 183M/338M [00:00\u003c00:00, 167MB/s]\n"}
,{"stream_name":"stderr","time":41.313730615,"data":"\r 54%|█████▍    | 183M/338M [00:00\u003c00:00, 167MB/s]\r 60%|█████▉    | 201M/338M [00:01\u003c00:00, 172MB/s]\n"}
,{"stream_name":"stderr","time":41.416149483,"data":"\r 60%|█████▉    | 201M/338M [00:01\u003c00:00, 172MB/s]\r 65%|██████▍   | 220M/338M [00:01\u003c00:00, 176MB/s]\n"}
,{"stream_name":"stderr","time":41.539268171,"data":"\r 65%|██████▍   | 220M/338M [00:01\u003c00:00, 176MB/s]\r 70%|███████   | 238M/338M [00:01\u003c00:00, 169MB/s]\n"}
,{"stream_name":"stderr","time":41.640565609,"data":"\r 70%|███████   | 238M/338M [00:01\u003c00:00, 169MB/s]\r 75%|███████▌  | 255M/338M [00:01\u003c00:00, 172MB/s]\n"}
,{"stream_name":"stderr","time":41.743558093,"data":"\r 75%|███████▌  | 255M/338M [00:01\u003c00:00, 172MB/s]\r 80%|████████  | 272M/338M [00:01\u003c00:00, 172MB/s]\n"}
,{"stream_name":"stderr","time":41.846819016,"data":"\r 80%|████████  | 272M/338M [00:01\u003c00:00, 172MB/s]\r 85%|████████▌ | 289M/338M [00:01\u003c00:00, 172MB/s]\n"}
,{"stream_name":"stderr","time":41.946958668,"data":"\r 85%|████████▌ | 289M/338M [00:01\u003c00:00, 172MB/s]\r 92%|█████████▏| 311M/338M [00:01\u003c00:00, 188MB/s]\n"}
,{"stream_name":"stderr","time":42.047774059,"data":"\r 92%|█████████▏| 311M/338M [00:01\u003c00:00, 188MB/s]\r 98%|█████████▊| 332M/338M [00:01\u003c00:00, 199MB/s]\n"}
,{"stream_name":"stderr","time":42.072528978,"data":"\r 98%|█████████▊| 332M/338M [00:01\u003c00:00, 199MB/s]\r100%|██████████| 338M/338M [00:01\u003c00:00, 196MB/s]\n"}
,{"stream_name":"stderr","time":42.148131122,"data":"\r100%|██████████| 338M/338M [00:01\u003c00:00, 196MB/s]\n"}
,{"stream_name":"stderr","time":42.148172885,"data":"\n"}
,{"stream_name":"stderr","time":42.148176643,"data":"\n"}
,{"stream_name":"stdout","time":42.75131527,"data":"convnext_base built. Params: 87,586,964\n"}
,{"stream_name":"stdout","time":42.809135096,"data":"No checkpoint — starting fresh\n"}
,{"stream_name":"stderr","time":42.840779817,"data":"\rStage1 Epoch 1/1:   0%|          | 0/164 [00:00\u003c?, ?it/s]\n"}
,{"stream_name":"stderr","time":49.819274144,"data":"\rStage1 Epoch 1/1:   0%|          | 0/164 [00:00\u003c?, ?it/s]\rStage1 Epoch 1/1:   0%|          | 0/164 [00:06\u003c?, ?it/s, loss=6.3496, acc=0.0625]\n"}
,{"stream_name":"stderr","time":49.825999148,"data":"\rStage1 Epoch 1/1:   0%|          | 0/164 [00:06\u003c?, ?it/s, loss=6.3496, acc=0.0625]\rStage1 Epoch 1/1:   1%|          | 1/164 [00:06\u003c18:57,  6.98s/it, loss=6.3496, acc=0.0625]\n"}
,{"stream_name":"stderr","time":50.141404552,"data":"\rStage1 Epoch 1/1:   1%|          | 1/164 [00:06\u003c18:57,  6.98s/it, loss=6.3496, acc=0.0625]\rStage1 Epoch 1/1:   1%|          | 1/164 [00:07\u003c18:57,  6.98s/it, loss=6.6992, acc=0.0781]\n"}
,{"stream_name":"stderr","time":50.142335542,"data":"\rStage1 Epoch 1/1:   1%|          | 1/164 [00:07\u003c18:57,  6.98s/it, loss=6.6992, acc=0.0781]\rStage1 Epoch 1/1:   1%|          | 2/164 [00:07\u003c08:16,  3.06s/it, loss=6.6992, acc=0.0781]\n"}
,{"stream_name":"stderr","time":50.46935506,"data":"\rStage1 Epoch 1/1:   1%|          | 2/164 [00:07\u003c08:16,  3.06s/it, loss=6.6992, acc=0.0781]\rStage1 Epoch 1/1:   1%|          | 2/164 [00:07\u003c08:16,  3.06s/it, loss=6.7961, acc=0.0833]\n"}
,{"stream_name":"stderr","time":50.471663369,"data":"\rStage1 Epoch 1/1:   1%|          | 2/164 [00:07\u003c08:16,  3.06s/it, loss=6.7961, acc=0.0833]\rStage1 Epoch 1/1:   2%|▏         | 3/164 [00:07\u003c04:52,  1.81s/it, loss=6.7961, acc=0.0833]\n"}
,{"stream_name":"stderr","time":50.800881785,"data":"\rStage1 Epoch 1/1:   2%|▏         | 3/164 [00:07\u003c04:52,  1.81s/it, loss=6.7961, acc=0.0833]\rStage1 Epoch 1/1:   2%|▏         | 3/164 [00:07\u003c04:52,  1.81s/it, loss=6.5095, acc=0.0703]\n"}
,{"stream_name":"stderr","time":50.80241125,"data":"\rStage1 Epoch 1/1:   2%|▏         | 3/164 [00:07\u003c04:52,  1.81s/it, loss=6.5095, acc=0.0703]\rStage1 Epoch 1/1:   2%|▏         | 4/164 [00:07\u003c03:16,  1.23s/it, loss=6.5095, acc=0.0703]\n"}
,{"stream_name":"stderr","time":51.133072487,"data":"\rStage1 Epoch 1/1:   2%|▏         | 4/164 [00:07\u003c03:16,  1.23s/it, loss=6.5095, acc=0.0703]\rStage1 Epoch 1/1:   2%|▏         | 4/164 [00:08\u003c03:16,  1.23s/it, loss=6.3821, acc=0.0688]\n"}
,{"stream_name":"stderr","time":51.137158966,"data":"\rStage1 Epoch 1/1:   2%|▏         | 4/164 [00:08\u003c03:16,  1.23s/it, loss=6.3821, acc=0.0688]\rStage1 Epoch 1/1:   3%|▎         | 5/164 [00:08\u003c02:23,  1.10it/s, loss=6.3821, acc=0.0688]\n"}
,{"stream_name":"stderr","time":51.467512345,"data":"\rStage1 Epoch 1/1:   3%|▎         | 5/164 [00:08\u003c02:23,  1.10it/s, loss=6.3821, acc=0.0688]\rStage1 Epoch 1/1:   3%|▎         | 5/164 [00:08\u003c02:23,  1.10it/s, loss=6.3457, acc=0.0573]\n"}
,{"stream_name":"stderr","time":51.468745699,"data":"\rStage1 Epoch 1/1:   3%|▎         | 5/164 [00:08\u003c02:23,  1.10it/s, loss=6.3457, acc=0.0573]\rStage1 Epoch 1/1:   4%|▎         | 6/164 [00:08\u003c01:52,  1.41it/s, loss=6.3457, acc=0.0573]\n"}
,{"stream_name":"stderr","time":51.799481554,"data":"\rStage1 Epoch 1/1:   4%|▎         | 6/164 [00:08\u003c01:52,  1.41it/s, loss=6.3457, acc=0.0573]\rStage1 Epoch 1/1:   4%|▎         | 6/164 [00:08\u003c01:52,  1.41it/s, loss=6.3291, acc=0.0491]\n"}
,{"stream_name":"stderr","time":51.800203044,"data":"\rStage1 Epoch 1/1:   4%|▎         | 6/164 [00:08\u003c01:52,  1.41it/s, loss=6.3291, acc=0.0491]\rStage1 Epoch 1/1:   4%|▍         | 7/164 [00:08\u003c01:32,  1.70it/s, loss=6.3291, acc=0.0491]\n"}
,{"stream_name":"stderr","time":52.130083874,"data":"\rStage1 Epoch 1/1:   4%|▍         | 7/164 [00:08\u003c01:32,  1.70it/s, loss=6.3291, acc=0.0491]\rStage1 Epoch 1/1:   4%|▍         | 7/164 [00:09\u003c01:32,  1.70it/s, loss=6.2882, acc=0.0508]\n"}
,{"stream_name":"stderr","time":52.131002851,"data":"\rStage1 Epoch 1/1:   4%|▍         | 7/164 [00:09\u003c01:32,  1.70it/s, loss=6.2882, acc=0.0508]\rStage1 Epoch 1/1:   5%|▍         | 8/164 [00:09\u003c01:18,  1.98it/s, loss=6.2882, acc=0.0508]\n"}
,{"stream_name":"stderr","time":52.461560817,"data":"\rStage1 Epoch 1/1:   5%|▍         | 8/164 [00:09\u003c01:18,  1.98it/s, loss=6.2882, acc=0.0508]\rStage1 Epoch 1/1:   5%|▍         | 8/164 [00:09\u003c01:18,  1.98it/s, loss=6.3987, acc=0.0486]\n"}
,{"stream_name":"stderr","time":52.462782439,"data":"\rStage1 Epoch 1/1:   5%|▍         | 8/164 [00:09\u003c01:18,  1.98it/s, loss=6.3987, acc=0.0486]\rStage1 Epoch 1/1:   5%|▌         | 9/164 [00:09\u003c01:09,  2.22it/s, loss=6.3987, acc=0.0486]\n"}
,{"stream_name":"stderr","time":52.797625014,"data":"\rStage1 Epoch 1/1:   5%|▌         | 9/164 [00:09\u003c01:09,  2.22it/s, loss=6.3987, acc=0.0486]\rStage1 Epoch 1/1:   5%|▌         | 9/164 [00:09\u003c01:09,  2.22it/s, loss=6.4522, acc=0.0437]\n"}
,{"stream_name":"stderr","time":52.799851768,"data":"\rStage1 Epoch 1/1:   5%|▌         | 9/164 [00:09\u003c01:09,  2.22it/s, loss=6.4522, acc=0.0437]\rStage1 Epoch 1/1:   6%|▌         | 10/164 [00:09\u003c01:03,  2.41it/s, loss=6.4522, acc=0.0437]\n"}
,{"stream_name":"stderr","time":53.130774259,"data":"\rStage1 Epoch 1/1:   6%|▌         | 10/164 [00:09\u003c01:03,  2.41it/s, loss=6.4522, acc=0.0437]\rStage1 Epoch 1/1:   6%|▌         | 10/164 [00:10\u003c01:03,  2.41it/s, loss=6.4206, acc=0.0455]\n"}
,{"stream_name":"stderr","time":53.132385024,"data":"\rStage1 Epoch 1/1:   6%|▌         | 10/164 [00:10\u003c01:03,  2.41it/s, loss=6.4206, acc=0.0455]\rStage1 Epoch 1/1:   7%|▋         | 11/164 [00:10\u003c00:59,  2.56it/s, loss=6.4206, acc=0.0455]\n"}
,{"stream_name":"stderr","time":53.463859369,"data":"\rStage1 Epoch 1/1:   7%|▋         | 11/164 [00:10\u003c00:59,  2.56it/s, loss=6.4206, acc=0.0455]\rStage1 Epoch 1/1:   7%|▋         | 11/164 [00:10\u003c00:59,  2.56it/s, loss=6.2982, acc=0.0469]\n"}
,{"stream_name":"stderr","time":53.465261125,"data":"\rStage1 Epoch 1/1:   7%|▋         | 11/164 [00:10\u003c00:59,  2.56it/s, loss=6.2982, acc=0.0469]\rStage1 Epoch 1/1:   7%|▋         | 12/164 [00:10\u003c00:56,  2.68it/s, loss=6.2982, acc=0.0469]\n"}
,{"stream_name":"stderr","time":53.802261087,"data":"\rStage1 Epoch 1/1:   7%|▋         | 12/164 [00:10\u003c00:56,  2.68it/s, loss=6.2982, acc=0.0469]\rStage1 Epoch 1/1:   7%|▋         | 12/164 [00:10\u003c00:56,  2.68it/s, loss=6.2408, acc=0.0481]\n"}
,{"stream_name":"stderr","time":53.803329006,"data":"\rStage1 Epoch 1/1:   7%|▋         | 12/164 [00:10\u003c00:56,  2.68it/s, loss=6.2408, acc=0.0481]\rStage1 Epoch 1/1:   8%|▊         | 13/164 [00:10\u003c00:54,  2.76it/s, loss=6.2408, acc=0.0481]\n"}
,{"stream_name":"stderr","time":54.133481417,"data":"\rStage1 Epoch 1/1:   8%|▊         | 13/164 [00:10\u003c00:54,  2.76it/s, loss=6.2408, acc=0.0481]\rStage1 Epoch 1/1:   8%|▊         | 13/164 [00:11\u003c00:54,  2.76it/s, loss=6.1995, acc=0.0536]\n"}
,{"stream_name":"stderr","time":54.135409385,"data":"\rStage1 Epoch 1/1:   8%|▊         | 13/164 [00:11\u003c00:54,  2.76it/s, loss=6.1995, acc=0.0536]\rStage1 Epoch 1/1:   9%|▊         | 14/164 [00:11\u003c00:52,  2.83it/s, loss=6.1995, acc=0.0536]\n"}
,{"stream_name":"stderr","time":54.468123633,"data":"\rStage1 Epoch 1/1:   9%|▊         | 14/164 [00:11\u003c00:52,  2.83it/s, loss=6.1995, acc=0.0536]\rStage1 Epoch 1/1:   9%|▊         | 14/164 [00:11\u003c00:52,  2.83it/s, loss=6.1361, acc=0.0542]\n"}
,{"stream_name":"stderr","time":54.469354624,"data":"\rStage1 Epoch 1/1:   9%|▊         | 14/164 [00:11\u003c00:52,  2.83it/s, loss=6.1361, acc=0.0542]\rStage1 Epoch 1/1:   9%|▉         | 15/164 [00:11\u003c00:51,  2.88it/s, loss=6.1361, acc=0.0542]\n"}
,{"stream_name":"stderr","time":54.800022062,"data":"\rStage1 Epoch 1/1:   9%|▉         | 15/164 [00:11\u003c00:51,  2.88it/s, loss=6.1361, acc=0.0542]\rStage1 Epoch 1/1:   9%|▉         | 15/164 [00:11\u003c00:51,  2.88it/s, loss=6.0808, acc=0.0547]\n"}
,{"stream_name":"stderr","time":54.801076677,"data":"\rStage1 Epoch 1/1:   9%|▉         | 15/164 [00:11\u003c00:51,  2.88it/s, loss=6.0808, acc=0.0547]\rStage1 Epoch 1/1:  10%|▉         | 16/164 [00:11\u003c00:50,  2.92it/s, loss=6.0808, acc=0.0547]\n"}
,{"stream_name":"stderr","time":55.134796529,"data":"\rStage1 Epoch 1/1:  10%|▉         | 16/164 [00:11\u003c00:50,  2.92it/s, loss=6.0808, acc=0.0547]\rStage1 Epoch 1/1:  10%|▉         | 16/164 [00:12\u003c00:50,  2.92it/s, loss=6.0785, acc=0.0551]\n"}
,{"stream_name":"stderr","time":55.135802254,"data":"\rStage1 Epoch 1/1:  10%|▉         | 16/164 [00:12\u003c00:50,  2.92it/s, loss=6.0785, acc=0.0551]\rStage1 Epoch 1/1:  10%|█         | 17/164 [00:12\u003c00:50,  2.94it/s, loss=6.0785, acc=0.0551]\n"}
,{"stream_name":"stderr","time":55.467405323,"data":"\rStage1 Epoch 1/1:  10%|█         | 17/164 [00:12\u003c00:50,  2.94it/s, loss=6.0785, acc=0.0551]\rStage1 Epoch 1/1:  10%|█         | 17/164 [00:12\u003c00:50,  2.94it/s, loss=6.0920, acc=0.0573]\n"}
,{"stream_name":"stderr","time":55.468373665,"data":"\rStage1 Epoch 1/1:  10%|█         | 17/164 [00:12\u003c00:50,  2.94it/s, loss=6.0920, acc=0.0573]\rStage1 Epoch 1/1:  11%|█         | 18/164 [00:12\u003c00:49,  2.96it/s, loss=6.0920, acc=0.0573]\n"}
,{"stream_name":"stderr","time":55.801392424,"data":"\rStage1 Epoch 1/1:  11%|█         | 18/164 [00:12\u003c00:49,  2.96it/s, loss=6.0920, acc=0.0573]\rStage1 Epoch 1/1:  11%|█         | 18/164 [00:12\u003c00:49,  2.96it/s, loss=6.0835, acc=0.0592]\n"}
,{"stream_name":"stderr","time":55.802284629,"data":"\rStage1 Epoch 1/1:  11%|█         | 18/164 [00:12\u003c00:49,  2.96it/s, loss=6.0835, acc=0.0592]\rStage1 Epoch 1/1:  12%|█▏        | 19/164 [00:12\u003c00:48,  2.97it/s, loss=6.0835, acc=0.0592]\n"}
,{"stream_name":"stderr","time":56.131908672,"data":"\rStage1 Epoch 1/1:  12%|█▏        | 19/164 [00:12\u003c00:48,  2.97it/s, loss=6.0835, acc=0.0592]\rStage1 Epoch 1/1:  12%|█▏        | 19/164 [00:13\u003c00:48,  2.97it/s, loss=6.0278, acc=0.0594]\n"}
,{"stream_name":"stderr","time":56.133034882,"data":"\rStage1 Epoch 1/1:  12%|█▏        | 19/164 [00:13\u003c00:48,  2.97it/s, loss=6.0278, acc=0.0594]\rStage1 Epoch 1/1:  12%|█▏        | 20/164 [00:13\u003c00:48,  2.99it/s, loss=6.0278, acc=0.0594]\n"}
,{"stream_name":"stderr","time":56.46316855,"data":"\rStage1 Epoch 1/1:  12%|█▏        | 20/164 [00:13\u003c00:48,  2.99it/s, loss=6.0278, acc=0.0594]\rStage1 Epoch 1/1:  12%|█▏        | 20/164 [00:13\u003c00:48,  2.99it/s, loss=5.9726, acc=0.0595]\n"}
,{"stream_name":"stderr","time":56.464768975,"data":"\rStage1 Epoch 1/1:  12%|█▏        | 20/164 [00:13\u003c00:48,  2.99it/s, loss=5.9726, acc=0.0595]\rStage1 Epoch 1/1:  13%|█▎        | 21/164 [00:13\u003c00:47,  2.99it/s, loss=5.9726, acc=0.0595]\n"}
,{"stream_name":"stderr","time":56.798410801,"data":"\rStage1 Epoch 1/1:  13%|█▎        | 21/164 [00:13\u003c00:47,  2.99it/s, loss=5.9726, acc=0.0595]\rStage1 Epoch 1/1:  13%|█▎        | 21/164 [00:13\u003c00:47,  2.99it/s, loss=5.9255, acc=0.0597]\n"}
,{"stream_name":"stderr","time":56.799270163,"data":"\rStage1 Epoch 1/1:  13%|█▎        | 21/164 [00:13\u003c00:47,  2.99it/s, loss=5.9255, acc=0.0597]\rStage1 Epoch 1/1:  13%|█▎        | 22/164 [00:13\u003c00:47,  2.99it/s, loss=5.9255, acc=0.0597]\n"}
,{"stream_name":"stderr","time":57.132796257,"data":"\rStage1 Epoch 1/1:  13%|█▎        | 22/164 [00:13\u003c00:47,  2.99it/s, loss=5.9255, acc=0.0597]\rStage1 Epoch 1/1:  13%|█▎        | 22/164 [00:14\u003c00:47,  2.99it/s, loss=5.8818, acc=0.0598]\n"}
,{"stream_name":"stderr","time":57.133933759,"data":"\rStage1 Epoch 1/1:  13%|█▎        | 22/164 [00:14\u003c00:47,  2.99it/s, loss=5.8818, acc=0.0598]\rStage1 Epoch 1/1:  14%|█▍        | 23/164 [00:14\u003c00:47,  2.99it/s, loss=5.8818, acc=0.0598]\n"}
,{"stream_name":"stderr","time":57.465929365,"data":"\rStage1 Epoch 1/1:  14%|█▍        | 23/164 [00:14\u003c00:47,  2.99it/s, loss=5.8818, acc=0.0598]\rStage1 Epoch 1/1:  14%|█▍        | 23/164 [00:14\u003c00:47,  2.99it/s, loss=5.8399, acc=0.0625]\n"}
,{"stream_name":"stderr","time":57.46845942,"data":"\rStage1 Epoch 1/1:  14%|█▍        | 23/164 [00:14\u003c00:47,  2.99it/s, loss=5.8399, acc=0.0625]\rStage1 Epoch 1/1:  15%|█▍        | 24/164 [00:14\u003c00:46,  2.99it/s, loss=5.8399, acc=0.0625]\n"}
,{"stream_name":"stderr","time":57.80216158,"data":"\rStage1 Epoch 1/1:  15%|█▍        | 24/164 [00:14\u003c00:46,  2.99it/s, loss=5.8399, acc=0.0625]\rStage1 Epoch 1/1:  15%|█▍        | 24/164 [00:14\u003c00:46,  2.99it/s, loss=5.8339, acc=0.0638]\n"}
,{"stream_name":"stderr","time":57.803117703,"data":"\rStage1 Epoch 1/1:  15%|█▍        | 24/164 [00:14\u003c00:46,  2.99it/s, loss=5.8339, acc=0.0638]\rStage1 Epoch 1/1:  15%|█▌        | 25/164 [00:14\u003c00:46,  2.99it/s, loss=5.8339, acc=0.0638]\n"}
,{"stream_name":"stderr","time":58.140233908,"data":"\rStage1 Epoch 1/1:  15%|█▌        | 25/164 [00:14\u003c00:46,  2.99it/s, loss=5.8339, acc=0.0638]\rStage1 Epoch 1/1:  15%|█▌        | 25/164 [00:15\u003c00:46,  2.99it/s, loss=5.8230, acc=0.0625]\n"}
,{"stream_name":"stderr","time":58.140350784,"data":"\rStage1 Epoch 1/1:  15%|█▌        | 25/164 [00:15\u003c00:46,  2.99it/s, loss=5.8230, acc=0.0625]\rStage1 Epoch 1/1:  16%|█▌        | 26/164 [00:15\u003c00:46,  2.99it/s, loss=5.8230, acc=0.0625]\n"}
,{"stream_name":"stderr","time":58.472353123,"data":"\rStage1 Epoch 1/1:  16%|█▌        | 26/164 [00:15\u003c00:46,  2.99it/s, loss=5.8230, acc=0.0625]\rStage1 Epoch 1/1:  16%|█▌        | 26/164 [00:15\u003c00:46,  2.99it/s, loss=5.8112, acc=0.0613]\n"}
,{"stream_name":"stderr","time":58.473571338,"data":"\rStage1 Epoch 1/1:  16%|█▌        | 26/164 [00:15\u003c00:46,  2.99it/s, loss=5.8112, acc=0.0613]\rStage1 Epoch 1/1:  16%|█▋        | 27/164 [00:15\u003c00:45,  2.99it/s, loss=5.8112, acc=0.0613]\n"}
,{"stream_name":"stderr","time":58.808124051,"data":"\rStage1 Epoch 1/1:  16%|█▋        | 27/164 [00:15\u003c00:45,  2.99it/s, loss=5.8112, acc=0.0613]\rStage1 Epoch 1/1:  16%|█▋        | 27/164 [00:15\u003c00:45,  2.99it/s, loss=5.7904, acc=0.0625]\n"}
,{"stream_name":"stderr","time":58.809184972,"data":"\rStage1 Epoch 1/1:  16%|█▋        | 27/164 [00:15\u003c00:45,  2.99it/s, loss=5.7904, acc=0.0625]\rStage1 Epoch 1/1:  17%|█▋        | 28/164 [00:15\u003c00:45,  2.98it/s, loss=5.7904, acc=0.0625]\n"}
,{"stream_name":"stderr","time":59.144175261,"data":"\rStage1 Epoch 1/1:  17%|█▋        | 28/164 [00:15\u003c00:45,  2.98it/s, loss=5.7904, acc=0.0625]\rStage1 Epoch 1/1:  17%|█▋        | 28/164 [00:16\u003c00:45,  2.98it/s, loss=5.7572, acc=0.0625]\n"}
,{"stream_name":"stderr","time":59.145245297,"data":"\rStage1 Epoch 1/1:  17%|█▋        | 28/164 [00:16\u003c00:45,  2.98it/s, loss=5.7572, acc=0.0625]\rStage1 Epoch 1/1:  18%|█▊        | 29/164 [00:16\u003c00:45,  2.98it/s, loss=5.7572, acc=0.0625]\n"}
,{"stream_name":"stderr","time":59.476506229,"data":"\rStage1 Epoch 1/1:  18%|█▊        | 29/164 [00:16\u003c00:45,  2.98it/s, loss=5.7572, acc=0.0625]\rStage1 Epoch 1/1:  18%|█▊        | 29/164 [00:16\u003c00:45,  2.98it/s, loss=5.7343, acc=0.0615]\n"}
,{"stream_name":"stderr","time":59.477356279,"data":"\rStage1 Epoch 1/1:  18%|█▊        | 29/164 [00:16\u003c00:45,  2.98it/s, loss=5.7343, acc=0.0615]\rStage1 Epoch 1/1:  18%|█▊        | 30/164 [00:16\u003c00:44,  2.99it/s, loss=5.7343, acc=0.0615]\n"}
,{"stream_name":"stderr","time":59.814119316,"data":"\rStage1 Epoch 1/1:  18%|█▊        | 30/164 [00:16\u003c00:44,  2.99it/s, loss=5.7343, acc=0.0615]\rStage1 Epoch 1/1:  18%|█▊        | 30/164 [00:16\u003c00:44,  2.99it/s, loss=5.7115, acc=0.0595]\n"}
,{"stream_name":"stderr","time":59.815770132,"data":"\rStage1 Epoch 1/1:  18%|█▊        | 30/164 [00:16\u003c00:44,  2.99it/s, loss=5.7115, acc=0.0595]\rStage1 Epoch 1/1:  19%|█▉        | 31/164 [00:16\u003c00:44,  2.98it/s, loss=5.7115, acc=0.0595]\n"}
,{"stream_name":"stderr","time":60.1480089,"data":"\rStage1 Epoch 1/1:  19%|█▉        | 31/164 [00:16\u003c00:44,  2.98it/s, loss=5.7115, acc=0.0595]\rStage1 Epoch 1/1:  19%|█▉        | 31/164 [00:17\u003c00:44,  2.98it/s, loss=5.6821, acc=0.0605]\n"}
,{"stream_name":"stderr","time":60.149410137,"data":"\rStage1 Epoch 1/1:  19%|█▉        | 31/164 [00:17\u003c00:44,  2.98it/s, loss=5.6821, acc=0.0605]\rStage1 Epoch 1/1:  20%|█▉        | 32/164 [00:17\u003c00:44,  2.99it/s, loss=5.6821, acc=0.0605]\n"}
,{"stream_name":"stderr","time":60.486450482,"data":"\rStage1 Epoch 1/1:  20%|█▉        | 32/164 [00:17\u003c00:44,  2.99it/s, loss=5.6821, acc=0.0605]\rStage1 Epoch 1/1:  20%|█▉        | 32/164 [00:17\u003c00:44,  2.99it/s, loss=5.6652, acc=0.0634]\n"}
,{"stream_name":"stderr","time":60.487501903,"data":"\rStage1 Epoch 1/1:  20%|█▉        | 32/164 [00:17\u003c00:44,  2.99it/s, loss=5.6652, acc=0.0634]\rStage1 Epoch 1/1:  20%|██        | 33/164 [00:17\u003c00:44,  2.98it/s, loss=5.6652, acc=0.0634]\n"}
,{"stream_name":"stderr","time":60.822625202,"data":"\rStage1 Epoch 1/1:  20%|██        | 33/164 [00:17\u003c00:44,  2.98it/s, loss=5.6652, acc=0.0634]\rStage1 Epoch 1/1:  20%|██        | 33/164 [00:17\u003c00:44,  2.98it/s, loss=5.6143, acc=0.0662]\n"}
,{"stream_name":"stderr","time":60.8236016,"data":"\rStage1 Epoch 1/1:  20%|██        | 33/164 [00:17\u003c00:44,  2.98it/s, loss=5.6143, acc=0.0662]\rStage1 Epoch 1/1:  21%|██        | 34/164 [00:17\u003c00:43,  2.98it/s, loss=5.6143, acc=0.0662]\n"}
,{"stream_name":"stderr","time":61.161110163,"data":"\rStage1 Epoch 1/1:  21%|██        | 34/164 [00:17\u003c00:43,  2.98it/s, loss=5.6143, acc=0.0662]\rStage1 Epoch 1/1:  21%|██        | 34/164 [00:18\u003c00:43,  2.98it/s, loss=5.5774, acc=0.0688]\n"}
,{"stream_name":"stderr","time":61.16324241,"data":"\rStage1 Epoch 1/1:  21%|██        | 34/164 [00:18\u003c00:43,  2.98it/s, loss=5.5774, acc=0.0688]\rStage1 Epoch 1/1:  21%|██▏       | 35/164 [00:18\u003c00:43,  2.97it/s, loss=5.5774, acc=0.0688]\n"}
,{"stream_name":"stderr","time":61.49678227,"data":"\rStage1 Epoch 1/1:  21%|██▏       | 35/164 [00:18\u003c00:43,  2.97it/s, loss=5.5774, acc=0.0688]\rStage1 Epoch 1/1:  21%|██▏       | 35/164 [00:18\u003c00:43,  2.97it/s, loss=5.5199, acc=0.0729]\n"}
,{"stream_name":"stderr","time":61.497785455,"data":"\rStage1 Epoch 1/1:  21%|██▏       | 35/164 [00:18\u003c00:43,  2.97it/s, loss=5.5199, acc=0.0729]\rStage1 Epoch 1/1:  22%|██▏       | 36/164 [00:18\u003c00:43,  2.97it/s, loss=5.5199, acc=0.0729]\n"}
,{"stream_name":"stderr","time":61.834660696,"data":"\rStage1 Epoch 1/1:  22%|██▏       | 36/164 [00:18\u003c00:43,  2.97it/s, loss=5.5199, acc=0.0729]\rStage1 Epoch 1/1:  22%|██▏       | 36/164 [00:18\u003c00:43,  2.97it/s, loss=5.5047, acc=0.0726]\n"}
,{"stream_name":"stderr","time":61.83578261,"data":"\rStage1 Epoch 1/1:  22%|██▏       | 36/164 [00:18\u003c00:43,  2.97it/s, loss=5.5047, acc=0.0726]\rStage1 Epoch 1/1:  23%|██▎       | 37/164 [00:18\u003c00:42,  2.97it/s, loss=5.5047, acc=0.0726]\n"}
,{"stream_name":"stderr","time":62.173234327,"data":"\rStage1 Epoch 1/1:  23%|██▎       | 37/164 [00:18\u003c00:42,  2.97it/s, loss=5.5047, acc=0.0726]\rStage1 Epoch 1/1:  23%|██▎       | 37/164 [00:19\u003c00:42,  2.97it/s, loss=5.4741, acc=0.0757]\n"}
,{"stream_name":"stderr","time":62.173515933,"data":"\rStage1 Epoch 1/1:  23%|██▎       | 37/164 [00:19\u003c00:42,  2.97it/s, loss=5.4741, acc=0.0757]\rStage1 Epoch 1/1:  23%|██▎       | 38/164 [00:19\u003c00:42,  2.97it/s, loss=5.4741, acc=0.0757]\n"}
,{"stream_name":"stderr","time":62.509156589,"data":"\rStage1 Epoch 1/1:  23%|██▎       | 38/164 [00:19\u003c00:42,  2.97it/s, loss=5.4741, acc=0.0757]\rStage1 Epoch 1/1:  23%|██▎       | 38/164 [00:19\u003c00:42,  2.97it/s, loss=5.4515, acc=0.0745]\n"}
,{"stream_name":"stderr","time":62.511119668,"data":"\rStage1 Epoch 1/1:  23%|██▎       | 38/164 [00:19\u003c00:42,  2.97it/s, loss=5.4515, acc=0.0745]\rStage1 Epoch 1/1:  24%|██▍       | 39/164 [00:19\u003c00:42,  2.97it/s, loss=5.4515, acc=0.0745]\n"}
,{"stream_name":"stderr","time":62.847949271,"data":"\rStage1 Epoch 1/1:  24%|██▍       | 39/164 [00:19\u003c00:42,  2.97it/s, loss=5.4515, acc=0.0745]\rStage1 Epoch 1/1:  24%|██▍       | 39/164 [00:20\u003c00:42,  2.97it/s, loss=5.4288, acc=0.0734]\n"}
,{"stream_name":"stderr","time":62.851369089,"data":"\rStage1 Epoch 1/1:  24%|██▍       | 39/164 [00:20\u003c00:42,  2.97it/s, loss=5.4288, acc=0.0734]\rStage1 Epoch 1/1:  24%|██▍       | 40/164 [00:20\u003c00:41,  2.96it/s, loss=5.4288, acc=0.0734]\n"}
,{"stream_name":"stderr","time":63.186289821,"data":"\rStage1 Epoch 1/1:  24%|██▍       | 40/164 [00:20\u003c00:41,  2.96it/s, loss=5.4288, acc=0.0734]\rStage1 Epoch 1/1:  24%|██▍       | 40/164 [00:20\u003c00:41,  2.96it/s, loss=5.4118, acc=0.0755]\n"}
,{"stream_name":"stderr","time":63.18725405,"data":"\rStage1 Epoch 1/1:  24%|██▍       | 40/164 [00:20\u003c00:41,  2.96it/s, loss=5.4118, acc=0.0755]\rStage1 Epoch 1/1:  25%|██▌       | 41/164 [00:20\u003c00:41,  2.96it/s, loss=5.4118, acc=0.0755]\n"}
,{"stream_name":"stderr","time":63.526622179,"data":"\rStage1 Epoch 1/1:  25%|██▌       | 41/164 [00:20\u003c00:41,  2.96it/s, loss=5.4118, acc=0.0755]\rStage1 Epoch 1/1:  25%|██▌       | 41/164 [00:20\u003c00:41,  2.96it/s, loss=5.3774, acc=0.0781]\n"}
,{"stream_name":"stderr","time":63.529398448,"data":"\rStage1 Epoch 1/1:  25%|██▌       | 41/164 [00:20\u003c00:41,  2.96it/s, loss=5.3774, acc=0.0781]\rStage1 Epoch 1/1:  26%|██▌       | 42/164 [00:20\u003c00:41,  2.95it/s, loss=5.3774, acc=0.0781]\n"}
,{"stream_name":"stderr","time":63.86586939,"data":"\rStage1 Epoch 1/1:  26%|██▌       | 42/164 [00:20\u003c00:41,  2.95it/s, loss=5.3774, acc=0.0781]\rStage1 Epoch 1/1:  26%|██▌       | 42/164 [00:21\u003c00:41,  2.95it/s, loss=5.3427, acc=0.0807]\n"}
,{"stream_name":"stderr","time":63.866784237,"data":"\rStage1 Epoch 1/1:  26%|██▌       | 42/164 [00:21\u003c00:41,  2.95it/s, loss=5.3427, acc=0.0807]\rStage1 Epoch 1/1:  26%|██▌       | 43/164 [00:21\u003c00:40,  2.95it/s, loss=5.3427, acc=0.0807]\n"}
,{"stream_name":"stderr","time":64.209254344,"data":"\rStage1 Epoch 1/1:  26%|██▌       | 43/164 [00:21\u003c00:40,  2.95it/s, loss=5.3427, acc=0.0807]\rStage1 Epoch 1/1:  26%|██▌       | 43/164 [00:21\u003c00:40,  2.95it/s, loss=5.3159, acc=0.0824]\n"}
,{"stream_name":"stderr","time":64.210949477,"data":"\rStage1 Epoch 1/1:  26%|██▌       | 43/164 [00:21\u003c00:40,  2.95it/s, loss=5.3159, acc=0.0824]\rStage1 Epoch 1/1:  27%|██▋       | 44/164 [00:21\u003c00:40,  2.94it/s, loss=5.3159, acc=0.0824]\n"}
,{"stream_name":"stderr","time":64.551366132,"data":"\rStage1 Epoch 1/1:  27%|██▋       | 44/164 [00:21\u003c00:40,  2.94it/s, loss=5.3159, acc=0.0824]\rStage1 Epoch 1/1:  27%|██▋       | 44/164 [00:21\u003c00:40,  2.94it/s, loss=5.2855, acc=0.0847]\n"}
,{"stream_name":"stderr","time":64.553302855,"data":"\rStage1 Epoch 1/1:  27%|██▋       | 44/164 [00:21\u003c00:40,  2.94it/s, loss=5.2855, acc=0.0847]\rStage1 Epoch 1/1:  27%|██▋       | 45/164 [00:21\u003c00:40,  2.94it/s, loss=5.2855, acc=0.0847]\n"}
,{"stream_name":"stderr","time":64.894108932,"data":"\rStage1 Epoch 1/1:  27%|██▋       | 45/164 [00:21\u003c00:40,  2.94it/s, loss=5.2855, acc=0.0847]\rStage1 Epoch 1/1:  27%|██▋       | 45/164 [00:22\u003c00:40,  2.94it/s, loss=5.2795, acc=0.0870]\n"}
,{"stream_name":"stderr","time":64.899904632,"data":"\rStage1 Epoch 1/1:  27%|██▋       | 45/164 [00:22\u003c00:40,  2.94it/s, loss=5.2795, acc=0.0870]\rStage1 Epoch 1/1:  28%|██▊       | 46/164 [00:22\u003c00:40,  2.93it/s, loss=5.2795, acc=0.0870]\n"}
,{"stream_name":"stderr","time":65.237017922,"data":"\rStage1 Epoch 1/1:  28%|██▊       | 46/164 [00:22\u003c00:40,  2.93it/s, loss=5.2795, acc=0.0870]\rStage1 Epoch 1/1:  28%|██▊       | 46/164 [00:22\u003c00:40,  2.93it/s, loss=5.2460, acc=0.0871]\n"}
,{"stream_name":"stderr","time":65.238699958,"data":"\rStage1 Epoch 1/1:  28%|██▊       | 46/164 [00:22\u003c00:40,  2.93it/s, loss=5.2460, acc=0.0871]\rStage1 Epoch 1/1:  29%|██▊       | 47/164 [00:22\u003c00:39,  2.93it/s, loss=5.2460, acc=0.0871]\n"}
,{"stream_name":"stderr","time":65.579262189,"data":"\rStage1 Epoch 1/1:  29%|██▊       | 47/164 [00:22\u003c00:39,  2.93it/s, loss=5.2460, acc=0.0871]\rStage1 Epoch 1/1:  29%|██▊       | 47/164 [00:22\u003c00:39,  2.93it/s, loss=5.2189, acc=0.0892]\n"}
,{"stream_name":"stderr","time":65.580235752,"data":"\rStage1 Epoch 1/1:  29%|██▊       | 47/164 [00:22\u003c00:39,  2.93it/s, loss=5.2189, acc=0.0892]\rStage1 Epoch 1/1:  29%|██▉       | 48/164 [00:22\u003c00:39,  2.92it/s, loss=5.2189, acc=0.0892]\n"}
,{"stream_name":"stderr","time":65.921080819,"data":"\rStage1 Epoch 1/1:  29%|██▉       | 48/164 [00:22\u003c00:39,  2.92it/s, loss=5.2189, acc=0.0892]\rStage1 Epoch 1/1:  29%|██▉       | 48/164 [00:23\u003c00:39,  2.92it/s, loss=5.1774, acc=0.0925]\n"}
,{"stream_name":"stderr","time":65.922248321,"data":"\rStage1 Epoch 1/1:  29%|██▉       | 48/164 [00:23\u003c00:39,  2.92it/s, loss=5.1774, acc=0.0925]\rStage1 Epoch 1/1:  30%|██▉       | 49/164 [00:23\u003c00:39,  2.92it/s, loss=5.1774, acc=0.0925]\n"}
,{"stream_name":"stderr","time":66.26336147,"data":"\rStage1 Epoch 1/1:  30%|██▉       | 49/164 [00:23\u003c00:39,  2.92it/s, loss=5.1774, acc=0.0925]\rStage1 Epoch 1/1:  30%|██▉       | 49/164 [00:23\u003c00:39,  2.92it/s, loss=5.1557, acc=0.0919]\n"}
,{"stream_name":"stderr","time":66.264754872,"data":"\rStage1 Epoch 1/1:  30%|██▉       | 49/164 [00:23\u003c00:39,  2.92it/s, loss=5.1557, acc=0.0919]\rStage1 Epoch 1/1:  30%|███       | 50/164 [00:23\u003c00:38,  2.92it/s, loss=5.1557, acc=0.0919]\n"}
,{"stream_name":"stderr","time":66.606583458,"data":"\rStage1 Epoch 1/1:  30%|███       | 50/164 [00:23\u003c00:38,  2.92it/s, loss=5.1557, acc=0.0919]\rStage1 Epoch 1/1:  30%|███       | 50/164 [00:23\u003c00:38,  2.92it/s, loss=5.1293, acc=0.0931]\n"}
,{"stream_name":"stderr","time":66.607685278,"data":"\rStage1 Epoch 1/1:  30%|███       | 50/164 [00:23\u003c00:38,  2.92it/s, loss=5.1293, acc=0.0931]\rStage1 Epoch 1/1:  31%|███       | 51/164 [00:23\u003c00:38,  2.92it/s, loss=5.1293, acc=0.0931]\n"}
,{"stream_name":"stderr","time":66.950153087,"data":"\rStage1 Epoch 1/1:  31%|███       | 51/164 [00:23\u003c00:38,  2.92it/s, loss=5.1293, acc=0.0931]\rStage1 Epoch 1/1:  31%|███       | 51/164 [00:24\u003c00:38,  2.92it/s, loss=5.0856, acc=0.0974]\n"}
,{"stream_name":"stderr","time":66.951438839,"data":"\rStage1 Epoch 1/1:  31%|███       | 51/164 [00:24\u003c00:38,  2.92it/s, loss=5.0856, acc=0.0974]\rStage1 Epoch 1/1:  32%|███▏      | 52/164 [00:24\u003c00:38,  2.92it/s, loss=5.0856, acc=0.0974]\n"}
,{"stream_name":"stderr","time":67.291747083,"data":"\rStage1 Epoch 1/1:  32%|███▏      | 52/164 [00:24\u003c00:38,  2.92it/s, loss=5.0856, acc=0.0974]\rStage1 Epoch 1/1:  32%|███▏      | 52/164 [00:24\u003c00:38,  2.92it/s, loss=5.0582, acc=0.0985]\n"}
,{"stream_name":"stderr","time":67.29678595,"data":"\rStage1 Epoch 1/1:  32%|███▏      | 52/164 [00:24\u003c00:38,  2.92it/s, loss=5.0582, acc=0.0985]\rStage1 Epoch 1/1:  32%|███▏      | 53/164 [00:24\u003c00:38,  2.92it/s, loss=5.0582, acc=0.0985]\n"}
,{"stream_name":"stderr","time":67.632010709,"data":"\rStage1 Epoch 1/1:  32%|███▏      | 53/164 [00:24\u003c00:38,  2.92it/s, loss=5.0582, acc=0.0985]\rStage1 Epoch 1/1:  32%|███▏      | 53/164 [00:24\u003c00:38,  2.92it/s, loss=5.0286, acc=0.1013]\n"}
,{"stream_name":"stderr","time":67.632971248,"data":"\rStage1 Epoch 1/1:  32%|███▏      | 53/164 [00:24\u003c00:38,  2.92it/s, loss=5.0286, acc=0.1013]\rStage1 Epoch 1/1:  33%|███▎      | 54/164 [00:24\u003c00:37,  2.93it/s, loss=5.0286, acc=0.1013]\n"}
,{"stream_name":"stderr","time":67.972909615,"data":"\rStage1 Epoch 1/1:  33%|███▎      | 54/164 [00:24\u003c00:37,  2.93it/s, loss=5.0286, acc=0.1013]\rStage1 Epoch 1/1:  33%|███▎      | 54/164 [00:25\u003c00:37,  2.93it/s, loss=5.0150, acc=0.1028]\n"}
,{"stream_name":"stderr","time":67.973514004,"data":"\rStage1 Epoch 1/1:  33%|███▎      | 54/164 [00:25\u003c00:37,  2.93it/s, loss=5.0150, acc=0.1028]\rStage1 Epoch 1/1:  34%|███▎      | 55/164 [00:25\u003c00:37,  2.93it/s, loss=5.0150, acc=0.1028]\n"}
,{"stream_name":"stderr","time":68.311682534,"data":"\rStage1 Epoch 1/1:  34%|███▎      | 55/164 [00:25\u003c00:37,  2.93it/s, loss=5.0150, acc=0.1028]\rStage1 Epoch 1/1:  34%|███▎      | 55/164 [00:25\u003c00:37,  2.93it/s, loss=4.9976, acc=0.1032]\n"}
,{"stream_name":"stderr","time":68.314140246,"data":"\rStage1 Epoch 1/1:  34%|███▎      | 55/164 [00:25\u003c00:37,  2.93it/s, loss=4.9976, acc=0.1032]\rStage1 Epoch 1/1:  34%|███▍      | 56/164 [00:25\u003c00:36,  2.93it/s, loss=4.9976, acc=0.1032]\n"}
,{"stream_name":"stderr","time":68.654546925,"data":"\rStage1 Epoch 1/1:  34%|███▍      | 56/164 [00:25\u003c00:36,  2.93it/s, loss=4.9976, acc=0.1032]\rStage1 Epoch 1/1:  34%|███▍      | 56/164 [00:25\u003c00:36,  2.93it/s, loss=4.9730, acc=0.1058]\n"}
,{"stream_name":"stderr","time":68.65603901,"data":"\rStage1 Epoch 1/1:  34%|███▍      | 56/164 [00:25\u003c00:36,  2.93it/s, loss=4.9730, acc=0.1058]\rStage1 Epoch 1/1:  35%|███▍      | 57/164 [00:25\u003c00:36,  2.93it/s, loss=4.9730, acc=0.1058]\n"}
,{"stream_name":"stderr","time":68.998158816,"data":"\rStage1 Epoch 1/1:  35%|███▍      | 57/164 [00:25\u003c00:36,  2.93it/s, loss=4.9730, acc=0.1058]\rStage1 Epoch 1/1:  35%|███▍      | 57/164 [00:26\u003c00:36,  2.93it/s, loss=4.9334, acc=0.1083]\n"}
,{"stream_name":"stderr","time":69.000166018,"data":"\rStage1 Epoch 1/1:  35%|███▍      | 57/164 [00:26\u003c00:36,  2.93it/s, loss=4.9334, acc=0.1083]\rStage1 Epoch 1/1:  35%|███▌      | 58/164 [00:26\u003c00:36,  2.93it/s, loss=4.9334, acc=0.1083]\n"}
,{"stream_name":"stderr","time":69.342017045,"data":"\rStage1 Epoch 1/1:  35%|███▌      | 58/164 [00:26\u003c00:36,  2.93it/s, loss=4.9334, acc=0.1083]\rStage1 Epoch 1/1:  35%|███▌      | 58/164 [00:26\u003c00:36,  2.93it/s, loss=4.9110, acc=0.1086]\n"}
,{"stream_name":"stderr","time":69.343370583,"data":"\rStage1 Epoch 1/1:  35%|███▌      | 58/164 [00:26\u003c00:36,  2.93it/s, loss=4.9110, acc=0.1086]\rStage1 Epoch 1/1:  36%|███▌      | 59/164 [00:26\u003c00:35,  2.92it/s, loss=4.9110, acc=0.1086]\n"}
,{"stream_name":"stderr","time":69.68424501,"data":"\rStage1 Epoch 1/1:  36%|███▌      | 59/164 [00:26\u003c00:35,  2.92it/s, loss=4.9110, acc=0.1086]\rStage1 Epoch 1/1:  36%|███▌      | 59/164 [00:26\u003c00:35,  2.92it/s, loss=4.8769, acc=0.1104]\n"}
,{"stream_name":"stderr","time":69.685432972,"data":"\rStage1 Epoch 1/1:  36%|███▌      | 59/164 [00:26\u003c00:35,  2.92it/s, loss=4.8769, acc=0.1104]\rStage1 Epoch 1/1:  37%|███▋      | 60/164 [00:26\u003c00:35,  2.92it/s, loss=4.8769, acc=0.1104]\n"}
,{"stream_name":"stderr","time":70.028452416,"data":"\rStage1 Epoch 1/1:  37%|███▋      | 60/164 [00:26\u003c00:35,  2.92it/s, loss=4.8769, acc=0.1104]\rStage1 Epoch 1/1:  37%|███▋      | 60/164 [00:27\u003c00:35,  2.92it/s, loss=4.8591, acc=0.1117]\n"}
,{"stream_name":"stderr","time":70.029606159,"data":"\rStage1 Epoch 1/1:  37%|███▋      | 60/164 [00:27\u003c00:35,  2.92it/s, loss=4.8591, acc=0.1117]\rStage1 Epoch 1/1:  37%|███▋      | 61/164 [00:27\u003c00:35,  2.92it/s, loss=4.8591, acc=0.1117]\n"}
,{"stream_name":"stderr","time":70.370925527,"data":"\rStage1 Epoch 1/1:  37%|███▋      | 61/164 [00:27\u003c00:35,  2.92it/s, loss=4.8591, acc=0.1117]\rStage1 Epoch 1/1:  37%|███▋      | 61/164 [00:27\u003c00:35,  2.92it/s, loss=4.8536, acc=0.1129]\n"}
,{"stream_name":"stderr","time":70.371833692,"data":"\rStage1 Epoch 1/1:  37%|███▋      | 61/164 [00:27\u003c00:35,  2.92it/s, loss=4.8536, acc=0.1129]\rStage1 Epoch 1/1:  38%|███▊      | 62/164 [00:27\u003c00:34,  2.92it/s, loss=4.8536, acc=0.1129]\n"}
,{"stream_name":"stderr","time":70.71552408,"data":"\rStage1 Epoch 1/1:  38%|███▊      | 62/164 [00:27\u003c00:34,  2.92it/s, loss=4.8536, acc=0.1129]\rStage1 Epoch 1/1:  38%|███▊      | 62/164 [00:27\u003c00:34,  2.92it/s, loss=4.8236, acc=0.1176]\n"}
,{"stream_name":"stderr","time":70.716455046,"data":"\rStage1 Epoch 1/1:  38%|███▊      | 62/164 [00:27\u003c00:34,  2.92it/s, loss=4.8236, acc=0.1176]\rStage1 Epoch 1/1:  38%|███▊      | 63/164 [00:27\u003c00:34,  2.91it/s, loss=4.8236, acc=0.1176]\n"}
,{"stream_name":"stderr","time":71.061501749,"data":"\rStage1 Epoch 1/1:  38%|███▊      | 63/164 [00:27\u003c00:34,  2.91it/s, loss=4.8236, acc=0.1176]\rStage1 Epoch 1/1:  38%|███▊      | 63/164 [00:28\u003c00:34,  2.91it/s, loss=4.7966, acc=0.1216]\n"}
,{"stream_name":"stderr","time":71.069676513,"data":"\rStage1 Epoch 1/1:  38%|███▊      | 63/164 [00:28\u003c00:34,  2.91it/s, loss=4.7966, acc=0.1216]\rStage1 Epoch 1/1:  39%|███▉      | 64/164 [00:28\u003c00:34,  2.90it/s, loss=4.7966, acc=0.1216]\n"}
,{"stream_name":"stderr","time":71.405684945,"data":"\rStage1 Epoch 1/1:  39%|███▉      | 64/164 [00:28\u003c00:34,  2.90it/s, loss=4.7966, acc=0.1216]\rStage1 Epoch 1/1:  39%|███▉      | 64/164 [00:28\u003c00:34,  2.90it/s, loss=4.7739, acc=0.1216]\n"}
,{"stream_name":"stderr","time":71.406977391,"data":"\rStage1 Epoch 1/1:  39%|███▉      | 64/164 [00:28\u003c00:34,  2.90it/s, loss=4.7739, acc=0.1216]\rStage1 Epoch 1/1:  40%|███▉      | 65/164 [00:28\u003c00:34,  2.91it/s, loss=4.7739, acc=0.1216]\n"}
,{"stream_name":"stderr","time":71.749359732,"data":"\rStage1 Epoch 1/1:  40%|███▉      | 65/164 [00:28\u003c00:34,  2.91it/s, loss=4.7739, acc=0.1216]\rStage1 Epoch 1/1:  40%|███▉      | 65/164 [00:28\u003c00:34,  2.91it/s, loss=4.7538, acc=0.1236]\n"}
,{"stream_name":"stderr","time":71.75038297,"data":"\rStage1 Epoch 1/1:  40%|███▉      | 65/164 [00:28\u003c00:34,  2.91it/s, loss=4.7538, acc=0.1236]\rStage1 Epoch 1/1:  40%|████      | 66/164 [00:28\u003c00:33,  2.91it/s, loss=4.7538, acc=0.1236]\n"}
,{"stream_name":"stderr","time":72.094942315,"data":"\rStage1 Epoch 1/1:  40%|████      | 66/164 [00:28\u003c00:33,  2.91it/s, loss=4.7538, acc=0.1236]\rStage1 Epoch 1/1:  40%|████      | 66/164 [00:29\u003c00:33,  2.91it/s, loss=4.7358, acc=0.1245]\n"}
,{"stream_name":"stderr","time":72.096721024,"data":"\rStage1 Epoch 1/1:  40%|████      | 66/164 [00:29\u003c00:33,  2.91it/s, loss=4.7358, acc=0.1245]\rStage1 Epoch 1/1:  41%|████      | 67/164 [00:29\u003c00:33,  2.91it/s, loss=4.7358, acc=0.1245]\n"}
,{"stream_name":"stderr","time":72.436654498,"data":"\rStage1 Epoch 1/1:  41%|████      | 67/164 [00:29\u003c00:33,  2.91it/s, loss=4.7358, acc=0.1245]\rStage1 Epoch 1/1:  41%|████      | 67/164 [00:29\u003c00:33,  2.91it/s, loss=4.7025, acc=0.1287]\n"}
,{"stream_name":"stderr","time":72.439337048,"data":"\rStage1 Epoch 1/1:  41%|████      | 67/164 [00:29\u003c00:33,  2.91it/s, loss=4.7025, acc=0.1287]\rStage1 Epoch 1/1:  41%|████▏     | 68/164 [00:29\u003c00:33,  2.91it/s, loss=4.7025, acc=0.1287]\n"}
,{"stream_name":"stderr","time":72.783157924,"data":"\rStage1 Epoch 1/1:  41%|████▏     | 68/164 [00:29\u003c00:33,  2.91it/s, loss=4.7025, acc=0.1287]\rStage1 Epoch 1/1:  41%|████▏     | 68/164 [00:29\u003c00:33,  2.91it/s, loss=4.6752, acc=0.1318]\n"}
,{"stream_name":"stderr","time":72.784210033,"data":"\rStage1 Epoch 1/1:  41%|████▏     | 68/164 [00:29\u003c00:33,  2.91it/s, loss=4.6752, acc=0.1318]\rStage1 Epoch 1/1:  42%|████▏     | 69/164 [00:29\u003c00:32,  2.90it/s, loss=4.6752, acc=0.1318]\n"}
,{"stream_name":"stderr","time":73.142149008,"data":"\rStage1 Epoch 1/1:  42%|████▏     | 69/164 [00:29\u003c00:32,  2.90it/s, loss=4.6752, acc=0.1318]\rStage1 Epoch 1/1:  42%|████▏     | 69/164 [00:30\u003c00:32,  2.90it/s, loss=4.6624, acc=0.1330]\n"}
,{"stream_name":"stderr","time":73.142237701,"data":"\rStage1 Epoch 1/1:  42%|████▏     | 69/164 [00:30\u003c00:32,  2.90it/s, loss=4.6624, acc=0.1330]\rStage1 Epoch 1/1:  43%|████▎     | 70/164 [00:30\u003c00:32,  2.91it/s, loss=4.6624, acc=0.1330]\n"}
,{"stream_name":"stderr","time":73.468823048,"data":"\rStage1 Epoch 1/1:  43%|████▎     | 70/164 [00:30\u003c00:32,  2.91it/s, loss=4.6624, acc=0.1330]\rStage1 Epoch 1/1:  43%|████▎     | 70/164 [00:30\u003c00:32,  2.91it/s, loss=4.6391, acc=0.1360]\n"}
,{"stream_name":"stderr","time":73.470110412,"data":"\rStage1 Epoch 1/1:  43%|████▎     | 70/164 [00:30\u003c00:32,  2.91it/s, loss=4.6391, acc=0.1360]\rStage1 Epoch 1/1:  43%|████▎     | 71/164 [00:30\u003c00:31,  2.91it/s, loss=4.6391, acc=0.1360]\n"}
,{"stream_name":"stderr","time":73.811434405,"data":"\rStage1 Epoch 1/1:  43%|████▎     | 71/164 [00:30\u003c00:31,  2.91it/s, loss=4.6391, acc=0.1360]\rStage1 Epoch 1/1:  43%|████▎     | 71/164 [00:30\u003c00:31,  2.91it/s, loss=4.6144, acc=0.1367]\n"}
,{"stream_name":"stderr","time":73.812358152,"data":"\rStage1 Epoch 1/1:  43%|████▎     | 71/164 [00:30\u003c00:31,  2.91it/s, loss=4.6144, acc=0.1367]\rStage1 Epoch 1/1:  44%|████▍     | 72/164 [00:30\u003c00:31,  2.91it/s, loss=4.6144, acc=0.1367]\n"}
,{"stream_name":"stderr","time":74.156390068,"data":"\rStage1 Epoch 1/1:  44%|████▍     | 72/164 [00:30\u003c00:31,  2.91it/s, loss=4.6144, acc=0.1367]\rStage1 Epoch 1/1:  44%|████▍     | 72/164 [00:31\u003c00:31,  2.91it/s, loss=4.5971, acc=0.1400]\n"}
,{"stream_name":"stderr","time":74.156943431,"data":"\rStage1 Epoch 1/1:  44%|████▍     | 72/164 [00:31\u003c00:31,  2.91it/s, loss=4.5971, acc=0.1400]\rStage1 Epoch 1/1:  45%|████▍     | 73/164 [00:31\u003c00:31,  2.91it/s, loss=4.5971, acc=0.1400]\n"}
,{"stream_name":"stderr","time":74.502861458,"data":"\rStage1 Epoch 1/1:  45%|████▍     | 73/164 [00:31\u003c00:31,  2.91it/s, loss=4.5971, acc=0.1400]\rStage1 Epoch 1/1:  45%|████▍     | 73/164 [00:31\u003c00:31,  2.91it/s, loss=4.5802, acc=0.1410]\n"}
,{"stream_name":"stderr","time":74.505144034,"data":"\rStage1 Epoch 1/1:  45%|████▍     | 73/164 [00:31\u003c00:31,  2.91it/s, loss=4.5802, acc=0.1410]\rStage1 Epoch 1/1:  45%|████▌     | 74/164 [00:31\u003c00:30,  2.90it/s, loss=4.5802, acc=0.1410]\n"}
,{"stream_name":"stderr","time":74.850812428,"data":"\rStage1 Epoch 1/1:  45%|████▌     | 74/164 [00:31\u003c00:30,  2.90it/s, loss=4.5802, acc=0.1410]\rStage1 Epoch 1/1:  45%|████▌     | 74/164 [00:32\u003c00:30,  2.90it/s, loss=4.5745, acc=0.1412]\n"}
,{"stream_name":"stderr","time":74.851856965,"data":"\rStage1 Epoch 1/1:  45%|████▌     | 74/164 [00:32\u003c00:30,  2.90it/s, loss=4.5745, acc=0.1412]\rStage1 Epoch 1/1:  46%|████▌     | 75/164 [00:32\u003c00:30,  2.89it/s, loss=4.5745, acc=0.1412]\n"}
,{"stream_name":"stderr","time":75.196714849,"data":"\rStage1 Epoch 1/1:  46%|████▌     | 75/164 [00:32\u003c00:30,  2.89it/s, loss=4.5745, acc=0.1412]\rStage1 Epoch 1/1:  46%|████▌     | 75/164 [00:32\u003c00:30,  2.89it/s, loss=4.5561, acc=0.1435]\n"}
,{"stream_name":"stderr","time":75.197781239,"data":"\rStage1 Epoch 1/1:  46%|████▌     | 75/164 [00:32\u003c00:30,  2.89it/s, loss=4.5561, acc=0.1435]\rStage1 Epoch 1/1:  46%|████▋     | 76/164 [00:32\u003c00:30,  2.89it/s, loss=4.5561, acc=0.1435]\n"}
,{"stream_name":"stderr","time":75.541339844,"data":"\rStage1 Epoch 1/1:  46%|████▋     | 76/164 [00:32\u003c00:30,  2.89it/s, loss=4.5561, acc=0.1435]\rStage1 Epoch 1/1:  46%|████▋     | 76/164 [00:32\u003c00:30,  2.89it/s, loss=4.5326, acc=0.1457]\n"}
,{"stream_name":"stderr","time":75.542526346,"data":"\rStage1 Epoch 1/1:  46%|████▋     | 76/164 [00:32\u003c00:30,  2.89it/s, loss=4.5326, acc=0.1457]\rStage1 Epoch 1/1:  47%|████▋     | 77/164 [00:32\u003c00:30,  2.89it/s, loss=4.5326, acc=0.1457]\n"}
,{"stream_name":"stderr","time":75.886016937,"data":"\rStage1 Epoch 1/1:  47%|████▋     | 77/164 [00:32\u003c00:30,  2.89it/s, loss=4.5326, acc=0.1457]\rStage1 Epoch 1/1:  47%|████▋     | 77/164 [00:33\u003c00:30,  2.89it/s, loss=4.5111, acc=0.1502]\n"}
,{"stream_name":"stderr","time":75.887450351,"data":"\rStage1 Epoch 1/1:  47%|████▋     | 77/164 [00:33\u003c00:30,  2.89it/s, loss=4.5111, acc=0.1502]\rStage1 Epoch 1/1:  48%|████▊     | 78/164 [00:33\u003c00:29,  2.90it/s, loss=4.5111, acc=0.1502]\n"}
,{"stream_name":"stderr","time":76.233998127,"data":"\rStage1 Epoch 1/1:  48%|████▊     | 78/164 [00:33\u003c00:29,  2.90it/s, loss=4.5111, acc=0.1502]\rStage1 Epoch 1/1:  48%|████▊     | 78/164 [00:33\u003c00:29,  2.90it/s, loss=4.4883, acc=0.1519]\n"}
,{"stream_name":"stderr","time":76.235168144,"data":"\rStage1 Epoch 1/1:  48%|████▊     | 78/164 [00:33\u003c00:29,  2.90it/s, loss=4.4883, acc=0.1519]\rStage1 Epoch 1/1:  48%|████▊     | 79/164 [00:33\u003c00:29,  2.89it/s, loss=4.4883, acc=0.1519]\n"}
,{"stream_name":"stderr","time":76.580853846,"data":"\rStage1 Epoch 1/1:  48%|████▊     | 79/164 [00:33\u003c00:29,  2.89it/s, loss=4.4883, acc=0.1519]\rStage1 Epoch 1/1:  48%|████▊     | 79/164 [00:33\u003c00:29,  2.89it/s, loss=4.4690, acc=0.1535]\n"}
,{"stream_name":"stderr","time":76.582004211,"data":"\rStage1 Epoch 1/1:  48%|████▊     | 79/164 [00:33\u003c00:29,  2.89it/s, loss=4.4690, acc=0.1535]\rStage1 Epoch 1/1:  49%|████▉     | 80/164 [00:33\u003c00:29,  2.89it/s, loss=4.4690, acc=0.1535]\n"}
,{"stream_name":"stderr","time":76.931455014,"data":"\rStage1 Epoch 1/1:  49%|████▉     | 80/164 [00:33\u003c00:29,  2.89it/s, loss=4.4690, acc=0.1535]\rStage1 Epoch 1/1:  49%|████▉     | 80/164 [00:34\u003c00:29,  2.89it/s, loss=4.4371, acc=0.1562]\n"}
,{"stream_name":"stderr","time":76.932800463,"data":"\rStage1 Epoch 1/1:  49%|████▉     | 80/164 [00:34\u003c00:29,  2.89it/s, loss=4.4371, acc=0.1562]\rStage1 Epoch 1/1:  49%|████▉     | 81/164 [00:34\u003c00:28,  2.88it/s, loss=4.4371, acc=0.1562]\n"}
,{"stream_name":"stderr","time":77.291666451,"data":"\rStage1 Epoch 1/1:  49%|████▉     | 81/164 [00:34\u003c00:28,  2.88it/s, loss=4.4371, acc=0.1562]\rStage1 Epoch 1/1:  49%|████▉     | 81/164 [00:34\u003c00:28,  2.88it/s, loss=4.4195, acc=0.1589]\n"}
,{"stream_name":"stderr","time":77.292761235,"data":"\rStage1 Epoch 1/1:  49%|████▉     | 81/164 [00:34\u003c00:28,  2.88it/s, loss=4.4195, acc=0.1589]\rStage1 Epoch 1/1:  50%|█████     | 82/164 [00:34\u003c00:28,  2.85it/s, loss=4.4195, acc=0.1589]\n"}
,{"stream_name":"stderr","time":77.640971465,"data":"\rStage1 Epoch 1/1:  50%|█████     | 82/164 [00:34\u003c00:28,  2.85it/s, loss=4.4195, acc=0.1589]\rStage1 Epoch 1/1:  50%|█████     | 82/164 [00:34\u003c00:28,  2.85it/s, loss=4.4021, acc=0.1611]\n"}
,{"stream_name":"stderr","time":77.641871595,"data":"\rStage1 Epoch 1/1:  50%|█████     | 82/164 [00:34\u003c00:28,  2.85it/s, loss=4.4021, acc=0.1611]\rStage1 Epoch 1/1:  51%|█████     | 83/164 [00:34\u003c00:28,  2.85it/s, loss=4.4021, acc=0.1611]\n"}
,{"stream_name":"stderr","time":77.98784749000001,"data":"\rStage1 Epoch 1/1:  51%|█████     | 83/164 [00:34\u003c00:28,  2.85it/s, loss=4.4021, acc=0.1611]\rStage1 Epoch 1/1:  51%|█████     | 83/164 [00:35\u003c00:28,  2.85it/s, loss=4.3907, acc=0.1622]\n"}
,{"stream_name":"stderr","time":77.988985267,"data":"\rStage1 Epoch 1/1:  51%|█████     | 83/164 [00:35\u003c00:28,  2.85it/s, loss=4.3907, acc=0.1622]\rStage1 Epoch 1/1:  51%|█████     | 84/164 [00:35\u003c00:27,  2.86it/s, loss=4.3907, acc=0.1622]\n"}
,{"stream_name":"stderr","time":78.334844771,"data":"\rStage1 Epoch 1/1:  51%|█████     | 84/164 [00:35\u003c00:27,  2.86it/s, loss=4.3907, acc=0.1622]\rStage1 Epoch 1/1:  51%|█████     | 84/164 [00:35\u003c00:27,  2.86it/s, loss=4.3670, acc=0.1654]\n"}
,{"stream_name":"stderr","time":78.335743026,"data":"\rStage1 Epoch 1/1:  51%|█████     | 84/164 [00:35\u003c00:27,  2.86it/s, loss=4.3670, acc=0.1654]\rStage1 Epoch 1/1:  52%|█████▏    | 85/164 [00:35\u003c00:27,  2.87it/s, loss=4.3670, acc=0.1654]\n"}
,{"stream_name":"stderr","time":78.682569635,"data":"\rStage1 Epoch 1/1:  52%|█████▏    | 85/164 [00:35\u003c00:27,  2.87it/s, loss=4.3670, acc=0.1654]\rStage1 Epoch 1/1:  52%|█████▏    | 85/164 [00:35\u003c00:27,  2.87it/s, loss=4.3497, acc=0.1668]\n"}
,{"stream_name":"stderr","time":78.683821813,"data":"\rStage1 Epoch 1/1:  52%|█████▏    | 85/164 [00:35\u003c00:27,  2.87it/s, loss=4.3497, acc=0.1668]\rStage1 Epoch 1/1:  52%|█████▏    | 86/164 [00:35\u003c00:27,  2.87it/s, loss=4.3497, acc=0.1668]\n"}
,{"stream_name":"stderr","time":79.035499508,"data":"\rStage1 Epoch 1/1:  52%|█████▏    | 86/164 [00:35\u003c00:27,  2.87it/s, loss=4.3497, acc=0.1668]\rStage1 Epoch 1/1:  52%|█████▏    | 86/164 [00:36\u003c00:27,  2.87it/s, loss=4.3263, acc=0.1681]\n"}
,{"stream_name":"stderr","time":79.036269904,"data":"\rStage1 Epoch 1/1:  52%|█████▏    | 86/164 [00:36\u003c00:27,  2.87it/s, loss=4.3263, acc=0.1681]\rStage1 Epoch 1/1:  53%|█████▎    | 87/164 [00:36\u003c00:26,  2.86it/s, loss=4.3263, acc=0.1681]\n"}
,{"stream_name":"stderr","time":79.385823194,"data":"\rStage1 Epoch 1/1:  53%|█████▎    | 87/164 [00:36\u003c00:26,  2.86it/s, loss=4.3263, acc=0.1681]\rStage1 Epoch 1/1:  53%|█████▎    | 87/164 [00:36\u003c00:26,  2.86it/s, loss=4.3056, acc=0.1694]\n"}
,{"stream_name":"stderr","time":79.386958285,"data":"\rStage1 Epoch 1/1:  53%|█████▎    | 87/164 [00:36\u003c00:26,  2.86it/s, loss=4.3056, acc=0.1694]\rStage1 Epoch 1/1:  54%|█████▎    | 88/164 [00:36\u003c00:26,  2.86it/s, loss=4.3056, acc=0.1694]\n"}
,{"stream_name":"stderr","time":79.735478539,"data":"\rStage1 Epoch 1/1:  54%|█████▎    | 88/164 [00:36\u003c00:26,  2.86it/s, loss=4.3056, acc=0.1694]\rStage1 Epoch 1/1:  54%|█████▎    | 88/164 [00:36\u003c00:26,  2.86it/s, loss=4.2814, acc=0.1731]\n"}
,{"stream_name":"stderr","time":79.736108444,"data":"\rStage1 Epoch 1/1:  54%|█████▎    | 88/164 [00:36\u003c00:26,  2.86it/s, loss=4.2814, acc=0.1731]\rStage1 Epoch 1/1:  54%|█████▍    | 89/164 [00:36\u003c00:26,  2.86it/s, loss=4.2814, acc=0.1731]\n"}
,{"stream_name":"stderr","time":80.08737042,"data":"\rStage1 Epoch 1/1:  54%|█████▍    | 89/164 [00:36\u003c00:26,  2.86it/s, loss=4.2814, acc=0.1731]\rStage1 Epoch 1/1:  54%|█████▍    | 89/164 [00:37\u003c00:26,  2.86it/s, loss=4.2562, acc=0.1760]\n"}
,{"stream_name":"stderr","time":80.088416416,"data":"\rStage1 Epoch 1/1:  54%|█████▍    | 89/164 [00:37\u003c00:26,  2.86it/s, loss=4.2562, acc=0.1760]\rStage1 Epoch 1/1:  55%|█████▍    | 90/164 [00:37\u003c00:25,  2.85it/s, loss=4.2562, acc=0.1760]\n"}
,{"stream_name":"stderr","time":80.436797212,"data":"\rStage1 Epoch 1/1:  55%|█████▍    | 90/164 [00:37\u003c00:25,  2.85it/s, loss=4.2562, acc=0.1760]\rStage1 Epoch 1/1:  55%|█████▍    | 90/164 [00:37\u003c00:25,  2.85it/s, loss=4.2320, acc=0.1803]\n"}
,{"stream_name":"stderr","time":80.438341672,"data":"\rStage1 Epoch 1/1:  55%|█████▍    | 90/164 [00:37\u003c00:25,  2.85it/s, loss=4.2320, acc=0.1803]\rStage1 Epoch 1/1:  55%|█████▌    | 91/164 [00:37\u003c00:25,  2.86it/s, loss=4.2320, acc=0.1803]\n"}
,{"stream_name":"stderr","time":80.786432425,"data":"\rStage1 Epoch 1/1:  55%|█████▌    | 91/164 [00:37\u003c00:25,  2.86it/s, loss=4.2320, acc=0.1803]\rStage1 Epoch 1/1:  55%|█████▌    | 91/164 [00:37\u003c00:25,  2.86it/s, loss=4.2094, acc=0.1838]\n"}
,{"stream_name":"stderr","time":80.787675944,"data":"\rStage1 Epoch 1/1:  55%|█████▌    | 91/164 [00:37\u003c00:25,  2.86it/s, loss=4.2094, acc=0.1838]\rStage1 Epoch 1/1:  56%|█████▌    | 92/164 [00:37\u003c00:25,  2.86it/s, loss=4.2094, acc=0.1838]\n"}
,{"stream_name":"stderr","time":81.143417254,"data":"\rStage1 Epoch 1/1:  56%|█████▌    | 92/164 [00:37\u003c00:25,  2.86it/s, loss=4.2094, acc=0.1838]\rStage1 Epoch 1/1:  56%|█████▌    | 92/164 [00:38\u003c00:25,  2.86it/s, loss=4.1890, acc=0.1865]\n"}
,{"stream_name":"stderr","time":81.144038103,"data":"\rStage1 Epoch 1/1:  56%|█████▌    | 92/164 [00:38\u003c00:25,  2.86it/s, loss=4.1890, acc=0.1865]\rStage1 Epoch 1/1:  57%|█████▋    | 93/164 [00:38\u003c00:24,  2.84it/s, loss=4.1890, acc=0.1865]\n"}
,{"stream_name":"stderr","time":81.4994112,"data":"\rStage1 Epoch 1/1:  57%|█████▋    | 93/164 [00:38\u003c00:24,  2.84it/s, loss=4.1890, acc=0.1865]\rStage1 Epoch 1/1:  57%|█████▋    | 93/164 [00:38\u003c00:24,  2.84it/s, loss=4.1718, acc=0.1888]\n"}
,{"stream_name":"stderr","time":81.506334383,"data":"\rStage1 Epoch 1/1:  57%|█████▋    | 93/164 [00:38\u003c00:24,  2.84it/s, loss=4.1718, acc=0.1888]\rStage1 Epoch 1/1:  57%|█████▋    | 94/164 [00:38\u003c00:24,  2.83it/s, loss=4.1718, acc=0.1888]\n"}
,{"stream_name":"stderr","time":81.856241147,"data":"\rStage1 Epoch 1/1:  57%|█████▋    | 94/164 [00:38\u003c00:24,  2.83it/s, loss=4.1718, acc=0.1888]\rStage1 Epoch 1/1:  57%|█████▋    | 94/164 [00:39\u003c00:24,  2.83it/s, loss=4.1416, acc=0.1921]\n"}
,{"stream_name":"stderr","time":81.859440397,"data":"\rStage1 Epoch 1/1:  57%|█████▋    | 94/164 [00:39\u003c00:24,  2.83it/s, loss=4.1416, acc=0.1921]\rStage1 Epoch 1/1:  58%|█████▊    | 95/164 [00:39\u003c00:24,  2.82it/s, loss=4.1416, acc=0.1921]\n"}
,{"stream_name":"stderr","time":82.208878313,"data":"\rStage1 Epoch 1/1:  58%|█████▊    | 95/164 [00:39\u003c00:24,  2.82it/s, loss=4.1416, acc=0.1921]\rStage1 Epoch 1/1:  58%|█████▊    | 95/164 [00:39\u003c00:24,  2.82it/s, loss=4.1243, acc=0.1940]\n"}
,{"stream_name":"stderr","time":82.211079502,"data":"\rStage1 Epoch 1/1:  58%|█████▊    | 95/164 [00:39\u003c00:24,  2.82it/s, loss=4.1243, acc=0.1940]\rStage1 Epoch 1/1:  59%|█████▊    | 96/164 [00:39\u003c00:24,  2.82it/s, loss=4.1243, acc=0.1940]\n"}
,{"stream_name":"stderr","time":82.565240567,"data":"\rStage1 Epoch 1/1:  59%|█████▊    | 96/164 [00:39\u003c00:24,  2.82it/s, loss=4.1243, acc=0.1940]\rStage1 Epoch 1/1:  59%|█████▊    | 96/164 [00:39\u003c00:24,  2.82it/s, loss=4.1074, acc=0.1968]\n"}
,{"stream_name":"stderr","time":82.566183177,"data":"\rStage1 Epoch 1/1:  59%|█████▊    | 96/164 [00:39\u003c00:24,  2.82it/s, loss=4.1074, acc=0.1968]\rStage1 Epoch 1/1:  59%|█████▉    | 97/164 [00:39\u003c00:23,  2.82it/s, loss=4.1074, acc=0.1968]\n"}
,{"stream_name":"stderr","time":82.92142628,"data":"\rStage1 Epoch 1/1:  59%|█████▉    | 97/164 [00:39\u003c00:23,  2.82it/s, loss=4.1074, acc=0.1968]\rStage1 Epoch 1/1:  59%|█████▉    | 97/164 [00:40\u003c00:23,  2.82it/s, loss=4.0825, acc=0.1999]\n"}
,{"stream_name":"stderr","time":82.926235899,"data":"\rStage1 Epoch 1/1:  59%|█████▉    | 97/164 [00:40\u003c00:23,  2.82it/s, loss=4.0825, acc=0.1999]\rStage1 Epoch 1/1:  60%|█████▉    | 98/164 [00:40\u003c00:23,  2.82it/s, loss=4.0825, acc=0.1999]\n"}
,{"stream_name":"stderr","time":83.274260546,"data":"\rStage1 Epoch 1/1:  60%|█████▉    | 98/164 [00:40\u003c00:23,  2.82it/s, loss=4.0825, acc=0.1999]\rStage1 Epoch 1/1:  60%|█████▉    | 98/164 [00:40\u003c00:23,  2.82it/s, loss=4.0671, acc=0.2020]\n"}
,{"stream_name":"stderr","time":83.275458854,"data":"\rStage1 Epoch 1/1:  60%|█████▉    | 98/164 [00:40\u003c00:23,  2.82it/s, loss=4.0671, acc=0.2020]\rStage1 Epoch 1/1:  60%|██████    | 99/164 [00:40\u003c00:23,  2.82it/s, loss=4.0671, acc=0.2020]\n"}
,{"stream_name":"stderr","time":83.627003295,"data":"\rStage1 Epoch 1/1:  60%|██████    | 99/164 [00:40\u003c00:23,  2.82it/s, loss=4.0671, acc=0.2020]\rStage1 Epoch 1/1:  60%|██████    | 99/164 [00:40\u003c00:23,  2.82it/s, loss=4.0519, acc=0.2037]\n"}
,{"stream_name":"stderr","time":83.628156444,"data":"\rStage1 Epoch 1/1:  60%|██████    | 99/164 [00:40\u003c00:23,  2.82it/s, loss=4.0519, acc=0.2037]\rStage1 Epoch 1/1:  61%|██████    | 100/164 [00:40\u003c00:22,  2.82it/s, loss=4.0519, acc=0.2037]\n"}
,{"stream_name":"stderr","time":83.98428665,"data":"\rStage1 Epoch 1/1:  61%|██████    | 100/164 [00:40\u003c00:22,  2.82it/s, loss=4.0519, acc=0.2037]\rStage1 Epoch 1/1:  61%|██████    | 100/164 [00:41\u003c00:22,  2.82it/s, loss=4.0279, acc=0.2082]\n"}
,{"stream_name":"stderr","time":83.985316106,"data":"\rStage1 Epoch 1/1:  61%|██████    | 100/164 [00:41\u003c00:22,  2.82it/s, loss=4.0279, acc=0.2082]\rStage1 Epoch 1/1:  62%|██████▏   | 101/164 [00:41\u003c00:22,  2.82it/s, loss=4.0279, acc=0.2082]\n"}
,{"stream_name":"stderr","time":84.343732158,"data":"\rStage1 Epoch 1/1:  62%|██████▏   | 101/164 [00:41\u003c00:22,  2.82it/s, loss=4.0279, acc=0.2082]\rStage1 Epoch 1/1:  62%|██████▏   | 101/164 [00:41\u003c00:22,  2.82it/s, loss=4.0034, acc=0.2114]\n"}
,{"stream_name":"stderr","time":84.345015486,"data":"\rStage1 Epoch 1/1:  62%|██████▏   | 101/164 [00:41\u003c00:22,  2.82it/s, loss=4.0034, acc=0.2114]\rStage1 Epoch 1/1:  62%|██████▏   | 102/164 [00:41\u003c00:22,  2.81it/s, loss=4.0034, acc=0.2114]\n"}
,{"stream_name":"stderr","time":84.701884754,"data":"\rStage1 Epoch 1/1:  62%|██████▏   | 102/164 [00:41\u003c00:22,  2.81it/s, loss=4.0034, acc=0.2114]\rStage1 Epoch 1/1:  62%|██████▏   | 102/164 [00:41\u003c00:22,  2.81it/s, loss=3.9806, acc=0.2148]\n"}
,{"stream_name":"stderr","time":84.706283119,"data":"\rStage1 Epoch 1/1:  62%|██████▏   | 102/164 [00:41\u003c00:22,  2.81it/s, loss=3.9806, acc=0.2148]\rStage1 Epoch 1/1:  63%|██████▎   | 103/164 [00:41\u003c00:21,  2.80it/s, loss=3.9806, acc=0.2148]\n"}
,{"stream_name":"stderr","time":85.058044217,"data":"\rStage1 Epoch 1/1:  63%|██████▎   | 103/164 [00:41\u003c00:21,  2.80it/s, loss=3.9806, acc=0.2148]\rStage1 Epoch 1/1:  63%|██████▎   | 103/164 [00:42\u003c00:21,  2.80it/s, loss=3.9575, acc=0.2178]\n"}
,{"stream_name":"stderr","time":85.062994772,"data":"\rStage1 Epoch 1/1:  63%|██████▎   | 103/164 [00:42\u003c00:21,  2.80it/s, loss=3.9575, acc=0.2178]\rStage1 Epoch 1/1:  63%|██████▎   | 104/164 [00:42\u003c00:21,  2.80it/s, loss=3.9575, acc=0.2178]\n"}
,{"stream_name":"stderr","time":85.413503207,"data":"\rStage1 Epoch 1/1:  63%|██████▎   | 104/164 [00:42\u003c00:21,  2.80it/s, loss=3.9575, acc=0.2178]\rStage1 Epoch 1/1:  63%|██████▎   | 104/164 [00:42\u003c00:21,  2.80it/s, loss=3.9456, acc=0.2190]\n"}
,{"stream_name":"stderr","time":85.414626566,"data":"\rStage1 Epoch 1/1:  63%|██████▎   | 104/164 [00:42\u003c00:21,  2.80it/s, loss=3.9456, acc=0.2190]\rStage1 Epoch 1/1:  64%|██████▍   | 105/164 [00:42\u003c00:21,  2.81it/s, loss=3.9456, acc=0.2190]\n"}
,{"stream_name":"stderr","time":85.769766046,"data":"\rStage1 Epoch 1/1:  64%|██████▍   | 105/164 [00:42\u003c00:21,  2.81it/s, loss=3.9456, acc=0.2190]\rStage1 Epoch 1/1:  64%|██████▍   | 105/164 [00:42\u003c00:21,  2.81it/s, loss=3.9304, acc=0.2214]\n"}
,{"stream_name":"stderr","time":85.771028251,"data":"\rStage1 Epoch 1/1:  64%|██████▍   | 105/164 [00:42\u003c00:21,  2.81it/s, loss=3.9304, acc=0.2214]\rStage1 Epoch 1/1:  65%|██████▍   | 106/164 [00:42\u003c00:20,  2.81it/s, loss=3.9304, acc=0.2214]\n"}
,{"stream_name":"stderr","time":86.131118789,"data":"\rStage1 Epoch 1/1:  65%|██████▍   | 106/164 [00:42\u003c00:20,  2.81it/s, loss=3.9304, acc=0.2214]\rStage1 Epoch 1/1:  65%|██████▍   | 106/164 [00:43\u003c00:20,  2.81it/s, loss=3.9269, acc=0.2223]\n"}
,{"stream_name":"stderr","time":86.132138945,"data":"\rStage1 Epoch 1/1:  65%|██████▍   | 106/164 [00:43\u003c00:20,  2.81it/s, loss=3.9269, acc=0.2223]\rStage1 Epoch 1/1:  65%|██████▌   | 107/164 [00:43\u003c00:20,  2.80it/s, loss=3.9269, acc=0.2223]\n"}
,{"stream_name":"stderr","time":86.493251015,"data":"\rStage1 Epoch 1/1:  65%|██████▌   | 107/164 [00:43\u003c00:20,  2.80it/s, loss=3.9269, acc=0.2223]\rStage1 Epoch 1/1:  65%|██████▌   | 107/164 [00:43\u003c00:20,  2.80it/s, loss=3.9118, acc=0.2248]\n"}
,{"stream_name":"stderr","time":86.494288153,"data":"\rStage1 Epoch 1/1:  65%|██████▌   | 107/164 [00:43\u003c00:20,  2.80it/s, loss=3.9118, acc=0.2248]\rStage1 Epoch 1/1:  66%|██████▌   | 108/164 [00:43\u003c00:20,  2.78it/s, loss=3.9118, acc=0.2248]\n"}
,{"stream_name":"stderr","time":86.854945388,"data":"\rStage1 Epoch 1/1:  66%|██████▌   | 108/164 [00:43\u003c00:20,  2.78it/s, loss=3.9118, acc=0.2248]\rStage1 Epoch 1/1:  66%|██████▌   | 108/164 [00:44\u003c00:20,  2.78it/s, loss=3.8938, acc=0.2282]\n"}
,{"stream_name":"stderr","time":86.855933433,"data":"\rStage1 Epoch 1/1:  66%|██████▌   | 108/164 [00:44\u003c00:20,  2.78it/s, loss=3.8938, acc=0.2282]\rStage1 Epoch 1/1:  66%|██████▋   | 109/164 [00:44\u003c00:19,  2.78it/s, loss=3.8938, acc=0.2282]\n"}
,{"stream_name":"stderr","time":87.212291366,"data":"\rStage1 Epoch 1/1:  66%|██████▋   | 109/164 [00:44\u003c00:19,  2.78it/s, loss=3.8938, acc=0.2282]\rStage1 Epoch 1/1:  66%|██████▋   | 109/164 [00:44\u003c00:19,  2.78it/s, loss=3.8730, acc=0.2304]\n"}
,{"stream_name":"stderr","time":87.213333042,"data":"\rStage1 Epoch 1/1:  66%|██████▋   | 109/164 [00:44\u003c00:19,  2.78it/s, loss=3.8730, acc=0.2304]\rStage1 Epoch 1/1:  67%|██████▋   | 110/164 [00:44\u003c00:19,  2.78it/s, loss=3.8730, acc=0.2304]\n"}
,{"stream_name":"stderr","time":87.573799444,"data":"\rStage1 Epoch 1/1:  67%|██████▋   | 110/164 [00:44\u003c00:19,  2.78it/s, loss=3.8730, acc=0.2304]\rStage1 Epoch 1/1:  67%|██████▋   | 110/164 [00:44\u003c00:19,  2.78it/s, loss=3.8527, acc=0.2334]\n"}
,{"stream_name":"stderr","time":87.574928821,"data":"\rStage1 Epoch 1/1:  67%|██████▋   | 110/164 [00:44\u003c00:19,  2.78it/s, loss=3.8527, acc=0.2334]\rStage1 Epoch 1/1:  68%|██████▊   | 111/164 [00:44\u003c00:19,  2.78it/s, loss=3.8527, acc=0.2334]\n"}
,{"stream_name":"stderr","time":87.932046562,"data":"\rStage1 Epoch 1/1:  68%|██████▊   | 111/164 [00:44\u003c00:19,  2.78it/s, loss=3.8527, acc=0.2334]\rStage1 Epoch 1/1:  68%|██████▊   | 111/164 [00:45\u003c00:19,  2.78it/s, loss=3.8350, acc=0.2349]\n"}
,{"stream_name":"stderr","time":87.932958879,"data":"\rStage1 Epoch 1/1:  68%|██████▊   | 111/164 [00:45\u003c00:19,  2.78it/s, loss=3.8350, acc=0.2349]\rStage1 Epoch 1/1:  68%|██████▊   | 112/164 [00:45\u003c00:18,  2.78it/s, loss=3.8350, acc=0.2349]\n"}
,{"stream_name":"stderr","time":88.293923977,"data":"\rStage1 Epoch 1/1:  68%|██████▊   | 112/164 [00:45\u003c00:18,  2.78it/s, loss=3.8350, acc=0.2349]\rStage1 Epoch 1/1:  68%|██████▊   | 112/164 [00:45\u003c00:18,  2.78it/s, loss=3.8228, acc=0.2359]\n"}
,{"stream_name":"stderr","time":88.294856187,"data":"\rStage1 Epoch 1/1:  68%|██████▊   | 112/164 [00:45\u003c00:18,  2.78it/s, loss=3.8228, acc=0.2359]\rStage1 Epoch 1/1:  69%|██████▉   | 113/164 [00:45\u003c00:18,  2.78it/s, loss=3.8228, acc=0.2359]\n"}
,{"stream_name":"stderr","time":88.658453364,"data":"\rStage1 Epoch 1/1:  69%|██████▉   | 113/164 [00:45\u003c00:18,  2.78it/s, loss=3.8228, acc=0.2359]\rStage1 Epoch 1/1:  69%|██████▉   | 113/164 [00:45\u003c00:18,  2.78it/s, loss=3.8036, acc=0.2379]\n"}
,{"stream_name":"stderr","time":88.659284599,"data":"\rStage1 Epoch 1/1:  69%|██████▉   | 113/164 [00:45\u003c00:18,  2.78it/s, loss=3.8036, acc=0.2379]\rStage1 Epoch 1/1:  70%|██████▉   | 114/164 [00:45\u003c00:18,  2.77it/s, loss=3.8036, acc=0.2379]\n"}
,{"stream_name":"stderr","time":89.021631514,"data":"\rStage1 Epoch 1/1:  70%|██████▉   | 114/164 [00:45\u003c00:18,  2.77it/s, loss=3.8036, acc=0.2379]\rStage1 Epoch 1/1:  70%|██████▉   | 114/164 [00:46\u003c00:18,  2.77it/s, loss=3.7897, acc=0.2408]\n"}
,{"stream_name":"stderr","time":89.022561483,"data":"\rStage1 Epoch 1/1:  70%|██████▉   | 114/164 [00:46\u003c00:18,  2.77it/s, loss=3.7897, acc=0.2408]\rStage1 Epoch 1/1:  70%|███████   | 115/164 [00:46\u003c00:17,  2.76it/s, loss=3.7897, acc=0.2408]\n"}
,{"stream_name":"stderr","time":89.385746605,"data":"\rStage1 Epoch 1/1:  70%|███████   | 115/164 [00:46\u003c00:17,  2.76it/s, loss=3.7897, acc=0.2408]\rStage1 Epoch 1/1:  70%|███████   | 115/164 [00:46\u003c00:17,  2.76it/s, loss=3.7732, acc=0.2427]\n"}
,{"stream_name":"stderr","time":89.386611323,"data":"\rStage1 Epoch 1/1:  70%|███████   | 115/164 [00:46\u003c00:17,  2.76it/s, loss=3.7732, acc=0.2427]\rStage1 Epoch 1/1:  71%|███████   | 116/164 [00:46\u003c00:17,  2.76it/s, loss=3.7732, acc=0.2427]\n"}
,{"stream_name":"stderr","time":89.750393601,"data":"\rStage1 Epoch 1/1:  71%|███████   | 116/164 [00:46\u003c00:17,  2.76it/s, loss=3.7732, acc=0.2427]\rStage1 Epoch 1/1:  71%|███████   | 116/164 [00:46\u003c00:17,  2.76it/s, loss=3.7644, acc=0.2439]\n"}
,{"stream_name":"stderr","time":89.750430174,"data":"\rStage1 Epoch 1/1:  71%|███████   | 116/164 [00:46\u003c00:17,  2.76it/s, loss=3.7644, acc=0.2439]\rStage1 Epoch 1/1:  71%|███████▏  | 117/164 [00:46\u003c00:17,  2.76it/s, loss=3.7644, acc=0.2439]\n"}
,{"stream_name":"stderr","time":90.113291456,"data":"\rStage1 Epoch 1/1:  71%|███████▏  | 117/164 [00:46\u003c00:17,  2.76it/s, loss=3.7644, acc=0.2439]\rStage1 Epoch 1/1:  71%|███████▏  | 117/164 [00:47\u003c00:17,  2.76it/s, loss=3.7542, acc=0.2444]\n"}
,{"stream_name":"stderr","time":90.114172736,"data":"\rStage1 Epoch 1/1:  71%|███████▏  | 117/164 [00:47\u003c00:17,  2.76it/s, loss=3.7542, acc=0.2444]\rStage1 Epoch 1/1:  72%|███████▏  | 118/164 [00:47\u003c00:16,  2.75it/s, loss=3.7542, acc=0.2444]\n"}
,{"stream_name":"stderr","time":90.480239392,"data":"\rStage1 Epoch 1/1:  72%|███████▏  | 118/164 [00:47\u003c00:16,  2.75it/s, loss=3.7542, acc=0.2444]\rStage1 Epoch 1/1:  72%|███████▏  | 118/164 [00:47\u003c00:16,  2.75it/s, loss=3.7438, acc=0.2453]\n"}
,{"stream_name":"stderr","time":90.48237588,"data":"\rStage1 Epoch 1/1:  72%|███████▏  | 118/164 [00:47\u003c00:16,  2.75it/s, loss=3.7438, acc=0.2453]\rStage1 Epoch 1/1:  73%|███████▎  | 119/164 [00:47\u003c00:16,  2.75it/s, loss=3.7438, acc=0.2453]\n"}
,{"stream_name":"stderr","time":90.844679972,"data":"\rStage1 Epoch 1/1:  73%|███████▎  | 119/164 [00:47\u003c00:16,  2.75it/s, loss=3.7438, acc=0.2453]\rStage1 Epoch 1/1:  73%|███████▎  | 119/164 [00:48\u003c00:16,  2.75it/s, loss=3.7344, acc=0.2474]\n"}
,{"stream_name":"stderr","time":90.845722801,"data":"\rStage1 Epoch 1/1:  73%|███████▎  | 119/164 [00:48\u003c00:16,  2.75it/s, loss=3.7344, acc=0.2474]\rStage1 Epoch 1/1:  73%|███████▎  | 120/164 [00:48\u003c00:16,  2.74it/s, loss=3.7344, acc=0.2474]\n"}
,{"stream_name":"stderr","time":91.211208553,"data":"\rStage1 Epoch 1/1:  73%|███████▎  | 120/164 [00:48\u003c00:16,  2.74it/s, loss=3.7344, acc=0.2474]\rStage1 Epoch 1/1:  73%|███████▎  | 120/164 [00:48\u003c00:16,  2.74it/s, loss=3.7271, acc=0.2487]\n"}
,{"stream_name":"stderr","time":91.212331193,"data":"\rStage1 Epoch 1/1:  73%|███████▎  | 120/164 [00:48\u003c00:16,  2.74it/s, loss=3.7271, acc=0.2487]\rStage1 Epoch 1/1:  74%|███████▍  | 121/164 [00:48\u003c00:15,  2.74it/s, loss=3.7271, acc=0.2487]\n"}
,{"stream_name":"stderr","time":91.577400413,"data":"\rStage1 Epoch 1/1:  74%|███████▍  | 121/164 [00:48\u003c00:15,  2.74it/s, loss=3.7271, acc=0.2487]\rStage1 Epoch 1/1:  74%|███████▍  | 121/164 [00:48\u003c00:15,  2.74it/s, loss=3.7104, acc=0.2515]\n"}
,{"stream_name":"stderr","time":91.578632044,"data":"\rStage1 Epoch 1/1:  74%|███████▍  | 121/164 [00:48\u003c00:15,  2.74it/s, loss=3.7104, acc=0.2515]\rStage1 Epoch 1/1:  74%|███████▍  | 122/164 [00:48\u003c00:15,  2.73it/s, loss=3.7104, acc=0.2515]\n"}
,{"stream_name":"stderr","time":91.94125032,"data":"\rStage1 Epoch 1/1:  74%|███████▍  | 122/164 [00:48\u003c00:15,  2.73it/s, loss=3.7104, acc=0.2515]\rStage1 Epoch 1/1:  74%|███████▍  | 122/164 [00:49\u003c00:15,  2.73it/s, loss=3.6938, acc=0.2536]\n"}
,{"stream_name":"stderr","time":91.94242329,"data":"\rStage1 Epoch 1/1:  74%|███████▍  | 122/164 [00:49\u003c00:15,  2.73it/s, loss=3.6938, acc=0.2536]\rStage1 Epoch 1/1:  75%|███████▌  | 123/164 [00:49\u003c00:14,  2.74it/s, loss=3.6938, acc=0.2536]\n"}
,{"stream_name":"stderr","time":92.309479697,"data":"\rStage1 Epoch 1/1:  75%|███████▌  | 123/164 [00:49\u003c00:14,  2.74it/s, loss=3.6938, acc=0.2536]\rStage1 Epoch 1/1:  75%|███████▌  | 123/164 [00:49\u003c00:14,  2.74it/s, loss=3.6770, acc=0.2568]\n"}
,{"stream_name":"stderr","time":92.310615148,"data":"\rStage1 Epoch 1/1:  75%|███████▌  | 123/164 [00:49\u003c00:14,  2.74it/s, loss=3.6770, acc=0.2568]\rStage1 Epoch 1/1:  76%|███████▌  | 124/164 [00:49\u003c00:14,  2.74it/s, loss=3.6770, acc=0.2568]\n"}
,{"stream_name":"stderr","time":92.67269532,"data":"\rStage1 Epoch 1/1:  76%|███████▌  | 124/164 [00:49\u003c00:14,  2.74it/s, loss=3.6770, acc=0.2568]\rStage1 Epoch 1/1:  76%|███████▌  | 124/164 [00:49\u003c00:14,  2.74it/s, loss=3.6625, acc=0.2595]\n"}
,{"stream_name":"stderr","time":92.673735013,"data":"\rStage1 Epoch 1/1:  76%|███████▌  | 124/164 [00:49\u003c00:14,  2.74it/s, loss=3.6625, acc=0.2595]\rStage1 Epoch 1/1:  76%|███████▌  | 125/164 [00:49\u003c00:14,  2.74it/s, loss=3.6625, acc=0.2595]\n"}
,{"stream_name":"stderr","time":93.03725762,"data":"\rStage1 Epoch 1/1:  76%|███████▌  | 125/164 [00:49\u003c00:14,  2.74it/s, loss=3.6625, acc=0.2595]\rStage1 Epoch 1/1:  76%|███████▌  | 125/164 [00:50\u003c00:14,  2.74it/s, loss=3.6498, acc=0.2612]\n"}
,{"stream_name":"stderr","time":93.038524588,"data":"\rStage1 Epoch 1/1:  76%|███████▌  | 125/164 [00:50\u003c00:14,  2.74it/s, loss=3.6498, acc=0.2612]\rStage1 Epoch 1/1:  77%|███████▋  | 126/164 [00:50\u003c00:13,  2.74it/s, loss=3.6498, acc=0.2612]\n"}
,{"stream_name":"stderr","time":93.39594933,"data":"\rStage1 Epoch 1/1:  77%|███████▋  | 126/164 [00:50\u003c00:13,  2.74it/s, loss=3.6498, acc=0.2612]\rStage1 Epoch 1/1:  77%|███████▋  | 126/164 [00:50\u003c00:13,  2.74it/s, loss=3.6360, acc=0.2633]\n"}
,{"stream_name":"stderr","time":93.399117351,"data":"\rStage1 Epoch 1/1:  77%|███████▋  | 126/164 [00:50\u003c00:13,  2.74it/s, loss=3.6360, acc=0.2633]\rStage1 Epoch 1/1:  77%|███████▋  | 127/164 [00:50\u003c00:13,  2.75it/s, loss=3.6360, acc=0.2633]\n"}
,{"stream_name":"stderr","time":93.760859561,"data":"\rStage1 Epoch 1/1:  77%|███████▋  | 127/164 [00:50\u003c00:13,  2.75it/s, loss=3.6360, acc=0.2633]\rStage1 Epoch 1/1:  77%|███████▋  | 127/164 [00:50\u003c00:13,  2.75it/s, loss=3.6236, acc=0.2651]\n"}
,{"stream_name":"stderr","time":93.761945339,"data":"\rStage1 Epoch 1/1:  77%|███████▋  | 127/164 [00:50\u003c00:13,  2.75it/s, loss=3.6236, acc=0.2651]\rStage1 Epoch 1/1:  78%|███████▊  | 128/164 [00:50\u003c00:13,  2.75it/s, loss=3.6236, acc=0.2651]\n"}
,{"stream_name":"stderr","time":94.126952899,"data":"\rStage1 Epoch 1/1:  78%|███████▊  | 128/164 [00:50\u003c00:13,  2.75it/s, loss=3.6236, acc=0.2651]\rStage1 Epoch 1/1:  78%|███████▊  | 128/164 [00:51\u003c00:13,  2.75it/s, loss=3.6082, acc=0.2670]\n"}
,{"stream_name":"stderr","time":94.130368207,"data":"\rStage1 Epoch 1/1:  78%|███████▊  | 128/164 [00:51\u003c00:13,  2.75it/s, loss=3.6082, acc=0.2670]\rStage1 Epoch 1/1:  79%|███████▊  | 129/164 [00:51\u003c00:12,  2.75it/s, loss=3.6082, acc=0.2670]\n"}
,{"stream_name":"stderr","time":94.493250262,"data":"\rStage1 Epoch 1/1:  79%|███████▊  | 129/164 [00:51\u003c00:12,  2.75it/s, loss=3.6082, acc=0.2670]\rStage1 Epoch 1/1:  79%|███████▊  | 129/164 [00:51\u003c00:12,  2.75it/s, loss=3.5982, acc=0.2692]\n"}
,{"stream_name":"stderr","time":94.494266327,"data":"\rStage1 Epoch 1/1:  79%|███████▊  | 129/164 [00:51\u003c00:12,  2.75it/s, loss=3.5982, acc=0.2692]\rStage1 Epoch 1/1:  79%|███████▉  | 130/164 [00:51\u003c00:12,  2.74it/s, loss=3.5982, acc=0.2692]\n"}
,{"stream_name":"stderr","time":94.855141944,"data":"\rStage1 Epoch 1/1:  79%|███████▉  | 130/164 [00:51\u003c00:12,  2.74it/s, loss=3.5982, acc=0.2692]\rStage1 Epoch 1/1:  79%|███████▉  | 130/164 [00:52\u003c00:12,  2.74it/s, loss=3.5854, acc=0.2708]\n"}
,{"stream_name":"stderr","time":94.856186599,"data":"\rStage1 Epoch 1/1:  79%|███████▉  | 130/164 [00:52\u003c00:12,  2.74it/s, loss=3.5854, acc=0.2708]\rStage1 Epoch 1/1:  80%|███████▉  | 131/164 [00:52\u003c00:12,  2.75it/s, loss=3.5854, acc=0.2708]\n"}
,{"stream_name":"stderr","time":95.223555797,"data":"\rStage1 Epoch 1/1:  80%|███████▉  | 131/164 [00:52\u003c00:12,  2.75it/s, loss=3.5854, acc=0.2708]\rStage1 Epoch 1/1:  80%|███████▉  | 131/164 [00:52\u003c00:12,  2.75it/s, loss=3.5749, acc=0.2723]\n"}
,{"stream_name":"stderr","time":95.224331359,"data":"\rStage1 Epoch 1/1:  80%|███████▉  | 131/164 [00:52\u003c00:12,  2.75it/s, loss=3.5749, acc=0.2723]\rStage1 Epoch 1/1:  80%|████████  | 132/164 [00:52\u003c00:11,  2.74it/s, loss=3.5749, acc=0.2723]\n"}
,{"stream_name":"stderr","time":95.588261559,"data":"\rStage1 Epoch 1/1:  80%|████████  | 132/164 [00:52\u003c00:11,  2.74it/s, loss=3.5749, acc=0.2723]\rStage1 Epoch 1/1:  80%|████████  | 132/164 [00:52\u003c00:11,  2.74it/s, loss=3.5623, acc=0.2740]\n"}
,{"stream_name":"stderr","time":95.589634924,"data":"\rStage1 Epoch 1/1:  80%|████████  | 132/164 [00:52\u003c00:11,  2.74it/s, loss=3.5623, acc=0.2740]\rStage1 Epoch 1/1:  81%|████████  | 133/164 [00:52\u003c00:11,  2.74it/s, loss=3.5623, acc=0.2740]\n"}
,{"stream_name":"stderr","time":95.955038988,"data":"\rStage1 Epoch 1/1:  81%|████████  | 133/164 [00:52\u003c00:11,  2.74it/s, loss=3.5623, acc=0.2740]\rStage1 Epoch 1/1:  81%|████████  | 133/164 [00:53\u003c00:11,  2.74it/s, loss=3.5495, acc=0.2768]\n"}
,{"stream_name":"stderr","time":95.955927714,"data":"\rStage1 Epoch 1/1:  81%|████████  | 133/164 [00:53\u003c00:11,  2.74it/s, loss=3.5495, acc=0.2768]\rStage1 Epoch 1/1:  82%|████████▏ | 134/164 [00:53\u003c00:10,  2.73it/s, loss=3.5495, acc=0.2768]\n"}
,{"stream_name":"stderr","time":96.319223781,"data":"\rStage1 Epoch 1/1:  82%|████████▏ | 134/164 [00:53\u003c00:10,  2.73it/s, loss=3.5495, acc=0.2768]\rStage1 Epoch 1/1:  82%|████████▏ | 134/164 [00:53\u003c00:10,  2.73it/s, loss=3.5312, acc=0.2801]\n"}
,{"stream_name":"stderr","time":96.320374856,"data":"\rStage1 Epoch 1/1:  82%|████████▏ | 134/164 [00:53\u003c00:10,  2.73it/s, loss=3.5312, acc=0.2801]\rStage1 Epoch 1/1:  82%|████████▏ | 135/164 [00:53\u003c00:10,  2.74it/s, loss=3.5312, acc=0.2801]\n"}
,{"stream_name":"stderr","time":96.686455733,"data":"\rStage1 Epoch 1/1:  82%|████████▏ | 135/164 [00:53\u003c00:10,  2.74it/s, loss=3.5312, acc=0.2801]\rStage1 Epoch 1/1:  82%|████████▏ | 135/164 [00:53\u003c00:10,  2.74it/s, loss=3.5229, acc=0.2817]\n"}
,{"stream_name":"stderr","time":96.687814587,"data":"\rStage1 Epoch 1/1:  82%|████████▏ | 135/164 [00:53\u003c00:10,  2.74it/s, loss=3.5229, acc=0.2817]\rStage1 Epoch 1/1:  83%|████████▎ | 136/164 [00:53\u003c00:10,  2.73it/s, loss=3.5229, acc=0.2817]\n"}
,{"stream_name":"stderr","time":97.049908349,"data":"\rStage1 Epoch 1/1:  83%|████████▎ | 136/164 [00:53\u003c00:10,  2.73it/s, loss=3.5229, acc=0.2817]\rStage1 Epoch 1/1:  83%|████████▎ | 136/164 [00:54\u003c00:10,  2.73it/s, loss=3.5053, acc=0.2847]\n"}
,{"stream_name":"stderr","time":97.051518809,"data":"\rStage1 Epoch 1/1:  83%|████████▎ | 136/164 [00:54\u003c00:10,  2.73it/s, loss=3.5053, acc=0.2847]\rStage1 Epoch 1/1:  84%|████████▎ | 137/164 [00:54\u003c00:09,  2.74it/s, loss=3.5053, acc=0.2847]\n"}
,{"stream_name":"stderr","time":97.416161267,"data":"\rStage1 Epoch 1/1:  84%|████████▎ | 137/164 [00:54\u003c00:09,  2.74it/s, loss=3.5053, acc=0.2847]\rStage1 Epoch 1/1:  84%|████████▎ | 137/164 [00:54\u003c00:09,  2.74it/s, loss=3.4928, acc=0.2874]\n"}
,{"stream_name":"stderr","time":97.416575962,"data":"\rStage1 Epoch 1/1:  84%|████████▎ | 137/164 [00:54\u003c00:09,  2.74it/s, loss=3.4928, acc=0.2874]\rStage1 Epoch 1/1:  84%|████████▍ | 138/164 [00:54\u003c00:09,  2.74it/s, loss=3.4928, acc=0.2874]\n"}
,{"stream_name":"stderr","time":97.784429939,"data":"\rStage1 Epoch 1/1:  84%|████████▍ | 138/164 [00:54\u003c00:09,  2.74it/s, loss=3.4928, acc=0.2874]\rStage1 Epoch 1/1:  84%|████████▍ | 138/164 [00:54\u003c00:09,  2.74it/s, loss=3.4855, acc=0.2889]\n"}
,{"stream_name":"stderr","time":97.790449119,"data":"\rStage1 Epoch 1/1:  84%|████████▍ | 138/164 [00:54\u003c00:09,  2.74it/s, loss=3.4855, acc=0.2889]\rStage1 Epoch 1/1:  85%|████████▍ | 139/164 [00:54\u003c00:09,  2.73it/s, loss=3.4855, acc=0.2889]\n"}
,{"stream_name":"stderr","time":98.154757837,"data":"\rStage1 Epoch 1/1:  85%|████████▍ | 139/164 [00:54\u003c00:09,  2.73it/s, loss=3.4855, acc=0.2889]\rStage1 Epoch 1/1:  85%|████████▍ | 139/164 [00:55\u003c00:09,  2.73it/s, loss=3.4702, acc=0.2917]\n"}
,{"stream_name":"stderr","time":98.155848716,"data":"\rStage1 Epoch 1/1:  85%|████████▍ | 139/164 [00:55\u003c00:09,  2.73it/s, loss=3.4702, acc=0.2917]\rStage1 Epoch 1/1:  85%|████████▌ | 140/164 [00:55\u003c00:08,  2.72it/s, loss=3.4702, acc=0.2917]\n"}
,{"stream_name":"stderr","time":98.522400399,"data":"\rStage1 Epoch 1/1:  85%|████████▌ | 140/164 [00:55\u003c00:08,  2.72it/s, loss=3.4702, acc=0.2917]\rStage1 Epoch 1/1:  85%|████████▌ | 140/164 [00:55\u003c00:08,  2.72it/s, loss=3.4607, acc=0.2932]\n"}
,{"stream_name":"stderr","time":98.523392641,"data":"\rStage1 Epoch 1/1:  85%|████████▌ | 140/164 [00:55\u003c00:08,  2.72it/s, loss=3.4607, acc=0.2932]\rStage1 Epoch 1/1:  86%|████████▌ | 141/164 [00:55\u003c00:08,  2.72it/s, loss=3.4607, acc=0.2932]\n"}
,{"stream_name":"stderr","time":98.891112142,"data":"\rStage1 Epoch 1/1:  86%|████████▌ | 141/164 [00:55\u003c00:08,  2.72it/s, loss=3.4607, acc=0.2932]\rStage1 Epoch 1/1:  86%|████████▌ | 141/164 [00:56\u003c00:08,  2.72it/s, loss=3.4546, acc=0.2940]\n"}
,{"stream_name":"stderr","time":98.892536046,"data":"\rStage1 Epoch 1/1:  86%|████████▌ | 141/164 [00:56\u003c00:08,  2.72it/s, loss=3.4546, acc=0.2940]\rStage1 Epoch 1/1:  87%|████████▋ | 142/164 [00:56\u003c00:08,  2.72it/s, loss=3.4546, acc=0.2940]\n"}
,{"stream_name":"stderr","time":99.259033183,"data":"\rStage1 Epoch 1/1:  87%|████████▋ | 142/164 [00:56\u003c00:08,  2.72it/s, loss=3.4546, acc=0.2940]\rStage1 Epoch 1/1:  87%|████████▋ | 142/164 [00:56\u003c00:08,  2.72it/s, loss=3.4429, acc=0.2957]\n"}
,{"stream_name":"stderr","time":99.25999226,"data":"\rStage1 Epoch 1/1:  87%|████████▋ | 142/164 [00:56\u003c00:08,  2.72it/s, loss=3.4429, acc=0.2957]\rStage1 Epoch 1/1:  87%|████████▋ | 143/164 [00:56\u003c00:07,  2.72it/s, loss=3.4429, acc=0.2957]\n"}
,{"stream_name":"stderr","time":99.630571654,"data":"\rStage1 Epoch 1/1:  87%|████████▋ | 143/164 [00:56\u003c00:07,  2.72it/s, loss=3.4429, acc=0.2957]\rStage1 Epoch 1/1:  87%|████████▋ | 143/164 [00:56\u003c00:07,  2.72it/s, loss=3.4340, acc=0.2969]\n"}
,{"stream_name":"stderr","time":99.631670041,"data":"\rStage1 Epoch 1/1:  87%|████████▋ | 143/164 [00:56\u003c00:07,  2.72it/s, loss=3.4340, acc=0.2969]\rStage1 Epoch 1/1:  88%|████████▊ | 144/164 [00:56\u003c00:07,  2.71it/s, loss=3.4340, acc=0.2969]\n"}
,{"stream_name":"stderr","time":100.000873531,"data":"\rStage1 Epoch 1/1:  88%|████████▊ | 144/164 [00:56\u003c00:07,  2.71it/s, loss=3.4340, acc=0.2969]\rStage1 Epoch 1/1:  88%|████████▊ | 144/164 [00:57\u003c00:07,  2.71it/s, loss=3.4296, acc=0.2972]\n"}
,{"stream_name":"stderr","time":100.001782414,"data":"\rStage1 Epoch 1/1:  88%|████████▊ | 144/164 [00:57\u003c00:07,  2.71it/s, loss=3.4296, acc=0.2972]\rStage1 Epoch 1/1:  88%|████████▊ | 145/164 [00:57\u003c00:07,  2.71it/s, loss=3.4296, acc=0.2972]\n"}
,{"stream_name":"stderr","time":100.372052087,"data":"\rStage1 Epoch 1/1:  88%|████████▊ | 145/164 [00:57\u003c00:07,  2.71it/s, loss=3.4296, acc=0.2972]\rStage1 Epoch 1/1:  88%|████████▊ | 145/164 [00:57\u003c00:07,  2.71it/s, loss=3.4170, acc=0.2992]\n"}
,{"stream_name":"stderr","time":100.373207565,"data":"\rStage1 Epoch 1/1:  88%|████████▊ | 145/164 [00:57\u003c00:07,  2.71it/s, loss=3.4170, acc=0.2992]\rStage1 Epoch 1/1:  89%|████████▉ | 146/164 [00:57\u003c00:06,  2.70it/s, loss=3.4170, acc=0.2992]\n"}
,{"stream_name":"stderr","time":100.74295274,"data":"\rStage1 Epoch 1/1:  89%|████████▉ | 146/164 [00:57\u003c00:06,  2.70it/s, loss=3.4170, acc=0.2992]\rStage1 Epoch 1/1:  89%|████████▉ | 146/164 [00:57\u003c00:06,  2.70it/s, loss=3.4052, acc=0.3017]\n"}
,{"stream_name":"stderr","time":100.744024648,"data":"\rStage1 Epoch 1/1:  89%|████████▉ | 146/164 [00:57\u003c00:06,  2.70it/s, loss=3.4052, acc=0.3017]\rStage1 Epoch 1/1:  90%|████████▉ | 147/164 [00:57\u003c00:06,  2.70it/s, loss=3.4052, acc=0.3017]\n"}
,{"stream_name":"stderr","time":101.116829107,"data":"\rStage1 Epoch 1/1:  90%|████████▉ | 147/164 [00:57\u003c00:06,  2.70it/s, loss=3.4052, acc=0.3017]\rStage1 Epoch 1/1:  90%|████████▉ | 147/164 [00:58\u003c00:06,  2.70it/s, loss=3.3968, acc=0.3030]\n"}
,{"stream_name":"stderr","time":101.117798627,"data":"\rStage1 Epoch 1/1:  90%|████████▉ | 147/164 [00:58\u003c00:06,  2.70it/s, loss=3.3968, acc=0.3030]\rStage1 Epoch 1/1:  90%|█████████ | 148/164 [00:58\u003c00:05,  2.69it/s, loss=3.3968, acc=0.3030]\n"}
,{"stream_name":"stderr","time":101.491630919,"data":"\rStage1 Epoch 1/1:  90%|█████████ | 148/164 [00:58\u003c00:05,  2.69it/s, loss=3.3968, acc=0.3030]\rStage1 Epoch 1/1:  90%|█████████ | 148/164 [00:58\u003c00:05,  2.69it/s, loss=3.3913, acc=0.3045]\n"}
,{"stream_name":"stderr","time":101.493436573,"data":"\rStage1 Epoch 1/1:  90%|█████████ | 148/164 [00:58\u003c00:05,  2.69it/s, loss=3.3913, acc=0.3045]\rStage1 Epoch 1/1:  91%|█████████ | 149/164 [00:58\u003c00:05,  2.68it/s, loss=3.3913, acc=0.3045]\n"}
,{"stream_name":"stderr","time":101.863110665,"data":"\rStage1 Epoch 1/1:  91%|█████████ | 149/164 [00:58\u003c00:05,  2.68it/s, loss=3.3913, acc=0.3045]\rStage1 Epoch 1/1:  91%|█████████ | 149/164 [00:59\u003c00:05,  2.68it/s, loss=3.3790, acc=0.3056]\n"}
,{"stream_name":"stderr","time":101.864052564,"data":"\rStage1 Epoch 1/1:  91%|█████████ | 149/164 [00:59\u003c00:05,  2.68it/s, loss=3.3790, acc=0.3056]\rStage1 Epoch 1/1:  91%|█████████▏| 150/164 [00:59\u003c00:05,  2.69it/s, loss=3.3790, acc=0.3056]\n"}
,{"stream_name":"stderr","time":102.24037083,"data":"\rStage1 Epoch 1/1:  91%|█████████▏| 150/164 [00:59\u003c00:05,  2.69it/s, loss=3.3790, acc=0.3056]\rStage1 Epoch 1/1:  91%|█████████▏| 150/164 [00:59\u003c00:05,  2.69it/s, loss=3.3686, acc=0.3073]\n"}
,{"stream_name":"stderr","time":102.241420949,"data":"\rStage1 Epoch 1/1:  91%|█████████▏| 150/164 [00:59\u003c00:05,  2.69it/s, loss=3.3686, acc=0.3073]\rStage1 Epoch 1/1:  92%|█████████▏| 151/164 [00:59\u003c00:04,  2.68it/s, loss=3.3686, acc=0.3073]\n"}
,{"stream_name":"stderr","time":102.611589209,"data":"\rStage1 Epoch 1/1:  92%|█████████▏| 151/164 [00:59\u003c00:04,  2.68it/s, loss=3.3686, acc=0.3073]\rStage1 Epoch 1/1:  92%|█████████▏| 151/164 [00:59\u003c00:04,  2.68it/s, loss=3.3575, acc=0.3086]\n"}
,{"stream_name":"stderr","time":102.612671207,"data":"\rStage1 Epoch 1/1:  92%|█████████▏| 151/164 [00:59\u003c00:04,  2.68it/s, loss=3.3575, acc=0.3086]\rStage1 Epoch 1/1:  93%|█████████▎| 152/164 [00:59\u003c00:04,  2.68it/s, loss=3.3575, acc=0.3086]\n"}
,{"stream_name":"stderr","time":102.986242991,"data":"\rStage1 Epoch 1/1:  93%|█████████▎| 152/164 [00:59\u003c00:04,  2.68it/s, loss=3.3575, acc=0.3086]\rStage1 Epoch 1/1:  93%|█████████▎| 152/164 [01:00\u003c00:04,  2.68it/s, loss=3.3462, acc=0.3107]\n"}
,{"stream_name":"stderr","time":102.987363243,"data":"\rStage1 Epoch 1/1:  93%|█████████▎| 152/164 [01:00\u003c00:04,  2.68it/s, loss=3.3462, acc=0.3107]\rStage1 Epoch 1/1:  93%|█████████▎| 153/164 [01:00\u003c00:04,  2.68it/s, loss=3.3462, acc=0.3107]\n"}
,{"stream_name":"stderr","time":103.414541055,"data":"\rStage1 Epoch 1/1:  93%|█████████▎| 153/164 [01:00\u003c00:04,  2.68it/s, loss=3.3462, acc=0.3107]\rStage1 Epoch 1/1:  93%|█████████▎| 153/164 [01:00\u003c00:04,  2.68it/s, loss=3.3344, acc=0.3131]\n"}
,{"stream_name":"stderr","time":103.415840104,"data":"\rStage1 Epoch 1/1:  93%|█████████▎| 153/164 [01:00\u003c00:04,  2.68it/s, loss=3.3344, acc=0.3131]\rStage1 Epoch 1/1:  94%|█████████▍| 154/164 [01:00\u003c00:03,  2.67it/s, loss=3.3344, acc=0.3131]\n"}
,{"stream_name":"stderr","time":103.740100842,"data":"\rStage1 Epoch 1/1:  94%|█████████▍| 154/164 [01:00\u003c00:03,  2.67it/s, loss=3.3344, acc=0.3131]\rStage1 Epoch 1/1:  94%|█████████▍| 154/164 [01:00\u003c00:03,  2.67it/s, loss=3.3211, acc=0.3151]\n"}
,{"stream_name":"stderr","time":103.741131018,"data":"\rStage1 Epoch 1/1:  94%|█████████▍| 154/164 [01:00\u003c00:03,  2.67it/s, loss=3.3211, acc=0.3151]\rStage1 Epoch 1/1:  95%|█████████▍| 155/164 [01:00\u003c00:03,  2.66it/s, loss=3.3211, acc=0.3151]\n"}
,{"stream_name":"stderr","time":104.114074342,"data":"\rStage1 Epoch 1/1:  95%|█████████▍| 155/164 [01:00\u003c00:03,  2.66it/s, loss=3.3211, acc=0.3151]\rStage1 Epoch 1/1:  95%|█████████▍| 155/164 [01:01\u003c00:03,  2.66it/s, loss=3.3083, acc=0.3175]\n"}
,{"stream_name":"stderr","time":104.114229336,"data":"\rStage1 Epoch 1/1:  95%|█████████▍| 155/164 [01:01\u003c00:03,  2.66it/s, loss=3.3083, acc=0.3175]\rStage1 Epoch 1/1:  95%|█████████▌| 156/164 [01:01\u003c00:02,  2.67it/s, loss=3.3083, acc=0.3175]\n"}
,{"stream_name":"stderr","time":104.487172858,"data":"\rStage1 Epoch 1/1:  95%|█████████▌| 156/164 [01:01\u003c00:02,  2.67it/s, loss=3.3083, acc=0.3175]\rStage1 Epoch 1/1:  95%|█████████▌| 156/164 [01:01\u003c00:02,  2.67it/s, loss=3.2947, acc=0.3193]\n"}
,{"stream_name":"stderr","time":104.488026502,"data":"\rStage1 Epoch 1/1:  95%|█████████▌| 156/164 [01:01\u003c00:02,  2.67it/s, loss=3.2947, acc=0.3193]\rStage1 Epoch 1/1:  96%|█████████▌| 157/164 [01:01\u003c00:02,  2.67it/s, loss=3.2947, acc=0.3193]\n"}
,{"stream_name":"stderr","time":104.861063621,"data":"\rStage1 Epoch 1/1:  96%|█████████▌| 157/164 [01:01\u003c00:02,  2.67it/s, loss=3.2947, acc=0.3193]\rStage1 Epoch 1/1:  96%|█████████▌| 157/164 [01:02\u003c00:02,  2.67it/s, loss=3.2875, acc=0.3206]\n"}
,{"stream_name":"stderr","time":104.862213075,"data":"\rStage1 Epoch 1/1:  96%|█████████▌| 157/164 [01:02\u003c00:02,  2.67it/s, loss=3.2875, acc=0.3206]\rStage1 Epoch 1/1:  96%|█████████▋| 158/164 [01:02\u003c00:02,  2.67it/s, loss=3.2875, acc=0.3206]\n"}
,{"stream_name":"stderr","time":105.239584267,"data":"\rStage1 Epoch 1/1:  96%|█████████▋| 158/164 [01:02\u003c00:02,  2.67it/s, loss=3.2875, acc=0.3206]\rStage1 Epoch 1/1:  96%|█████████▋| 158/164 [01:02\u003c00:02,  2.67it/s, loss=3.2806, acc=0.3217]\n"}
,{"stream_name":"stderr","time":105.240617319,"data":"\rStage1 Epoch 1/1:  96%|█████████▋| 158/164 [01:02\u003c00:02,  2.67it/s, loss=3.2806, acc=0.3217]\rStage1 Epoch 1/1:  97%|█████████▋| 159/164 [01:02\u003c00:01,  2.66it/s, loss=3.2806, acc=0.3217]\n"}
,{"stream_name":"stderr","time":105.617665719,"data":"\rStage1 Epoch 1/1:  97%|█████████▋| 159/164 [01:02\u003c00:01,  2.66it/s, loss=3.2806, acc=0.3217]\rStage1 Epoch 1/1:  97%|█████████▋| 159/164 [01:02\u003c00:01,  2.66it/s, loss=3.2738, acc=0.3229]\n"}
,{"stream_name":"stderr","time":105.618987348,"data":"\rStage1 Epoch 1/1:  97%|█████████▋| 159/164 [01:02\u003c00:01,  2.66it/s, loss=3.2738, acc=0.3229]\rStage1 Epoch 1/1:  98%|█████████▊| 160/164 [01:02\u003c00:01,  2.66it/s, loss=3.2738, acc=0.3229]\n"}
,{"stream_name":"stderr","time":105.992484186,"data":"\rStage1 Epoch 1/1:  98%|█████████▊| 160/164 [01:02\u003c00:01,  2.66it/s, loss=3.2738, acc=0.3229]\rStage1 Epoch 1/1:  98%|█████████▊| 160/164 [01:03\u003c00:01,  2.66it/s, loss=3.2643, acc=0.3243]\n"}
,{"stream_name":"stderr","time":105.993723498,"data":"\rStage1 Epoch 1/1:  98%|█████████▊| 160/164 [01:03\u003c00:01,  2.66it/s, loss=3.2643, acc=0.3243]\rStage1 Epoch 1/1:  98%|█████████▊| 161/164 [01:03\u003c00:01,  2.66it/s, loss=3.2643, acc=0.3243]\n"}
,{"stream_name":"stderr","time":106.37289231,"data":"\rStage1 Epoch 1/1:  98%|█████████▊| 161/164 [01:03\u003c00:01,  2.66it/s, loss=3.2643, acc=0.3243]\rStage1 Epoch 1/1:  98%|█████████▊| 161/164 [01:03\u003c00:01,  2.66it/s, loss=3.2579, acc=0.3254]\n"}
,{"stream_name":"stderr","time":106.373758328,"data":"\rStage1 Epoch 1/1:  98%|█████████▊| 161/164 [01:03\u003c00:01,  2.66it/s, loss=3.2579, acc=0.3254]\rStage1 Epoch 1/1:  99%|█████████▉| 162/164 [01:03\u003c00:00,  2.65it/s, loss=3.2579, acc=0.3254]\n"}
,{"stream_name":"stderr","time":106.750525726,"data":"\rStage1 Epoch 1/1:  99%|█████████▉| 162/164 [01:03\u003c00:00,  2.65it/s, loss=3.2579, acc=0.3254]\rStage1 Epoch 1/1:  99%|█████████▉| 162/164 [01:03\u003c00:00,  2.65it/s, loss=3.2482, acc=0.3269]\n"}
,{"stream_name":"stderr","time":106.751586416,"data":"\rStage1 Epoch 1/1:  99%|█████████▉| 162/164 [01:03\u003c00:00,  2.65it/s, loss=3.2482, acc=0.3269]\rStage1 Epoch 1/1:  99%|█████████▉| 163/164 [01:03\u003c00:00,  2.65it/s, loss=3.2482, acc=0.3269]\n"}
,{"stream_name":"stderr","time":111.123359993,"data":"\rStage1 Epoch 1/1:  99%|█████████▉| 163/164 [01:03\u003c00:00,  2.65it/s, loss=3.2482, acc=0.3269]\rStage1 Epoch 1/1:  99%|█████████▉| 163/164 [01:08\u003c00:00,  2.65it/s, loss=3.2381, acc=0.3289]\n"}
,{"stream_name":"stderr","time":111.126348335,"data":"\rStage1 Epoch 1/1:  99%|█████████▉| 163/164 [01:08\u003c00:00,  2.65it/s, loss=3.2381, acc=0.3289]\rStage1 Epoch 1/1: 100%|██████████| 164/164 [01:08\u003c00:00,  1.58s/it, loss=3.2381, acc=0.3289]\n"}
,{"stream_name":"stderr","time":111.255858368,"data":"\rStage1 Epoch 1/1: 100%|██████████| 164/164 [01:08\u003c00:00,  1.58s/it, loss=3.2381, acc=0.3289]\rStage1 Epoch 1/1: 100%|██████████| 164/164 [01:08\u003c00:00,  2.40it/s, loss=3.2381, acc=0.3289]\n"}
,{"stream_name":"stderr","time":111.259456006,"data":"\rStage1 Epoch 1/1: 100%|██████████| 164/164 [01:08\u003c00:00,  2.40it/s, loss=3.2381, acc=0.3289]\n"}
,{"stream_name":"stderr","time":111.259479433,"data":"\n"}
,{"stream_name":"stderr","time":111.259485407,"data":"\n"}
,{"stream_name":"stdout","time":127.69363212,"data":"  Val Loss: 1.4132 | Val Acc: 0.6258 | Val Macro-F1: 0.5382\n"}
,{"stream_name":"stdout","time":127.901561035,"data":"  -\u003e saved (best macro_f1: 0.5382)\n"}
,{"stream_name":"stderr","time":127.985753379,"data":"\rStage2 Epoch 1/1:   0%|          | 0/164 [00:00\u003c?, ?it/s]\n"}
,{"stream_name":"stderr","time":140.343254085,"data":"\rStage2 Epoch 1/1:   0%|          | 0/164 [00:00\u003c?, ?it/s]\rStage2 Epoch 1/1:   0%|          | 0/164 [00:12\u003c?, ?it/s, loss=2.1307, acc=0.6875]\n"}
,{"stream_name":"stderr","time":140.344341244,"data":"\rStage2 Epoch 1/1:   0%|          | 0/164 [00:12\u003c?, ?it/s, loss=2.1307, acc=0.6875]\rStage2 Epoch 1/1:   1%|          | 1/164 [00:12\u003c33:34, 12.36s/it, loss=2.1307, acc=0.6875]\n"}
,{"stream_name":"stderr","time":141.757422792,"data":"\rStage2 Epoch 1/1:   1%|          | 1/164 [00:12\u003c33:34, 12.36s/it, loss=2.1307, acc=0.6875]\rStage2 Epoch 1/1:   1%|          | 1/164 [00:13\u003c33:34, 12.36s/it, loss=1.9769, acc=0.6406]\n"}
,{"stream_name":"stderr","time":141.758240775,"data":"\rStage2 Epoch 1/1:   1%|          | 1/164 [00:13\u003c33:34, 12.36s/it, loss=1.9769, acc=0.6406]\rStage2 Epoch 1/1:   1%|          | 2/164 [00:13\u003c15:59,  5.92s/it, loss=1.9769, acc=0.6406]\n"}
,{"stream_name":"stderr","time":143.162598724,"data":"\rStage2 Epoch 1/1:   1%|          | 2/164 [00:13\u003c15:59,  5.92s/it, loss=1.9769, acc=0.6406]\rStage2 Epoch 1/1:   1%|          | 2/164 [00:15\u003c15:59,  5.92s/it, loss=1.9448, acc=0.6042]\n"}
,{"stream_name":"stderr","time":143.163403835,"data":"\rStage2 Epoch 1/1:   1%|          | 2/164 [00:15\u003c15:59,  5.92s/it, loss=1.9448, acc=0.6042]\rStage2 Epoch 1/1:   2%|▏         | 3/164 [00:15\u003c10:21,  3.86s/it, loss=1.9448, acc=0.6042]\n"}
,{"stream_name":"stderr","time":144.562007957,"data":"\rStage2 Epoch 1/1:   2%|▏         | 3/164 [00:15\u003c10:21,  3.86s/it, loss=1.9448, acc=0.6042]\rStage2 Epoch 1/1:   2%|▏         | 3/164 [00:16\u003c10:21,  3.86s/it, loss=1.7747, acc=0.6172]\n"}
,{"stream_name":"stderr","time":144.562974611,"data":"\rStage2 Epoch 1/1:   2%|▏         | 3/164 [00:16\u003c10:21,  3.86s/it, loss=1.7747, acc=0.6172]\rStage2 Epoch 1/1:   2%|▏         | 4/164 [00:16\u003c07:42,  2.89s/it, loss=1.7747, acc=0.6172]\n"}
,{"stream_name":"stderr","time":145.956042052,"data":"\rStage2 Epoch 1/1:   2%|▏         | 4/164 [00:16\u003c07:42,  2.89s/it, loss=1.7747, acc=0.6172]\rStage2 Epoch 1/1:   2%|▏         | 4/164 [00:17\u003c07:42,  2.89s/it, loss=1.6603, acc=0.6250]\n"}
,{"stream_name":"stderr","time":145.957222893,"data":"\rStage2 Epoch 1/1:   2%|▏         | 4/164 [00:17\u003c07:42,  2.89s/it, loss=1.6603, acc=0.6250]\rStage2 Epoch 1/1:   3%|▎         | 5/164 [00:17\u003c06:13,  2.35s/it, loss=1.6603, acc=0.6250]\n"}
,{"stream_name":"stderr","time":147.351396916,"data":"\rStage2 Epoch 1/1:   3%|▎         | 5/164 [00:17\u003c06:13,  2.35s/it, loss=1.6603, acc=0.6250]\rStage2 Epoch 1/1:   3%|▎         | 5/164 [00:19\u003c06:13,  2.35s/it, loss=1.6299, acc=0.6198]\n"}
,{"stream_name":"stderr","time":147.352233346,"data":"\rStage2 Epoch 1/1:   3%|▎         | 5/164 [00:19\u003c06:13,  2.35s/it, loss=1.6299, acc=0.6198]\rStage2 Epoch 1/1:   4%|▎         | 6/164 [00:19\u003c05:19,  2.02s/it, loss=1.6299, acc=0.6198]\n"}
,{"stream_name":"stderr","time":148.739818978,"data":"\rStage2 Epoch 1/1:   4%|▎         | 6/164 [00:19\u003c05:19,  2.02s/it, loss=1.6299, acc=0.6198]\rStage2 Epoch 1/1:   4%|▎         | 6/164 [00:20\u003c05:19,  2.02s/it, loss=1.7073, acc=0.5982]\n"}
,{"stream_name":"stderr","time":148.740878618,"data":"\rStage2 Epoch 1/1:   4%|▎         | 6/164 [00:20\u003c05:19,  2.02s/it, loss=1.7073, acc=0.5982]\rStage2 Epoch 1/1:   4%|▍         | 7/164 [00:20\u003c04:45,  1.82s/it, loss=1.7073, acc=0.5982]\n"}
,{"stream_name":"stderr","time":150.128426855,"data":"\rStage2 Epoch 1/1:   4%|▍         | 7/164 [00:20\u003c04:45,  1.82s/it, loss=1.7073, acc=0.5982]\rStage2 Epoch 1/1:   4%|▍         | 7/164 [00:22\u003c04:45,  1.82s/it, loss=1.6199, acc=0.6172]\n"}
,{"stream_name":"stderr","time":150.129273447,"data":"\rStage2 Epoch 1/1:   4%|▍         | 7/164 [00:22\u003c04:45,  1.82s/it, loss=1.6199, acc=0.6172]\rStage2 Epoch 1/1:   5%|▍         | 8/164 [00:22\u003c04:22,  1.68s/it, loss=1.6199, acc=0.6172]\n"}
,{"stream_name":"stderr","time":151.516849396,"data":"\rStage2 Epoch 1/1:   5%|▍         | 8/164 [00:22\u003c04:22,  1.68s/it, loss=1.6199, acc=0.6172]\rStage2 Epoch 1/1:   5%|▍         | 8/164 [00:23\u003c04:22,  1.68s/it, loss=1.6241, acc=0.6181]\n"}
,{"stream_name":"stderr","time":151.517647992,"data":"\rStage2 Epoch 1/1:   5%|▍         | 8/164 [00:23\u003c04:22,  1.68s/it, loss=1.6241, acc=0.6181]\rStage2 Epoch 1/1:   5%|▌         | 9/164 [00:23\u003c04:06,  1.59s/it, loss=1.6241, acc=0.6181]\n"}
,{"stream_name":"stderr","time":152.906747515,"data":"\rStage2 Epoch 1/1:   5%|▌         | 9/164 [00:23\u003c04:06,  1.59s/it, loss=1.6241, acc=0.6181]\rStage2 Epoch 1/1:   5%|▌         | 9/164 [00:24\u003c04:06,  1.59s/it, loss=1.6581, acc=0.6094]\n"}
,{"stream_name":"stderr","time":152.907418742,"data":"\rStage2 Epoch 1/1:   5%|▌         | 9/164 [00:24\u003c04:06,  1.59s/it, loss=1.6581, acc=0.6094]\rStage2 Epoch 1/1:   6%|▌         | 10/164 [00:24\u003c03:55,  1.53s/it, loss=1.6581, acc=0.6094]\n"}
,{"stream_name":"stderr","time":154.28320241,"data":"\rStage2 Epoch 1/1:   6%|▌         | 10/164 [00:24\u003c03:55,  1.53s/it, loss=1.6581, acc=0.6094]\rStage2 Epoch 1/1:   6%|▌         | 10/164 [00:26\u003c03:55,  1.53s/it, loss=1.6148, acc=0.6165]\n"}
,{"stream_name":"stderr","time":154.284170218,"data":"\rStage2 Epoch 1/1:   6%|▌         | 10/164 [00:26\u003c03:55,  1.53s/it, loss=1.6148, acc=0.6165]\rStage2 Epoch 1/1:   7%|▋         | 11/164 [00:26\u003c03:46,  1.48s/it, loss=1.6148, acc=0.6165]\n"}
,{"stream_name":"stderr","time":155.665025902,"data":"\rStage2 Epoch 1/1:   7%|▋         | 11/164 [00:26\u003c03:46,  1.48s/it, loss=1.6148, acc=0.6165]\rStage2 Epoch 1/1:   7%|▋         | 11/164 [00:27\u003c03:46,  1.48s/it, loss=1.6110, acc=0.6224]\n"}
,{"stream_name":"stderr","time":155.665945644,"data":"\rStage2 Epoch 1/1:   7%|▋         | 11/164 [00:27\u003c03:46,  1.48s/it, loss=1.6110, acc=0.6224]\rStage2 Epoch 1/1:   7%|▋         | 12/164 [00:27\u003c03:40,  1.45s/it, loss=1.6110, acc=0.6224]\n"}
,{"stream_name":"stderr","time":157.042329663,"data":"\rStage2 Epoch 1/1:   7%|▋         | 12/164 [00:27\u003c03:40,  1.45s/it, loss=1.6110, acc=0.6224]\rStage2 Epoch 1/1:   7%|▋         | 12/164 [00:29\u003c03:40,  1.45s/it, loss=1.5695, acc=0.6322]\n"}
,{"stream_name":"stderr","time":157.04359152,"data":"\rStage2 Epoch 1/1:   7%|▋         | 12/164 [00:29\u003c03:40,  1.45s/it, loss=1.5695, acc=0.6322]\rStage2 Epoch 1/1:   8%|▊         | 13/164 [00:29\u003c03:35,  1.43s/it, loss=1.5695, acc=0.6322]\n"}
,{"stream_name":"stderr","time":158.443318423,"data":"\rStage2 Epoch 1/1:   8%|▊         | 13/164 [00:29\u003c03:35,  1.43s/it, loss=1.5695, acc=0.6322]\rStage2 Epoch 1/1:   8%|▊         | 13/164 [00:30\u003c03:35,  1.43s/it, loss=1.5610, acc=0.6406]\n"}
,{"stream_name":"stderr","time":158.443349191,"data":"\rStage2 Epoch 1/1:   8%|▊         | 13/164 [00:30\u003c03:35,  1.43s/it, loss=1.5610, acc=0.6406]\rStage2 Epoch 1/1:   9%|▊         | 14/164 [00:30\u003c03:31,  1.41s/it, loss=1.5610, acc=0.6406]\n"}
,{"stream_name":"stderr","time":159.790669403,"data":"\rStage2 Epoch 1/1:   9%|▊         | 14/164 [00:30\u003c03:31,  1.41s/it, loss=1.5610, acc=0.6406]\rStage2 Epoch 1/1:   9%|▊         | 14/164 [00:31\u003c03:31,  1.41s/it, loss=1.5415, acc=0.6438]\n"}
,{"stream_name":"stderr","time":159.79181235,"data":"\rStage2 Epoch 1/1:   9%|▊         | 14/164 [00:31\u003c03:31,  1.41s/it, loss=1.5415, acc=0.6438]\rStage2 Epoch 1/1:   9%|▉         | 15/164 [00:31\u003c03:28,  1.40s/it, loss=1.5415, acc=0.6438]\n"}
,{"stream_name":"stderr","time":161.1600208,"data":"\rStage2 Epoch 1/1:   9%|▉         | 15/164 [00:31\u003c03:28,  1.40s/it, loss=1.5415, acc=0.6438]\rStage2 Epoch 1/1:   9%|▉         | 15/164 [00:33\u003c03:28,  1.40s/it, loss=1.5201, acc=0.6465]\n"}
,{"stream_name":"stderr","time":161.161203067,"data":"\rStage2 Epoch 1/1:   9%|▉         | 15/164 [00:33\u003c03:28,  1.40s/it, loss=1.5201, acc=0.6465]\rStage2 Epoch 1/1:  10%|▉         | 16/164 [00:33\u003c03:25,  1.39s/it, loss=1.5201, acc=0.6465]\n"}
,{"stream_name":"stderr","time":162.537029421,"data":"\rStage2 Epoch 1/1:  10%|▉         | 16/164 [00:33\u003c03:25,  1.39s/it, loss=1.5201, acc=0.6465]\rStage2 Epoch 1/1:  10%|▉         | 16/164 [00:34\u003c03:25,  1.39s/it, loss=1.5243, acc=0.6434]\n"}
,{"stream_name":"stderr","time":162.538051156,"data":"\rStage2 Epoch 1/1:  10%|▉         | 16/164 [00:34\u003c03:25,  1.39s/it, loss=1.5243, acc=0.6434]\rStage2 Epoch 1/1:  10%|█         | 17/164 [00:34\u003c03:23,  1.39s/it, loss=1.5243, acc=0.6434]\n"}
,{"stream_name":"stderr","time":163.901671676,"data":"\rStage2 Epoch 1/1:  10%|█         | 17/164 [00:34\u003c03:23,  1.39s/it, loss=1.5243, acc=0.6434]\rStage2 Epoch 1/1:  10%|█         | 17/164 [00:35\u003c03:23,  1.39s/it, loss=1.5022, acc=0.6476]\n"}
,{"stream_name":"stderr","time":163.902799247,"data":"\rStage2 Epoch 1/1:  10%|█         | 17/164 [00:35\u003c03:23,  1.39s/it, loss=1.5022, acc=0.6476]\rStage2 Epoch 1/1:  11%|█         | 18/164 [00:35\u003c03:21,  1.38s/it, loss=1.5022, acc=0.6476]\n"}
,{"stream_name":"stderr","time":165.27536951,"data":"\rStage2 Epoch 1/1:  11%|█         | 18/164 [00:35\u003c03:21,  1.38s/it, loss=1.5022, acc=0.6476]\rStage2 Epoch 1/1:  11%|█         | 18/164 [00:37\u003c03:21,  1.38s/it, loss=1.4929, acc=0.6447]\n"}
,{"stream_name":"stderr","time":165.276456655,"data":"\rStage2 Epoch 1/1:  11%|█         | 18/164 [00:37\u003c03:21,  1.38s/it, loss=1.4929, acc=0.6447]\rStage2 Epoch 1/1:  12%|█▏        | 19/164 [00:37\u003c03:19,  1.38s/it, loss=1.4929, acc=0.6447]\n"}
,{"stream_name":"stderr","time":166.643874209,"data":"\rStage2 Epoch 1/1:  12%|█▏        | 19/164 [00:37\u003c03:19,  1.38s/it, loss=1.4929, acc=0.6447]\rStage2 Epoch 1/1:  12%|█▏        | 19/164 [00:38\u003c03:19,  1.38s/it, loss=1.4924, acc=0.6453]\n"}
,{"stream_name":"stderr","time":166.644973386,"data":"\rStage2 Epoch 1/1:  12%|█▏        | 19/164 [00:38\u003c03:19,  1.38s/it, loss=1.4924, acc=0.6453]\rStage2 Epoch 1/1:  12%|█▏        | 20/164 [00:38\u003c03:18,  1.38s/it, loss=1.4924, acc=0.6453]\n"}
,{"stream_name":"stderr","time":168.008034907,"data":"\rStage2 Epoch 1/1:  12%|█▏        | 20/164 [00:38\u003c03:18,  1.38s/it, loss=1.4924, acc=0.6453]\rStage2 Epoch 1/1:  12%|█▏        | 20/164 [00:40\u003c03:18,  1.38s/it, loss=1.4814, acc=0.6414]\n"}
,{"stream_name":"stderr","time":168.009254472,"data":"\rStage2 Epoch 1/1:  12%|█▏        | 20/164 [00:40\u003c03:18,  1.38s/it, loss=1.4814, acc=0.6414]\rStage2 Epoch 1/1:  13%|█▎        | 21/164 [00:40\u003c03:16,  1.37s/it, loss=1.4814, acc=0.6414]\n"}
,{"stream_name":"stderr","time":169.361917277,"data":"\rStage2 Epoch 1/1:  13%|█▎        | 21/164 [00:40\u003c03:16,  1.37s/it, loss=1.4814, acc=0.6414]\rStage2 Epoch 1/1:  13%|█▎        | 21/164 [00:41\u003c03:16,  1.37s/it, loss=1.4604, acc=0.6435]\n"}
,{"stream_name":"stderr","time":169.363056255,"data":"\rStage2 Epoch 1/1:  13%|█▎        | 21/164 [00:41\u003c03:16,  1.37s/it, loss=1.4604, acc=0.6435]\rStage2 Epoch 1/1:  13%|█▎        | 22/164 [00:41\u003c03:14,  1.37s/it, loss=1.4604, acc=0.6435]\n"}
,{"stream_name":"stderr","time":170.719553151,"data":"\rStage2 Epoch 1/1:  13%|█▎        | 22/164 [00:41\u003c03:14,  1.37s/it, loss=1.4604, acc=0.6435]\rStage2 Epoch 1/1:  13%|█▎        | 22/164 [00:42\u003c03:14,  1.37s/it, loss=1.4375, acc=0.6495]\n"}
,{"stream_name":"stderr","time":170.720449242,"data":"\rStage2 Epoch 1/1:  13%|█▎        | 22/164 [00:42\u003c03:14,  1.37s/it, loss=1.4375, acc=0.6495]\rStage2 Epoch 1/1:  14%|█▍        | 23/164 [00:42\u003c03:12,  1.36s/it, loss=1.4375, acc=0.6495]\n"}
,{"stream_name":"stderr","time":172.075160578,"data":"\rStage2 Epoch 1/1:  14%|█▍        | 23/164 [00:42\u003c03:12,  1.36s/it, loss=1.4375, acc=0.6495]\rStage2 Epoch 1/1:  14%|█▍        | 23/164 [00:44\u003c03:12,  1.36s/it, loss=1.4310, acc=0.6445]\n"}
,{"stream_name":"stderr","time":172.076380227,"data":"\rStage2 Epoch 1/1:  14%|█▍        | 23/164 [00:44\u003c03:12,  1.36s/it, loss=1.4310, acc=0.6445]\rStage2 Epoch 1/1:  15%|█▍        | 24/164 [00:44\u003c03:10,  1.36s/it, loss=1.4310, acc=0.6445]\n"}
,{"stream_name":"stderr","time":173.432179448,"data":"\rStage2 Epoch 1/1:  15%|█▍        | 24/164 [00:44\u003c03:10,  1.36s/it, loss=1.4310, acc=0.6445]\rStage2 Epoch 1/1:  15%|█▍        | 24/164 [00:45\u003c03:10,  1.36s/it, loss=1.4134, acc=0.6462]\n"}
,{"stream_name":"stderr","time":173.433154166,"data":"\rStage2 Epoch 1/1:  15%|█▍        | 24/164 [00:45\u003c03:10,  1.36s/it, loss=1.4134, acc=0.6462]\rStage2 Epoch 1/1:  15%|█▌        | 25/164 [00:45\u003c03:09,  1.36s/it, loss=1.4134, acc=0.6462]\n"}
,{"stream_name":"stderr","time":174.790086169,"data":"\rStage2 Epoch 1/1:  15%|█▌        | 25/164 [00:45\u003c03:09,  1.36s/it, loss=1.4134, acc=0.6462]\rStage2 Epoch 1/1:  15%|█▌        | 25/164 [00:46\u003c03:09,  1.36s/it, loss=1.4214, acc=0.6454]\n"}
,{"stream_name":"stderr","time":174.790978977,"data":"\rStage2 Epoch 1/1:  15%|█▌        | 25/164 [00:46\u003c03:09,  1.36s/it, loss=1.4214, acc=0.6454]\rStage2 Epoch 1/1:  16%|█▌        | 26/164 [00:46\u003c03:07,  1.36s/it, loss=1.4214, acc=0.6454]\n"}
,{"stream_name":"stderr","time":176.14291467,"data":"\rStage2 Epoch 1/1:  16%|█▌        | 26/164 [00:46\u003c03:07,  1.36s/it, loss=1.4214, acc=0.6454]\rStage2 Epoch 1/1:  16%|█▌        | 26/164 [00:48\u003c03:07,  1.36s/it, loss=1.4220, acc=0.6458]\n"}
,{"stream_name":"stderr","time":176.143763328,"data":"\rStage2 Epoch 1/1:  16%|█▌        | 26/164 [00:48\u003c03:07,  1.36s/it, loss=1.4220, acc=0.6458]\rStage2 Epoch 1/1:  16%|█▋        | 27/164 [00:48\u003c03:05,  1.36s/it, loss=1.4220, acc=0.6458]\n"}
,{"stream_name":"stderr","time":177.504107393,"data":"\rStage2 Epoch 1/1:  16%|█▋        | 27/164 [00:48\u003c03:05,  1.36s/it, loss=1.4220, acc=0.6458]\rStage2 Epoch 1/1:  16%|█▋        | 27/164 [00:49\u003c03:05,  1.36s/it, loss=1.3992, acc=0.6507]\n"}
,{"stream_name":"stderr","time":177.505221218,"data":"\rStage2 Epoch 1/1:  16%|█▋        | 27/164 [00:49\u003c03:05,  1.36s/it, loss=1.3992, acc=0.6507]\rStage2 Epoch 1/1:  17%|█▋        | 28/164 [00:49\u003c03:04,  1.36s/it, loss=1.3992, acc=0.6507]\n"}
,{"stream_name":"stderr","time":178.85682069,"data":"\rStage2 Epoch 1/1:  17%|█▋        | 28/164 [00:49\u003c03:04,  1.36s/it, loss=1.3992, acc=0.6507]\rStage2 Epoch 1/1:  17%|█▋        | 28/164 [00:50\u003c03:04,  1.36s/it, loss=1.3902, acc=0.6519]\n"}
,{"stream_name":"stderr","time":178.85824248,"data":"\rStage2 Epoch 1/1:  17%|█▋        | 28/164 [00:50\u003c03:04,  1.36s/it, loss=1.3902, acc=0.6519]\rStage2 Epoch 1/1:  18%|█▊        | 29/164 [00:50\u003c03:03,  1.36s/it, loss=1.3902, acc=0.6519]\n"}
,{"stream_name":"stderr","time":180.213386917,"data":"\rStage2 Epoch 1/1:  18%|█▊        | 29/164 [00:50\u003c03:03,  1.36s/it, loss=1.3902, acc=0.6519]\rStage2 Epoch 1/1:  18%|█▊        | 29/164 [00:52\u003c03:03,  1.36s/it, loss=1.4049, acc=0.6500]\n"}
,{"stream_name":"stderr","time":180.21429273,"data":"\rStage2 Epoch 1/1:  18%|█▊        | 29/164 [00:52\u003c03:03,  1.36s/it, loss=1.4049, acc=0.6500]\rStage2 Epoch 1/1:  18%|█▊        | 30/164 [00:52\u003c03:01,  1.36s/it, loss=1.4049, acc=0.6500]\n"}
,{"stream_name":"stderr","time":181.569656921,"data":"\rStage2 Epoch 1/1:  18%|█▊        | 30/164 [00:52\u003c03:01,  1.36s/it, loss=1.4049, acc=0.6500]\rStage2 Epoch 1/1:  18%|█▊        | 30/164 [00:53\u003c03:01,  1.36s/it, loss=1.3815, acc=0.6542]\n"}
,{"stream_name":"stderr","time":181.57057692,"data":"\rStage2 Epoch 1/1:  18%|█▊        | 30/164 [00:53\u003c03:01,  1.36s/it, loss=1.3815, acc=0.6542]\rStage2 Epoch 1/1:  19%|█▉        | 31/164 [00:53\u003c03:00,  1.36s/it, loss=1.3815, acc=0.6542]\n"}
,{"stream_name":"stderr","time":182.926931288,"data":"\rStage2 Epoch 1/1:  19%|█▉        | 31/164 [00:53\u003c03:00,  1.36s/it, loss=1.3815, acc=0.6542]\rStage2 Epoch 1/1:  19%|█▉        | 31/164 [00:54\u003c03:00,  1.36s/it, loss=1.3877, acc=0.6514]\n"}
,{"stream_name":"stderr","time":182.927883761,"data":"\rStage2 Epoch 1/1:  19%|█▉        | 31/164 [00:54\u003c03:00,  1.36s/it, loss=1.3877, acc=0.6514]\rStage2 Epoch 1/1:  20%|█▉        | 32/164 [00:54\u003c02:59,  1.36s/it, loss=1.3877, acc=0.6514]\n"}
,{"stream_name":"stderr","time":184.285898429,"data":"\rStage2 Epoch 1/1:  20%|█▉        | 32/164 [00:54\u003c02:59,  1.36s/it, loss=1.3877, acc=0.6514]\rStage2 Epoch 1/1:  20%|█▉        | 32/164 [00:56\u003c02:59,  1.36s/it, loss=1.3830, acc=0.6525]\n"}
,{"stream_name":"stderr","time":184.286882111,"data":"\rStage2 Epoch 1/1:  20%|█▉        | 32/164 [00:56\u003c02:59,  1.36s/it, loss=1.3830, acc=0.6525]\rStage2 Epoch 1/1:  20%|██        | 33/164 [00:56\u003c02:57,  1.36s/it, loss=1.3830, acc=0.6525]\n"}
,{"stream_name":"stderr","time":185.643161618,"data":"\rStage2 Epoch 1/1:  20%|██        | 33/164 [00:56\u003c02:57,  1.36s/it, loss=1.3830, acc=0.6525]\rStage2 Epoch 1/1:  20%|██        | 33/164 [00:57\u003c02:57,  1.36s/it, loss=1.3586, acc=0.6572]\n"}
,{"stream_name":"stderr","time":185.644278179,"data":"\rStage2 Epoch 1/1:  20%|██        | 33/164 [00:57\u003c02:57,  1.36s/it, loss=1.3586, acc=0.6572]\rStage2 Epoch 1/1:  21%|██        | 34/164 [00:57\u003c02:56,  1.36s/it, loss=1.3586, acc=0.6572]\n"}
,{"stream_name":"stderr","time":187.000720475,"data":"\rStage2 Epoch 1/1:  21%|██        | 34/164 [00:57\u003c02:56,  1.36s/it, loss=1.3586, acc=0.6572]\rStage2 Epoch 1/1:  21%|██        | 34/164 [00:59\u003c02:56,  1.36s/it, loss=1.3398, acc=0.6589]\n"}
,{"stream_name":"stderr","time":187.001768758,"data":"\rStage2 Epoch 1/1:  21%|██        | 34/164 [00:59\u003c02:56,  1.36s/it, loss=1.3398, acc=0.6589]\rStage2 Epoch 1/1:  21%|██▏       | 35/164 [00:59\u003c02:55,  1.36s/it, loss=1.3398, acc=0.6589]\n"}
,{"stream_name":"stderr","time":188.355655897,"data":"\rStage2 Epoch 1/1:  21%|██▏       | 35/164 [00:59\u003c02:55,  1.36s/it, loss=1.3398, acc=0.6589]\rStage2 Epoch 1/1:  21%|██▏       | 35/164 [01:00\u003c02:55,  1.36s/it, loss=1.3315, acc=0.6623]\n"}
,{"stream_name":"stderr","time":188.356755037,"data":"\rStage2 Epoch 1/1:  21%|██▏       | 35/164 [01:00\u003c02:55,  1.36s/it, loss=1.3315, acc=0.6623]\rStage2 Epoch 1/1:  22%|██▏       | 36/164 [01:00\u003c02:53,  1.36s/it, loss=1.3315, acc=0.6623]\n"}
,{"stream_name":"stderr","time":189.734610809,"data":"\rStage2 Epoch 1/1:  22%|██▏       | 36/164 [01:00\u003c02:53,  1.36s/it, loss=1.3315, acc=0.6623]\rStage2 Epoch 1/1:  22%|██▏       | 36/164 [01:01\u003c02:53,  1.36s/it, loss=1.3432, acc=0.6588]\n"}
,{"stream_name":"stderr","time":189.735950461,"data":"\rStage2 Epoch 1/1:  22%|██▏       | 36/164 [01:01\u003c02:53,  1.36s/it, loss=1.3432, acc=0.6588]\rStage2 Epoch 1/1:  23%|██▎       | 37/164 [01:01\u003c02:52,  1.36s/it, loss=1.3432, acc=0.6588]\n"}
,{"stream_name":"stderr","time":191.071293601,"data":"\rStage2 Epoch 1/1:  23%|██▎       | 37/164 [01:01\u003c02:52,  1.36s/it, loss=1.3432, acc=0.6588]\rStage2 Epoch 1/1:  23%|██▎       | 37/164 [01:03\u003c02:52,  1.36s/it, loss=1.3381, acc=0.6587]\n"}
,{"stream_name":"stderr","time":191.072439316,"data":"\rStage2 Epoch 1/1:  23%|██▎       | 37/164 [01:03\u003c02:52,  1.36s/it, loss=1.3381, acc=0.6587]\rStage2 Epoch 1/1:  23%|██▎       | 38/164 [01:03\u003c02:51,  1.36s/it, loss=1.3381, acc=0.6587]\n"}
,{"stream_name":"stderr","time":192.42600503,"data":"\rStage2 Epoch 1/1:  23%|██▎       | 38/164 [01:03\u003c02:51,  1.36s/it, loss=1.3381, acc=0.6587]\rStage2 Epoch 1/1:  23%|██▎       | 38/164 [01:04\u003c02:51,  1.36s/it, loss=1.3285, acc=0.6619]\n"}
,{"stream_name":"stderr","time":192.427033097,"data":"\rStage2 Epoch 1/1:  23%|██▎       | 38/164 [01:04\u003c02:51,  1.36s/it, loss=1.3285, acc=0.6619]\rStage2 Epoch 1/1:  24%|██▍       | 39/164 [01:04\u003c02:49,  1.36s/it, loss=1.3285, acc=0.6619]\n"}
,{"stream_name":"stderr","time":193.783760242,"data":"\rStage2 Epoch 1/1:  24%|██▍       | 39/164 [01:04\u003c02:49,  1.36s/it, loss=1.3285, acc=0.6619]\rStage2 Epoch 1/1:  24%|██▍       | 39/164 [01:05\u003c02:49,  1.36s/it, loss=1.3289, acc=0.6602]\n"}
,{"stream_name":"stderr","time":193.784948241,"data":"\rStage2 Epoch 1/1:  24%|██▍       | 39/164 [01:05\u003c02:49,  1.36s/it, loss=1.3289, acc=0.6602]\rStage2 Epoch 1/1:  24%|██▍       | 40/164 [01:05\u003c02:48,  1.36s/it, loss=1.3289, acc=0.6602]\n"}
,{"stream_name":"stderr","time":195.141201106,"data":"\rStage2 Epoch 1/1:  24%|██▍       | 40/164 [01:05\u003c02:48,  1.36s/it, loss=1.3289, acc=0.6602]\rStage2 Epoch 1/1:  24%|██▍       | 40/164 [01:07\u003c02:48,  1.36s/it, loss=1.3148, acc=0.6639]\n"}
,{"stream_name":"stderr","time":195.142053899,"data":"\rStage2 Epoch 1/1:  24%|██▍       | 40/164 [01:07\u003c02:48,  1.36s/it, loss=1.3148, acc=0.6639]\rStage2 Epoch 1/1:  25%|██▌       | 41/164 [01:07\u003c02:46,  1.36s/it, loss=1.3148, acc=0.6639]\n"}
,{"stream_name":"stderr","time":196.514625617,"data":"\rStage2 Epoch 1/1:  25%|██▌       | 41/164 [01:07\u003c02:46,  1.36s/it, loss=1.3148, acc=0.6639]\rStage2 Epoch 1/1:  25%|██▌       | 41/164 [01:08\u003c02:46,  1.36s/it, loss=1.3132, acc=0.6629]\n"}
,{"stream_name":"stderr","time":196.515605142,"data":"\rStage2 Epoch 1/1:  25%|██▌       | 41/164 [01:08\u003c02:46,  1.36s/it, loss=1.3132, acc=0.6629]\rStage2 Epoch 1/1:  26%|██▌       | 42/164 [01:08\u003c02:46,  1.36s/it, loss=1.3132, acc=0.6629]\n"}
,{"stream_name":"stderr","time":197.879426261,"data":"\rStage2 Epoch 1/1:  26%|██▌       | 42/164 [01:08\u003c02:46,  1.36s/it, loss=1.3132, acc=0.6629]\rStage2 Epoch 1/1:  26%|██▌       | 42/164 [01:09\u003c02:46,  1.36s/it, loss=1.3117, acc=0.6613]\n"}
,{"stream_name":"stderr","time":197.879585253,"data":"\rStage2 Epoch 1/1:  26%|██▌       | 42/164 [01:09\u003c02:46,  1.36s/it, loss=1.3117, acc=0.6613]\rStage2 Epoch 1/1:  26%|██▌       | 43/164 [01:09\u003c02:44,  1.36s/it, loss=1.3117, acc=0.6613]\n"}
,{"stream_name":"stderr","time":199.247451126,"data":"\rStage2 Epoch 1/1:  26%|██▌       | 43/164 [01:09\u003c02:44,  1.36s/it, loss=1.3117, acc=0.6613]\rStage2 Epoch 1/1:  26%|██▌       | 43/164 [01:11\u003c02:44,  1.36s/it, loss=1.3065, acc=0.6641]\n"}
,{"stream_name":"stderr","time":199.248521981,"data":"\rStage2 Epoch 1/1:  26%|██▌       | 43/164 [01:11\u003c02:44,  1.36s/it, loss=1.3065, acc=0.6641]\rStage2 Epoch 1/1:  27%|██▋       | 44/164 [01:11\u003c02:43,  1.36s/it, loss=1.3065, acc=0.6641]\n"}
,{"stream_name":"stderr","time":200.610344482,"data":"\rStage2 Epoch 1/1:  27%|██▋       | 44/164 [01:11\u003c02:43,  1.36s/it, loss=1.3065, acc=0.6641]\rStage2 Epoch 1/1:  27%|██▋       | 44/164 [01:12\u003c02:43,  1.36s/it, loss=1.3013, acc=0.6653]\n"}
,{"stream_name":"stderr","time":200.611366189,"data":"\rStage2 Epoch 1/1:  27%|██▋       | 44/164 [01:12\u003c02:43,  1.36s/it, loss=1.3013, acc=0.6653]\rStage2 Epoch 1/1:  27%|██▋       | 45/164 [01:12\u003c02:42,  1.36s/it, loss=1.3013, acc=0.6653]\n"}
,{"stream_name":"stderr","time":201.979849606,"data":"\rStage2 Epoch 1/1:  27%|██▋       | 45/164 [01:12\u003c02:42,  1.36s/it, loss=1.3013, acc=0.6653]\rStage2 Epoch 1/1:  27%|██▋       | 45/164 [01:13\u003c02:42,  1.36s/it, loss=1.3004, acc=0.6658]\n"}
,{"stream_name":"stderr","time":201.980676604,"data":"\rStage2 Epoch 1/1:  27%|██▋       | 45/164 [01:13\u003c02:42,  1.36s/it, loss=1.3004, acc=0.6658]\rStage2 Epoch 1/1:  28%|██▊       | 46/164 [01:13\u003c02:41,  1.37s/it, loss=1.3004, acc=0.6658]\n"}
,{"stream_name":"stderr","time":203.345723495,"data":"\rStage2 Epoch 1/1:  28%|██▊       | 46/164 [01:13\u003c02:41,  1.37s/it, loss=1.3004, acc=0.6658]\rStage2 Epoch 1/1:  28%|██▊       | 46/164 [01:15\u003c02:41,  1.37s/it, loss=1.2943, acc=0.6676]\n"}
,{"stream_name":"stderr","time":203.346677304,"data":"\rStage2 Epoch 1/1:  28%|██▊       | 46/164 [01:15\u003c02:41,  1.37s/it, loss=1.2943, acc=0.6676]\rStage2 Epoch 1/1:  29%|██▊       | 47/164 [01:15\u003c02:39,  1.37s/it, loss=1.2943, acc=0.6676]\n"}
,{"stream_name":"stderr","time":204.718347822,"data":"\rStage2 Epoch 1/1:  29%|██▊       | 47/164 [01:15\u003c02:39,  1.37s/it, loss=1.2943, acc=0.6676]\rStage2 Epoch 1/1:  29%|██▊       | 47/164 [01:16\u003c02:39,  1.37s/it, loss=1.2903, acc=0.6680]\n"}
,{"stream_name":"stderr","time":204.719248451,"data":"\rStage2 Epoch 1/1:  29%|██▊       | 47/164 [01:16\u003c02:39,  1.37s/it, loss=1.2903, acc=0.6680]\rStage2 Epoch 1/1:  29%|██▉       | 48/164 [01:16\u003c02:38,  1.37s/it, loss=1.2903, acc=0.6680]\n"}
,{"stream_name":"stderr","time":206.086777202,"data":"\rStage2 Epoch 1/1:  29%|██▉       | 48/164 [01:16\u003c02:38,  1.37s/it, loss=1.2903, acc=0.6680]\rStage2 Epoch 1/1:  29%|██▉       | 48/164 [01:18\u003c02:38,  1.37s/it, loss=1.2832, acc=0.6696]\n"}
,{"stream_name":"stderr","time":206.087851346,"data":"\rStage2 Epoch 1/1:  29%|██▉       | 48/164 [01:18\u003c02:38,  1.37s/it, loss=1.2832, acc=0.6696]\rStage2 Epoch 1/1:  30%|██▉       | 49/164 [01:18\u003c02:37,  1.37s/it, loss=1.2832, acc=0.6696]\n"}
,{"stream_name":"stderr","time":207.451798743,"data":"\rStage2 Epoch 1/1:  30%|██▉       | 49/164 [01:18\u003c02:37,  1.37s/it, loss=1.2832, acc=0.6696]\rStage2 Epoch 1/1:  30%|██▉       | 49/164 [01:19\u003c02:37,  1.37s/it, loss=1.2928, acc=0.6687]\n"}
,{"stream_name":"stderr","time":207.452840904,"data":"\rStage2 Epoch 1/1:  30%|██▉       | 49/164 [01:19\u003c02:37,  1.37s/it, loss=1.2928, acc=0.6687]\rStage2 Epoch 1/1:  30%|███       | 50/164 [01:19\u003c02:35,  1.37s/it, loss=1.2928, acc=0.6687]\n"}
,{"stream_name":"stderr","time":208.827904177,"data":"\rStage2 Epoch 1/1:  30%|███       | 50/164 [01:19\u003c02:35,  1.37s/it, loss=1.2928, acc=0.6687]\rStage2 Epoch 1/1:  30%|███       | 50/164 [01:20\u003c02:35,  1.37s/it, loss=1.2787, acc=0.6703]\n"}
,{"stream_name":"stderr","time":208.828808351,"data":"\rStage2 Epoch 1/1:  30%|███       | 50/164 [01:20\u003c02:35,  1.37s/it, loss=1.2787, acc=0.6703]\rStage2 Epoch 1/1:  31%|███       | 51/164 [01:20\u003c02:34,  1.37s/it, loss=1.2787, acc=0.6703]\n"}
,{"stream_name":"stderr","time":210.197378082,"data":"\rStage2 Epoch 1/1:  31%|███       | 51/164 [01:20\u003c02:34,  1.37s/it, loss=1.2787, acc=0.6703]\rStage2 Epoch 1/1:  31%|███       | 51/164 [01:22\u003c02:34,  1.37s/it, loss=1.2717, acc=0.6707]\n"}
,{"stream_name":"stderr","time":210.198263805,"data":"\rStage2 Epoch 1/1:  31%|███       | 51/164 [01:22\u003c02:34,  1.37s/it, loss=1.2717, acc=0.6707]\rStage2 Epoch 1/1:  32%|███▏      | 52/164 [01:22\u003c02:33,  1.37s/it, loss=1.2717, acc=0.6707]\n"}
,{"stream_name":"stderr","time":211.56896908,"data":"\rStage2 Epoch 1/1:  32%|███▏      | 52/164 [01:22\u003c02:33,  1.37s/it, loss=1.2717, acc=0.6707]\rStage2 Epoch 1/1:  32%|███▏      | 52/164 [01:23\u003c02:33,  1.37s/it, loss=1.2608, acc=0.6745]\n"}
,{"stream_name":"stderr","time":211.570126656,"data":"\rStage2 Epoch 1/1:  32%|███▏      | 52/164 [01:23\u003c02:33,  1.37s/it, loss=1.2608, acc=0.6745]\rStage2 Epoch 1/1:  32%|███▏      | 53/164 [01:23\u003c02:32,  1.37s/it, loss=1.2608, acc=0.6745]\n"}
,{"stream_name":"stderr","time":212.94177575,"data":"\rStage2 Epoch 1/1:  32%|███▏      | 53/164 [01:23\u003c02:32,  1.37s/it, loss=1.2608, acc=0.6745]\rStage2 Epoch 1/1:  32%|███▏      | 53/164 [01:24\u003c02:32,  1.37s/it, loss=1.2518, acc=0.6753]\n"}
,{"stream_name":"stderr","time":212.942831638,"data":"\rStage2 Epoch 1/1:  32%|███▏      | 53/164 [01:24\u003c02:32,  1.37s/it, loss=1.2518, acc=0.6753]\rStage2 Epoch 1/1:  33%|███▎      | 54/164 [01:24\u003c02:30,  1.37s/it, loss=1.2518, acc=0.6753]\n"}
,{"stream_name":"stderr","time":214.316815096,"data":"\rStage2 Epoch 1/1:  33%|███▎      | 54/164 [01:24\u003c02:30,  1.37s/it, loss=1.2518, acc=0.6753]\rStage2 Epoch 1/1:  33%|███▎      | 54/164 [01:26\u003c02:30,  1.37s/it, loss=1.2421, acc=0.6790]\n"}
,{"stream_name":"stderr","time":214.317964944,"data":"\rStage2 Epoch 1/1:  33%|███▎      | 54/164 [01:26\u003c02:30,  1.37s/it, loss=1.2421, acc=0.6790]\rStage2 Epoch 1/1:  34%|███▎      | 55/164 [01:26\u003c02:29,  1.37s/it, loss=1.2421, acc=0.6790]\n"}
,{"stream_name":"stderr","time":215.694341838,"data":"\rStage2 Epoch 1/1:  34%|███▎      | 55/164 [01:26\u003c02:29,  1.37s/it, loss=1.2421, acc=0.6790]\rStage2 Epoch 1/1:  34%|███▎      | 55/164 [01:27\u003c02:29,  1.37s/it, loss=1.2421, acc=0.6791]\n"}
,{"stream_name":"stderr","time":215.695144145,"data":"\rStage2 Epoch 1/1:  34%|███▎      | 55/164 [01:27\u003c02:29,  1.37s/it, loss=1.2421, acc=0.6791]\rStage2 Epoch 1/1:  34%|███▍      | 56/164 [01:27\u003c02:28,  1.37s/it, loss=1.2421, acc=0.6791]\n"}
,{"stream_name":"stderr","time":217.071713215,"data":"\rStage2 Epoch 1/1:  34%|███▍      | 56/164 [01:27\u003c02:28,  1.37s/it, loss=1.2421, acc=0.6791]\rStage2 Epoch 1/1:  34%|███▍      | 56/164 [01:29\u003c02:28,  1.37s/it, loss=1.2337, acc=0.6804]\n"}
,{"stream_name":"stderr","time":217.072763347,"data":"\rStage2 Epoch 1/1:  34%|███▍      | 56/164 [01:29\u003c02:28,  1.37s/it, loss=1.2337, acc=0.6804]\rStage2 Epoch 1/1:  35%|███▍      | 57/164 [01:29\u003c02:27,  1.37s/it, loss=1.2337, acc=0.6804]\n"}
,{"stream_name":"stderr","time":218.445737529,"data":"\rStage2 Epoch 1/1:  35%|███▍      | 57/164 [01:29\u003c02:27,  1.37s/it, loss=1.2337, acc=0.6804]\rStage2 Epoch 1/1:  35%|███▍      | 57/164 [01:30\u003c02:27,  1.37s/it, loss=1.2277, acc=0.6816]\n"}
,{"stream_name":"stderr","time":218.446847049,"data":"\rStage2 Epoch 1/1:  35%|███▍      | 57/164 [01:30\u003c02:27,  1.37s/it, loss=1.2277, acc=0.6816]\rStage2 Epoch 1/1:  35%|███▌      | 58/164 [01:30\u003c02:25,  1.37s/it, loss=1.2277, acc=0.6816]\n"}
,{"stream_name":"stderr","time":219.862865016,"data":"\rStage2 Epoch 1/1:  35%|███▌      | 58/164 [01:30\u003c02:25,  1.37s/it, loss=1.2277, acc=0.6816]\rStage2 Epoch 1/1:  35%|███▌      | 58/164 [01:31\u003c02:25,  1.37s/it, loss=1.2225, acc=0.6817]\n"}
,{"stream_name":"stderr","time":219.864025457,"data":"\rStage2 Epoch 1/1:  35%|███▌      | 58/164 [01:31\u003c02:25,  1.37s/it, loss=1.2225, acc=0.6817]\rStage2 Epoch 1/1:  36%|███▌      | 59/164 [01:31\u003c02:24,  1.38s/it, loss=1.2225, acc=0.6817]\n"}
,{"stream_name":"stderr","time":221.200993173,"data":"\rStage2 Epoch 1/1:  36%|███▌      | 59/164 [01:31\u003c02:24,  1.38s/it, loss=1.2225, acc=0.6817]\rStage2 Epoch 1/1:  36%|███▌      | 59/164 [01:33\u003c02:24,  1.38s/it, loss=1.2236, acc=0.6818]\n"}
,{"stream_name":"stderr","time":221.202021444,"data":"\rStage2 Epoch 1/1:  36%|███▌      | 59/164 [01:33\u003c02:24,  1.38s/it, loss=1.2236, acc=0.6818]\rStage2 Epoch 1/1:  37%|███▋      | 60/164 [01:33\u003c02:23,  1.38s/it, loss=1.2236, acc=0.6818]\n"}
,{"stream_name":"stderr","time":222.573638969,"data":"\rStage2 Epoch 1/1:  37%|███▋      | 60/164 [01:33\u003c02:23,  1.38s/it, loss=1.2236, acc=0.6818]\rStage2 Epoch 1/1:  37%|███▋      | 60/164 [01:34\u003c02:23,  1.38s/it, loss=1.2199, acc=0.6829]\n"}
,{"stream_name":"stderr","time":222.574656586,"data":"\rStage2 Epoch 1/1:  37%|███▋      | 60/164 [01:34\u003c02:23,  1.38s/it, loss=1.2199, acc=0.6829]\rStage2 Epoch 1/1:  37%|███▋      | 61/164 [01:34\u003c02:21,  1.38s/it, loss=1.2199, acc=0.6829]\n"}
,{"stream_name":"stderr","time":223.950597931,"data":"\rStage2 Epoch 1/1:  37%|███▋      | 61/164 [01:34\u003c02:21,  1.38s/it, loss=1.2199, acc=0.6829]\rStage2 Epoch 1/1:  37%|███▋      | 61/164 [01:35\u003c02:21,  1.38s/it, loss=1.2080, acc=0.6860]\n"}
,{"stream_name":"stderr","time":223.951506035,"data":"\rStage2 Epoch 1/1:  37%|███▋      | 61/164 [01:35\u003c02:21,  1.38s/it, loss=1.2080, acc=0.6860]\rStage2 Epoch 1/1:  38%|███▊      | 62/164 [01:35\u003c02:20,  1.38s/it, loss=1.2080, acc=0.6860]\n"}
,{"stream_name":"stderr","time":225.32364077,"data":"\rStage2 Epoch 1/1:  38%|███▊      | 62/164 [01:35\u003c02:20,  1.38s/it, loss=1.2080, acc=0.6860]\rStage2 Epoch 1/1:  38%|███▊      | 62/164 [01:37\u003c02:20,  1.38s/it, loss=1.2017, acc=0.6880]\n"}
,{"stream_name":"stderr","time":225.324582378,"data":"\rStage2 Epoch 1/1:  38%|███▊      | 62/164 [01:37\u003c02:20,  1.38s/it, loss=1.2017, acc=0.6880]\rStage2 Epoch 1/1:  38%|███▊      | 63/164 [01:37\u003c02:18,  1.37s/it, loss=1.2017, acc=0.6880]\n"}
,{"stream_name":"stderr","time":226.694892181,"data":"\rStage2 Epoch 1/1:  38%|███▊      | 63/164 [01:37\u003c02:18,  1.37s/it, loss=1.2017, acc=0.6880]\rStage2 Epoch 1/1:  38%|███▊      | 63/164 [01:38\u003c02:18,  1.37s/it, loss=1.2024, acc=0.6899]\n"}
,{"stream_name":"stderr","time":226.695753335,"data":"\rStage2 Epoch 1/1:  38%|███▊      | 63/164 [01:38\u003c02:18,  1.37s/it, loss=1.2024, acc=0.6899]\rStage2 Epoch 1/1:  39%|███▉      | 64/164 [01:38\u003c02:17,  1.37s/it, loss=1.2024, acc=0.6899]\n"}
,{"stream_name":"stderr","time":228.068992373,"data":"\rStage2 Epoch 1/1:  39%|███▉      | 64/164 [01:38\u003c02:17,  1.37s/it, loss=1.2024, acc=0.6899]\rStage2 Epoch 1/1:  39%|███▉      | 64/164 [01:40\u003c02:17,  1.37s/it, loss=1.1936, acc=0.6923]\n"}
,{"stream_name":"stderr","time":228.069934793,"data":"\rStage2 Epoch 1/1:  39%|███▉      | 64/164 [01:40\u003c02:17,  1.37s/it, loss=1.1936, acc=0.6923]\rStage2 Epoch 1/1:  40%|███▉      | 65/164 [01:40\u003c02:16,  1.37s/it, loss=1.1936, acc=0.6923]\n"}
,{"stream_name":"stderr","time":229.441783559,"data":"\rStage2 Epoch 1/1:  40%|███▉      | 65/164 [01:40\u003c02:16,  1.37s/it, loss=1.1936, acc=0.6923]\rStage2 Epoch 1/1:  40%|███▉      | 65/164 [01:41\u003c02:16,  1.37s/it, loss=1.1872, acc=0.6941]\n"}
,{"stream_name":"stderr","time":229.442810068,"data":"\rStage2 Epoch 1/1:  40%|███▉      | 65/164 [01:41\u003c02:16,  1.37s/it, loss=1.1872, acc=0.6941]\rStage2 Epoch 1/1:  40%|████      | 66/164 [01:41\u003c02:14,  1.37s/it, loss=1.1872, acc=0.6941]\n"}
,{"stream_name":"stderr","time":230.814935425,"data":"\rStage2 Epoch 1/1:  40%|████      | 66/164 [01:41\u003c02:14,  1.37s/it, loss=1.1872, acc=0.6941]\rStage2 Epoch 1/1:  40%|████      | 66/164 [01:42\u003c02:14,  1.37s/it, loss=1.1839, acc=0.6959]\n"}
,{"stream_name":"stderr","time":230.815947159,"data":"\rStage2 Epoch 1/1:  40%|████      | 66/164 [01:42\u003c02:14,  1.37s/it, loss=1.1839, acc=0.6959]\rStage2 Epoch 1/1:  41%|████      | 67/164 [01:42\u003c02:13,  1.37s/it, loss=1.1839, acc=0.6959]\n"}
,{"stream_name":"stderr","time":232.191774714,"data":"\rStage2 Epoch 1/1:  41%|████      | 67/164 [01:42\u003c02:13,  1.37s/it, loss=1.1839, acc=0.6959]\rStage2 Epoch 1/1:  41%|████      | 67/164 [01:44\u003c02:13,  1.37s/it, loss=1.1801, acc=0.6972]\n"}
,{"stream_name":"stderr","time":232.192805086,"data":"\rStage2 Epoch 1/1:  41%|████      | 67/164 [01:44\u003c02:13,  1.37s/it, loss=1.1801, acc=0.6972]\rStage2 Epoch 1/1:  41%|████▏     | 68/164 [01:44\u003c02:11,  1.37s/it, loss=1.1801, acc=0.6972]\n"}
,{"stream_name":"stderr","time":233.567566399,"data":"\rStage2 Epoch 1/1:  41%|████▏     | 68/164 [01:44\u003c02:11,  1.37s/it, loss=1.1801, acc=0.6972]\rStage2 Epoch 1/1:  41%|████▏     | 68/164 [01:45\u003c02:11,  1.37s/it, loss=1.1810, acc=0.6970]\n"}
,{"stream_name":"stderr","time":233.568493065,"data":"\rStage2 Epoch 1/1:  41%|████▏     | 68/164 [01:45\u003c02:11,  1.37s/it, loss=1.1810, acc=0.6970]\rStage2 Epoch 1/1:  42%|████▏     | 69/164 [01:45\u003c02:10,  1.37s/it, loss=1.1810, acc=0.6970]\n"}
,{"stream_name":"stderr","time":234.939264865,"data":"\rStage2 Epoch 1/1:  42%|████▏     | 69/164 [01:45\u003c02:10,  1.37s/it, loss=1.1810, acc=0.6970]\rStage2 Epoch 1/1:  42%|████▏     | 69/164 [01:46\u003c02:10,  1.37s/it, loss=1.1751, acc=0.6991]\n"}
,{"stream_name":"stderr","time":234.940390905,"data":"\rStage2 Epoch 1/1:  42%|████▏     | 69/164 [01:46\u003c02:10,  1.37s/it, loss=1.1751, acc=0.6991]\rStage2 Epoch 1/1:  43%|████▎     | 70/164 [01:46\u003c02:09,  1.37s/it, loss=1.1751, acc=0.6991]\n"}
,{"stream_name":"stderr","time":236.307147866,"data":"\rStage2 Epoch 1/1:  43%|████▎     | 70/164 [01:46\u003c02:09,  1.37s/it, loss=1.1751, acc=0.6991]\rStage2 Epoch 1/1:  43%|████▎     | 70/164 [01:48\u003c02:09,  1.37s/it, loss=1.1717, acc=0.6989]\n"}
,{"stream_name":"stderr","time":236.308365515,"data":"\rStage2 Epoch 1/1:  43%|████▎     | 70/164 [01:48\u003c02:09,  1.37s/it, loss=1.1717, acc=0.6989]\rStage2 Epoch 1/1:  43%|████▎     | 71/164 [01:48\u003c02:07,  1.37s/it, loss=1.1717, acc=0.6989]\n"}
,{"stream_name":"stderr","time":237.680111559,"data":"\rStage2 Epoch 1/1:  43%|████▎     | 71/164 [01:48\u003c02:07,  1.37s/it, loss=1.1717, acc=0.6989]\rStage2 Epoch 1/1:  43%|████▎     | 71/164 [01:49\u003c02:07,  1.37s/it, loss=1.1763, acc=0.6984]\n"}
,{"stream_name":"stderr","time":237.680993084,"data":"\rStage2 Epoch 1/1:  43%|████▎     | 71/164 [01:49\u003c02:07,  1.37s/it, loss=1.1763, acc=0.6984]\rStage2 Epoch 1/1:  44%|████▍     | 72/164 [01:49\u003c02:06,  1.37s/it, loss=1.1763, acc=0.6984]\n"}
,{"stream_name":"stderr","time":239.058581315,"data":"\rStage2 Epoch 1/1:  44%|████▍     | 72/164 [01:49\u003c02:06,  1.37s/it, loss=1.1763, acc=0.6984]\rStage2 Epoch 1/1:  44%|████▍     | 72/164 [01:51\u003c02:06,  1.37s/it, loss=1.1725, acc=0.6995]\n"}
,{"stream_name":"stderr","time":239.059958018,"data":"\rStage2 Epoch 1/1:  44%|████▍     | 72/164 [01:51\u003c02:06,  1.37s/it, loss=1.1725, acc=0.6995]\rStage2 Epoch 1/1:  45%|████▍     | 73/164 [01:51\u003c02:05,  1.37s/it, loss=1.1725, acc=0.6995]\n"}
,{"stream_name":"stderr","time":240.43387718,"data":"\rStage2 Epoch 1/1:  45%|████▍     | 73/164 [01:51\u003c02:05,  1.37s/it, loss=1.1725, acc=0.6995]\rStage2 Epoch 1/1:  45%|████▍     | 73/164 [01:52\u003c02:05,  1.37s/it, loss=1.1665, acc=0.7019]\n"}
,{"stream_name":"stderr","time":240.434945494,"data":"\rStage2 Epoch 1/1:  45%|████▍     | 73/164 [01:52\u003c02:05,  1.37s/it, loss=1.1665, acc=0.7019]\rStage2 Epoch 1/1:  45%|████▌     | 74/164 [01:52\u003c02:03,  1.37s/it, loss=1.1665, acc=0.7019]\n"}
,{"stream_name":"stderr","time":241.80384153400001,"data":"\rStage2 Epoch 1/1:  45%|████▌     | 74/164 [01:52\u003c02:03,  1.37s/it, loss=1.1665, acc=0.7019]\rStage2 Epoch 1/1:  45%|████▌     | 74/164 [01:53\u003c02:03,  1.37s/it, loss=1.1631, acc=0.7021]\n"}
,{"stream_name":"stderr","time":241.805436685,"data":"\rStage2 Epoch 1/1:  45%|████▌     | 74/164 [01:53\u003c02:03,  1.37s/it, loss=1.1631, acc=0.7021]\rStage2 Epoch 1/1:  46%|████▌     | 75/164 [01:53\u003c02:02,  1.37s/it, loss=1.1631, acc=0.7021]\n"}
,{"stream_name":"stderr","time":243.171027065,"data":"\rStage2 Epoch 1/1:  46%|████▌     | 75/164 [01:53\u003c02:02,  1.37s/it, loss=1.1631, acc=0.7021]\rStage2 Epoch 1/1:  46%|████▌     | 75/164 [01:55\u003c02:02,  1.37s/it, loss=1.1640, acc=0.7019]\n"}
,{"stream_name":"stderr","time":243.172170679,"data":"\rStage2 Epoch 1/1:  46%|████▌     | 75/164 [01:55\u003c02:02,  1.37s/it, loss=1.1640, acc=0.7019]\rStage2 Epoch 1/1:  46%|████▋     | 76/164 [01:55\u003c02:00,  1.37s/it, loss=1.1640, acc=0.7019]\n"}
,{"stream_name":"stderr","time":244.53857047,"data":"\rStage2 Epoch 1/1:  46%|████▋     | 76/164 [01:55\u003c02:00,  1.37s/it, loss=1.1640, acc=0.7019]\rStage2 Epoch 1/1:  46%|████▋     | 76/164 [01:56\u003c02:00,  1.37s/it, loss=1.1562, acc=0.7033]\n"}
,{"stream_name":"stderr","time":244.539670511,"data":"\rStage2 Epoch 1/1:  46%|████▋     | 76/164 [01:56\u003c02:00,  1.37s/it, loss=1.1562, acc=0.7033]\rStage2 Epoch 1/1:  47%|████▋     | 77/164 [01:56\u003c01:59,  1.37s/it, loss=1.1562, acc=0.7033]\n"}
,{"stream_name":"stderr","time":245.911496829,"data":"\rStage2 Epoch 1/1:  47%|████▋     | 77/164 [01:56\u003c01:59,  1.37s/it, loss=1.1562, acc=0.7033]\rStage2 Epoch 1/1:  47%|████▋     | 77/164 [01:57\u003c01:59,  1.37s/it, loss=1.1498, acc=0.7043]\n"}
,{"stream_name":"stderr","time":245.912532074,"data":"\rStage2 Epoch 1/1:  47%|████▋     | 77/164 [01:57\u003c01:59,  1.37s/it, loss=1.1498, acc=0.7043]\rStage2 Epoch 1/1:  48%|████▊     | 78/164 [01:57\u003c01:57,  1.37s/it, loss=1.1498, acc=0.7043]\n"}
,{"stream_name":"stderr","time":247.28013754,"data":"\rStage2 Epoch 1/1:  48%|████▊     | 78/164 [01:57\u003c01:57,  1.37s/it, loss=1.1498, acc=0.7043]\rStage2 Epoch 1/1:  48%|████▊     | 78/164 [01:59\u003c01:57,  1.37s/it, loss=1.1423, acc=0.7057]\n"}
,{"stream_name":"stderr","time":247.281226904,"data":"\rStage2 Epoch 1/1:  48%|████▊     | 78/164 [01:59\u003c01:57,  1.37s/it, loss=1.1423, acc=0.7057]\rStage2 Epoch 1/1:  48%|████▊     | 79/164 [01:59\u003c01:56,  1.37s/it, loss=1.1423, acc=0.7057]\n"}
,{"stream_name":"stderr","time":248.647991118,"data":"\rStage2 Epoch 1/1:  48%|████▊     | 79/164 [01:59\u003c01:56,  1.37s/it, loss=1.1423, acc=0.7057]\rStage2 Epoch 1/1:  48%|████▊     | 79/164 [02:00\u003c01:56,  1.37s/it, loss=1.1410, acc=0.7066]\n"}
,{"stream_name":"stderr","time":248.649098821,"data":"\rStage2 Epoch 1/1:  48%|████▊     | 79/164 [02:00\u003c01:56,  1.37s/it, loss=1.1410, acc=0.7066]\rStage2 Epoch 1/1:  49%|████▉     | 80/164 [02:00\u003c01:55,  1.37s/it, loss=1.1410, acc=0.7066]\n"}
,{"stream_name":"stderr","time":250.059983196,"data":"\rStage2 Epoch 1/1:  49%|████▉     | 80/164 [02:00\u003c01:55,  1.37s/it, loss=1.1410, acc=0.7066]\rStage2 Epoch 1/1:  49%|████▉     | 80/164 [02:02\u003c01:55,  1.37s/it, loss=1.1380, acc=0.7064]\n"}
,{"stream_name":"stderr","time":250.061183552,"data":"\rStage2 Epoch 1/1:  49%|████▉     | 80/164 [02:02\u003c01:55,  1.37s/it, loss=1.1380, acc=0.7064]\rStage2 Epoch 1/1:  49%|████▉     | 81/164 [02:02\u003c01:53,  1.37s/it, loss=1.1380, acc=0.7064]\n"}
,{"stream_name":"stderr","time":251.388190682,"data":"\rStage2 Epoch 1/1:  49%|████▉     | 81/164 [02:02\u003c01:53,  1.37s/it, loss=1.1380, acc=0.7064]\rStage2 Epoch 1/1:  49%|████▉     | 81/164 [02:03\u003c01:53,  1.37s/it, loss=1.1317, acc=0.7081]\n"}
,{"stream_name":"stderr","time":251.389225969,"data":"\rStage2 Epoch 1/1:  49%|████▉     | 81/164 [02:03\u003c01:53,  1.37s/it, loss=1.1317, acc=0.7081]\rStage2 Epoch 1/1:  50%|█████     | 82/164 [02:03\u003c01:52,  1.37s/it, loss=1.1317, acc=0.7081]\n"}
,{"stream_name":"stderr","time":252.756306985,"data":"\rStage2 Epoch 1/1:  50%|█████     | 82/164 [02:03\u003c01:52,  1.37s/it, loss=1.1317, acc=0.7081]\rStage2 Epoch 1/1:  50%|█████     | 82/164 [02:04\u003c01:52,  1.37s/it, loss=1.1295, acc=0.7082]\n"}
,{"stream_name":"stderr","time":252.757230821,"data":"\rStage2 Epoch 1/1:  50%|█████     | 82/164 [02:04\u003c01:52,  1.37s/it, loss=1.1295, acc=0.7082]\rStage2 Epoch 1/1:  51%|█████     | 83/164 [02:04\u003c01:50,  1.37s/it, loss=1.1295, acc=0.7082]\n"}
,{"stream_name":"stderr","time":254.135166761,"data":"\rStage2 Epoch 1/1:  51%|█████     | 83/164 [02:04\u003c01:50,  1.37s/it, loss=1.1295, acc=0.7082]\rStage2 Epoch 1/1:  51%|█████     | 83/164 [02:06\u003c01:50,  1.37s/it, loss=1.1270, acc=0.7087]\n"}
,{"stream_name":"stderr","time":254.136077099,"data":"\rStage2 Epoch 1/1:  51%|█████     | 83/164 [02:06\u003c01:50,  1.37s/it, loss=1.1270, acc=0.7087]\rStage2 Epoch 1/1:  51%|█████     | 84/164 [02:06\u003c01:49,  1.37s/it, loss=1.1270, acc=0.7087]\n"}
,{"stream_name":"stderr","time":255.508741817,"data":"\rStage2 Epoch 1/1:  51%|█████     | 84/164 [02:06\u003c01:49,  1.37s/it, loss=1.1270, acc=0.7087]\rStage2 Epoch 1/1:  51%|█████     | 84/164 [02:07\u003c01:49,  1.37s/it, loss=1.1214, acc=0.7092]\n"}
,{"stream_name":"stderr","time":255.509656253,"data":"\rStage2 Epoch 1/1:  51%|█████     | 84/164 [02:07\u003c01:49,  1.37s/it, loss=1.1214, acc=0.7092]\rStage2 Epoch 1/1:  52%|█████▏    | 85/164 [02:07\u003c01:48,  1.37s/it, loss=1.1214, acc=0.7092]\n"}
,{"stream_name":"stderr","time":256.884480219,"data":"\rStage2 Epoch 1/1:  52%|█████▏    | 85/164 [02:07\u003c01:48,  1.37s/it, loss=1.1214, acc=0.7092]\rStage2 Epoch 1/1:  52%|█████▏    | 85/164 [02:08\u003c01:48,  1.37s/it, loss=1.1178, acc=0.7100]\n"}
,{"stream_name":"stderr","time":256.885552551,"data":"\rStage2 Epoch 1/1:  52%|█████▏    | 85/164 [02:08\u003c01:48,  1.37s/it, loss=1.1178, acc=0.7100]\rStage2 Epoch 1/1:  52%|█████▏    | 86/164 [02:08\u003c01:47,  1.37s/it, loss=1.1178, acc=0.7100]\n"}
,{"stream_name":"stderr","time":258.249043731,"data":"\rStage2 Epoch 1/1:  52%|█████▏    | 86/164 [02:08\u003c01:47,  1.37s/it, loss=1.1178, acc=0.7100]\rStage2 Epoch 1/1:  52%|█████▏    | 86/164 [02:10\u003c01:47,  1.37s/it, loss=1.1190, acc=0.7094]\n"}
,{"stream_name":"stderr","time":258.249926012,"data":"\rStage2 Epoch 1/1:  52%|█████▏    | 86/164 [02:10\u003c01:47,  1.37s/it, loss=1.1190, acc=0.7094]\rStage2 Epoch 1/1:  53%|█████▎    | 87/164 [02:10\u003c01:45,  1.37s/it, loss=1.1190, acc=0.7094]\n"}
,{"stream_name":"stderr","time":259.62104598,"data":"\rStage2 Epoch 1/1:  53%|█████▎    | 87/164 [02:10\u003c01:45,  1.37s/it, loss=1.1190, acc=0.7094]\rStage2 Epoch 1/1:  53%|█████▎    | 87/164 [02:11\u003c01:45,  1.37s/it, loss=1.1149, acc=0.7099]\n"}
,{"stream_name":"stderr","time":259.622239771,"data":"\rStage2 Epoch 1/1:  53%|█████▎    | 87/164 [02:11\u003c01:45,  1.37s/it, loss=1.1149, acc=0.7099]\rStage2 Epoch 1/1:  54%|█████▎    | 88/164 [02:11\u003c01:44,  1.37s/it, loss=1.1149, acc=0.7099]\n"}
,{"stream_name":"stderr","time":260.989905768,"data":"\rStage2 Epoch 1/1:  54%|█████▎    | 88/164 [02:11\u003c01:44,  1.37s/it, loss=1.1149, acc=0.7099]\rStage2 Epoch 1/1:  54%|█████▎    | 88/164 [02:13\u003c01:44,  1.37s/it, loss=1.1068, acc=0.7121]\n"}
,{"stream_name":"stderr","time":260.990993214,"data":"\rStage2 Epoch 1/1:  54%|█████▎    | 88/164 [02:13\u003c01:44,  1.37s/it, loss=1.1068, acc=0.7121]\rStage2 Epoch 1/1:  54%|█████▍    | 89/164 [02:13\u003c01:42,  1.37s/it, loss=1.1068, acc=0.7121]\n"}
,{"stream_name":"stderr","time":262.359612624,"data":"\rStage2 Epoch 1/1:  54%|█████▍    | 89/164 [02:13\u003c01:42,  1.37s/it, loss=1.1068, acc=0.7121]\rStage2 Epoch 1/1:  54%|█████▍    | 89/164 [02:14\u003c01:42,  1.37s/it, loss=1.1037, acc=0.7128]\n"}
,{"stream_name":"stderr","time":262.360795352,"data":"\rStage2 Epoch 1/1:  54%|█████▍    | 89/164 [02:14\u003c01:42,  1.37s/it, loss=1.1037, acc=0.7128]\rStage2 Epoch 1/1:  55%|█████▍    | 90/164 [02:14\u003c01:41,  1.37s/it, loss=1.1037, acc=0.7128]\n"}
,{"stream_name":"stderr","time":263.730336697,"data":"\rStage2 Epoch 1/1:  55%|█████▍    | 90/164 [02:14\u003c01:41,  1.37s/it, loss=1.1037, acc=0.7128]\rStage2 Epoch 1/1:  55%|█████▍    | 90/164 [02:15\u003c01:41,  1.37s/it, loss=1.0996, acc=0.7129]\n"}
,{"stream_name":"stderr","time":263.731421042,"data":"\rStage2 Epoch 1/1:  55%|█████▍    | 90/164 [02:15\u003c01:41,  1.37s/it, loss=1.0996, acc=0.7129]\rStage2 Epoch 1/1:  55%|█████▌    | 91/164 [02:15\u003c01:40,  1.37s/it, loss=1.0996, acc=0.7129]\n"}
,{"stream_name":"stderr","time":265.088717245,"data":"\rStage2 Epoch 1/1:  55%|█████▌    | 91/164 [02:15\u003c01:40,  1.37s/it, loss=1.0996, acc=0.7129]\rStage2 Epoch 1/1:  55%|█████▌    | 91/164 [02:17\u003c01:40,  1.37s/it, loss=1.0961, acc=0.7137]\n"}
,{"stream_name":"stderr","time":265.089619684,"data":"\rStage2 Epoch 1/1:  55%|█████▌    | 91/164 [02:17\u003c01:40,  1.37s/it, loss=1.0961, acc=0.7137]\rStage2 Epoch 1/1:  56%|█████▌    | 92/164 [02:17\u003c01:38,  1.37s/it, loss=1.0961, acc=0.7137]\n"}
,{"stream_name":"stderr","time":266.460138369,"data":"\rStage2 Epoch 1/1:  56%|█████▌    | 92/164 [02:17\u003c01:38,  1.37s/it, loss=1.0961, acc=0.7137]\rStage2 Epoch 1/1:  56%|█████▌    | 92/164 [02:18\u003c01:38,  1.37s/it, loss=1.0936, acc=0.7151]\n"}
,{"stream_name":"stderr","time":266.460999491,"data":"\rStage2 Epoch 1/1:  56%|█████▌    | 92/164 [02:18\u003c01:38,  1.37s/it, loss=1.0936, acc=0.7151]\rStage2 Epoch 1/1:  57%|█████▋    | 93/164 [02:18\u003c01:37,  1.37s/it, loss=1.0936, acc=0.7151]\n"}
,{"stream_name":"stderr","time":267.824830724,"data":"\rStage2 Epoch 1/1:  57%|█████▋    | 93/164 [02:18\u003c01:37,  1.37s/it, loss=1.0936, acc=0.7151]\rStage2 Epoch 1/1:  57%|█████▋    | 93/164 [02:19\u003c01:37,  1.37s/it, loss=1.0929, acc=0.7148]\n"}
,{"stream_name":"stderr","time":267.825922614,"data":"\rStage2 Epoch 1/1:  57%|█████▋    | 93/164 [02:19\u003c01:37,  1.37s/it, loss=1.0929, acc=0.7148]\rStage2 Epoch 1/1:  57%|█████▋    | 94/164 [02:19\u003c01:35,  1.37s/it, loss=1.0929, acc=0.7148]\n"}
,{"stream_name":"stderr","time":269.195897837,"data":"\rStage2 Epoch 1/1:  57%|█████▋    | 94/164 [02:19\u003c01:35,  1.37s/it, loss=1.0929, acc=0.7148]\rStage2 Epoch 1/1:  57%|█████▋    | 94/164 [02:21\u003c01:35,  1.37s/it, loss=1.0963, acc=0.7138]\n"}
,{"stream_name":"stderr","time":269.196938622,"data":"\rStage2 Epoch 1/1:  57%|█████▋    | 94/164 [02:21\u003c01:35,  1.37s/it, loss=1.0963, acc=0.7138]\rStage2 Epoch 1/1:  58%|█████▊    | 95/164 [02:21\u003c01:34,  1.37s/it, loss=1.0963, acc=0.7138]\n"}
,{"stream_name":"stderr","time":270.557397414,"data":"\rStage2 Epoch 1/1:  58%|█████▊    | 95/164 [02:21\u003c01:34,  1.37s/it, loss=1.0963, acc=0.7138]\rStage2 Epoch 1/1:  58%|█████▊    | 95/164 [02:22\u003c01:34,  1.37s/it, loss=1.0890, acc=0.7148]\n"}
,{"stream_name":"stderr","time":270.558561734,"data":"\rStage2 Epoch 1/1:  58%|█████▊    | 95/164 [02:22\u003c01:34,  1.37s/it, loss=1.0890, acc=0.7148]\rStage2 Epoch 1/1:  59%|█████▊    | 96/164 [02:22\u003c01:32,  1.37s/it, loss=1.0890, acc=0.7148]\n"}
,{"stream_name":"stderr","time":271.924191634,"data":"\rStage2 Epoch 1/1:  59%|█████▊    | 96/164 [02:22\u003c01:32,  1.37s/it, loss=1.0890, acc=0.7148]\rStage2 Epoch 1/1:  59%|█████▊    | 96/164 [02:23\u003c01:32,  1.37s/it, loss=1.0853, acc=0.7155]\n"}
,{"stream_name":"stderr","time":271.925255207,"data":"\rStage2 Epoch 1/1:  59%|█████▊    | 96/164 [02:23\u003c01:32,  1.37s/it, loss=1.0853, acc=0.7155]\rStage2 Epoch 1/1:  59%|█████▉    | 97/164 [02:23\u003c01:31,  1.37s/it, loss=1.0853, acc=0.7155]\n"}
,{"stream_name":"stderr","time":273.288889791,"data":"\rStage2 Epoch 1/1:  59%|█████▉    | 97/164 [02:23\u003c01:31,  1.37s/it, loss=1.0853, acc=0.7155]\rStage2 Epoch 1/1:  59%|█████▉    | 97/164 [02:25\u003c01:31,  1.37s/it, loss=1.0890, acc=0.7143]\n"}
,{"stream_name":"stderr","time":273.28975626,"data":"\rStage2 Epoch 1/1:  59%|█████▉    | 97/164 [02:25\u003c01:31,  1.37s/it, loss=1.0890, acc=0.7143]\rStage2 Epoch 1/1:  60%|█████▉    | 98/164 [02:25\u003c01:30,  1.37s/it, loss=1.0890, acc=0.7143]\n"}
,{"stream_name":"stderr","time":274.658974329,"data":"\rStage2 Epoch 1/1:  60%|█████▉    | 98/164 [02:25\u003c01:30,  1.37s/it, loss=1.0890, acc=0.7143]\rStage2 Epoch 1/1:  60%|█████▉    | 98/164 [02:26\u003c01:30,  1.37s/it, loss=1.0880, acc=0.7143]\n"}
,{"stream_name":"stderr","time":274.660014168,"data":"\rStage2 Epoch 1/1:  60%|█████▉    | 98/164 [02:26\u003c01:30,  1.37s/it, loss=1.0880, acc=0.7143]\rStage2 Epoch 1/1:  60%|██████    | 99/164 [02:26\u003c01:28,  1.37s/it, loss=1.0880, acc=0.7143]\n"}
,{"stream_name":"stderr","time":276.024109355,"data":"\rStage2 Epoch 1/1:  60%|██████    | 99/164 [02:26\u003c01:28,  1.37s/it, loss=1.0880, acc=0.7143]\rStage2 Epoch 1/1:  60%|██████    | 99/164 [02:28\u003c01:28,  1.37s/it, loss=1.0849, acc=0.7150]\n"}
,{"stream_name":"stderr","time":276.025384649,"data":"\rStage2 Epoch 1/1:  60%|██████    | 99/164 [02:28\u003c01:28,  1.37s/it, loss=1.0849, acc=0.7150]\rStage2 Epoch 1/1:  61%|██████    | 100/164 [02:28\u003c01:27,  1.37s/it, loss=1.0849, acc=0.7150]\n"}
,{"stream_name":"stderr","time":277.390455825,"data":"\rStage2 Epoch 1/1:  61%|██████    | 100/164 [02:28\u003c01:27,  1.37s/it, loss=1.0849, acc=0.7150]\rStage2 Epoch 1/1:  61%|██████    | 100/164 [02:29\u003c01:27,  1.37s/it, loss=1.0829, acc=0.7153]\n"}
,{"stream_name":"stderr","time":277.391427731,"data":"\rStage2 Epoch 1/1:  61%|██████    | 100/164 [02:29\u003c01:27,  1.37s/it, loss=1.0829, acc=0.7153]\rStage2 Epoch 1/1:  62%|██████▏   | 101/164 [02:29\u003c01:26,  1.37s/it, loss=1.0829, acc=0.7153]\n"}
,{"stream_name":"stderr","time":278.755733598,"data":"\rStage2 Epoch 1/1:  62%|██████▏   | 101/164 [02:29\u003c01:26,  1.37s/it, loss=1.0829, acc=0.7153]\rStage2 Epoch 1/1:  62%|██████▏   | 101/164 [02:30\u003c01:26,  1.37s/it, loss=1.0769, acc=0.7169]\n"}
,{"stream_name":"stderr","time":278.756905885,"data":"\rStage2 Epoch 1/1:  62%|██████▏   | 101/164 [02:30\u003c01:26,  1.37s/it, loss=1.0769, acc=0.7169]\rStage2 Epoch 1/1:  62%|██████▏   | 102/164 [02:30\u003c01:24,  1.37s/it, loss=1.0769, acc=0.7169]\n"}
,{"stream_name":"stderr","time":280.170477293,"data":"\rStage2 Epoch 1/1:  62%|██████▏   | 102/164 [02:30\u003c01:24,  1.37s/it, loss=1.0769, acc=0.7169]\rStage2 Epoch 1/1:  62%|██████▏   | 102/164 [02:32\u003c01:24,  1.37s/it, loss=1.0730, acc=0.7178]\n"}
,{"stream_name":"stderr","time":280.171240613,"data":"\rStage2 Epoch 1/1:  62%|██████▏   | 102/164 [02:32\u003c01:24,  1.37s/it, loss=1.0730, acc=0.7178]\rStage2 Epoch 1/1:  63%|██████▎   | 103/164 [02:32\u003c01:23,  1.37s/it, loss=1.0730, acc=0.7178]\n"}
,{"stream_name":"stderr","time":281.489689656,"data":"\rStage2 Epoch 1/1:  63%|██████▎   | 103/164 [02:32\u003c01:23,  1.37s/it, loss=1.0730, acc=0.7178]\rStage2 Epoch 1/1:  63%|██████▎   | 103/164 [02:33\u003c01:23,  1.37s/it, loss=1.0675, acc=0.7197]\n"}
,{"stream_name":"stderr","time":281.490588303,"data":"\rStage2 Epoch 1/1:  63%|██████▎   | 103/164 [02:33\u003c01:23,  1.37s/it, loss=1.0675, acc=0.7197]\rStage2 Epoch 1/1:  63%|██████▎   | 104/164 [02:33\u003c01:21,  1.37s/it, loss=1.0675, acc=0.7197]\n"}
,{"stream_name":"stderr","time":282.859372064,"data":"\rStage2 Epoch 1/1:  63%|██████▎   | 104/164 [02:33\u003c01:21,  1.37s/it, loss=1.0675, acc=0.7197]\rStage2 Epoch 1/1:  63%|██████▎   | 104/164 [02:34\u003c01:21,  1.37s/it, loss=1.0639, acc=0.7205]\n"}
,{"stream_name":"stderr","time":282.860409672,"data":"\rStage2 Epoch 1/1:  63%|██████▎   | 104/164 [02:34\u003c01:21,  1.37s/it, loss=1.0639, acc=0.7205]\rStage2 Epoch 1/1:  64%|██████▍   | 105/164 [02:34\u003c01:20,  1.37s/it, loss=1.0639, acc=0.7205]\n"}
,{"stream_name":"stderr","time":284.230043199,"data":"\rStage2 Epoch 1/1:  64%|██████▍   | 105/164 [02:34\u003c01:20,  1.37s/it, loss=1.0639, acc=0.7205]\rStage2 Epoch 1/1:  64%|██████▍   | 105/164 [02:36\u003c01:20,  1.37s/it, loss=1.0613, acc=0.7211]\n"}
,{"stream_name":"stderr","time":284.231266925,"data":"\rStage2 Epoch 1/1:  64%|██████▍   | 105/164 [02:36\u003c01:20,  1.37s/it, loss=1.0613, acc=0.7211]\rStage2 Epoch 1/1:  65%|██████▍   | 106/164 [02:36\u003c01:19,  1.37s/it, loss=1.0613, acc=0.7211]\n"}
,{"stream_name":"stderr","time":285.59975028,"data":"\rStage2 Epoch 1/1:  65%|██████▍   | 106/164 [02:36\u003c01:19,  1.37s/it, loss=1.0613, acc=0.7211]\rStage2 Epoch 1/1:  65%|██████▍   | 106/164 [02:37\u003c01:19,  1.37s/it, loss=1.0578, acc=0.7223]\n"}
,{"stream_name":"stderr","time":285.601010026,"data":"\rStage2 Epoch 1/1:  65%|██████▍   | 106/164 [02:37\u003c01:19,  1.37s/it, loss=1.0578, acc=0.7223]\rStage2 Epoch 1/1:  65%|██████▌   | 107/164 [02:37\u003c01:18,  1.37s/it, loss=1.0578, acc=0.7223]\n"}
,{"stream_name":"stderr","time":286.96265915,"data":"\rStage2 Epoch 1/1:  65%|██████▌   | 107/164 [02:37\u003c01:18,  1.37s/it, loss=1.0578, acc=0.7223]\rStage2 Epoch 1/1:  65%|██████▌   | 107/164 [02:38\u003c01:18,  1.37s/it, loss=1.0519, acc=0.7237]\n"}
,{"stream_name":"stderr","time":286.963800987,"data":"\rStage2 Epoch 1/1:  65%|██████▌   | 107/164 [02:38\u003c01:18,  1.37s/it, loss=1.0519, acc=0.7237]\rStage2 Epoch 1/1:  66%|██████▌   | 108/164 [02:38\u003c01:16,  1.37s/it, loss=1.0519, acc=0.7237]\n"}
,{"stream_name":"stderr","time":288.333869731,"data":"\rStage2 Epoch 1/1:  66%|██████▌   | 108/164 [02:38\u003c01:16,  1.37s/it, loss=1.0519, acc=0.7237]\rStage2 Epoch 1/1:  66%|██████▌   | 108/164 [02:40\u003c01:16,  1.37s/it, loss=1.0499, acc=0.7239]\n"}
,{"stream_name":"stderr","time":288.33497516,"data":"\rStage2 Epoch 1/1:  66%|██████▌   | 108/164 [02:40\u003c01:16,  1.37s/it, loss=1.0499, acc=0.7239]\rStage2 Epoch 1/1:  66%|██████▋   | 109/164 [02:40\u003c01:15,  1.37s/it, loss=1.0499, acc=0.7239]\n"}
,{"stream_name":"stderr","time":289.698440832,"data":"\rStage2 Epoch 1/1:  66%|██████▋   | 109/164 [02:40\u003c01:15,  1.37s/it, loss=1.0499, acc=0.7239]\rStage2 Epoch 1/1:  66%|██████▋   | 109/164 [02:41\u003c01:15,  1.37s/it, loss=1.0492, acc=0.7236]\n"}
,{"stream_name":"stderr","time":289.699433278,"data":"\rStage2 Epoch 1/1:  66%|██████▋   | 109/164 [02:41\u003c01:15,  1.37s/it, loss=1.0492, acc=0.7236]\rStage2 Epoch 1/1:  67%|██████▋   | 110/164 [02:41\u003c01:13,  1.37s/it, loss=1.0492, acc=0.7236]\n"}
,{"stream_name":"stderr","time":291.072884514,"data":"\rStage2 Epoch 1/1:  67%|██████▋   | 110/164 [02:41\u003c01:13,  1.37s/it, loss=1.0492, acc=0.7236]\rStage2 Epoch 1/1:  67%|██████▋   | 110/164 [02:43\u003c01:13,  1.37s/it, loss=1.0450, acc=0.7249]\n"}
,{"stream_name":"stderr","time":291.073696863,"data":"\rStage2 Epoch 1/1:  67%|██████▋   | 110/164 [02:43\u003c01:13,  1.37s/it, loss=1.0450, acc=0.7249]\rStage2 Epoch 1/1:  68%|██████▊   | 111/164 [02:43\u003c01:12,  1.37s/it, loss=1.0450, acc=0.7249]\n"}
,{"stream_name":"stderr","time":292.439733367,"data":"\rStage2 Epoch 1/1:  68%|██████▊   | 111/164 [02:43\u003c01:12,  1.37s/it, loss=1.0450, acc=0.7249]\rStage2 Epoch 1/1:  68%|██████▊   | 111/164 [02:44\u003c01:12,  1.37s/it, loss=1.0437, acc=0.7249]\n"}
,{"stream_name":"stderr","time":292.44017496,"data":"\rStage2 Epoch 1/1:  68%|██████▊   | 111/164 [02:44\u003c01:12,  1.37s/it, loss=1.0437, acc=0.7249]\rStage2 Epoch 1/1:  68%|██████▊   | 112/164 [02:44\u003c01:11,  1.37s/it, loss=1.0437, acc=0.7249]\n"}
,{"stream_name":"stderr","time":293.806742607,"data":"\rStage2 Epoch 1/1:  68%|██████▊   | 112/164 [02:44\u003c01:11,  1.37s/it, loss=1.0437, acc=0.7249]\rStage2 Epoch 1/1:  68%|██████▊   | 112/164 [02:45\u003c01:11,  1.37s/it, loss=1.0427, acc=0.7251]\n"}
,{"stream_name":"stderr","time":293.807865486,"data":"\rStage2 Epoch 1/1:  68%|██████▊   | 112/164 [02:45\u003c01:11,  1.37s/it, loss=1.0427, acc=0.7251]\rStage2 Epoch 1/1:  69%|██████▉   | 113/164 [02:45\u003c01:09,  1.37s/it, loss=1.0427, acc=0.7251]\n"}
,{"stream_name":"stderr","time":295.175556518,"data":"\rStage2 Epoch 1/1:  69%|██████▉   | 113/164 [02:45\u003c01:09,  1.37s/it, loss=1.0427, acc=0.7251]\rStage2 Epoch 1/1:  69%|██████▉   | 113/164 [02:47\u003c01:09,  1.37s/it, loss=1.0425, acc=0.7253]\n"}
,{"stream_name":"stderr","time":295.17670602,"data":"\rStage2 Epoch 1/1:  69%|██████▉   | 113/164 [02:47\u003c01:09,  1.37s/it, loss=1.0425, acc=0.7253]\rStage2 Epoch 1/1:  70%|██████▉   | 114/164 [02:47\u003c01:08,  1.37s/it, loss=1.0425, acc=0.7253]\n"}
,{"stream_name":"stderr","time":296.547502319,"data":"\rStage2 Epoch 1/1:  70%|██████▉   | 114/164 [02:47\u003c01:08,  1.37s/it, loss=1.0425, acc=0.7253]\rStage2 Epoch 1/1:  70%|██████▉   | 114/164 [02:48\u003c01:08,  1.37s/it, loss=1.0392, acc=0.7264]\n"}
,{"stream_name":"stderr","time":296.548589986,"data":"\rStage2 Epoch 1/1:  70%|██████▉   | 114/164 [02:48\u003c01:08,  1.37s/it, loss=1.0392, acc=0.7264]\rStage2 Epoch 1/1:  70%|███████   | 115/164 [02:48\u003c01:07,  1.37s/it, loss=1.0392, acc=0.7264]\n"}
,{"stream_name":"stderr","time":297.911654127,"data":"\rStage2 Epoch 1/1:  70%|███████   | 115/164 [02:48\u003c01:07,  1.37s/it, loss=1.0392, acc=0.7264]\rStage2 Epoch 1/1:  70%|███████   | 115/164 [02:49\u003c01:07,  1.37s/it, loss=1.0360, acc=0.7274]\n"}
,{"stream_name":"stderr","time":297.91291453,"data":"\rStage2 Epoch 1/1:  70%|███████   | 115/164 [02:49\u003c01:07,  1.37s/it, loss=1.0360, acc=0.7274]\rStage2 Epoch 1/1:  71%|███████   | 116/164 [02:49\u003c01:05,  1.37s/it, loss=1.0360, acc=0.7274]\n"}
,{"stream_name":"stderr","time":299.275944693,"data":"\rStage2 Epoch 1/1:  71%|███████   | 116/164 [02:49\u003c01:05,  1.37s/it, loss=1.0360, acc=0.7274]\rStage2 Epoch 1/1:  71%|███████   | 116/164 [02:51\u003c01:05,  1.37s/it, loss=1.0363, acc=0.7276]\n"}
,{"stream_name":"stderr","time":299.277045711,"data":"\rStage2 Epoch 1/1:  71%|███████   | 116/164 [02:51\u003c01:05,  1.37s/it, loss=1.0363, acc=0.7276]\rStage2 Epoch 1/1:  71%|███████▏  | 117/164 [02:51\u003c01:04,  1.37s/it, loss=1.0363, acc=0.7276]\n"}
,{"stream_name":"stderr","time":300.640389837,"data":"\rStage2 Epoch 1/1:  71%|███████▏  | 117/164 [02:51\u003c01:04,  1.37s/it, loss=1.0363, acc=0.7276]\rStage2 Epoch 1/1:  71%|███████▏  | 117/164 [02:52\u003c01:04,  1.37s/it, loss=1.0335, acc=0.7280]\n"}
,{"stream_name":"stderr","time":300.641395968,"data":"\rStage2 Epoch 1/1:  71%|███████▏  | 117/164 [02:52\u003c01:04,  1.37s/it, loss=1.0335, acc=0.7280]\rStage2 Epoch 1/1:  72%|███████▏  | 118/164 [02:52\u003c01:02,  1.37s/it, loss=1.0335, acc=0.7280]\n"}
,{"stream_name":"stderr","time":302.001544648,"data":"\rStage2 Epoch 1/1:  72%|███████▏  | 118/164 [02:52\u003c01:02,  1.37s/it, loss=1.0335, acc=0.7280]\rStage2 Epoch 1/1:  72%|███████▏  | 118/164 [02:54\u003c01:02,  1.37s/it, loss=1.0312, acc=0.7285]\n"}
,{"stream_name":"stderr","time":302.00283235,"data":"\rStage2 Epoch 1/1:  72%|███████▏  | 118/164 [02:54\u003c01:02,  1.37s/it, loss=1.0312, acc=0.7285]\rStage2 Epoch 1/1:  73%|███████▎  | 119/164 [02:54\u003c01:01,  1.36s/it, loss=1.0312, acc=0.7285]\n"}
,{"stream_name":"stderr","time":303.360462281,"data":"\rStage2 Epoch 1/1:  73%|███████▎  | 119/164 [02:54\u003c01:01,  1.36s/it, loss=1.0312, acc=0.7285]\rStage2 Epoch 1/1:  73%|███████▎  | 119/164 [02:55\u003c01:01,  1.36s/it, loss=1.0309, acc=0.7286]\n"}
,{"stream_name":"stderr","time":303.361358046,"data":"\rStage2 Epoch 1/1:  73%|███████▎  | 119/164 [02:55\u003c01:01,  1.36s/it, loss=1.0309, acc=0.7286]\rStage2 Epoch 1/1:  73%|███████▎  | 120/164 [02:55\u003c00:59,  1.36s/it, loss=1.0309, acc=0.7286]\n"}
,{"stream_name":"stderr","time":304.720561363,"data":"\rStage2 Epoch 1/1:  73%|███████▎  | 120/164 [02:55\u003c00:59,  1.36s/it, loss=1.0309, acc=0.7286]\rStage2 Epoch 1/1:  73%|███████▎  | 120/164 [02:56\u003c00:59,  1.36s/it, loss=1.0294, acc=0.7291]\n"}
,{"stream_name":"stderr","time":304.721685987,"data":"\rStage2 Epoch 1/1:  73%|███████▎  | 120/164 [02:56\u003c00:59,  1.36s/it, loss=1.0294, acc=0.7291]\rStage2 Epoch 1/1:  74%|███████▍  | 121/164 [02:56\u003c00:58,  1.36s/it, loss=1.0294, acc=0.7291]\n"}
,{"stream_name":"stderr","time":306.087967288,"data":"\rStage2 Epoch 1/1:  74%|███████▍  | 121/164 [02:56\u003c00:58,  1.36s/it, loss=1.0294, acc=0.7291]\rStage2 Epoch 1/1:  74%|███████▍  | 121/164 [02:58\u003c00:58,  1.36s/it, loss=1.0281, acc=0.7293]\n"}
,{"stream_name":"stderr","time":306.089117648,"data":"\rStage2 Epoch 1/1:  74%|███████▍  | 121/164 [02:58\u003c00:58,  1.36s/it, loss=1.0281, acc=0.7293]\rStage2 Epoch 1/1:  74%|███████▍  | 122/164 [02:58\u003c00:57,  1.36s/it, loss=1.0281, acc=0.7293]\n"}
,{"stream_name":"stderr","time":307.450835758,"data":"\rStage2 Epoch 1/1:  74%|███████▍  | 122/164 [02:58\u003c00:57,  1.36s/it, loss=1.0281, acc=0.7293]\rStage2 Epoch 1/1:  74%|███████▍  | 122/164 [02:59\u003c00:57,  1.36s/it, loss=1.0252, acc=0.7294]\n"}
,{"stream_name":"stderr","time":307.451994091,"data":"\rStage2 Epoch 1/1:  74%|███████▍  | 122/164 [02:59\u003c00:57,  1.36s/it, loss=1.0252, acc=0.7294]\rStage2 Epoch 1/1:  75%|███████▌  | 123/164 [02:59\u003c00:55,  1.36s/it, loss=1.0252, acc=0.7294]\n"}
,{"stream_name":"stderr","time":308.816994778,"data":"\rStage2 Epoch 1/1:  75%|███████▌  | 123/164 [02:59\u003c00:55,  1.36s/it, loss=1.0252, acc=0.7294]\rStage2 Epoch 1/1:  75%|███████▌  | 123/164 [03:00\u003c00:55,  1.36s/it, loss=1.0204, acc=0.7301]\n"}
,{"stream_name":"stderr","time":308.818177281,"data":"\rStage2 Epoch 1/1:  75%|███████▌  | 123/164 [03:00\u003c00:55,  1.36s/it, loss=1.0204, acc=0.7301]\rStage2 Epoch 1/1:  76%|███████▌  | 124/164 [03:00\u003c00:54,  1.36s/it, loss=1.0204, acc=0.7301]\n"}
,{"stream_name":"stderr","time":310.229898434,"data":"\rStage2 Epoch 1/1:  76%|███████▌  | 124/164 [03:00\u003c00:54,  1.36s/it, loss=1.0204, acc=0.7301]\rStage2 Epoch 1/1:  76%|███████▌  | 124/164 [03:02\u003c00:54,  1.36s/it, loss=1.0150, acc=0.7312]\n"}
,{"stream_name":"stderr","time":310.231068737,"data":"\rStage2 Epoch 1/1:  76%|███████▌  | 124/164 [03:02\u003c00:54,  1.36s/it, loss=1.0150, acc=0.7312]\rStage2 Epoch 1/1:  76%|███████▌  | 125/164 [03:02\u003c00:53,  1.37s/it, loss=1.0150, acc=0.7312]\n"}
,{"stream_name":"stderr","time":311.552501463,"data":"\rStage2 Epoch 1/1:  76%|███████▌  | 125/164 [03:02\u003c00:53,  1.37s/it, loss=1.0150, acc=0.7312]\rStage2 Epoch 1/1:  76%|███████▌  | 125/164 [03:03\u003c00:53,  1.37s/it, loss=1.0122, acc=0.7312]\n"}
,{"stream_name":"stderr","time":311.553585402,"data":"\rStage2 Epoch 1/1:  76%|███████▌  | 125/164 [03:03\u003c00:53,  1.37s/it, loss=1.0122, acc=0.7312]\rStage2 Epoch 1/1:  77%|███████▋  | 126/164 [03:03\u003c00:51,  1.37s/it, loss=1.0122, acc=0.7312]\n"}
,{"stream_name":"stderr","time":312.92099074,"data":"\rStage2 Epoch 1/1:  77%|███████▋  | 126/164 [03:03\u003c00:51,  1.37s/it, loss=1.0122, acc=0.7312]\rStage2 Epoch 1/1:  77%|███████▋  | 126/164 [03:04\u003c00:51,  1.37s/it, loss=1.0115, acc=0.7320]\n"}
,{"stream_name":"stderr","time":312.922082165,"data":"\rStage2 Epoch 1/1:  77%|███████▋  | 126/164 [03:04\u003c00:51,  1.37s/it, loss=1.0115, acc=0.7320]\rStage2 Epoch 1/1:  77%|███████▋  | 127/164 [03:04\u003c00:50,  1.37s/it, loss=1.0115, acc=0.7320]\n"}
,{"stream_name":"stderr","time":314.295164648,"data":"\rStage2 Epoch 1/1:  77%|███████▋  | 127/164 [03:04\u003c00:50,  1.37s/it, loss=1.0115, acc=0.7320]\rStage2 Epoch 1/1:  77%|███████▋  | 127/164 [03:06\u003c00:50,  1.37s/it, loss=1.0089, acc=0.7324]\n"}
,{"stream_name":"stderr","time":314.296324703,"data":"\rStage2 Epoch 1/1:  77%|███████▋  | 127/164 [03:06\u003c00:50,  1.37s/it, loss=1.0089, acc=0.7324]\rStage2 Epoch 1/1:  78%|███████▊  | 128/164 [03:06\u003c00:49,  1.37s/it, loss=1.0089, acc=0.7324]\n"}
,{"stream_name":"stderr","time":315.649712341,"data":"\rStage2 Epoch 1/1:  78%|███████▊  | 128/164 [03:06\u003c00:49,  1.37s/it, loss=1.0089, acc=0.7324]\rStage2 Epoch 1/1:  78%|███████▊  | 128/164 [03:07\u003c00:49,  1.37s/it, loss=1.0076, acc=0.7328]\n"}
,{"stream_name":"stderr","time":315.650640564,"data":"\rStage2 Epoch 1/1:  78%|███████▊  | 128/164 [03:07\u003c00:49,  1.37s/it, loss=1.0076, acc=0.7328]\rStage2 Epoch 1/1:  79%|███████▊  | 129/164 [03:07\u003c00:47,  1.36s/it, loss=1.0076, acc=0.7328]\n"}
,{"stream_name":"stderr","time":317.01900108,"data":"\rStage2 Epoch 1/1:  79%|███████▊  | 129/164 [03:07\u003c00:47,  1.36s/it, loss=1.0076, acc=0.7328]\rStage2 Epoch 1/1:  79%|███████▊  | 129/164 [03:09\u003c00:47,  1.36s/it, loss=1.0033, acc=0.7337]\n"}
,{"stream_name":"stderr","time":317.01982678,"data":"\rStage2 Epoch 1/1:  79%|███████▊  | 129/164 [03:09\u003c00:47,  1.36s/it, loss=1.0033, acc=0.7337]\rStage2 Epoch 1/1:  79%|███████▉  | 130/164 [03:09\u003c00:46,  1.37s/it, loss=1.0033, acc=0.7337]\n"}
,{"stream_name":"stderr","time":318.385729104,"data":"\rStage2 Epoch 1/1:  79%|███████▉  | 130/164 [03:09\u003c00:46,  1.37s/it, loss=1.0033, acc=0.7337]\rStage2 Epoch 1/1:  79%|███████▉  | 130/164 [03:10\u003c00:46,  1.37s/it, loss=1.0005, acc=0.7347]\n"}
,{"stream_name":"stderr","time":318.386826348,"data":"\rStage2 Epoch 1/1:  79%|███████▉  | 130/164 [03:10\u003c00:46,  1.37s/it, loss=1.0005, acc=0.7347]\rStage2 Epoch 1/1:  80%|███████▉  | 131/164 [03:10\u003c00:45,  1.37s/it, loss=1.0005, acc=0.7347]\n"}
,{"stream_name":"stderr","time":319.754166384,"data":"\rStage2 Epoch 1/1:  80%|███████▉  | 131/164 [03:10\u003c00:45,  1.37s/it, loss=1.0005, acc=0.7347]\rStage2 Epoch 1/1:  80%|███████▉  | 131/164 [03:11\u003c00:45,  1.37s/it, loss=0.9970, acc=0.7353]\n"}
,{"stream_name":"stderr","time":319.755229512,"data":"\rStage2 Epoch 1/1:  80%|███████▉  | 131/164 [03:11\u003c00:45,  1.37s/it, loss=0.9970, acc=0.7353]\rStage2 Epoch 1/1:  80%|████████  | 132/164 [03:11\u003c00:43,  1.37s/it, loss=0.9970, acc=0.7353]\n"}
,{"stream_name":"stderr","time":321.118791982,"data":"\rStage2 Epoch 1/1:  80%|████████  | 132/164 [03:11\u003c00:43,  1.37s/it, loss=0.9970, acc=0.7353]\rStage2 Epoch 1/1:  80%|████████  | 132/164 [03:13\u003c00:43,  1.37s/it, loss=0.9932, acc=0.7366]\n"}
,{"stream_name":"stderr","time":321.120015347,"data":"\rStage2 Epoch 1/1:  80%|████████  | 132/164 [03:13\u003c00:43,  1.37s/it, loss=0.9932, acc=0.7366]\rStage2 Epoch 1/1:  81%|████████  | 133/164 [03:13\u003c00:42,  1.37s/it, loss=0.9932, acc=0.7366]\n"}
,{"stream_name":"stderr","time":322.493064879,"data":"\rStage2 Epoch 1/1:  81%|████████  | 133/164 [03:13\u003c00:42,  1.37s/it, loss=0.9932, acc=0.7366]\rStage2 Epoch 1/1:  81%|████████  | 133/164 [03:14\u003c00:42,  1.37s/it, loss=0.9899, acc=0.7369]\n"}
,{"stream_name":"stderr","time":322.494047314,"data":"\rStage2 Epoch 1/1:  81%|████████  | 133/164 [03:14\u003c00:42,  1.37s/it, loss=0.9899, acc=0.7369]\rStage2 Epoch 1/1:  82%|████████▏ | 134/164 [03:14\u003c00:41,  1.37s/it, loss=0.9899, acc=0.7369]\n"}
,{"stream_name":"stderr","time":323.864811374,"data":"\rStage2 Epoch 1/1:  82%|████████▏ | 134/164 [03:14\u003c00:41,  1.37s/it, loss=0.9899, acc=0.7369]\rStage2 Epoch 1/1:  82%|████████▏ | 134/164 [03:15\u003c00:41,  1.37s/it, loss=0.9861, acc=0.7375]\n"}
,{"stream_name":"stderr","time":323.865812988,"data":"\rStage2 Epoch 1/1:  82%|████████▏ | 134/164 [03:15\u003c00:41,  1.37s/it, loss=0.9861, acc=0.7375]\rStage2 Epoch 1/1:  82%|████████▏ | 135/164 [03:15\u003c00:39,  1.37s/it, loss=0.9861, acc=0.7375]\n"}
,{"stream_name":"stderr","time":325.22663198,"data":"\rStage2 Epoch 1/1:  82%|████████▏ | 135/164 [03:15\u003c00:39,  1.37s/it, loss=0.9861, acc=0.7375]\rStage2 Epoch 1/1:  82%|████████▏ | 135/164 [03:17\u003c00:39,  1.37s/it, loss=0.9837, acc=0.7376]\n"}
,{"stream_name":"stderr","time":325.227756114,"data":"\rStage2 Epoch 1/1:  82%|████████▏ | 135/164 [03:17\u003c00:39,  1.37s/it, loss=0.9837, acc=0.7376]\rStage2 Epoch 1/1:  83%|████████▎ | 136/164 [03:17\u003c00:38,  1.37s/it, loss=0.9837, acc=0.7376]\n"}
,{"stream_name":"stderr","time":326.585589286,"data":"\rStage2 Epoch 1/1:  83%|████████▎ | 136/164 [03:17\u003c00:38,  1.37s/it, loss=0.9837, acc=0.7376]\rStage2 Epoch 1/1:  83%|████████▎ | 136/164 [03:18\u003c00:38,  1.37s/it, loss=0.9789, acc=0.7386]\n"}
,{"stream_name":"stderr","time":326.586732071,"data":"\rStage2 Epoch 1/1:  83%|████████▎ | 136/164 [03:18\u003c00:38,  1.37s/it, loss=0.9789, acc=0.7386]\rStage2 Epoch 1/1:  84%|████████▎ | 137/164 [03:18\u003c00:36,  1.36s/it, loss=0.9789, acc=0.7386]\n"}
,{"stream_name":"stderr","time":327.953954172,"data":"\rStage2 Epoch 1/1:  84%|████████▎ | 137/164 [03:18\u003c00:36,  1.36s/it, loss=0.9789, acc=0.7386]\rStage2 Epoch 1/1:  84%|████████▎ | 137/164 [03:19\u003c00:36,  1.36s/it, loss=0.9821, acc=0.7380]\n"}
,{"stream_name":"stderr","time":327.9551872,"data":"\rStage2 Epoch 1/1:  84%|████████▎ | 137/164 [03:19\u003c00:36,  1.36s/it, loss=0.9821, acc=0.7380]\rStage2 Epoch 1/1:  84%|████████▍ | 138/164 [03:19\u003c00:35,  1.37s/it, loss=0.9821, acc=0.7380]\n"}
,{"stream_name":"stderr","time":329.319218135,"data":"\rStage2 Epoch 1/1:  84%|████████▍ | 138/164 [03:19\u003c00:35,  1.37s/it, loss=0.9821, acc=0.7380]\rStage2 Epoch 1/1:  84%|████████▍ | 138/164 [03:21\u003c00:35,  1.37s/it, loss=0.9818, acc=0.7376]\n"}
,{"stream_name":"stderr","time":329.320067209,"data":"\rStage2 Epoch 1/1:  84%|████████▍ | 138/164 [03:21\u003c00:35,  1.37s/it, loss=0.9818, acc=0.7376]\rStage2 Epoch 1/1:  85%|████████▍ | 139/164 [03:21\u003c00:34,  1.37s/it, loss=0.9818, acc=0.7376]\n"}
,{"stream_name":"stderr","time":330.687150722,"data":"\rStage2 Epoch 1/1:  85%|████████▍ | 139/164 [03:21\u003c00:34,  1.37s/it, loss=0.9818, acc=0.7376]\rStage2 Epoch 1/1:  85%|████████▍ | 139/164 [03:22\u003c00:34,  1.37s/it, loss=0.9776, acc=0.7386]\n"}
,{"stream_name":"stderr","time":330.687940771,"data":"\rStage2 Epoch 1/1:  85%|████████▍ | 139/164 [03:22\u003c00:34,  1.37s/it, loss=0.9776, acc=0.7386]\rStage2 Epoch 1/1:  85%|████████▌ | 140/164 [03:22\u003c00:32,  1.37s/it, loss=0.9776, acc=0.7386]\n"}
,{"stream_name":"stderr","time":332.052913396,"data":"\rStage2 Epoch 1/1:  85%|████████▌ | 140/164 [03:22\u003c00:32,  1.37s/it, loss=0.9776, acc=0.7386]\rStage2 Epoch 1/1:  85%|████████▌ | 140/164 [03:24\u003c00:32,  1.37s/it, loss=0.9748, acc=0.7389]\n"}
,{"stream_name":"stderr","time":332.054375179,"data":"\rStage2 Epoch 1/1:  85%|████████▌ | 140/164 [03:24\u003c00:32,  1.37s/it, loss=0.9748, acc=0.7389]\rStage2 Epoch 1/1:  86%|████████▌ | 141/164 [03:24\u003c00:31,  1.37s/it, loss=0.9748, acc=0.7389]\n"}
,{"stream_name":"stderr","time":333.411924839,"data":"\rStage2 Epoch 1/1:  86%|████████▌ | 141/164 [03:24\u003c00:31,  1.37s/it, loss=0.9748, acc=0.7389]\rStage2 Epoch 1/1:  86%|████████▌ | 141/164 [03:25\u003c00:31,  1.37s/it, loss=0.9725, acc=0.7392]\n"}
,{"stream_name":"stderr","time":333.412837212,"data":"\rStage2 Epoch 1/1:  86%|████████▌ | 141/164 [03:25\u003c00:31,  1.37s/it, loss=0.9725, acc=0.7392]\rStage2 Epoch 1/1:  87%|████████▋ | 142/164 [03:25\u003c00:30,  1.36s/it, loss=0.9725, acc=0.7392]\n"}
,{"stream_name":"stderr","time":334.780636499,"data":"\rStage2 Epoch 1/1:  87%|████████▋ | 142/164 [03:25\u003c00:30,  1.36s/it, loss=0.9725, acc=0.7392]\rStage2 Epoch 1/1:  87%|████████▋ | 142/164 [03:26\u003c00:30,  1.36s/it, loss=0.9691, acc=0.7399]\n"}
,{"stream_name":"stderr","time":334.78165372,"data":"\rStage2 Epoch 1/1:  87%|████████▋ | 142/164 [03:26\u003c00:30,  1.36s/it, loss=0.9691, acc=0.7399]\rStage2 Epoch 1/1:  87%|████████▋ | 143/164 [03:26\u003c00:28,  1.37s/it, loss=0.9691, acc=0.7399]\n"}
,{"stream_name":"stderr","time":336.141822251,"data":"\rStage2 Epoch 1/1:  87%|████████▋ | 143/164 [03:26\u003c00:28,  1.37s/it, loss=0.9691, acc=0.7399]\rStage2 Epoch 1/1:  87%|████████▋ | 143/164 [03:28\u003c00:28,  1.37s/it, loss=0.9641, acc=0.7413]\n"}
,{"stream_name":"stderr","time":336.142940216,"data":"\rStage2 Epoch 1/1:  87%|████████▋ | 143/164 [03:28\u003c00:28,  1.37s/it, loss=0.9641, acc=0.7413]\rStage2 Epoch 1/1:  88%|████████▊ | 144/164 [03:28\u003c00:27,  1.36s/it, loss=0.9641, acc=0.7413]\n"}
,{"stream_name":"stderr","time":337.503605043,"data":"\rStage2 Epoch 1/1:  88%|████████▊ | 144/164 [03:28\u003c00:27,  1.36s/it, loss=0.9641, acc=0.7413]\rStage2 Epoch 1/1:  88%|████████▊ | 144/164 [03:29\u003c00:27,  1.36s/it, loss=0.9618, acc=0.7420]\n"}
,{"stream_name":"stderr","time":337.504583556,"data":"\rStage2 Epoch 1/1:  88%|████████▊ | 144/164 [03:29\u003c00:27,  1.36s/it, loss=0.9618, acc=0.7420]\rStage2 Epoch 1/1:  88%|████████▊ | 145/164 [03:29\u003c00:25,  1.36s/it, loss=0.9618, acc=0.7420]\n"}
,{"stream_name":"stderr","time":338.872928042,"data":"\rStage2 Epoch 1/1:  88%|████████▊ | 145/164 [03:29\u003c00:25,  1.36s/it, loss=0.9618, acc=0.7420]\rStage2 Epoch 1/1:  88%|████████▊ | 145/164 [03:30\u003c00:25,  1.36s/it, loss=0.9582, acc=0.7429]\n"}
,{"stream_name":"stderr","time":338.873856535,"data":"\rStage2 Epoch 1/1:  88%|████████▊ | 145/164 [03:30\u003c00:25,  1.36s/it, loss=0.9582, acc=0.7429]\rStage2 Epoch 1/1:  89%|████████▉ | 146/164 [03:30\u003c00:24,  1.37s/it, loss=0.9582, acc=0.7429]\n"}
,{"stream_name":"stderr","time":340.285399699,"data":"\rStage2 Epoch 1/1:  89%|████████▉ | 146/164 [03:30\u003c00:24,  1.37s/it, loss=0.9582, acc=0.7429]\rStage2 Epoch 1/1:  89%|████████▉ | 146/164 [03:32\u003c00:24,  1.37s/it, loss=0.9558, acc=0.7432]\n"}
,{"stream_name":"stderr","time":340.285792277,"data":"\rStage2 Epoch 1/1:  89%|████████▉ | 146/164 [03:32\u003c00:24,  1.37s/it, loss=0.9558, acc=0.7432]\rStage2 Epoch 1/1:  90%|████████▉ | 147/164 [03:32\u003c00:23,  1.36s/it, loss=0.9558, acc=0.7432]\n"}
,{"stream_name":"stderr","time":341.601808217,"data":"\rStage2 Epoch 1/1:  90%|████████▉ | 147/164 [03:32\u003c00:23,  1.36s/it, loss=0.9558, acc=0.7432]\rStage2 Epoch 1/1:  90%|████████▉ | 147/164 [03:33\u003c00:23,  1.36s/it, loss=0.9559, acc=0.7432]\n"}
,{"stream_name":"stderr","time":341.602861547,"data":"\rStage2 Epoch 1/1:  90%|████████▉ | 147/164 [03:33\u003c00:23,  1.36s/it, loss=0.9559, acc=0.7432]\rStage2 Epoch 1/1:  90%|█████████ | 148/164 [03:33\u003c00:21,  1.37s/it, loss=0.9559, acc=0.7432]\n"}
,{"stream_name":"stderr","time":342.962539681,"data":"\rStage2 Epoch 1/1:  90%|█████████ | 148/164 [03:33\u003c00:21,  1.37s/it, loss=0.9559, acc=0.7432]\rStage2 Epoch 1/1:  90%|█████████ | 148/164 [03:34\u003c00:21,  1.37s/it, loss=0.9532, acc=0.7437]\n"}
,{"stream_name":"stderr","time":342.963472311,"data":"\rStage2 Epoch 1/1:  90%|█████████ | 148/164 [03:34\u003c00:21,  1.37s/it, loss=0.9532, acc=0.7437]\rStage2 Epoch 1/1:  91%|█████████ | 149/164 [03:34\u003c00:20,  1.36s/it, loss=0.9532, acc=0.7437]\n"}
,{"stream_name":"stderr","time":344.322622808,"data":"\rStage2 Epoch 1/1:  91%|█████████ | 149/164 [03:34\u003c00:20,  1.36s/it, loss=0.9532, acc=0.7437]\rStage2 Epoch 1/1:  91%|█████████ | 149/164 [03:36\u003c00:20,  1.36s/it, loss=0.9532, acc=0.7442]\n"}
,{"stream_name":"stderr","time":344.323657382,"data":"\rStage2 Epoch 1/1:  91%|█████████ | 149/164 [03:36\u003c00:20,  1.36s/it, loss=0.9532, acc=0.7442]\rStage2 Epoch 1/1:  91%|█████████▏| 150/164 [03:36\u003c00:19,  1.36s/it, loss=0.9532, acc=0.7442]\n"}
,{"stream_name":"stderr","time":345.68818697,"data":"\rStage2 Epoch 1/1:  91%|█████████▏| 150/164 [03:36\u003c00:19,  1.36s/it, loss=0.9532, acc=0.7442]\rStage2 Epoch 1/1:  91%|█████████▏| 150/164 [03:37\u003c00:19,  1.36s/it, loss=0.9517, acc=0.7444]\n"}
,{"stream_name":"stderr","time":345.689204876,"data":"\rStage2 Epoch 1/1:  91%|█████████▏| 150/164 [03:37\u003c00:19,  1.36s/it, loss=0.9517, acc=0.7444]\rStage2 Epoch 1/1:  92%|█████████▏| 151/164 [03:37\u003c00:17,  1.36s/it, loss=0.9517, acc=0.7444]\n"}
,{"stream_name":"stderr","time":347.051019193,"data":"\rStage2 Epoch 1/1:  92%|█████████▏| 151/164 [03:37\u003c00:17,  1.36s/it, loss=0.9517, acc=0.7444]\rStage2 Epoch 1/1:  92%|█████████▏| 151/164 [03:39\u003c00:17,  1.36s/it, loss=0.9484, acc=0.7457]\n"}
,{"stream_name":"stderr","time":347.051921662,"data":"\rStage2 Epoch 1/1:  92%|█████████▏| 151/164 [03:39\u003c00:17,  1.36s/it, loss=0.9484, acc=0.7457]\rStage2 Epoch 1/1:  93%|█████████▎| 152/164 [03:39\u003c00:16,  1.36s/it, loss=0.9484, acc=0.7457]\n"}
,{"stream_name":"stderr","time":348.408995283,"data":"\rStage2 Epoch 1/1:  93%|█████████▎| 152/164 [03:39\u003c00:16,  1.36s/it, loss=0.9484, acc=0.7457]\rStage2 Epoch 1/1:  93%|█████████▎| 152/164 [03:40\u003c00:16,  1.36s/it, loss=0.9448, acc=0.7467]\n"}
,{"stream_name":"stderr","time":348.409959098,"data":"\rStage2 Epoch 1/1:  93%|█████████▎| 152/164 [03:40\u003c00:16,  1.36s/it, loss=0.9448, acc=0.7467]\rStage2 Epoch 1/1:  93%|█████████▎| 153/164 [03:40\u003c00:14,  1.36s/it, loss=0.9448, acc=0.7467]\n"}
,{"stream_name":"stderr","time":349.76602006,"data":"\rStage2 Epoch 1/1:  93%|█████████▎| 153/164 [03:40\u003c00:14,  1.36s/it, loss=0.9448, acc=0.7467]\rStage2 Epoch 1/1:  93%|█████████▎| 153/164 [03:41\u003c00:14,  1.36s/it, loss=0.9447, acc=0.7468]\n"}
,{"stream_name":"stderr","time":349.767199991,"data":"\rStage2 Epoch 1/1:  93%|█████████▎| 153/164 [03:41\u003c00:14,  1.36s/it, loss=0.9447, acc=0.7468]\rStage2 Epoch 1/1:  94%|█████████▍| 154/164 [03:41\u003c00:13,  1.36s/it, loss=0.9447, acc=0.7468]\n"}
,{"stream_name":"stderr","time":351.128394295,"data":"\rStage2 Epoch 1/1:  94%|█████████▍| 154/164 [03:41\u003c00:13,  1.36s/it, loss=0.9447, acc=0.7468]\rStage2 Epoch 1/1:  94%|█████████▍| 154/164 [03:43\u003c00:13,  1.36s/it, loss=0.9421, acc=0.7476]\n"}
,{"stream_name":"stderr","time":351.131059706,"data":"\rStage2 Epoch 1/1:  94%|█████████▍| 154/164 [03:43\u003c00:13,  1.36s/it, loss=0.9421, acc=0.7476]\rStage2 Epoch 1/1:  95%|█████████▍| 155/164 [03:43\u003c00:12,  1.36s/it, loss=0.9421, acc=0.7476]\n"}
,{"stream_name":"stderr","time":352.496737404,"data":"\rStage2 Epoch 1/1:  95%|█████████▍| 155/164 [03:43\u003c00:12,  1.36s/it, loss=0.9421, acc=0.7476]\rStage2 Epoch 1/1:  95%|█████████▍| 155/164 [03:44\u003c00:12,  1.36s/it, loss=0.9383, acc=0.7488]\n"}
,{"stream_name":"stderr","time":352.497601981,"data":"\rStage2 Epoch 1/1:  95%|█████████▍| 155/164 [03:44\u003c00:12,  1.36s/it, loss=0.9383, acc=0.7488]\rStage2 Epoch 1/1:  95%|█████████▌| 156/164 [03:44\u003c00:10,  1.36s/it, loss=0.9383, acc=0.7488]\n"}
,{"stream_name":"stderr","time":353.856765435,"data":"\rStage2 Epoch 1/1:  95%|█████████▌| 156/164 [03:44\u003c00:10,  1.36s/it, loss=0.9383, acc=0.7488]\rStage2 Epoch 1/1:  95%|█████████▌| 156/164 [03:45\u003c00:10,  1.36s/it, loss=0.9363, acc=0.7494]\n"}
,{"stream_name":"stderr","time":353.857860181,"data":"\rStage2 Epoch 1/1:  95%|█████████▌| 156/164 [03:45\u003c00:10,  1.36s/it, loss=0.9363, acc=0.7494]\rStage2 Epoch 1/1:  96%|█████████▌| 157/164 [03:45\u003c00:09,  1.36s/it, loss=0.9363, acc=0.7494]\n"}
,{"stream_name":"stderr","time":355.213722784,"data":"\rStage2 Epoch 1/1:  96%|█████████▌| 157/164 [03:45\u003c00:09,  1.36s/it, loss=0.9363, acc=0.7494]\rStage2 Epoch 1/1:  96%|█████████▌| 157/164 [03:47\u003c00:09,  1.36s/it, loss=0.9347, acc=0.7498]\n"}
,{"stream_name":"stderr","time":355.214706374,"data":"\rStage2 Epoch 1/1:  96%|█████████▌| 157/164 [03:47\u003c00:09,  1.36s/it, loss=0.9347, acc=0.7498]\rStage2 Epoch 1/1:  96%|█████████▋| 158/164 [03:47\u003c00:08,  1.36s/it, loss=0.9347, acc=0.7498]\n"}
,{"stream_name":"stderr","time":356.572068579,"data":"\rStage2 Epoch 1/1:  96%|█████████▋| 158/164 [03:47\u003c00:08,  1.36s/it, loss=0.9347, acc=0.7498]\rStage2 Epoch 1/1:  96%|█████████▋| 158/164 [03:48\u003c00:08,  1.36s/it, loss=0.9337, acc=0.7500]\n"}
,{"stream_name":"stderr","time":356.573113903,"data":"\rStage2 Epoch 1/1:  96%|█████████▋| 158/164 [03:48\u003c00:08,  1.36s/it, loss=0.9337, acc=0.7500]\rStage2 Epoch 1/1:  97%|█████████▋| 159/164 [03:48\u003c00:06,  1.36s/it, loss=0.9337, acc=0.7500]\n"}
,{"stream_name":"stderr","time":357.934982964,"data":"\rStage2 Epoch 1/1:  97%|█████████▋| 159/164 [03:48\u003c00:06,  1.36s/it, loss=0.9337, acc=0.7500]\rStage2 Epoch 1/1:  97%|█████████▋| 159/164 [03:49\u003c00:06,  1.36s/it, loss=0.9304, acc=0.7508]\n"}
,{"stream_name":"stderr","time":357.936001863,"data":"\rStage2 Epoch 1/1:  97%|█████████▋| 159/164 [03:49\u003c00:06,  1.36s/it, loss=0.9304, acc=0.7508]\rStage2 Epoch 1/1:  98%|█████████▊| 160/164 [03:49\u003c00:05,  1.36s/it, loss=0.9304, acc=0.7508]\n"}
,{"stream_name":"stderr","time":359.290221125,"data":"\rStage2 Epoch 1/1:  98%|█████████▊| 160/164 [03:49\u003c00:05,  1.36s/it, loss=0.9304, acc=0.7508]\rStage2 Epoch 1/1:  98%|█████████▊| 160/164 [03:51\u003c00:05,  1.36s/it, loss=0.9270, acc=0.7519]\n"}
,{"stream_name":"stderr","time":359.291132683,"data":"\rStage2 Epoch 1/1:  98%|█████████▊| 160/164 [03:51\u003c00:05,  1.36s/it, loss=0.9270, acc=0.7519]\rStage2 Epoch 1/1:  98%|█████████▊| 161/164 [03:51\u003c00:04,  1.36s/it, loss=0.9270, acc=0.7519]\n"}
,{"stream_name":"stderr","time":360.649492819,"data":"\rStage2 Epoch 1/1:  98%|█████████▊| 161/164 [03:51\u003c00:04,  1.36s/it, loss=0.9270, acc=0.7519]\rStage2 Epoch 1/1:  98%|█████████▊| 161/164 [03:52\u003c00:04,  1.36s/it, loss=0.9258, acc=0.7525]\n"}
,{"stream_name":"stderr","time":360.650541173,"data":"\rStage2 Epoch 1/1:  98%|█████████▊| 161/164 [03:52\u003c00:04,  1.36s/it, loss=0.9258, acc=0.7525]\rStage2 Epoch 1/1:  99%|█████████▉| 162/164 [03:52\u003c00:02,  1.36s/it, loss=0.9258, acc=0.7525]\n"}
,{"stream_name":"stderr","time":362.004596773,"data":"\rStage2 Epoch 1/1:  99%|█████████▉| 162/164 [03:52\u003c00:02,  1.36s/it, loss=0.9258, acc=0.7525]\rStage2 Epoch 1/1:  99%|█████████▉| 162/164 [03:54\u003c00:02,  1.36s/it, loss=0.9243, acc=0.7531]\n"}
,{"stream_name":"stderr","time":362.0055518,"data":"\rStage2 Epoch 1/1:  99%|█████████▉| 162/164 [03:54\u003c00:02,  1.36s/it, loss=0.9243, acc=0.7531]\rStage2 Epoch 1/1:  99%|█████████▉| 163/164 [03:54\u003c00:01,  1.36s/it, loss=0.9243, acc=0.7531]\n"}
,{"stream_name":"stderr","time":373.53436483,"data":"\rStage2 Epoch 1/1:  99%|█████████▉| 163/164 [03:54\u003c00:01,  1.36s/it, loss=0.9243, acc=0.7531]\rStage2 Epoch 1/1:  99%|█████████▉| 163/164 [04:05\u003c00:01,  1.36s/it, loss=0.9225, acc=0.7536]\n"}
,{"stream_name":"stderr","time":373.535328197,"data":"\rStage2 Epoch 1/1:  99%|█████████▉| 163/164 [04:05\u003c00:01,  1.36s/it, loss=0.9225, acc=0.7536]\rStage2 Epoch 1/1: 100%|██████████| 164/164 [04:05\u003c00:00,  4.38s/it, loss=0.9225, acc=0.7536]\n"}
,{"stream_name":"stderr","time":373.536176507,"data":"\rStage2 Epoch 1/1: 100%|██████████| 164/164 [04:05\u003c00:00,  4.38s/it, loss=0.9225, acc=0.7536]\rStage2 Epoch 1/1: 100%|██████████| 164/164 [04:05\u003c00:00,  1.50s/it, loss=0.9225, acc=0.7536]\n"}
,{"stream_name":"stderr","time":373.538807874,"data":"\rStage2 Epoch 1/1: 100%|██████████| 164/164 [04:05\u003c00:00,  1.50s/it, loss=0.9225, acc=0.7536]\n"}
,{"stream_name":"stderr","time":373.538824405,"data":"\n"}
,{"stream_name":"stderr","time":373.538829163,"data":"\n"}
,{"stream_name":"stdout","time":389.757158887,"data":"  Val Loss: 0.6414 | Val Acc: 0.8133 | Val Macro-F1: 0.7298\n"}
,{"stream_name":"stdout","time":390.233127009,"data":"  -\u003e saved updated (best macro_f1: 0.7298)\n"}
,{"stream_name":"stdout","time":390.233159156,"data":"\n"}
,{"stream_name":"stdout","time":390.233165627,"data":"Training complete in 5.8 min. Best val macro_f1: 0.7298\n"}
,{"stream_name":"stdout","time":390.233171295,"data":"Stage-2 epochs actually run: 1/1\n"}
,{"stream_name":"stdout","time":390.832468586,"data":"Classes (20): ['coral', 'crab', 'diver', 'eel', 'fish', 'fishInGroups', 'flatworm', 'jellyfish', 'marine_dolphin', 'octopus', 'rayfish', 'seaAnemone', 'seaCucumber', 'seaSlug', 'seaUrchin', 'shark', 'shrimp', 'squid', 'starfish', 'turtle']\n"}
,{"stream_name":"stdout","time":390.832509424,"data":"\n"}
,{"stream_name":"stdout","time":413.472605967,"data":"============================================================\n"}
,{"stream_name":"stdout","time":413.472653151,"data":"Top-1 Accuracy:  0.8089 (80.89%)\n"}
,{"stream_name":"stdout","time":413.472659687,"data":"Top-3 Accuracy:  0.9516 (95.16%)\n"}
,{"stream_name":"stdout","time":413.472664592,"data":"Macro Precision: 0.7173\n"}
,{"stream_name":"stdout","time":413.472668832,"data":"Macro Recall:    0.8538\n"}
,{"stream_name":"stdout","time":413.472673421,"data":"Macro F1-Score:  0.7679\n"}
,{"stream_name":"stdout","time":413.47267795,"data":"============================================================\n"}
,{"stream_name":"stdout","time":413.472682512,"data":"\n"}
,{"stream_name":"stdout","time":413.472687573,"data":"Per-class Classification Report:\n"}
,{"stream_name":"stdout","time":413.47269228,"data":"                precision    recall  f1-score   support\n"}
,{"stream_name":"stdout","time":413.47269704,"data":"\n"}
,{"stream_name":"stdout","time":413.472701267,"data":"         coral     0.9398    0.7184    0.8143       348\n"}
,{"stream_name":"stdout","time":413.472705894,"data":"          crab     0.7857    1.0000    0.8800        11\n"}
,{"stream_name":"stdout","time":413.472710605,"data":"         diver     0.6500    1.0000    0.7879        13\n"}
,{"stream_name":"stdout","time":413.472715144,"data":"           eel     0.6610    0.9512    0.7800        41\n"}
,{"stream_name":"stdout","time":413.472720557,"data":"          fish     0.9349    0.7472    0.8306       538\n"}
,{"stream_name":"stdout","time":413.472725563,"data":"  fishInGroups     0.4174    0.6667    0.5134        72\n"}
,{"stream_name":"stdout","time":413.472745646,"data":"      flatworm     0.8462    0.8462    0.8462        13\n"}
,{"stream_name":"stdout","time":413.472749698,"data":"     jellyfish     0.8929    1.0000    0.9434        25\n"}
,{"stream_name":"stdout","time":413.472752927,"data":"marine_dolphin     0.5714    0.4000    0.4706        10\n"}
,{"stream_name":"stdout","time":413.47275637,"data":"       octopus     0.2727    0.6000    0.3750        10\n"}
,{"stream_name":"stdout","time":413.472760804,"data":"       rayfish     0.8878    0.9158    0.9016        95\n"}
,{"stream_name":"stdout","time":413.472764196,"data":"    seaAnemone     0.7803    0.9321    0.8495       221\n"}
,{"stream_name":"stdout","time":413.472767943,"data":"   seaCucumber     0.6000    0.9000    0.7200        10\n"}
,{"stream_name":"stdout","time":413.472771781,"data":"       seaSlug     0.6923    0.9000    0.7826        20\n"}
,{"stream_name":"stdout","time":413.472775863,"data":"     seaUrchin     0.6585    0.9310    0.7714        29\n"}
,{"stream_name":"stdout","time":413.47277977,"data":"         shark     0.5455    0.9474    0.6923        19\n"}
,{"stream_name":"stdout","time":413.472783834,"data":"        shrimp     0.8333    0.9091    0.8696        11\n"}
,{"stream_name":"stdout","time":413.472788026,"data":"         squid     0.7273    0.8000    0.7619        10\n"}
,{"stream_name":"stdout","time":413.472791316,"data":"      starfish     0.8605    0.9250    0.8916        40\n"}
,{"stream_name":"stdout","time":413.472794578,"data":"        turtle     0.7895    0.9868    0.8772        76\n"}
,{"stream_name":"stdout","time":413.472797867,"data":"\n"}
,{"stream_name":"stdout","time":413.472801015,"data":"      accuracy                         0.8089      1612\n"}
,{"stream_name":"stdout","time":413.47280441,"data":"     macro avg     0.7173    0.8538    0.7679      1612\n"}
,{"stream_name":"stdout","time":413.472807718,"data":"  weighted avg     0.8455    0.8089    0.8148      1612\n"}
,{"stream_name":"stdout","time":413.472810769,"data":"\n"}
,{"stream_name":"stdout","time":414.655064176,"data":"Confusion matrix saved to confusion_matrix_convnext_base.png\n"}
,{"stream_name":"stdout","time":414.836152283,"data":"====================================================================\n"}
,{"stream_name":"stdout","time":414.836188334,"data":"ERROR ANALYSIS\n"}
,{"stream_name":"stdout","time":414.836193128,"data":"====================================================================\n"}
,{"stream_name":"stdout","time":414.836197029,"data":"308 errors out of 1612 (19.1%)\n"}
,{"stream_name":"stdout","time":414.836200885,"data":"\n"}
,{"stream_name":"stdout","time":414.836204503,"data":"Confidence — is the model wrong *confidently*?\n"}
,{"stream_name":"stdout","time":414.836209133,"data":"  mean confidence when correct : 0.9021\n"}
,{"stream_name":"stdout","time":414.836214829,"data":"  mean confidence when wrong   : 0.6413\n"}
,{"stream_name":"stdout","time":414.836222993,"data":"  errors where the true class was still rank 2: 169 (54.9% of errors)\n"}
,{"stream_name":"stdout","time":414.836245274,"data":"\n"}
,{"stream_name":"stdout","time":414.836250135,"data":"5 weakest classes by F1:\n"}
,{"stream_name":"stdout","time":414.836254588,"data":"         class  support  precision  recall     f1  top3_recall  mean_conf_correct  mean_conf_wrong  mean_true_prob_when_wrong\n"}
,{"stream_name":"stdout","time":414.836259275,"data":"       octopus       10     0.2727  0.6000 0.3750       0.9000             0.8499           0.7292                     0.1602\n"}
,{"stream_name":"stdout","time":414.836263657,"data":"marine_dolphin       10     0.5714  0.4000 0.4706       0.8000             0.8450           0.6541                     0.1288\n"}
,{"stream_name":"stdout","time":414.836280455,"data":"  fishInGroups       72     0.4174  0.6667 0.5134       0.9444             0.8567           0.6480                     0.1727\n"}
,{"stream_name":"stdout","time":414.836284643,"data":"         shark       19     0.5455  0.9474 0.6923       1.0000             0.9374           0.9828                     0.0054\n"}
,{"stream_name":"stdout","time":414.836288608,"data":"   seaCucumber       10     0.6000  0.9000 0.7200       0.9000             0.9794           0.5029                     0.0011 \n"}
,{"stream_name":"stdout","time":414.836292514,"data":"\n"}
,{"stream_name":"stdout","time":414.836295925,"data":"10 most common confusions:\n"}
,{"stream_name":"stdout","time":414.836299506,"data":"        true    predicted  count  pct_of_true_class\n"}
,{"stream_name":"stdout","time":414.836303213,"data":"        fish fishInGroups     38               7.06\n"}
,{"stream_name":"stdout","time":414.836307549,"data":"       coral   seaAnemone     31               8.91\n"}
,{"stream_name":"stdout","time":414.836314799,"data":"       coral fishInGroups     28               8.05\n"}
,{"stream_name":"stdout","time":414.836340035,"data":"        fish   seaAnemone     24               4.46\n"}
,{"stream_name":"stdout","time":414.836343882,"data":"        fish          eel     15               2.79\n"}
,{"stream_name":"stdout","time":414.836347584,"data":"        fish       turtle     15               2.79\n"}
,{"stream_name":"stdout","time":414.836351328,"data":"fishInGroups         fish     13              18.06\n"}
,{"stream_name":"stdout","time":414.836354904,"data":"       coral         fish      8               2.30\n"}
,{"stream_name":"stdout","time":414.836358555,"data":"        fish      octopus      7               1.30\n"}
,{"stream_name":"stdout","time":414.836362142,"data":"        fish        coral      7               1.30 \n"}
,{"stream_name":"stdout","time":414.836365887,"data":"\n"}
,{"stream_name":"stdout","time":414.836369308,"data":"10 most confident mistakes:\n"}
,{"stream_name":"stdout","time":414.836372959,"data":" test_index       true  predicted  confidence  margin  true_class_prob  true_rank\n"}
,{"stream_name":"stdout","time":414.836376724,"data":"         14      coral seaAnemone      0.9980  0.9967           0.0014          2\n"}
,{"stream_name":"stdout","time":414.836380566,"data":"        329      coral  seaUrchin      0.9980  0.9974           0.0004          4\n"}
,{"stream_name":"stdout","time":414.83638606,"data":"          3      coral seaAnemone      0.9957  0.9942           0.0007          4\n"}
,{"stream_name":"stdout","time":414.836390073,"data":"        425       fish        eel      0.9948  0.9920           0.0001         11\n"}
,{"stream_name":"stdout","time":414.836399398,"data":"       1452  seaUrchin seaAnemone      0.9945  0.9919           0.0014          3\n"}
,{"stream_name":"stdout","time":414.836402395,"data":"        501       fish        eel      0.9944  0.9927           0.0015          3\n"}
,{"stream_name":"stdout","time":414.836404927,"data":"       1394 seaAnemone  seaUrchin      0.9935  0.9880           0.0054          2\n"}
,{"stream_name":"stdout","time":414.836407399,"data":"       1480     shrimp       crab      0.9934  0.9916           0.0015          3\n"}
,{"stream_name":"stdout","time":414.836410042,"data":"          6      coral  seaUrchin      0.9899  0.9866           0.0008          6\n"}
,{"stream_name":"stdout","time":414.836412588,"data":"        840       fish seaAnemone      0.9889  0.9827           0.0062          2 \n"}
,{"stream_name":"stdout","time":414.836415108,"data":"\n"}
,{"stream_name":"stdout","time":414.836421007,"data":"Artifacts written to analysis/:\n"}
,{"stream_name":"stdout","time":414.836423609,"data":"  confident_mistakes.csv  (12.8 KB)\n"}
,{"stream_name":"stdout","time":414.836427204,"data":"  confusion_matrix.csv  (1.1 KB)\n"}
,{"stream_name":"stdout","time":414.836446008,"data":"  confusion_pairs.csv  (1.7 KB)\n"}
,{"stream_name":"stdout","time":414.836450255,"data":"  epoch_log.csv  (0.2 KB)\n"}
,{"stream_name":"stdout","time":414.836454588,"data":"  per_class.csv  (1.2 KB)\n"}
,{"stream_name":"stdout","time":414.836458713,"data":"  probabilities.npy  (126.1 KB)\n"}
,{"stream_name":"stdout","time":414.836462437,"data":"  summary.json  (0.7 KB)\n"}
,{"stream_name":"stdout","time":415.046548409,"data":"Target layer: Sequential (channels_last=False)\n"}
,{"stream_name":"stdout","time":415.046579721,"data":"Selected 20 misclassified + 20 correct images, spanning 20 classes\n"}
,{"stream_name":"stdout","time":428.123712139,"data":"  [10/40] saved\n"}
,{"stream_name":"stdout","time":435.373229416,"data":"  [20/40] saved\n"}
,{"stream_name":"stdout","time":442.637610855,"data":"  [30/40] saved\n"}
,{"stream_name":"stdout","time":449.56371848,"data":"  [40/40] saved\n"}
,{"stream_name":"stdout","time":449.563752091,"data":"Saved 40 Grad-CAM visualizations to gradcam/convnext_base/\n"}
,{"stream_name":"stdout","time":449.563758295,"data":"  misclassified -\u003e gradcam/convnext_base/err_*.png\n"}
,{"stream_name":"stdout","time":449.689182418,"data":"Kernel output (/kaggle/working):\n"}
,{"stream_name":"stdout","time":449.689209608,"data":"  __notebook__.ipynb                                             0.21 MB\n"}
,{"stream_name":"stdout","time":449.689215017,"data":"  confusion_matrix_convnext_base.png                             0.16 MB\n"}
,{"stream_name":"stdout","time":449.68921957,"data":"  training_state_convnext_base.json                              0.00 MB\n"}
,{"stream_name":"stdout","time":449.689224446,"data":"  weights_convnext_base.pth                                    350.48 MB\n"}
,{"stream_name":"stdout","time":449.689228788,"data":"  analysis/confident_mistakes.csv                                0.01 MB\n"}
,{"stream_name":"stdout","time":449.689232875,"data":"  analysis/confusion_matrix.csv                                  0.00 MB\n"}
,{"stream_name":"stdout","time":449.689237807,"data":"  analysis/confusion_pairs.csv                                   0.00 MB\n"}
,{"stream_name":"stdout","time":449.689242104,"data":"  analysis/epoch_log.csv                                         0.00 MB\n"}
,{"stream_name":"stdout","time":449.689246783,"data":"  analysis/gradcam_manifest.csv                                  0.00 MB\n"}
,{"stream_name":"stdout","time":449.689251071,"data":"  analysis/per_class.csv                                         0.00 MB\n"}
,{"stream_name":"stdout","time":449.689255734,"data":"  analysis/probabilities.npy                                     0.13 MB\n"}
,{"stream_name":"stdout","time":449.689260708,"data":"  analysis/summary.json                                          0.00 MB\n"}
,{"stream_name":"stdout","time":449.689265411,"data":"  gradcam/convnext_base/err_000_coral-as-seaAnemone.png          0.85 MB\n"}
,{"stream_name":"stdout","time":449.689269679,"data":"  gradcam/convnext_base/err_001_eel-as-octopus.png               0.86 MB\n"}
,{"stream_name":"stdout","time":449.689290979,"data":"  gradcam/convnext_base/err_002_fish-as-eel.png                  0.66 MB\n"}
,{"stream_name":"stdout","time":449.689295509,"data":"  gradcam/convnext_base/err_003_fishInGroups-as-fish.png         0.69 MB\n"}
,{"stream_name":"stdout","time":449.689313575,"data":"  gradcam/convnext_base/err_004_flatworm-as-seaSlug.png          0.84 MB\n"}
,{"stream_name":"stdout","time":449.689337311,"data":"  gradcam/convnext_base/err_005_marine_dolphin-as-shark.png      0.47 MB\n"}
,{"stream_name":"stdout","time":449.689341086,"data":"  gradcam/convnext_base/err_006_octopus-as-eel.png               0.76 MB\n"}
,{"stream_name":"stdout","time":449.68934502,"data":"  gradcam/convnext_base/err_007_rayfish-as-shark.png             0.56 MB\n"}
,{"stream_name":"stdout","time":449.689348702,"data":"  gradcam/convnext_base/err_008_seaAnemone-as-seaUrchin.png      0.99 MB\n"}
,{"stream_name":"stdout","time":449.689352282,"data":"  gradcam/convnext_base/err_009_seaCucumber-as-shark.png         0.76 MB\n"}
,{"stream_name":"stdout","time":449.689355863,"data":"  gradcam/convnext_base/err_010_seaSlug-as-flatworm.png          0.98 MB\n"}
,{"stream_name":"stdout","time":449.68935973,"data":"  gradcam/convnext_base/err_011_seaUrchin-as-seaAnemone.png      0.99 MB\n"}
,{"stream_name":"stdout","time":449.689364272,"data":"  gradcam/convnext_base/err_012_shark-as-turtle.png              0.54 MB\n"}
,{"stream_name":"stdout","time":449.689368386,"data":"  gradcam/convnext_base/err_013_shrimp-as-crab.png               1.07 MB\n"}
,{"stream_name":"stdout","time":449.689372546,"data":"  gradcam/convnext_base/err_014_squid-as-shrimp.png              0.64 MB\n"}
,{"stream_name":"stdout","time":449.68937876,"data":"  gradcam/convnext_base/err_015_starfish-as-seaAnemone.png       1.00 MB\n"}
,{"stream_name":"stdout","time":449.689382646,"data":"  gradcam/convnext_base/err_016_turtle-as-seaCucumber.png        0.86 MB\n"}
,{"stream_name":"stdout","time":449.689388146,"data":"  gradcam/convnext_base/err_017_coral-as-seaUrchin.png           1.33 MB\n"}
,{"stream_name":"stdout","time":449.689399963,"data":"  gradcam/convnext_base/err_018_eel-as-seaCucumber.png           0.88 MB\n"}
,{"stream_name":"stdout","time":449.689402492,"data":"  gradcam/convnext_base/err_019_fish-as-eel.png                  0.87 MB\n"}
,{"stream_name":"stdout","time":449.689404874,"data":"  gradcam/convnext_base/zz_ok_020_coral-as-coral.png             1.14 MB\n"}
,{"stream_name":"stdout","time":449.689407286,"data":"  gradcam/convnext_base/zz_ok_021_crab-as-crab.png               0.93 MB\n"}
,{"stream_name":"stdout","time":449.68940974,"data":"  gradcam/convnext_base/zz_ok_022_diver-as-diver.png             0.45 MB\n"}
,{"stream_name":"stdout","time":449.689412142,"data":"  gradcam/convnext_base/zz_ok_023_eel-as-eel.png                 1.01 MB\n"}
,{"stream_name":"stdout","time":449.689414528,"data":"  gradcam/convnext_base/zz_ok_024_fish-as-fish.png               0.74 MB\n"}
,{"stream_name":"stdout","time":449.689416925,"data":"  gradcam/convnext_base/zz_ok_025_fishInGroups-as-fishInGroups.png     0.91 MB\n"}
,{"stream_name":"stdout","time":449.689419402,"data":"  gradcam/convnext_base/zz_ok_026_flatworm-as-flatworm.png       0.90 MB\n"}
,{"stream_name":"stdout","time":449.689421778,"data":"  gradcam/convnext_base/zz_ok_027_jellyfish-as-jellyfish.png     0.44 MB\n"}
,{"stream_name":"stdout","time":449.689424673,"data":"  gradcam/convnext_base/zz_ok_028_marine_dolphin-as-marine_dolphin.png     0.41 MB\n"}
,{"stream_name":"stdout","time":449.689427136,"data":"  gradcam/convnext_base/zz_ok_029_octopus-as-octopus.png         0.91 MB\n"}
,{"stream_name":"stdout","time":449.689429509,"data":"  gradcam/convnext_base/zz_ok_030_rayfish-as-rayfish.png         0.78 MB\n"}
,{"stream_name":"stdout","time":449.689431974,"data":"  gradcam/convnext_base/zz_ok_031_seaAnemone-as-seaAnemone.png     0.84 MB\n"}
,{"stream_name":"stdout","time":449.689434384,"data":"  gradcam/convnext_base/zz_ok_032_seaCucumber-as-seaCucumber.png     1.09 MB\n"}
,{"stream_name":"stdout","time":449.689448012,"data":"  gradcam/convnext_base/zz_ok_033_seaSlug-as-seaSlug.png         0.76 MB\n"}
,{"stream_name":"stdout","time":449.689450521,"data":"  gradcam/convnext_base/zz_ok_034_seaUrchin-as-seaUrchin.png     1.03 MB\n"}
,{"stream_name":"stdout","time":449.6894529,"data":"  gradcam/convnext_base/zz_ok_035_shark-as-shark.png             0.50 MB\n"}
,{"stream_name":"stdout","time":449.68945528,"data":"  gradcam/convnext_base/zz_ok_036_shrimp-as-shrimp.png           0.66 MB\n"}
,{"stream_name":"stdout","time":449.689457643,"data":"  gradcam/convnext_base/zz_ok_037_squid-as-squid.png             0.45 MB\n"}
,{"stream_name":"stdout","time":449.689460006,"data":"  gradcam/convnext_base/zz_ok_038_starfish-as-starfish.png       1.16 MB\n"}
,{"stream_name":"stdout","time":449.689462577,"data":"  gradcam/convnext_base/zz_ok_039_turtle-as-turtle.png           0.74 MB\n"}
,{"stream_name":"stdout","time":449.689464951,"data":"\n"}
,{"stream_name":"stdout","time":449.689467212,"data":"Total: 383.4 MB\n"}
,{"stream_name":"stdout","time":449.689469556,"data":"\n"}
,{"stream_name":"stdout","time":449.689471889,"data":"Pull with:  kaggle kernels output farhantahsinkhan/\u003cslug\u003e -p \u003cdir\u003e\n"}
,{"stream_name":"stdout","time":449.689474786,"data":"Downloads run alphabetically and can truncate — 'analysis/' arrives first,\n"}
,{"stream_name":"stdout","time":449.689478487,"data":"'weights_convnext_base.pth' last. If files look missing, re-pull before suspecting the run.\n"}
,{"stream_name":"stderr","time":455.779865311,"data":"/usr/local/lib/python3.12/dist-packages/mistune.py:435: SyntaxWarning: invalid escape sequence '\\|'\n"}
,{"stream_name":"stderr","time":455.779914774,"data":"  cells[i][c] = re.sub('\\\\\\\\\\|', '|', cell)\n"}
,{"stream_name":"stderr","time":455.938398299,"data":"/usr/local/lib/python3.12/dist-packages/nbconvert/filters/filter_links.py:36: SyntaxWarning: invalid escape sequence '\\_'\n"}
,{"stream_name":"stderr","time":455.938428647,"data":"  text = re.sub(r'_', '\\_', text) # Escape underscores in display text\n"}
,{"stream_name":"stderr","time":456.55386635,"data":"[NbConvertApp] Converting notebook __notebook__.ipynb to notebook\n"}
,{"stream_name":"stderr","time":456.988232619,"data":"[NbConvertApp] Writing 135865 bytes to __notebook__.ipynb\n"}
,{"stream_name":"stderr","time":459.571434585,"data":"[NbConvertApp] Converting notebook __notebook__.ipynb to html\n"}
,{"stream_name":"stderr","time":460.573253292,"data":"[NbConvertApp] Writing 515802 bytes to __results__.html\n"}
]