[{"stream_name":"stderr","time":5044.533499495,"data":"\r[label_smooth] Stage2 Epoch 69/75:  62%|██████▏   | 101/164 [00:35\u003c00:20,  3.01it/s, loss=0.7673, acc=0.9580]\r[label_smooth] Stage2 Epoch 69/75:  62%|██████▏   | 102/164 [00:35\u003c00:20,  3.01it/s, loss=0.7673, acc=0.9580]\n"}
,{"stream_name":"stderr","time":5044.864320349,"data":"\r[label_smooth] Stage2 Epoch 69/75:  62%|██████▏   | 102/164 [00:35\u003c00:20,  3.01it/s, loss=0.7673, acc=0.9580]\r[label_smooth] Stage2 Epoch 69/75:  62%|██████▏   | 102/164 [00:36\u003c00:20,  3.01it/s, loss=0.7675, acc=0.9581]\n"}
,{"stream_name":"stderr","time":5044.865359981,"data":"\r[label_smooth] Stage2 Epoch 69/75:  62%|██████▏   | 102/164 [00:36\u003c00:20,  3.01it/s, loss=0.7675, acc=0.9581]\r[label_smooth] Stage2 Epoch 69/75:  63%|██████▎   | 103/164 [00:36\u003c00:20,  3.01it/s, loss=0.7675, acc=0.9581]\n"}
,{"stream_name":"stderr","time":5045.194843915,"data":"\r[label_smooth] Stage2 Epoch 69/75:  63%|██████▎   | 103/164 [00:36\u003c00:20,  3.01it/s, loss=0.7675, acc=0.9581]\r[label_smooth] Stage2 Epoch 69/75:  63%|██████▎   | 103/164 [00:36\u003c00:20,  3.01it/s, loss=0.7675, acc=0.9582]\n"}
,{"stream_name":"stderr","time":5045.195964771,"data":"\r[label_smooth] Stage2 Epoch 69/75:  63%|██████▎   | 103/164 [00:36\u003c00:20,  3.01it/s, loss=0.7675, acc=0.9582]\r[label_smooth] Stage2 Epoch 69/75:  63%|██████▎   | 104/164 [00:36\u003c00:19,  3.02it/s, loss=0.7675, acc=0.9582]\n"}
,{"stream_name":"stderr","time":5045.527354166,"data":"\r[label_smooth] Stage2 Epoch 69/75:  63%|██████▎   | 104/164 [00:36\u003c00:19,  3.02it/s, loss=0.7675, acc=0.9582]\r[label_smooth] Stage2 Epoch 69/75:  63%|██████▎   | 104/164 [00:36\u003c00:19,  3.02it/s, loss=0.7672, acc=0.9586]\n"}
,{"stream_name":"stderr","time":5045.528897336,"data":"\r[label_smooth] Stage2 Epoch 69/75:  63%|██████▎   | 104/164 [00:36\u003c00:19,  3.02it/s, loss=0.7672, acc=0.9586]\r[label_smooth] Stage2 Epoch 69/75:  64%|██████▍   | 105/164 [00:36\u003c00:19,  3.01it/s, loss=0.7672, acc=0.9586]\n"}
,{"stream_name":"stderr","time":5045.862163771,"data":"\r[label_smooth] Stage2 Epoch 69/75:  64%|██████▍   | 105/164 [00:36\u003c00:19,  3.01it/s, loss=0.7672, acc=0.9586]\r[label_smooth] Stage2 Epoch 69/75:  64%|██████▍   | 105/164 [00:37\u003c00:19,  3.01it/s, loss=0.7677, acc=0.9584]\n"}
,{"stream_name":"stderr","time":5045.863050195,"data":"\r[label_smooth] Stage2 Epoch 69/75:  64%|██████▍   | 105/164 [00:37\u003c00:19,  3.01it/s, loss=0.7677, acc=0.9584]\r[label_smooth] Stage2 Epoch 69/75:  65%|██████▍   | 106/164 [00:37\u003c00:19,  3.00it/s, loss=0.7677, acc=0.9584]\n"}
,{"stream_name":"stderr","time":5046.191744792,"data":"\r[label_smooth] Stage2 Epoch 69/75:  65%|██████▍   | 106/164 [00:37\u003c00:19,  3.00it/s, loss=0.7677, acc=0.9584]\r[label_smooth] Stage2 Epoch 69/75:  65%|██████▍   | 106/164 [00:37\u003c00:19,  3.00it/s, loss=0.7672, acc=0.9582]\n"}
,{"stream_name":"stderr","time":5046.19289636,"data":"\r[label_smooth] Stage2 Epoch 69/75:  65%|██████▍   | 106/164 [00:37\u003c00:19,  3.00it/s, loss=0.7672, acc=0.9582]\r[label_smooth] Stage2 Epoch 69/75:  65%|██████▌   | 107/164 [00:37\u003c00:18,  3.01it/s, loss=0.7672, acc=0.9582]\n"}
,{"stream_name":"stderr","time":5046.523911607,"data":"\r[label_smooth] Stage2 Epoch 69/75:  65%|██████▌   | 107/164 [00:37\u003c00:18,  3.01it/s, loss=0.7672, acc=0.9582]\r[label_smooth] Stage2 Epoch 69/75:  65%|██████▌   | 107/164 [00:37\u003c00:18,  3.01it/s, loss=0.7668, acc=0.9583]\n"}
,{"stream_name":"stderr","time":5046.525003843,"data":"\r[label_smooth] Stage2 Epoch 69/75:  65%|██████▌   | 107/164 [00:37\u003c00:18,  3.01it/s, loss=0.7668, acc=0.9583]\r[label_smooth] Stage2 Epoch 69/75:  66%|██████▌   | 108/164 [00:37\u003c00:18,  3.01it/s, loss=0.7668, acc=0.9583]\n"}
,{"stream_name":"stderr","time":5046.852912328,"data":"\r[label_smooth] Stage2 Epoch 69/75:  66%|██████▌   | 108/164 [00:37\u003c00:18,  3.01it/s, loss=0.7668, acc=0.9583]\r[label_smooth] Stage2 Epoch 69/75:  66%|██████▌   | 108/164 [00:38\u003c00:18,  3.01it/s, loss=0.7664, acc=0.9587]\n"}
,{"stream_name":"stderr","time":5046.853937037,"data":"\r[label_smooth] Stage2 Epoch 69/75:  66%|██████▌   | 108/164 [00:38\u003c00:18,  3.01it/s, loss=0.7664, acc=0.9587]\r[label_smooth] Stage2 Epoch 69/75:  66%|██████▋   | 109/164 [00:38\u003c00:18,  3.02it/s, loss=0.7664, acc=0.9587]\n"}
,{"stream_name":"stderr","time":5047.182191011,"data":"\r[label_smooth] Stage2 Epoch 69/75:  66%|██████▋   | 109/164 [00:38\u003c00:18,  3.02it/s, loss=0.7664, acc=0.9587]\r[label_smooth] Stage2 Epoch 69/75:  66%|██████▋   | 109/164 [00:38\u003c00:18,  3.02it/s, loss=0.7681, acc=0.9582]\n"}
,{"stream_name":"stderr","time":5047.183028247,"data":"\r[label_smooth] Stage2 Epoch 69/75:  66%|██████▋   | 109/164 [00:38\u003c00:18,  3.02it/s, loss=0.7681, acc=0.9582]\r[label_smooth] Stage2 Epoch 69/75:  67%|██████▋   | 110/164 [00:38\u003c00:17,  3.03it/s, loss=0.7681, acc=0.9582]\n"}
,{"stream_name":"stderr","time":5047.51132621,"data":"\r[label_smooth] Stage2 Epoch 69/75:  67%|██████▋   | 110/164 [00:38\u003c00:17,  3.03it/s, loss=0.7681, acc=0.9582]\r[label_smooth] Stage2 Epoch 69/75:  67%|██████▋   | 110/164 [00:38\u003c00:17,  3.03it/s, loss=0.7683, acc=0.9581]\n"}
,{"stream_name":"stderr","time":5047.5136546,"data":"\r[label_smooth] Stage2 Epoch 69/75:  67%|██████▋   | 110/164 [00:38\u003c00:17,  3.03it/s, loss=0.7683, acc=0.9581]\r[label_smooth] Stage2 Epoch 69/75:  68%|██████▊   | 111/164 [00:38\u003c00:17,  3.03it/s, loss=0.7683, acc=0.9581]\n"}
,{"stream_name":"stderr","time":5047.842314862,"data":"\r[label_smooth] Stage2 Epoch 69/75:  68%|██████▊   | 111/164 [00:38\u003c00:17,  3.03it/s, loss=0.7683, acc=0.9581]\r[label_smooth] Stage2 Epoch 69/75:  68%|██████▊   | 111/164 [00:39\u003c00:17,  3.03it/s, loss=0.7680, acc=0.9581]\n"}
,{"stream_name":"stderr","time":5047.843455848,"data":"\r[label_smooth] Stage2 Epoch 69/75:  68%|██████▊   | 111/164 [00:39\u003c00:17,  3.03it/s, loss=0.7680, acc=0.9581]\r[label_smooth] Stage2 Epoch 69/75:  68%|██████▊   | 112/164 [00:39\u003c00:17,  3.03it/s, loss=0.7680, acc=0.9581]\n"}
,{"stream_name":"stderr","time":5048.174492348,"data":"\r[label_smooth] Stage2 Epoch 69/75:  68%|██████▊   | 112/164 [00:39\u003c00:17,  3.03it/s, loss=0.7680, acc=0.9581]\r[label_smooth] Stage2 Epoch 69/75:  68%|██████▊   | 112/164 [00:39\u003c00:17,  3.03it/s, loss=0.7687, acc=0.9577]\n"}
,{"stream_name":"stderr","time":5048.175501761,"data":"\r[label_smooth] Stage2 Epoch 69/75:  68%|██████▊   | 112/164 [00:39\u003c00:17,  3.03it/s, loss=0.7687, acc=0.9577]\r[label_smooth] Stage2 Epoch 69/75:  69%|██████▉   | 113/164 [00:39\u003c00:16,  3.03it/s, loss=0.7687, acc=0.9577]\n"}
,{"stream_name":"stderr","time":5048.504430333,"data":"\r[label_smooth] Stage2 Epoch 69/75:  69%|██████▉   | 113/164 [00:39\u003c00:16,  3.03it/s, loss=0.7687, acc=0.9577]\r[label_smooth] Stage2 Epoch 69/75:  69%|██████▉   | 113/164 [00:39\u003c00:16,  3.03it/s, loss=0.7690, acc=0.9575]\n"}
,{"stream_name":"stderr","time":5048.508139345,"data":"\r[label_smooth] Stage2 Epoch 69/75:  69%|██████▉   | 113/164 [00:39\u003c00:16,  3.03it/s, loss=0.7690, acc=0.9575]\r[label_smooth] Stage2 Epoch 69/75:  70%|██████▉   | 114/164 [00:39\u003c00:16,  3.02it/s, loss=0.7690, acc=0.9575]\n"}
,{"stream_name":"stderr","time":5048.838391854,"data":"\r[label_smooth] Stage2 Epoch 69/75:  70%|██████▉   | 114/164 [00:39\u003c00:16,  3.02it/s, loss=0.7690, acc=0.9575]\r[label_smooth] Stage2 Epoch 69/75:  70%|██████▉   | 114/164 [00:40\u003c00:16,  3.02it/s, loss=0.7689, acc=0.9579]\n"}
,{"stream_name":"stderr","time":5048.840054394,"data":"\r[label_smooth] Stage2 Epoch 69/75:  70%|██████▉   | 114/164 [00:40\u003c00:16,  3.02it/s, loss=0.7689, acc=0.9579]\r[label_smooth] Stage2 Epoch 69/75:  70%|███████   | 115/164 [00:40\u003c00:16,  3.01it/s, loss=0.7689, acc=0.9579]\n"}
,{"stream_name":"stderr","time":5049.171493477,"data":"\r[label_smooth] Stage2 Epoch 69/75:  70%|███████   | 115/164 [00:40\u003c00:16,  3.01it/s, loss=0.7689, acc=0.9579]\r[label_smooth] Stage2 Epoch 69/75:  70%|███████   | 115/164 [00:40\u003c00:16,  3.01it/s, loss=0.7690, acc=0.9577]\n"}
,{"stream_name":"stderr","time":5049.173061388,"data":"\r[label_smooth] Stage2 Epoch 69/75:  70%|███████   | 115/164 [00:40\u003c00:16,  3.01it/s, loss=0.7690, acc=0.9577]\r[label_smooth] Stage2 Epoch 69/75:  71%|███████   | 116/164 [00:40\u003c00:15,  3.01it/s, loss=0.7690, acc=0.9577]\n"}
,{"stream_name":"stderr","time":5049.502794712,"data":"\r[label_smooth] Stage2 Epoch 69/75:  71%|███████   | 116/164 [00:40\u003c00:15,  3.01it/s, loss=0.7690, acc=0.9577]\r[label_smooth] Stage2 Epoch 69/75:  71%|███████   | 116/164 [00:40\u003c00:15,  3.01it/s, loss=0.7688, acc=0.9575]\n"}
,{"stream_name":"stderr","time":5049.504585256,"data":"\r[label_smooth] Stage2 Epoch 69/75:  71%|███████   | 116/164 [00:40\u003c00:15,  3.01it/s, loss=0.7688, acc=0.9575]\r[label_smooth] Stage2 Epoch 69/75:  71%|███████▏  | 117/164 [00:40\u003c00:15,  3.01it/s, loss=0.7688, acc=0.9575]\n"}
,{"stream_name":"stderr","time":5049.832157285,"data":"\r[label_smooth] Stage2 Epoch 69/75:  71%|███████▏  | 117/164 [00:40\u003c00:15,  3.01it/s, loss=0.7688, acc=0.9575]\r[label_smooth] Stage2 Epoch 69/75:  71%|███████▏  | 117/164 [00:41\u003c00:15,  3.01it/s, loss=0.7686, acc=0.9576]\n"}
,{"stream_name":"stderr","time":5049.833047982,"data":"\r[label_smooth] Stage2 Epoch 69/75:  71%|███████▏  | 117/164 [00:41\u003c00:15,  3.01it/s, loss=0.7686, acc=0.9576]\r[label_smooth] Stage2 Epoch 69/75:  72%|███████▏  | 118/164 [00:41\u003c00:15,  3.02it/s, loss=0.7686, acc=0.9576]\n"}
,{"stream_name":"stderr","time":5050.164622755,"data":"\r[label_smooth] Stage2 Epoch 69/75:  72%|███████▏  | 118/164 [00:41\u003c00:15,  3.02it/s, loss=0.7686, acc=0.9576]\r[label_smooth] Stage2 Epoch 69/75:  72%|███████▏  | 118/164 [00:41\u003c00:15,  3.02it/s, loss=0.7690, acc=0.9575]\n"}
,{"stream_name":"stderr","time":5050.165894697,"data":"\r[label_smooth] Stage2 Epoch 69/75:  72%|███████▏  | 118/164 [00:41\u003c00:15,  3.02it/s, loss=0.7690, acc=0.9575]\r[label_smooth] Stage2 Epoch 69/75:  73%|███████▎  | 119/164 [00:41\u003c00:14,  3.02it/s, loss=0.7690, acc=0.9575]\n"}
,{"stream_name":"stderr","time":5050.496359613,"data":"\r[label_smooth] Stage2 Epoch 69/75:  73%|███████▎  | 119/164 [00:41\u003c00:14,  3.02it/s, loss=0.7690, acc=0.9575]\r[label_smooth] Stage2 Epoch 69/75:  73%|███████▎  | 119/164 [00:41\u003c00:14,  3.02it/s, loss=0.7692, acc=0.9576]\n"}
,{"stream_name":"stderr","time":5050.497534122,"data":"\r[label_smooth] Stage2 Epoch 69/75:  73%|███████▎  | 119/164 [00:41\u003c00:14,  3.02it/s, loss=0.7692, acc=0.9576]\r[label_smooth] Stage2 Epoch 69/75:  73%|███████▎  | 120/164 [00:41\u003c00:14,  3.01it/s, loss=0.7692, acc=0.9576]\n"}
,{"stream_name":"stderr","time":5050.830673572,"data":"\r[label_smooth] Stage2 Epoch 69/75:  73%|███████▎  | 120/164 [00:41\u003c00:14,  3.01it/s, loss=0.7692, acc=0.9576]\r[label_smooth] Stage2 Epoch 69/75:  73%|███████▎  | 120/164 [00:42\u003c00:14,  3.01it/s, loss=0.7690, acc=0.9576]\n"}
,{"stream_name":"stderr","time":5050.834660335,"data":"\r[label_smooth] Stage2 Epoch 69/75:  73%|███████▎  | 120/164 [00:42\u003c00:14,  3.01it/s, loss=0.7690, acc=0.9576]\r[label_smooth] Stage2 Epoch 69/75:  74%|███████▍  | 121/164 [00:42\u003c00:14,  3.02it/s, loss=0.7690, acc=0.9576]\n"}
,{"stream_name":"stderr","time":5051.160156853,"data":"\r[label_smooth] Stage2 Epoch 69/75:  74%|███████▍  | 121/164 [00:42\u003c00:14,  3.02it/s, loss=0.7690, acc=0.9576]\r[label_smooth] Stage2 Epoch 69/75:  74%|███████▍  | 121/164 [00:42\u003c00:14,  3.02it/s, loss=0.7684, acc=0.9580]\n"}
,{"stream_name":"stderr","time":5051.16194812,"data":"\r[label_smooth] Stage2 Epoch 69/75:  74%|███████▍  | 121/164 [00:42\u003c00:14,  3.02it/s, loss=0.7684, acc=0.9580]\r[label_smooth] Stage2 Epoch 69/75:  74%|███████▍  | 122/164 [00:42\u003c00:13,  3.02it/s, loss=0.7684, acc=0.9580]\n"}
,{"stream_name":"stderr","time":5051.493992429,"data":"\r[label_smooth] Stage2 Epoch 69/75:  74%|███████▍  | 122/164 [00:42\u003c00:13,  3.02it/s, loss=0.7684, acc=0.9580]\r[label_smooth] Stage2 Epoch 69/75:  74%|███████▍  | 122/164 [00:42\u003c00:13,  3.02it/s, loss=0.7678, acc=0.9581]\n"}
,{"stream_name":"stderr","time":5051.494878787,"data":"\r[label_smooth] Stage2 Epoch 69/75:  74%|███████▍  | 122/164 [00:42\u003c00:13,  3.02it/s, loss=0.7678, acc=0.9581]\r[label_smooth] Stage2 Epoch 69/75:  75%|███████▌  | 123/164 [00:42\u003c00:13,  3.01it/s, loss=0.7678, acc=0.9581]\n"}
,{"stream_name":"stderr","time":5051.825484316,"data":"\r[label_smooth] Stage2 Epoch 69/75:  75%|███████▌  | 123/164 [00:42\u003c00:13,  3.01it/s, loss=0.7678, acc=0.9581]\r[label_smooth] Stage2 Epoch 69/75:  75%|███████▌  | 123/164 [00:43\u003c00:13,  3.01it/s, loss=0.7674, acc=0.9584]\n"}
,{"stream_name":"stderr","time":5051.831069241,"data":"\r[label_smooth] Stage2 Epoch 69/75:  75%|███████▌  | 123/164 [00:43\u003c00:13,  3.01it/s, loss=0.7674, acc=0.9584]\r[label_smooth] Stage2 Epoch 69/75:  76%|███████▌  | 124/164 [00:43\u003c00:13,  3.01it/s, loss=0.7674, acc=0.9584]\n"}
,{"stream_name":"stderr","time":5052.153299308,"data":"\r[label_smooth] Stage2 Epoch 69/75:  76%|███████▌  | 124/164 [00:43\u003c00:13,  3.01it/s, loss=0.7674, acc=0.9584]\r[label_smooth] Stage2 Epoch 69/75:  76%|███████▌  | 124/164 [00:43\u003c00:13,  3.01it/s, loss=0.7674, acc=0.9585]\n"}
,{"stream_name":"stderr","time":5052.154281316,"data":"\r[label_smooth] Stage2 Epoch 69/75:  76%|███████▌  | 124/164 [00:43\u003c00:13,  3.01it/s, loss=0.7674, acc=0.9585]\r[label_smooth] Stage2 Epoch 69/75:  76%|███████▌  | 125/164 [00:43\u003c00:12,  3.02it/s, loss=0.7674, acc=0.9585]\n"}
,{"stream_name":"stderr","time":5052.484026608,"data":"\r[label_smooth] Stage2 Epoch 69/75:  76%|███████▌  | 125/164 [00:43\u003c00:12,  3.02it/s, loss=0.7674, acc=0.9585]\r[label_smooth] Stage2 Epoch 69/75:  76%|███████▌  | 125/164 [00:43\u003c00:12,  3.02it/s, loss=0.7674, acc=0.9583]\n"}
,{"stream_name":"stderr","time":5052.485111813,"data":"\r[label_smooth] Stage2 Epoch 69/75:  76%|███████▌  | 125/164 [00:43\u003c00:12,  3.02it/s, loss=0.7674, acc=0.9583]\r[label_smooth] Stage2 Epoch 69/75:  77%|███████▋  | 126/164 [00:43\u003c00:12,  3.02it/s, loss=0.7674, acc=0.9583]\n"}
,{"stream_name":"stderr","time":5052.81490938,"data":"\r[label_smooth] Stage2 Epoch 69/75:  77%|███████▋  | 126/164 [00:43\u003c00:12,  3.02it/s, loss=0.7674, acc=0.9583]\r[label_smooth] Stage2 Epoch 69/75:  77%|███████▋  | 126/164 [00:44\u003c00:12,  3.02it/s, loss=0.7679, acc=0.9582]\n"}
,{"stream_name":"stderr","time":5052.815769315,"data":"\r[label_smooth] Stage2 Epoch 69/75:  77%|███████▋  | 126/164 [00:44\u003c00:12,  3.02it/s, loss=0.7679, acc=0.9582]\r[label_smooth] Stage2 Epoch 69/75:  77%|███████▋  | 127/164 [00:44\u003c00:12,  3.02it/s, loss=0.7679, acc=0.9582]\n"}
,{"stream_name":"stderr","time":5053.143196917,"data":"\r[label_smooth] Stage2 Epoch 69/75:  77%|███████▋  | 127/164 [00:44\u003c00:12,  3.02it/s, loss=0.7679, acc=0.9582]\r[label_smooth] Stage2 Epoch 69/75:  77%|███████▋  | 127/164 [00:44\u003c00:12,  3.02it/s, loss=0.7682, acc=0.9580]\n"}
,{"stream_name":"stderr","time":5053.144089102,"data":"\r[label_smooth] Stage2 Epoch 69/75:  77%|███████▋  | 127/164 [00:44\u003c00:12,  3.02it/s, loss=0.7682, acc=0.9580]\r[label_smooth] Stage2 Epoch 69/75:  78%|███████▊  | 128/164 [00:44\u003c00:11,  3.03it/s, loss=0.7682, acc=0.9580]\n"}
,{"stream_name":"stderr","time":5053.472203491,"data":"\r[label_smooth] Stage2 Epoch 69/75:  78%|███████▊  | 128/164 [00:44\u003c00:11,  3.03it/s, loss=0.7682, acc=0.9580]\r[label_smooth] Stage2 Epoch 69/75:  78%|███████▊  | 128/164 [00:44\u003c00:11,  3.03it/s, loss=0.7675, acc=0.9583]\n"}
,{"stream_name":"stderr","time":5053.473542934,"data":"\r[label_smooth] Stage2 Epoch 69/75:  78%|███████▊  | 128/164 [00:44\u003c00:11,  3.03it/s, loss=0.7675, acc=0.9583]\r[label_smooth] Stage2 Epoch 69/75:  79%|███████▊  | 129/164 [00:44\u003c00:11,  3.03it/s, loss=0.7675, acc=0.9583]\n"}
,{"stream_name":"stderr","time":5053.803660517,"data":"\r[label_smooth] Stage2 Epoch 69/75:  79%|███████▊  | 129/164 [00:44\u003c00:11,  3.03it/s, loss=0.7675, acc=0.9583]\r[label_smooth] Stage2 Epoch 69/75:  79%|███████▊  | 129/164 [00:45\u003c00:11,  3.03it/s, loss=0.7672, acc=0.9584]\n"}
,{"stream_name":"stderr","time":5053.804915406,"data":"\r[label_smooth] Stage2 Epoch 69/75:  79%|███████▊  | 129/164 [00:45\u003c00:11,  3.03it/s, loss=0.7672, acc=0.9584]\r[label_smooth] Stage2 Epoch 69/75:  79%|███████▉  | 130/164 [00:45\u003c00:11,  3.03it/s, loss=0.7672, acc=0.9584]\n"}
,{"stream_name":"stderr","time":5054.136718765,"data":"\r[label_smooth] Stage2 Epoch 69/75:  79%|███████▉  | 130/164 [00:45\u003c00:11,  3.03it/s, loss=0.7672, acc=0.9584]\r[label_smooth] Stage2 Epoch 69/75:  79%|███████▉  | 130/164 [00:45\u003c00:11,  3.03it/s, loss=0.7679, acc=0.9575]\n"}
,{"stream_name":"stderr","time":5054.137935548,"data":"\r[label_smooth] Stage2 Epoch 69/75:  79%|███████▉  | 130/164 [00:45\u003c00:11,  3.03it/s, loss=0.7679, acc=0.9575]\r[label_smooth] Stage2 Epoch 69/75:  80%|███████▉  | 131/164 [00:45\u003c00:10,  3.02it/s, loss=0.7679, acc=0.9575]\n"}
,{"stream_name":"stderr","time":5054.470195262,"data":"\r[label_smooth] Stage2 Epoch 69/75:  80%|███████▉  | 131/164 [00:45\u003c00:10,  3.02it/s, loss=0.7679, acc=0.9575]\r[label_smooth] Stage2 Epoch 69/75:  80%|███████▉  | 131/164 [00:45\u003c00:10,  3.02it/s, loss=0.7680, acc=0.9574]\n"}
,{"stream_name":"stderr","time":5054.471099026,"data":"\r[label_smooth] Stage2 Epoch 69/75:  80%|███████▉  | 131/164 [00:45\u003c00:10,  3.02it/s, loss=0.7680, acc=0.9574]\r[label_smooth] Stage2 Epoch 69/75:  80%|████████  | 132/164 [00:45\u003c00:10,  3.01it/s, loss=0.7680, acc=0.9574]\n"}
,{"stream_name":"stderr","time":5054.808299675,"data":"\r[label_smooth] Stage2 Epoch 69/75:  80%|████████  | 132/164 [00:45\u003c00:10,  3.01it/s, loss=0.7680, acc=0.9574]\r[label_smooth] Stage2 Epoch 69/75:  80%|████████  | 132/164 [00:46\u003c00:10,  3.01it/s, loss=0.7682, acc=0.9575]\n"}
,{"stream_name":"stderr","time":5054.809725529,"data":"\r[label_smooth] Stage2 Epoch 69/75:  80%|████████  | 132/164 [00:46\u003c00:10,  3.01it/s, loss=0.7682, acc=0.9575]\r[label_smooth] Stage2 Epoch 69/75:  81%|████████  | 133/164 [00:46\u003c00:10,  3.00it/s, loss=0.7682, acc=0.9575]\n"}
,{"stream_name":"stderr","time":5055.14005626,"data":"\r[label_smooth] Stage2 Epoch 69/75:  81%|████████  | 133/164 [00:46\u003c00:10,  3.00it/s, loss=0.7682, acc=0.9575]\r[label_smooth] Stage2 Epoch 69/75:  81%|████████  | 133/164 [00:46\u003c00:10,  3.00it/s, loss=0.7687, acc=0.9573]\n"}
,{"stream_name":"stderr","time":5055.141857808,"data":"\r[label_smooth] Stage2 Epoch 69/75:  81%|████████  | 133/164 [00:46\u003c00:10,  3.00it/s, loss=0.7687, acc=0.9573]\r[label_smooth] Stage2 Epoch 69/75:  82%|████████▏ | 134/164 [00:46\u003c00:09,  3.00it/s, loss=0.7687, acc=0.9573]\n"}
,{"stream_name":"stderr","time":5055.471309905,"data":"\r[label_smooth] Stage2 Epoch 69/75:  82%|████████▏ | 134/164 [00:46\u003c00:09,  3.00it/s, loss=0.7687, acc=0.9573]\r[label_smooth] Stage2 Epoch 69/75:  82%|████████▏ | 134/164 [00:46\u003c00:09,  3.00it/s, loss=0.7686, acc=0.9574]\n"}
,{"stream_name":"stderr","time":5055.473116366,"data":"\r[label_smooth] Stage2 Epoch 69/75:  82%|████████▏ | 134/164 [00:46\u003c00:09,  3.00it/s, loss=0.7686, acc=0.9574]\r[label_smooth] Stage2 Epoch 69/75:  82%|████████▏ | 135/164 [00:46\u003c00:09,  3.01it/s, loss=0.7686, acc=0.9574]\n"}
,{"stream_name":"stderr","time":5055.810061552,"data":"\r[label_smooth] Stage2 Epoch 69/75:  82%|████████▏ | 135/164 [00:46\u003c00:09,  3.01it/s, loss=0.7686, acc=0.9574]\r[label_smooth] Stage2 Epoch 69/75:  82%|████████▏ | 135/164 [00:47\u003c00:09,  3.01it/s, loss=0.7686, acc=0.9575]\n"}
,{"stream_name":"stderr","time":5055.811420964,"data":"\r[label_smooth] Stage2 Epoch 69/75:  82%|████████▏ | 135/164 [00:47\u003c00:09,  3.01it/s, loss=0.7686, acc=0.9575]\r[label_smooth] Stage2 Epoch 69/75:  83%|████████▎ | 136/164 [00:47\u003c00:09,  2.99it/s, loss=0.7686, acc=0.9575]\n"}
,{"stream_name":"stderr","time":5056.142284304,"data":"\r[label_smooth] Stage2 Epoch 69/75:  83%|████████▎ | 136/164 [00:47\u003c00:09,  2.99it/s, loss=0.7686, acc=0.9575]\r[label_smooth] Stage2 Epoch 69/75:  83%|████████▎ | 136/164 [00:47\u003c00:09,  2.99it/s, loss=0.7681, acc=0.9578]\n"}
,{"stream_name":"stderr","time":5056.143349331,"data":"\r[label_smooth] Stage2 Epoch 69/75:  83%|████████▎ | 136/164 [00:47\u003c00:09,  2.99it/s, loss=0.7681, acc=0.9578]\r[label_smooth] Stage2 Epoch 69/75:  84%|████████▎ | 137/164 [00:47\u003c00:09,  3.00it/s, loss=0.7681, acc=0.9578]\n"}
,{"stream_name":"stderr","time":5056.479937748,"data":"\r[label_smooth] Stage2 Epoch 69/75:  84%|████████▎ | 137/164 [00:47\u003c00:09,  3.00it/s, loss=0.7681, acc=0.9578]\r[label_smooth] Stage2 Epoch 69/75:  84%|████████▎ | 137/164 [00:47\u003c00:09,  3.00it/s, loss=0.7677, acc=0.9581]\n"}
,{"stream_name":"stderr","time":5056.480934061,"data":"\r[label_smooth] Stage2 Epoch 69/75:  84%|████████▎ | 137/164 [00:47\u003c00:09,  3.00it/s, loss=0.7677, acc=0.9581]\r[label_smooth] Stage2 Epoch 69/75:  84%|████████▍ | 138/164 [00:47\u003c00:08,  2.99it/s, loss=0.7677, acc=0.9581]\n"}
,{"stream_name":"stderr","time":5056.809521793,"data":"\r[label_smooth] Stage2 Epoch 69/75:  84%|████████▍ | 138/164 [00:47\u003c00:08,  2.99it/s, loss=0.7677, acc=0.9581]\r[label_smooth] Stage2 Epoch 69/75:  84%|████████▍ | 138/164 [00:48\u003c00:08,  2.99it/s, loss=0.7681, acc=0.9577]\n"}
,{"stream_name":"stderr","time":5056.810606127,"data":"\r[label_smooth] Stage2 Epoch 69/75:  84%|████████▍ | 138/164 [00:48\u003c00:08,  2.99it/s, loss=0.7681, acc=0.9577]\r[label_smooth] Stage2 Epoch 69/75:  85%|████████▍ | 139/164 [00:48\u003c00:08,  3.00it/s, loss=0.7681, acc=0.9577]\n"}
,{"stream_name":"stderr","time":5057.137869943,"data":"\r[label_smooth] Stage2 Epoch 69/75:  85%|████████▍ | 139/164 [00:48\u003c00:08,  3.00it/s, loss=0.7681, acc=0.9577]\r[label_smooth] Stage2 Epoch 69/75:  85%|████████▍ | 139/164 [00:48\u003c00:08,  3.00it/s, loss=0.7676, acc=0.9580]\n"}
,{"stream_name":"stderr","time":5057.139018899,"data":"\r[label_smooth] Stage2 Epoch 69/75:  85%|████████▍ | 139/164 [00:48\u003c00:08,  3.00it/s, loss=0.7676, acc=0.9580]\r[label_smooth] Stage2 Epoch 69/75:  85%|████████▌ | 140/164 [00:48\u003c00:07,  3.01it/s, loss=0.7676, acc=0.9580]\n"}
,{"stream_name":"stderr","time":5057.465733837,"data":"\r[label_smooth] Stage2 Epoch 69/75:  85%|████████▌ | 140/164 [00:48\u003c00:07,  3.01it/s, loss=0.7676, acc=0.9580]\r[label_smooth] Stage2 Epoch 69/75:  85%|████████▌ | 140/164 [00:48\u003c00:07,  3.01it/s, loss=0.7672, acc=0.9583]\n"}
,{"stream_name":"stderr","time":5057.4665859,"data":"\r[label_smooth] Stage2 Epoch 69/75:  85%|████████▌ | 140/164 [00:48\u003c00:07,  3.01it/s, loss=0.7672, acc=0.9583]\r[label_smooth] Stage2 Epoch 69/75:  86%|████████▌ | 141/164 [00:48\u003c00:07,  3.02it/s, loss=0.7672, acc=0.9583]\n"}
,{"stream_name":"stderr","time":5057.798708526,"data":"\r[label_smooth] Stage2 Epoch 69/75:  86%|████████▌ | 141/164 [00:48\u003c00:07,  3.02it/s, loss=0.7672, acc=0.9583]\r[label_smooth] Stage2 Epoch 69/75:  86%|████████▌ | 141/164 [00:49\u003c00:07,  3.02it/s, loss=0.7668, acc=0.9586]\n"}
,{"stream_name":"stderr","time":5057.803010531,"data":"\r[label_smooth] Stage2 Epoch 69/75:  86%|████████▌ | 141/164 [00:49\u003c00:07,  3.02it/s, loss=0.7668, acc=0.9586]\r[label_smooth] Stage2 Epoch 69/75:  87%|████████▋ | 142/164 [00:49\u003c00:07,  3.02it/s, loss=0.7668, acc=0.9586]\n"}
,{"stream_name":"stderr","time":5058.127407342,"data":"\r[label_smooth] Stage2 Epoch 69/75:  87%|████████▋ | 142/164 [00:49\u003c00:07,  3.02it/s, loss=0.7668, acc=0.9586]\r[label_smooth] Stage2 Epoch 69/75:  87%|████████▋ | 142/164 [00:49\u003c00:07,  3.02it/s, loss=0.7666, acc=0.9587]\n"}
,{"stream_name":"stderr","time":5058.128432373,"data":"\r[label_smooth] Stage2 Epoch 69/75:  87%|████████▋ | 142/164 [00:49\u003c00:07,  3.02it/s, loss=0.7666, acc=0.9587]\r[label_smooth] Stage2 Epoch 69/75:  87%|████████▋ | 143/164 [00:49\u003c00:06,  3.03it/s, loss=0.7666, acc=0.9587]\n"}
,{"stream_name":"stderr","time":5058.463848808,"data":"\r[label_smooth] Stage2 Epoch 69/75:  87%|████████▋ | 143/164 [00:49\u003c00:06,  3.03it/s, loss=0.7666, acc=0.9587]\r[label_smooth] Stage2 Epoch 69/75:  87%|████████▋ | 143/164 [00:49\u003c00:06,  3.03it/s, loss=0.7667, acc=0.9586]\n"}
,{"stream_name":"stderr","time":5058.464988662,"data":"\r[label_smooth] Stage2 Epoch 69/75:  87%|████████▋ | 143/164 [00:49\u003c00:06,  3.03it/s, loss=0.7667, acc=0.9586]\r[label_smooth] Stage2 Epoch 69/75:  88%|████████▊ | 144/164 [00:49\u003c00:06,  3.01it/s, loss=0.7667, acc=0.9586]\n"}
,{"stream_name":"stderr","time":5058.795446318,"data":"\r[label_smooth] Stage2 Epoch 69/75:  88%|████████▊ | 144/164 [00:49\u003c00:06,  3.01it/s, loss=0.7667, acc=0.9586]\r[label_smooth] Stage2 Epoch 69/75:  88%|████████▊ | 144/164 [00:50\u003c00:06,  3.01it/s, loss=0.7662, acc=0.9588]\n"}
,{"stream_name":"stderr","time":5058.79724015,"data":"\r[label_smooth] Stage2 Epoch 69/75:  88%|████████▊ | 144/164 [00:50\u003c00:06,  3.01it/s, loss=0.7662, acc=0.9588]\r[label_smooth] Stage2 Epoch 69/75:  88%|████████▊ | 145/164 [00:50\u003c00:06,  3.01it/s, loss=0.7662, acc=0.9588]\n"}
,{"stream_name":"stderr","time":5059.12578962,"data":"\r[label_smooth] Stage2 Epoch 69/75:  88%|████████▊ | 145/164 [00:50\u003c00:06,  3.01it/s, loss=0.7662, acc=0.9588]\r[label_smooth] Stage2 Epoch 69/75:  88%|████████▊ | 145/164 [00:50\u003c00:06,  3.01it/s, loss=0.7658, acc=0.9589]\n"}
,{"stream_name":"stderr","time":5059.127063117,"data":"\r[label_smooth] Stage2 Epoch 69/75:  88%|████████▊ | 145/164 [00:50\u003c00:06,  3.01it/s, loss=0.7658, acc=0.9589]\r[label_smooth] Stage2 Epoch 69/75:  89%|████████▉ | 146/164 [00:50\u003c00:05,  3.02it/s, loss=0.7658, acc=0.9589]\n"}
,{"stream_name":"stderr","time":5059.458670747,"data":"\r[label_smooth] Stage2 Epoch 69/75:  89%|████████▉ | 146/164 [00:50\u003c00:05,  3.02it/s, loss=0.7658, acc=0.9589]\r[label_smooth] Stage2 Epoch 69/75:  89%|████████▉ | 146/164 [00:50\u003c00:05,  3.02it/s, loss=0.7664, acc=0.9585]\n"}
,{"stream_name":"stderr","time":5059.460276052,"data":"\r[label_smooth] Stage2 Epoch 69/75:  89%|████████▉ | 146/164 [00:50\u003c00:05,  3.02it/s, loss=0.7664, acc=0.9585]\r[label_smooth] Stage2 Epoch 69/75:  90%|████████▉ | 147/164 [00:50\u003c00:05,  3.01it/s, loss=0.7664, acc=0.9585]\n"}
,{"stream_name":"stderr","time":5059.786050682,"data":"\r[label_smooth] Stage2 Epoch 69/75:  90%|████████▉ | 147/164 [00:50\u003c00:05,  3.01it/s, loss=0.7664, acc=0.9585]\r[label_smooth] Stage2 Epoch 69/75:  90%|████████▉ | 147/164 [00:51\u003c00:05,  3.01it/s, loss=0.7659, acc=0.9588]\n"}
,{"stream_name":"stderr","time":5059.788944384,"data":"\r[label_smooth] Stage2 Epoch 69/75:  90%|████████▉ | 147/164 [00:51\u003c00:05,  3.01it/s, loss=0.7659, acc=0.9588]\r[label_smooth] Stage2 Epoch 69/75:  90%|█████████ | 148/164 [00:51\u003c00:05,  3.03it/s, loss=0.7659, acc=0.9588]\n"}
,{"stream_name":"stderr","time":5060.118536596,"data":"\r[label_smooth] Stage2 Epoch 69/75:  90%|█████████ | 148/164 [00:51\u003c00:05,  3.03it/s, loss=0.7659, acc=0.9588]\r[label_smooth] Stage2 Epoch 69/75:  90%|█████████ | 148/164 [00:51\u003c00:05,  3.03it/s, loss=0.7654, acc=0.9589]\n"}
,{"stream_name":"stderr","time":5060.119537394,"data":"\r[label_smooth] Stage2 Epoch 69/75:  90%|█████████ | 148/164 [00:51\u003c00:05,  3.03it/s, loss=0.7654, acc=0.9589]\r[label_smooth] Stage2 Epoch 69/75:  91%|█████████ | 149/164 [00:51\u003c00:04,  3.02it/s, loss=0.7654, acc=0.9589]\n"}
,{"stream_name":"stderr","time":5060.451942082,"data":"\r[label_smooth] Stage2 Epoch 69/75:  91%|█████████ | 149/164 [00:51\u003c00:04,  3.02it/s, loss=0.7654, acc=0.9589]\r[label_smooth] Stage2 Epoch 69/75:  91%|█████████ | 149/164 [00:51\u003c00:04,  3.02it/s, loss=0.7660, acc=0.9585]\n"}
,{"stream_name":"stderr","time":5060.457267981,"data":"\r[label_smooth] Stage2 Epoch 69/75:  91%|█████████ | 149/164 [00:51\u003c00:04,  3.02it/s, loss=0.7660, acc=0.9585]\r[label_smooth] Stage2 Epoch 69/75:  91%|█████████▏| 150/164 [00:51\u003c00:04,  3.02it/s, loss=0.7660, acc=0.9585]\n"}
,{"stream_name":"stderr","time":5060.788010895,"data":"\r[label_smooth] Stage2 Epoch 69/75:  91%|█████████▏| 150/164 [00:51\u003c00:04,  3.02it/s, loss=0.7660, acc=0.9585]\r[label_smooth] Stage2 Epoch 69/75:  91%|█████████▏| 150/164 [00:52\u003c00:04,  3.02it/s, loss=0.7665, acc=0.9584]\n"}
,{"stream_name":"stderr","time":5060.788530144,"data":"\r[label_smooth] Stage2 Epoch 69/75:  91%|█████████▏| 150/164 [00:52\u003c00:04,  3.02it/s, loss=0.7665, acc=0.9584]\r[label_smooth] Stage2 Epoch 69/75:  92%|█████████▏| 151/164 [00:52\u003c00:04,  3.00it/s, loss=0.7665, acc=0.9584]\n"}
,{"stream_name":"stderr","time":5061.118389671,"data":"\r[label_smooth] Stage2 Epoch 69/75:  92%|█████████▏| 151/164 [00:52\u003c00:04,  3.00it/s, loss=0.7665, acc=0.9584]\r[label_smooth] Stage2 Epoch 69/75:  92%|█████████▏| 151/164 [00:52\u003c00:04,  3.00it/s, loss=0.7664, acc=0.9585]\n"}
,{"stream_name":"stderr","time":5061.11945711,"data":"\r[label_smooth] Stage2 Epoch 69/75:  92%|█████████▏| 151/164 [00:52\u003c00:04,  3.00it/s, loss=0.7664, acc=0.9585]\r[label_smooth] Stage2 Epoch 69/75:  93%|█████████▎| 152/164 [00:52\u003c00:03,  3.01it/s, loss=0.7664, acc=0.9585]\n"}
,{"stream_name":"stderr","time":5061.454168816,"data":"\r[label_smooth] Stage2 Epoch 69/75:  93%|█████████▎| 152/164 [00:52\u003c00:03,  3.01it/s, loss=0.7664, acc=0.9585]\r[label_smooth] Stage2 Epoch 69/75:  93%|█████████▎| 152/164 [00:52\u003c00:03,  3.01it/s, loss=0.7668, acc=0.9583]\n"}
,{"stream_name":"stderr","time":5061.455486813,"data":"\r[label_smooth] Stage2 Epoch 69/75:  93%|█████████▎| 152/164 [00:52\u003c00:03,  3.01it/s, loss=0.7668, acc=0.9583]\r[label_smooth] Stage2 Epoch 69/75:  93%|█████████▎| 153/164 [00:52\u003c00:03,  3.00it/s, loss=0.7668, acc=0.9583]\n"}
,{"stream_name":"stderr","time":5061.785530891,"data":"\r[label_smooth] Stage2 Epoch 69/75:  93%|█████████▎| 153/164 [00:52\u003c00:03,  3.00it/s, loss=0.7668, acc=0.9583]\r[label_smooth] Stage2 Epoch 69/75:  93%|█████████▎| 153/164 [00:53\u003c00:03,  3.00it/s, loss=0.7668, acc=0.9582]\n"}
,{"stream_name":"stderr","time":5061.786669665,"data":"\r[label_smooth] Stage2 Epoch 69/75:  93%|█████████▎| 153/164 [00:53\u003c00:03,  3.00it/s, loss=0.7668, acc=0.9582]\r[label_smooth] Stage2 Epoch 69/75:  94%|█████████▍| 154/164 [00:53\u003c00:03,  3.00it/s, loss=0.7668, acc=0.9582]\n"}
,{"stream_name":"stderr","time":5062.118455769,"data":"\r[label_smooth] Stage2 Epoch 69/75:  94%|█████████▍| 154/164 [00:53\u003c00:03,  3.00it/s, loss=0.7668, acc=0.9582]\r[label_smooth] Stage2 Epoch 69/75:  94%|█████████▍| 154/164 [00:53\u003c00:03,  3.00it/s, loss=0.7671, acc=0.9581]\n"}
,{"stream_name":"stderr","time":5062.119480824,"data":"\r[label_smooth] Stage2 Epoch 69/75:  94%|█████████▍| 154/164 [00:53\u003c00:03,  3.00it/s, loss=0.7671, acc=0.9581]\r[label_smooth] Stage2 Epoch 69/75:  95%|█████████▍| 155/164 [00:53\u003c00:02,  3.00it/s, loss=0.7671, acc=0.9581]\n"}
,{"stream_name":"stderr","time":5062.45042959,"data":"\r[label_smooth] Stage2 Epoch 69/75:  95%|█████████▍| 155/164 [00:53\u003c00:02,  3.00it/s, loss=0.7671, acc=0.9581]\r[label_smooth] Stage2 Epoch 69/75:  95%|█████████▍| 155/164 [00:53\u003c00:02,  3.00it/s, loss=0.7681, acc=0.9579]\n"}
,{"stream_name":"stderr","time":5062.451491692,"data":"\r[label_smooth] Stage2 Epoch 69/75:  95%|█████████▍| 155/164 [00:53\u003c00:02,  3.00it/s, loss=0.7681, acc=0.9579]\r[label_smooth] Stage2 Epoch 69/75:  95%|█████████▌| 156/164 [00:53\u003c00:02,  3.01it/s, loss=0.7681, acc=0.9579]\n"}
,{"stream_name":"stderr","time":5062.78153941,"data":"\r[label_smooth] Stage2 Epoch 69/75:  95%|█████████▌| 156/164 [00:53\u003c00:02,  3.01it/s, loss=0.7681, acc=0.9579]\r[label_smooth] Stage2 Epoch 69/75:  95%|█████████▌| 156/164 [00:54\u003c00:02,  3.01it/s, loss=0.7675, acc=0.9582]\n"}
,{"stream_name":"stderr","time":5062.782497743,"data":"\r[label_smooth] Stage2 Epoch 69/75:  95%|█████████▌| 156/164 [00:54\u003c00:02,  3.01it/s, loss=0.7675, acc=0.9582]\r[label_smooth] Stage2 Epoch 69/75:  96%|█████████▌| 157/164 [00:54\u003c00:02,  3.01it/s, loss=0.7675, acc=0.9582]\n"}
,{"stream_name":"stderr","time":5063.107344396,"data":"\r[label_smooth] Stage2 Epoch 69/75:  96%|█████████▌| 157/164 [00:54\u003c00:02,  3.01it/s, loss=0.7675, acc=0.9582]\r[label_smooth] Stage2 Epoch 69/75:  96%|█████████▌| 157/164 [00:54\u003c00:02,  3.01it/s, loss=0.7673, acc=0.9583]\n"}
,{"stream_name":"stderr","time":5063.108112389,"data":"\r[label_smooth] Stage2 Epoch 69/75:  96%|█████████▌| 157/164 [00:54\u003c00:02,  3.01it/s, loss=0.7673, acc=0.9583]\r[label_smooth] Stage2 Epoch 69/75:  96%|█████████▋| 158/164 [00:54\u003c00:01,  3.03it/s, loss=0.7673, acc=0.9583]\n"}
,{"stream_name":"stderr","time":5063.438127488,"data":"\r[label_smooth] Stage2 Epoch 69/75:  96%|█████████▋| 158/164 [00:54\u003c00:01,  3.03it/s, loss=0.7673, acc=0.9583]\r[label_smooth] Stage2 Epoch 69/75:  96%|█████████▋| 158/164 [00:54\u003c00:01,  3.03it/s, loss=0.7671, acc=0.9585]\n"}
,{"stream_name":"stderr","time":5063.439180862,"data":"\r[label_smooth] Stage2 Epoch 69/75:  96%|█████████▋| 158/164 [00:54\u003c00:01,  3.03it/s, loss=0.7671, acc=0.9585]\r[label_smooth] Stage2 Epoch 69/75:  97%|█████████▋| 159/164 [00:54\u003c00:01,  3.03it/s, loss=0.7671, acc=0.9585]\n"}
,{"stream_name":"stderr","time":5063.765296171,"data":"\r[label_smooth] Stage2 Epoch 69/75:  97%|█████████▋| 159/164 [00:54\u003c00:01,  3.03it/s, loss=0.7671, acc=0.9585]\r[label_smooth] Stage2 Epoch 69/75:  97%|█████████▋| 159/164 [00:55\u003c00:01,  3.03it/s, loss=0.7670, acc=0.9584]\n"}
,{"stream_name":"stderr","time":5063.766329779,"data":"\r[label_smooth] Stage2 Epoch 69/75:  97%|█████████▋| 159/164 [00:55\u003c00:01,  3.03it/s, loss=0.7670, acc=0.9584]\r[label_smooth] Stage2 Epoch 69/75:  98%|█████████▊| 160/164 [00:55\u003c00:01,  3.03it/s, loss=0.7670, acc=0.9584]\n"}
,{"stream_name":"stderr","time":5064.095925887,"data":"\r[label_smooth] Stage2 Epoch 69/75:  98%|█████████▊| 160/164 [00:55\u003c00:01,  3.03it/s, loss=0.7670, acc=0.9584]\r[label_smooth] Stage2 Epoch 69/75:  98%|█████████▊| 160/164 [00:55\u003c00:01,  3.03it/s, loss=0.7668, acc=0.9585]\n"}
,{"stream_name":"stderr","time":5064.097029728,"data":"\r[label_smooth] Stage2 Epoch 69/75:  98%|█████████▊| 160/164 [00:55\u003c00:01,  3.03it/s, loss=0.7668, acc=0.9585]\r[label_smooth] Stage2 Epoch 69/75:  98%|█████████▊| 161/164 [00:55\u003c00:00,  3.03it/s, loss=0.7668, acc=0.9585]\n"}
,{"stream_name":"stderr","time":5064.423202719,"data":"\r[label_smooth] Stage2 Epoch 69/75:  98%|█████████▊| 161/164 [00:55\u003c00:00,  3.03it/s, loss=0.7668, acc=0.9585]\r[label_smooth] Stage2 Epoch 69/75:  98%|█████████▊| 161/164 [00:55\u003c00:00,  3.03it/s, loss=0.7665, acc=0.9587]\n"}
,{"stream_name":"stderr","time":5064.424095476,"data":"\r[label_smooth] Stage2 Epoch 69/75:  98%|█████████▊| 161/164 [00:55\u003c00:00,  3.03it/s, loss=0.7665, acc=0.9587]\r[label_smooth] Stage2 Epoch 69/75:  99%|█████████▉| 162/164 [00:55\u003c00:00,  3.04it/s, loss=0.7665, acc=0.9587]\n"}
,{"stream_name":"stderr","time":5064.751384177,"data":"\r[label_smooth] Stage2 Epoch 69/75:  99%|█████████▉| 162/164 [00:55\u003c00:00,  3.04it/s, loss=0.7665, acc=0.9587]\r[label_smooth] Stage2 Epoch 69/75:  99%|█████████▉| 162/164 [00:56\u003c00:00,  3.04it/s, loss=0.7666, acc=0.9588]\n"}
,{"stream_name":"stderr","time":5064.752511092,"data":"\r[label_smooth] Stage2 Epoch 69/75:  99%|█████████▉| 162/164 [00:56\u003c00:00,  3.04it/s, loss=0.7666, acc=0.9588]\r[label_smooth] Stage2 Epoch 69/75:  99%|█████████▉| 163/164 [00:56\u003c00:00,  3.04it/s, loss=0.7666, acc=0.9588]\n"}
,{"stream_name":"stderr","time":5065.068132414,"data":"\r[label_smooth] Stage2 Epoch 69/75:  99%|█████████▉| 163/164 [00:56\u003c00:00,  3.04it/s, loss=0.7666, acc=0.9588]\r[label_smooth] Stage2 Epoch 69/75:  99%|█████████▉| 163/164 [00:56\u003c00:00,  3.04it/s, loss=0.7666, acc=0.9588]\n"}
,{"stream_name":"stderr","time":5065.070876515,"data":"\r[label_smooth] Stage2 Epoch 69/75:  99%|█████████▉| 163/164 [00:56\u003c00:00,  3.04it/s, loss=0.7666, acc=0.9588]\r[label_smooth] Stage2 Epoch 69/75: 100%|██████████| 164/164 [00:56\u003c00:00,  3.08it/s, loss=0.7666, acc=0.9588]\n"}
,{"stream_name":"stderr","time":5065.143273907,"data":"\r[label_smooth] Stage2 Epoch 69/75: 100%|██████████| 164/164 [00:56\u003c00:00,  3.08it/s, loss=0.7666, acc=0.9588]\r[label_smooth] Stage2 Epoch 69/75: 100%|██████████| 164/164 [00:56\u003c00:00,  2.91it/s, loss=0.7666, acc=0.9588]\n"}
,{"stream_name":"stderr","time":5065.17014843,"data":"\r[label_smooth] Stage2 Epoch 69/75: 100%|██████████| 164/164 [00:56\u003c00:00,  2.91it/s, loss=0.7666, acc=0.9588]\n"}
,{"stream_name":"stderr","time":5065.170218316,"data":"\n"}
,{"stream_name":"stderr","time":5065.170228866,"data":"\n"}
,{"stream_name":"stdout","time":5069.693020431,"data":"  Val Loss: 1.0019 | Val Acc: 0.8712 | Val Macro-F1: 0.7602\n"}
,{"stream_name":"stderr","time":5069.694126643,"data":"\r[label_smooth] Stage2 Epoch 70/75:   0%|          | 0/164 [00:00\u003c?, ?it/s]\n"}
,{"stream_name":"stderr","time":5070.657574971,"data":"\r[label_smooth] Stage2 Epoch 70/75:   0%|          | 0/164 [00:00\u003c?, ?it/s]\r[label_smooth] Stage2 Epoch 70/75:   0%|          | 0/164 [00:00\u003c?, ?it/s, loss=0.6859, acc=0.9688]\n"}
,{"stream_name":"stderr","time":5070.661125544,"data":"\r[label_smooth] Stage2 Epoch 70/75:   0%|          | 0/164 [00:00\u003c?, ?it/s, loss=0.6859, acc=0.9688]\r[label_smooth] Stage2 Epoch 70/75:   1%|          | 1/164 [00:00\u003c02:36,  1.04it/s, loss=0.6859, acc=0.9688]\n"}
,{"stream_name":"stderr","time":5070.993467356,"data":"\r[label_smooth] Stage2 Epoch 70/75:   1%|          | 1/164 [00:00\u003c02:36,  1.04it/s, loss=0.6859, acc=0.9688]\r[label_smooth] Stage2 Epoch 70/75:   1%|          | 1/164 [00:01\u003c02:36,  1.04it/s, loss=0.6912, acc=0.9844]\n"}
,{"stream_name":"stderr","time":5070.996469488,"data":"\r[label_smooth] Stage2 Epoch 70/75:   1%|          | 1/164 [00:01\u003c02:36,  1.04it/s, loss=0.6912, acc=0.9844]\r[label_smooth] Stage2 Epoch 70/75:   1%|          | 2/164 [00:01\u003c01:36,  1.68it/s, loss=0.6912, acc=0.9844]\n"}
,{"stream_name":"stderr","time":5071.345868905,"data":"\r[label_smooth] Stage2 Epoch 70/75:   1%|          | 2/164 [00:01\u003c01:36,  1.68it/s, loss=0.6912, acc=0.9844]\r[label_smooth] Stage2 Epoch 70/75:   1%|          | 2/164 [00:01\u003c01:36,  1.68it/s, loss=0.7355, acc=0.9688]\n"}
,{"stream_name":"stderr","time":5071.351440803,"data":"\r[label_smooth] Stage2 Epoch 70/75:   1%|          | 2/164 [00:01\u003c01:36,  1.68it/s, loss=0.7355, acc=0.9688]\r[label_smooth] Stage2 Epoch 70/75:   2%|▏         | 3/164 [00:01\u003c01:17,  2.06it/s, loss=0.7355, acc=0.9688]\n"}
,{"stream_name":"stderr","time":5071.690660723,"data":"\r[label_smooth] Stage2 Epoch 70/75:   2%|▏         | 3/164 [00:01\u003c01:17,  2.06it/s, loss=0.7355, acc=0.9688]\r[label_smooth] Stage2 Epoch 70/75:   2%|▏         | 3/164 [00:01\u003c01:17,  2.06it/s, loss=0.7299, acc=0.9766]\n"}
,{"stream_name":"stderr","time":5071.692448028,"data":"\r[label_smooth] Stage2 Epoch 70/75:   2%|▏         | 3/164 [00:01\u003c01:17,  2.06it/s, loss=0.7299, acc=0.9766]\r[label_smooth] Stage2 Epoch 70/75:   2%|▏         | 4/164 [00:01\u003c01:08,  2.33it/s, loss=0.7299, acc=0.9766]\n"}
,{"stream_name":"stderr","time":5072.020494471,"data":"\r[label_smooth] Stage2 Epoch 70/75:   2%|▏         | 4/164 [00:01\u003c01:08,  2.33it/s, loss=0.7299, acc=0.9766]\r[label_smooth] Stage2 Epoch 70/75:   2%|▏         | 4/164 [00:02\u003c01:08,  2.33it/s, loss=0.7275, acc=0.9750]\n"}
,{"stream_name":"stderr","time":5072.022005104,"data":"\r[label_smooth] Stage2 Epoch 70/75:   2%|▏         | 4/164 [00:02\u003c01:08,  2.33it/s, loss=0.7275, acc=0.9750]\r[label_smooth] Stage2 Epoch 70/75:   3%|▎         | 5/164 [00:02\u003c01:02,  2.54it/s, loss=0.7275, acc=0.9750]\n"}
,{"stream_name":"stderr","time":5072.354098958,"data":"\r[label_smooth] Stage2 Epoch 70/75:   3%|▎         | 5/164 [00:02\u003c01:02,  2.54it/s, loss=0.7275, acc=0.9750]\r[label_smooth] Stage2 Epoch 70/75:   3%|▎         | 5/164 [00:02\u003c01:02,  2.54it/s, loss=0.7397, acc=0.9740]\n"}
,{"stream_name":"stderr","time":5072.359630615,"data":"\r[label_smooth] Stage2 Epoch 70/75:   3%|▎         | 5/164 [00:02\u003c01:02,  2.54it/s, loss=0.7397, acc=0.9740]\r[label_smooth] Stage2 Epoch 70/75:   4%|▎         | 6/164 [00:02\u003c00:58,  2.68it/s, loss=0.7397, acc=0.9740]\n"}
,{"stream_name":"stderr","time":5072.683950922,"data":"\r[label_smooth] Stage2 Epoch 70/75:   4%|▎         | 6/164 [00:02\u003c00:58,  2.68it/s, loss=0.7397, acc=0.9740]\r[label_smooth] Stage2 Epoch 70/75:   4%|▎         | 6/164 [00:02\u003c00:58,  2.68it/s, loss=0.7629, acc=0.9643]\n"}
,{"stream_name":"stderr","time":5072.686151016,"data":"\r[label_smooth] Stage2 Epoch 70/75:   4%|▎         | 6/164 [00:02\u003c00:58,  2.68it/s, loss=0.7629, acc=0.9643]\r[label_smooth] Stage2 Epoch 70/75:   4%|▍         | 7/164 [00:02\u003c00:56,  2.79it/s, loss=0.7629, acc=0.9643]\n"}
,{"stream_name":"stderr","time":5073.019440933,"data":"\r[label_smooth] Stage2 Epoch 70/75:   4%|▍         | 7/164 [00:02\u003c00:56,  2.79it/s, loss=0.7629, acc=0.9643]\r[label_smooth] Stage2 Epoch 70/75:   4%|▍         | 7/164 [00:03\u003c00:56,  2.79it/s, loss=0.7509, acc=0.9688]\n"}
,{"stream_name":"stderr","time":5073.025333456,"data":"\r[label_smooth] Stage2 Epoch 70/75:   4%|▍         | 7/164 [00:03\u003c00:56,  2.79it/s, loss=0.7509, acc=0.9688]\r[label_smooth] Stage2 Epoch 70/75:   5%|▍         | 8/164 [00:03\u003c00:54,  2.84it/s, loss=0.7509, acc=0.9688]\n"}
,{"stream_name":"stderr","time":5075.367486956,"data":"\r[label_smooth] Stage2 Epoch 70/75:   5%|▍         | 8/164 [00:03\u003c00:54,  2.84it/s, loss=0.7509, acc=0.9688]\r[label_smooth] Stage2 Epoch 70/75:   5%|▍         | 8/164 [00:03\u003c00:54,  2.84it/s, loss=0.7567, acc=0.9653]\n"}
,{"stream_name":"stderr","time":5075.36888001,"data":"\r[label_smooth] Stage2 Epoch 70/75:   5%|▍         | 8/164 [00:03\u003c00:54,  2.84it/s, loss=0.7567, acc=0.9653]\r[label_smooth] Stage2 Epoch 70/75:   5%|▌         | 9/164 [00:03\u003c00:53,  2.89it/s, loss=0.7567, acc=0.9653]\n"}
,{"stream_name":"stderr","time":5075.370222448,"data":"\r[label_smooth] Stage2 Epoch 70/75:   5%|▌         | 9/164 [00:03\u003c00:53,  2.89it/s, loss=0.7567, acc=0.9653]\r[label_smooth] Stage2 Epoch 70/75:   5%|▌         | 9/164 [00:03\u003c00:53,  2.89it/s, loss=0.7579, acc=0.9656]\n"}
,{"stream_name":"stderr","time":5075.371466487,"data":"\r[label_smooth] Stage2 Epoch 70/75:   5%|▌         | 9/164 [00:03\u003c00:53,  2.89it/s, loss=0.7579, acc=0.9656]\r[label_smooth] Stage2 Epoch 70/75:   6%|▌         | 10/164 [00:03\u003c00:52,  2.93it/s, loss=0.7579, acc=0.9656]\n"}
,{"stream_name":"stderr","time":5075.372701839,"data":"\r[label_smooth] Stage2 Epoch 70/75:   6%|▌         | 10/164 [00:03\u003c00:52,  2.93it/s, loss=0.7579, acc=0.9656]\r[label_smooth] Stage2 Epoch 70/75:   6%|▌         | 10/164 [00:04\u003c00:52,  2.93it/s, loss=0.7648, acc=0.9631]\n"}
,{"stream_name":"stderr","time":5075.373965151,"data":"\r[label_smooth] Stage2 Epoch 70/75:   6%|▌         | 10/164 [00:04\u003c00:52,  2.93it/s, loss=0.7648, acc=0.9631]\r[label_smooth] Stage2 Epoch 70/75:   7%|▋         | 11/164 [00:04\u003c00:51,  2.96it/s, loss=0.7648, acc=0.9631]\n"}
,{"stream_name":"stderr","time":5075.375246805,"data":"\r[label_smooth] Stage2 Epoch 70/75:   7%|▋         | 11/164 [00:04\u003c00:51,  2.96it/s, loss=0.7648, acc=0.9631]\r[label_smooth] Stage2 Epoch 70/75:   7%|▋         | 11/164 [00:04\u003c00:51,  2.96it/s, loss=0.7569, acc=0.9661]\n"}
,{"stream_name":"stderr","time":5075.376750108,"data":"\r[label_smooth] Stage2 Epoch 70/75:   7%|▋         | 11/164 [00:04\u003c00:51,  2.96it/s, loss=0.7569, acc=0.9661]\r[label_smooth] Stage2 Epoch 70/75:   7%|▋         | 12/164 [00:04\u003c00:51,  2.98it/s, loss=0.7569, acc=0.9661]\n"}
,{"stream_name":"stderr","time":5075.378077083,"data":"\r[label_smooth] Stage2 Epoch 70/75:   7%|▋         | 12/164 [00:04\u003c00:51,  2.98it/s, loss=0.7569, acc=0.9661]\r[label_smooth] Stage2 Epoch 70/75:   7%|▋         | 12/164 [00:04\u003c00:51,  2.98it/s, loss=0.7601, acc=0.9639]\n"}
,{"stream_name":"stderr","time":5075.379247715,"data":"\r[label_smooth] Stage2 Epoch 70/75:   7%|▋         | 12/164 [00:04\u003c00:51,  2.98it/s, loss=0.7601, acc=0.9639]\r[label_smooth] Stage2 Epoch 70/75:   8%|▊         | 13/164 [00:04\u003c00:50,  2.99it/s, loss=0.7601, acc=0.9639]\n"}
,{"stream_name":"stderr","time":5075.380565857,"data":"\r[label_smooth] Stage2 Epoch 70/75:   8%|▊         | 13/164 [00:04\u003c00:50,  2.99it/s, loss=0.7601, acc=0.9639]\r[label_smooth] Stage2 Epoch 70/75:   8%|▊         | 13/164 [00:05\u003c00:50,  2.99it/s, loss=0.7576, acc=0.9643]\n"}
,{"stream_name":"stderr","time":5075.381733425,"data":"\r[label_smooth] Stage2 Epoch 70/75:   8%|▊         | 13/164 [00:05\u003c00:50,  2.99it/s, loss=0.7576, acc=0.9643]\r[label_smooth] Stage2 Epoch 70/75:   9%|▊         | 14/164 [00:05\u003c00:50,  3.00it/s, loss=0.7576, acc=0.9643]\n"}
,{"stream_name":"stderr","time":5075.382810916,"data":"\r[label_smooth] Stage2 Epoch 70/75:   9%|▊         | 14/164 [00:05\u003c00:50,  3.00it/s, loss=0.7576, acc=0.9643]\r[label_smooth] Stage2 Epoch 70/75:   9%|▊         | 14/164 [00:05\u003c00:50,  3.00it/s, loss=0.7525, acc=0.9667]\n"}
,{"stream_name":"stderr","time":5075.383989501,"data":"\r[label_smooth] Stage2 Epoch 70/75:   9%|▊         | 14/164 [00:05\u003c00:50,  3.00it/s, loss=0.7525, acc=0.9667]\r[label_smooth] Stage2 Epoch 70/75:   9%|▉         | 15/164 [00:05\u003c00:49,  3.00it/s, loss=0.7525, acc=0.9667]\n"}
,{"stream_name":"stderr","time":5075.676012199,"data":"\r[label_smooth] Stage2 Epoch 70/75:   9%|▉         | 15/164 [00:05\u003c00:49,  3.00it/s, loss=0.7525, acc=0.9667]\r[label_smooth] Stage2 Epoch 70/75:   9%|▉         | 15/164 [00:05\u003c00:49,  3.00it/s, loss=0.7520, acc=0.9668]\n"}
,{"stream_name":"stderr","time":5075.686034577,"data":"\r[label_smooth] Stage2 Epoch 70/75:   9%|▉         | 15/164 [00:05\u003c00:49,  3.00it/s, loss=0.7520, acc=0.9668]\r[label_smooth] Stage2 Epoch 70/75:  10%|▉         | 16/164 [00:05\u003c00:49,  2.99it/s, loss=0.7520, acc=0.9668]\n"}
,{"stream_name":"stderr","time":5076.006197457,"data":"\r[label_smooth] Stage2 Epoch 70/75:  10%|▉         | 16/164 [00:05\u003c00:49,  2.99it/s, loss=0.7520, acc=0.9668]\r[label_smooth] Stage2 Epoch 70/75:  10%|▉         | 16/164 [00:06\u003c00:49,  2.99it/s, loss=0.7502, acc=0.9669]\n"}
,{"stream_name":"stderr","time":5076.009170931,"data":"\r[label_smooth] Stage2 Epoch 70/75:  10%|▉         | 16/164 [00:06\u003c00:49,  2.99it/s, loss=0.7502, acc=0.9669]\r[label_smooth] Stage2 Epoch 70/75:  10%|█         | 17/164 [00:06\u003c00:48,  3.00it/s, loss=0.7502, acc=0.9669]\n"}
,{"stream_name":"stderr","time":5076.337651619,"data":"\r[label_smooth] Stage2 Epoch 70/75:  10%|█         | 17/164 [00:06\u003c00:48,  3.00it/s, loss=0.7502, acc=0.9669]\r[label_smooth] Stage2 Epoch 70/75:  10%|█         | 17/164 [00:06\u003c00:48,  3.00it/s, loss=0.7555, acc=0.9653]\n"}
,{"stream_name":"stderr","time":5076.33873956,"data":"\r[label_smooth] Stage2 Epoch 70/75:  10%|█         | 17/164 [00:06\u003c00:48,  3.00it/s, loss=0.7555, acc=0.9653]\r[label_smooth] Stage2 Epoch 70/75:  11%|█         | 18/164 [00:06\u003c00:48,  3.01it/s, loss=0.7555, acc=0.9653]\n"}
,{"stream_name":"stderr","time":5076.665759806,"data":"\r[label_smooth] Stage2 Epoch 70/75:  11%|█         | 18/164 [00:06\u003c00:48,  3.01it/s, loss=0.7555, acc=0.9653]\r[label_smooth] Stage2 Epoch 70/75:  11%|█         | 18/164 [00:06\u003c00:48,  3.01it/s, loss=0.7556, acc=0.9655]\n"}
,{"stream_name":"stderr","time":5076.666152861,"data":"\r[label_smooth] Stage2 Epoch 70/75:  11%|█         | 18/164 [00:06\u003c00:48,  3.01it/s, loss=0.7556, acc=0.9655]\r[label_smooth] Stage2 Epoch 70/75:  12%|█▏        | 19/164 [00:06\u003c00:47,  3.02it/s, loss=0.7556, acc=0.9655]\n"}
,{"stream_name":"stderr","time":5076.995604151,"data":"\r[label_smooth] Stage2 Epoch 70/75:  12%|█▏        | 19/164 [00:06\u003c00:47,  3.02it/s, loss=0.7556, acc=0.9655]\r[label_smooth] Stage2 Epoch 70/75:  12%|█▏        | 19/164 [00:07\u003c00:47,  3.02it/s, loss=0.7636, acc=0.9594]\n"}
,{"stream_name":"stderr","time":5076.997184008,"data":"\r[label_smooth] Stage2 Epoch 70/75:  12%|█▏        | 19/164 [00:07\u003c00:47,  3.02it/s, loss=0.7636, acc=0.9594]\r[label_smooth] Stage2 Epoch 70/75:  12%|█▏        | 20/164 [00:07\u003c00:47,  3.02it/s, loss=0.7636, acc=0.9594]\n"}
,{"stream_name":"stderr","time":5077.325714807,"data":"\r[label_smooth] Stage2 Epoch 70/75:  12%|█▏        | 20/164 [00:07\u003c00:47,  3.02it/s, loss=0.7636, acc=0.9594]\r[label_smooth] Stage2 Epoch 70/75:  12%|█▏        | 20/164 [00:07\u003c00:47,  3.02it/s, loss=0.7688, acc=0.9583]\n"}
,{"stream_name":"stderr","time":5077.32635729,"data":"\r[label_smooth] Stage2 Epoch 70/75:  12%|█▏        | 20/164 [00:07\u003c00:47,  3.02it/s, loss=0.7688, acc=0.9583]\r[label_smooth] Stage2 Epoch 70/75:  13%|█▎        | 21/164 [00:07\u003c00:47,  3.03it/s, loss=0.7688, acc=0.9583]\n"}
,{"stream_name":"stderr","time":5077.655680558,"data":"\r[label_smooth] Stage2 Epoch 70/75:  13%|█▎        | 21/164 [00:07\u003c00:47,  3.03it/s, loss=0.7688, acc=0.9583]\r[label_smooth] Stage2 Epoch 70/75:  13%|█▎        | 21/164 [00:07\u003c00:47,  3.03it/s, loss=0.7674, acc=0.9588]\n"}
,{"stream_name":"stderr","time":5077.656625511,"data":"\r[label_smooth] Stage2 Epoch 70/75:  13%|█▎        | 21/164 [00:07\u003c00:47,  3.03it/s, loss=0.7674, acc=0.9588]\r[label_smooth] Stage2 Epoch 70/75:  13%|█▎        | 22/164 [00:07\u003c00:46,  3.03it/s, loss=0.7674, acc=0.9588]\n"}
,{"stream_name":"stderr","time":5077.985604915,"data":"\r[label_smooth] Stage2 Epoch 70/75:  13%|█▎        | 22/164 [00:07\u003c00:46,  3.03it/s, loss=0.7674, acc=0.9588]\r[label_smooth] Stage2 Epoch 70/75:  13%|█▎        | 22/164 [00:08\u003c00:46,  3.03it/s, loss=0.7648, acc=0.9592]\n"}
,{"stream_name":"stderr","time":5077.986673682,"data":"\r[label_smooth] Stage2 Epoch 70/75:  13%|█▎        | 22/164 [00:08\u003c00:46,  3.03it/s, loss=0.7648, acc=0.9592]\r[label_smooth] Stage2 Epoch 70/75:  14%|█▍        | 23/164 [00:08\u003c00:46,  3.03it/s, loss=0.7648, acc=0.9592]\n"}
,{"stream_name":"stderr","time":5078.31881824,"data":"\r[label_smooth] Stage2 Epoch 70/75:  14%|█▍        | 23/164 [00:08\u003c00:46,  3.03it/s, loss=0.7648, acc=0.9592]\r[label_smooth] Stage2 Epoch 70/75:  14%|█▍        | 23/164 [00:08\u003c00:46,  3.03it/s, loss=0.7696, acc=0.9583]\n"}
,{"stream_name":"stderr","time":5078.321069021,"data":"\r[label_smooth] Stage2 Epoch 70/75:  14%|█▍        | 23/164 [00:08\u003c00:46,  3.03it/s, loss=0.7696, acc=0.9583]\r[label_smooth] Stage2 Epoch 70/75:  15%|█▍        | 24/164 [00:08\u003c00:46,  3.02it/s, loss=0.7696, acc=0.9583]\n"}
,{"stream_name":"stderr","time":5078.6502346,"data":"\r[label_smooth] Stage2 Epoch 70/75:  15%|█▍        | 24/164 [00:08\u003c00:46,  3.02it/s, loss=0.7696, acc=0.9583]\r[label_smooth] Stage2 Epoch 70/75:  15%|█▍        | 24/164 [00:08\u003c00:46,  3.02it/s, loss=0.7685, acc=0.9587]\n"}
,{"stream_name":"stderr","time":5078.651325299,"data":"\r[label_smooth] Stage2 Epoch 70/75:  15%|█▍        | 24/164 [00:08\u003c00:46,  3.02it/s, loss=0.7685, acc=0.9587]\r[label_smooth] Stage2 Epoch 70/75:  15%|█▌        | 25/164 [00:08\u003c00:46,  3.02it/s, loss=0.7685, acc=0.9587]\n"}
,{"stream_name":"stderr","time":5078.982993803,"data":"\r[label_smooth] Stage2 Epoch 70/75:  15%|█▌        | 25/164 [00:08\u003c00:46,  3.02it/s, loss=0.7685, acc=0.9587]\r[label_smooth] Stage2 Epoch 70/75:  15%|█▌        | 25/164 [00:09\u003c00:46,  3.02it/s, loss=0.7671, acc=0.9591]\n"}
,{"stream_name":"stderr","time":5078.983701294,"data":"\r[label_smooth] Stage2 Epoch 70/75:  15%|█▌        | 25/164 [00:09\u003c00:46,  3.02it/s, loss=0.7671, acc=0.9591]\r[label_smooth] Stage2 Epoch 70/75:  16%|█▌        | 26/164 [00:09\u003c00:45,  3.02it/s, loss=0.7671, acc=0.9591]\n"}
,{"stream_name":"stderr","time":5079.315998456,"data":"\r[label_smooth] Stage2 Epoch 70/75:  16%|█▌        | 26/164 [00:09\u003c00:45,  3.02it/s, loss=0.7671, acc=0.9591]\r[label_smooth] Stage2 Epoch 70/75:  16%|█▌        | 26/164 [00:09\u003c00:45,  3.02it/s, loss=0.7673, acc=0.9572]\n"}
,{"stream_name":"stderr","time":5079.317118769,"data":"\r[label_smooth] Stage2 Epoch 70/75:  16%|█▌        | 26/164 [00:09\u003c00:45,  3.02it/s, loss=0.7673, acc=0.9572]\r[label_smooth] Stage2 Epoch 70/75:  16%|█▋        | 27/164 [00:09\u003c00:45,  3.01it/s, loss=0.7673, acc=0.9572]\n"}
,{"stream_name":"stderr","time":5079.646220406,"data":"\r[label_smooth] Stage2 Epoch 70/75:  16%|█▋        | 27/164 [00:09\u003c00:45,  3.01it/s, loss=0.7673, acc=0.9572]\r[label_smooth] Stage2 Epoch 70/75:  16%|█▋        | 27/164 [00:09\u003c00:45,  3.01it/s, loss=0.7668, acc=0.9565]\n"}
,{"stream_name":"stderr","time":5079.648054498,"data":"\r[label_smooth] Stage2 Epoch 70/75:  16%|█▋        | 27/164 [00:09\u003c00:45,  3.01it/s, loss=0.7668, acc=0.9565]\r[label_smooth] Stage2 Epoch 70/75:  17%|█▋        | 28/164 [00:09\u003c00:45,  3.02it/s, loss=0.7668, acc=0.9565]\n"}
,{"stream_name":"stderr","time":5079.977441516,"data":"\r[label_smooth] Stage2 Epoch 70/75:  17%|█▋        | 28/164 [00:09\u003c00:45,  3.02it/s, loss=0.7668, acc=0.9565]\r[label_smooth] Stage2 Epoch 70/75:  17%|█▋        | 28/164 [00:10\u003c00:45,  3.02it/s, loss=0.7639, acc=0.9580]\n"}
,{"stream_name":"stderr","time":5079.978404783,"data":"\r[label_smooth] Stage2 Epoch 70/75:  17%|█▋        | 28/164 [00:10\u003c00:45,  3.02it/s, loss=0.7639, acc=0.9580]\r[label_smooth] Stage2 Epoch 70/75:  18%|█▊        | 29/164 [00:10\u003c00:44,  3.02it/s, loss=0.7639, acc=0.9580]\n"}
,{"stream_name":"stderr","time":5080.309907551,"data":"\r[label_smooth] Stage2 Epoch 70/75:  18%|█▊        | 29/164 [00:10\u003c00:44,  3.02it/s, loss=0.7639, acc=0.9580]\r[label_smooth] Stage2 Epoch 70/75:  18%|█▊        | 29/164 [00:10\u003c00:44,  3.02it/s, loss=0.7610, acc=0.9594]\n"}
,{"stream_name":"stderr","time":5080.310892955,"data":"\r[label_smooth] Stage2 Epoch 70/75:  18%|█▊        | 29/164 [00:10\u003c00:44,  3.02it/s, loss=0.7610, acc=0.9594]\r[label_smooth] Stage2 Epoch 70/75:  18%|█▊        | 30/164 [00:10\u003c00:44,  3.02it/s, loss=0.7610, acc=0.9594]\n"}
,{"stream_name":"stderr","time":5080.643152294,"data":"\r[label_smooth] Stage2 Epoch 70/75:  18%|█▊        | 30/164 [00:10\u003c00:44,  3.02it/s, loss=0.7610, acc=0.9594]\r[label_smooth] Stage2 Epoch 70/75:  18%|█▊        | 30/164 [00:10\u003c00:44,  3.02it/s, loss=0.7593, acc=0.9597]\n"}
,{"stream_name":"stderr","time":5080.644254151,"data":"\r[label_smooth] Stage2 Epoch 70/75:  18%|█▊        | 30/164 [00:10\u003c00:44,  3.02it/s, loss=0.7593, acc=0.9597]\r[label_smooth] Stage2 Epoch 70/75:  19%|█▉        | 31/164 [00:10\u003c00:44,  3.01it/s, loss=0.7593, acc=0.9597]\n"}
,{"stream_name":"stderr","time":5080.975411121,"data":"\r[label_smooth] Stage2 Epoch 70/75:  19%|█▉        | 31/164 [00:10\u003c00:44,  3.01it/s, loss=0.7593, acc=0.9597]\r[label_smooth] Stage2 Epoch 70/75:  19%|█▉        | 31/164 [00:11\u003c00:44,  3.01it/s, loss=0.7592, acc=0.9600]\n"}
,{"stream_name":"stderr","time":5080.977950653,"data":"\r[label_smooth] Stage2 Epoch 70/75:  19%|█▉        | 31/164 [00:11\u003c00:44,  3.01it/s, loss=0.7592, acc=0.9600]\r[label_smooth] Stage2 Epoch 70/75:  20%|█▉        | 32/164 [00:11\u003c00:43,  3.01it/s, loss=0.7592, acc=0.9600]\n"}
,{"stream_name":"stderr","time":5081.305274921,"data":"\r[label_smooth] Stage2 Epoch 70/75:  20%|█▉        | 32/164 [00:11\u003c00:43,  3.01it/s, loss=0.7592, acc=0.9600]\r[label_smooth] Stage2 Epoch 70/75:  20%|█▉        | 32/164 [00:11\u003c00:43,  3.01it/s, loss=0.7570, acc=0.9612]\n"}
,{"stream_name":"stderr","time":5081.306430883,"data":"\r[label_smooth] Stage2 Epoch 70/75:  20%|█▉        | 32/164 [00:11\u003c00:43,  3.01it/s, loss=0.7570, acc=0.9612]\r[label_smooth] Stage2 Epoch 70/75:  20%|██        | 33/164 [00:11\u003c00:43,  3.02it/s, loss=0.7570, acc=0.9612]\n"}
,{"stream_name":"stderr","time":5081.634803895,"data":"\r[label_smooth] Stage2 Epoch 70/75:  20%|██        | 33/164 [00:11\u003c00:43,  3.02it/s, loss=0.7570, acc=0.9612]\r[label_smooth] Stage2 Epoch 70/75:  20%|██        | 33/164 [00:11\u003c00:43,  3.02it/s, loss=0.7569, acc=0.9614]\n"}
,{"stream_name":"stderr","time":5081.636401645,"data":"\r[label_smooth] Stage2 Epoch 70/75:  20%|██        | 33/164 [00:11\u003c00:43,  3.02it/s, loss=0.7569, acc=0.9614]\r[label_smooth] Stage2 Epoch 70/75:  21%|██        | 34/164 [00:11\u003c00:42,  3.02it/s, loss=0.7569, acc=0.9614]\n"}
,{"stream_name":"stderr","time":5081.963354183,"data":"\r[label_smooth] Stage2 Epoch 70/75:  21%|██        | 34/164 [00:11\u003c00:42,  3.02it/s, loss=0.7569, acc=0.9614]\r[label_smooth] Stage2 Epoch 70/75:  21%|██        | 34/164 [00:12\u003c00:42,  3.02it/s, loss=0.7598, acc=0.9598]\n"}
,{"stream_name":"stderr","time":5081.964569107,"data":"\r[label_smooth] Stage2 Epoch 70/75:  21%|██        | 34/164 [00:12\u003c00:42,  3.02it/s, loss=0.7598, acc=0.9598]\r[label_smooth] Stage2 Epoch 70/75:  21%|██▏       | 35/164 [00:12\u003c00:42,  3.03it/s, loss=0.7598, acc=0.9598]\n"}
,{"stream_name":"stderr","time":5082.290678308,"data":"\r[label_smooth] Stage2 Epoch 70/75:  21%|██▏       | 35/164 [00:12\u003c00:42,  3.03it/s, loss=0.7598, acc=0.9598]\r[label_smooth] Stage2 Epoch 70/75:  21%|██▏       | 35/164 [00:12\u003c00:42,  3.03it/s, loss=0.7575, acc=0.9609]\n"}
,{"stream_name":"stderr","time":5082.291589597,"data":"\r[label_smooth] Stage2 Epoch 70/75:  21%|██▏       | 35/164 [00:12\u003c00:42,  3.03it/s, loss=0.7575, acc=0.9609]\r[label_smooth] Stage2 Epoch 70/75:  22%|██▏       | 36/164 [00:12\u003c00:42,  3.04it/s, loss=0.7575, acc=0.9609]\n"}
,{"stream_name":"stderr","time":5082.630318347,"data":"\r[label_smooth] Stage2 Epoch 70/75:  22%|██▏       | 36/164 [00:12\u003c00:42,  3.04it/s, loss=0.7575, acc=0.9609]\r[label_smooth] Stage2 Epoch 70/75:  22%|██▏       | 36/164 [00:12\u003c00:42,  3.04it/s, loss=0.7561, acc=0.9620]\n"}
,{"stream_name":"stderr","time":5082.63787404,"data":"\r[label_smooth] Stage2 Epoch 70/75:  22%|██▏       | 36/164 [00:12\u003c00:42,  3.04it/s, loss=0.7561, acc=0.9620]\r[label_smooth] Stage2 Epoch 70/75:  23%|██▎       | 37/164 [00:12\u003c00:42,  3.01it/s, loss=0.7561, acc=0.9620]\n"}
,{"stream_name":"stderr","time":5082.960376254,"data":"\r[label_smooth] Stage2 Epoch 70/75:  23%|██▎       | 37/164 [00:12\u003c00:42,  3.01it/s, loss=0.7561, acc=0.9620]\r[label_smooth] Stage2 Epoch 70/75:  23%|██▎       | 37/164 [00:13\u003c00:42,  3.01it/s, loss=0.7560, acc=0.9622]\n"}
,{"stream_name":"stderr","time":5082.961494195,"data":"\r[label_smooth] Stage2 Epoch 70/75:  23%|██▎       | 37/164 [00:13\u003c00:42,  3.01it/s, loss=0.7560, acc=0.9622]\r[label_smooth] Stage2 Epoch 70/75:  23%|██▎       | 38/164 [00:13\u003c00:41,  3.02it/s, loss=0.7560, acc=0.9622]\n"}
,{"stream_name":"stderr","time":5083.293493752,"data":"\r[label_smooth] Stage2 Epoch 70/75:  23%|██▎       | 38/164 [00:13\u003c00:41,  3.02it/s, loss=0.7560, acc=0.9622]\r[label_smooth] Stage2 Epoch 70/75:  23%|██▎       | 38/164 [00:13\u003c00:41,  3.02it/s, loss=0.7590, acc=0.9615]\n"}
,{"stream_name":"stderr","time":5083.294362049,"data":"\r[label_smooth] Stage2 Epoch 70/75:  23%|██▎       | 38/164 [00:13\u003c00:41,  3.02it/s, loss=0.7590, acc=0.9615]\r[label_smooth] Stage2 Epoch 70/75:  24%|██▍       | 39/164 [00:13\u003c00:41,  3.01it/s, loss=0.7590, acc=0.9615]\n"}
,{"stream_name":"stderr","time":5083.629107735,"data":"\r[label_smooth] Stage2 Epoch 70/75:  24%|██▍       | 39/164 [00:13\u003c00:41,  3.01it/s, loss=0.7590, acc=0.9615]\r[label_smooth] Stage2 Epoch 70/75:  24%|██▍       | 39/164 [00:13\u003c00:41,  3.01it/s, loss=0.7578, acc=0.9625]\n"}
,{"stream_name":"stderr","time":5083.630160499,"data":"\r[label_smooth] Stage2 Epoch 70/75:  24%|██▍       | 39/164 [00:13\u003c00:41,  3.01it/s, loss=0.7578, acc=0.9625]\r[label_smooth] Stage2 Epoch 70/75:  24%|██▍       | 40/164 [00:13\u003c00:41,  3.00it/s, loss=0.7578, acc=0.9625]\n"}
,{"stream_name":"stderr","time":5083.956489147,"data":"\r[label_smooth] Stage2 Epoch 70/75:  24%|██▍       | 40/164 [00:13\u003c00:41,  3.00it/s, loss=0.7578, acc=0.9625]\r[label_smooth] Stage2 Epoch 70/75:  24%|██▍       | 40/164 [00:14\u003c00:41,  3.00it/s, loss=0.7585, acc=0.9619]\n"}
,{"stream_name":"stderr","time":5083.957942834,"data":"\r[label_smooth] Stage2 Epoch 70/75:  24%|██▍       | 40/164 [00:14\u003c00:41,  3.00it/s, loss=0.7585, acc=0.9619]\r[label_smooth] Stage2 Epoch 70/75:  25%|██▌       | 41/164 [00:14\u003c00:40,  3.02it/s, loss=0.7585, acc=0.9619]\n"}
,{"stream_name":"stderr","time":5084.287007019,"data":"\r[label_smooth] Stage2 Epoch 70/75:  25%|██▌       | 41/164 [00:14\u003c00:40,  3.02it/s, loss=0.7585, acc=0.9619]\r[label_smooth] Stage2 Epoch 70/75:  25%|██▌       | 41/164 [00:14\u003c00:40,  3.02it/s, loss=0.7598, acc=0.9606]\n"}
,{"stream_name":"stderr","time":5084.28889795,"data":"\r[label_smooth] Stage2 Epoch 70/75:  25%|██▌       | 41/164 [00:14\u003c00:40,  3.02it/s, loss=0.7598, acc=0.9606]\r[label_smooth] Stage2 Epoch 70/75:  26%|██▌       | 42/164 [00:14\u003c00:40,  3.02it/s, loss=0.7598, acc=0.9606]\n"}
,{"stream_name":"stderr","time":5084.61978337,"data":"\r[label_smooth] Stage2 Epoch 70/75:  26%|██▌       | 42/164 [00:14\u003c00:40,  3.02it/s, loss=0.7598, acc=0.9606]\r[label_smooth] Stage2 Epoch 70/75:  26%|██▌       | 42/164 [00:14\u003c00:40,  3.02it/s, loss=0.7589, acc=0.9608]\n"}
,{"stream_name":"stderr","time":5084.620940324,"data":"\r[label_smooth] Stage2 Epoch 70/75:  26%|██▌       | 42/164 [00:14\u003c00:40,  3.02it/s, loss=0.7589, acc=0.9608]\r[label_smooth] Stage2 Epoch 70/75:  26%|██▌       | 43/164 [00:14\u003c00:40,  3.01it/s, loss=0.7589, acc=0.9608]\n"}
,{"stream_name":"stderr","time":5084.947657116,"data":"\r[label_smooth] Stage2 Epoch 70/75:  26%|██▌       | 43/164 [00:14\u003c00:40,  3.01it/s, loss=0.7589, acc=0.9608]\r[label_smooth] Stage2 Epoch 70/75:  26%|██▌       | 43/164 [00:15\u003c00:40,  3.01it/s, loss=0.7583, acc=0.9609]\n"}
,{"stream_name":"stderr","time":5084.948708321,"data":"\r[label_smooth] Stage2 Epoch 70/75:  26%|██▌       | 43/164 [00:15\u003c00:40,  3.01it/s, loss=0.7583, acc=0.9609]\r[label_smooth] Stage2 Epoch 70/75:  27%|██▋       | 44/164 [00:15\u003c00:39,  3.03it/s, loss=0.7583, acc=0.9609]\n"}
,{"stream_name":"stderr","time":5085.276209988,"data":"\r[label_smooth] Stage2 Epoch 70/75:  27%|██▋       | 44/164 [00:15\u003c00:39,  3.03it/s, loss=0.7583, acc=0.9609]\r[label_smooth] Stage2 Epoch 70/75:  27%|██▋       | 44/164 [00:15\u003c00:39,  3.03it/s, loss=0.7569, acc=0.9618]\n"}
,{"stream_name":"stderr","time":5085.278502193,"data":"\r[label_smooth] Stage2 Epoch 70/75:  27%|██▋       | 44/164 [00:15\u003c00:39,  3.03it/s, loss=0.7569, acc=0.9618]\r[label_smooth] Stage2 Epoch 70/75:  27%|██▋       | 45/164 [00:15\u003c00:39,  3.03it/s, loss=0.7569, acc=0.9618]\n"}
,{"stream_name":"stderr","time":5085.608395622,"data":"\r[label_smooth] Stage2 Epoch 70/75:  27%|██▋       | 45/164 [00:15\u003c00:39,  3.03it/s, loss=0.7569, acc=0.9618]\r[label_smooth] Stage2 Epoch 70/75:  27%|██▋       | 45/164 [00:15\u003c00:39,  3.03it/s, loss=0.7571, acc=0.9626]\n"}
,{"stream_name":"stderr","time":5085.609534373,"data":"\r[label_smooth] Stage2 Epoch 70/75:  27%|██▋       | 45/164 [00:15\u003c00:39,  3.03it/s, loss=0.7571, acc=0.9626]\r[label_smooth] Stage2 Epoch 70/75:  28%|██▊       | 46/164 [00:15\u003c00:39,  3.02it/s, loss=0.7571, acc=0.9626]\n"}
,{"stream_name":"stderr","time":5085.941479298,"data":"\r[label_smooth] Stage2 Epoch 70/75:  28%|██▊       | 46/164 [00:15\u003c00:39,  3.02it/s, loss=0.7571, acc=0.9626]\r[label_smooth] Stage2 Epoch 70/75:  28%|██▊       | 46/164 [00:16\u003c00:39,  3.02it/s, loss=0.7554, acc=0.9634]\n"}
,{"stream_name":"stderr","time":5085.942600874,"data":"\r[label_smooth] Stage2 Epoch 70/75:  28%|██▊       | 46/164 [00:16\u003c00:39,  3.02it/s, loss=0.7554, acc=0.9634]\r[label_smooth] Stage2 Epoch 70/75:  29%|██▊       | 47/164 [00:16\u003c00:38,  3.02it/s, loss=0.7554, acc=0.9634]\n"}
,{"stream_name":"stderr","time":5086.27099218,"data":"\r[label_smooth] Stage2 Epoch 70/75:  29%|██▊       | 47/164 [00:16\u003c00:38,  3.02it/s, loss=0.7554, acc=0.9634]\r[label_smooth] Stage2 Epoch 70/75:  29%|██▊       | 47/164 [00:16\u003c00:38,  3.02it/s, loss=0.7573, acc=0.9616]\n"}
,{"stream_name":"stderr","time":5086.272254121,"data":"\r[label_smooth] Stage2 Epoch 70/75:  29%|██▊       | 47/164 [00:16\u003c00:38,  3.02it/s, loss=0.7573, acc=0.9616]\r[label_smooth] Stage2 Epoch 70/75:  29%|██▉       | 48/164 [00:16\u003c00:38,  3.03it/s, loss=0.7573, acc=0.9616]\n"}
,{"stream_name":"stderr","time":5086.60264546,"data":"\r[label_smooth] Stage2 Epoch 70/75:  29%|██▉       | 48/164 [00:16\u003c00:38,  3.03it/s, loss=0.7573, acc=0.9616]\r[label_smooth] Stage2 Epoch 70/75:  29%|██▉       | 48/164 [00:16\u003c00:38,  3.03it/s, loss=0.7567, acc=0.9617]\n"}
,{"stream_name":"stderr","time":5086.604637498,"data":"\r[label_smooth] Stage2 Epoch 70/75:  29%|██▉       | 48/164 [00:16\u003c00:38,  3.03it/s, loss=0.7567, acc=0.9617]\r[label_smooth] Stage2 Epoch 70/75:  30%|██▉       | 49/164 [00:16\u003c00:38,  3.02it/s, loss=0.7567, acc=0.9617]\n"}
,{"stream_name":"stderr","time":5086.930187756,"data":"\r[label_smooth] Stage2 Epoch 70/75:  30%|██▉       | 49/164 [00:16\u003c00:38,  3.02it/s, loss=0.7567, acc=0.9617]\r[label_smooth] Stage2 Epoch 70/75:  30%|██▉       | 49/164 [00:17\u003c00:38,  3.02it/s, loss=0.7565, acc=0.9619]\n"}
,{"stream_name":"stderr","time":5086.932178954,"data":"\r[label_smooth] Stage2 Epoch 70/75:  30%|██▉       | 49/164 [00:17\u003c00:38,  3.02it/s, loss=0.7565, acc=0.9619]\r[label_smooth] Stage2 Epoch 70/75:  30%|███       | 50/164 [00:17\u003c00:37,  3.03it/s, loss=0.7565, acc=0.9619]\n"}
,{"stream_name":"stderr","time":5087.261436196,"data":"\r[label_smooth] Stage2 Epoch 70/75:  30%|███       | 50/164 [00:17\u003c00:37,  3.03it/s, loss=0.7565, acc=0.9619]\r[label_smooth] Stage2 Epoch 70/75:  30%|███       | 50/164 [00:17\u003c00:37,  3.03it/s, loss=0.7593, acc=0.9620]\n"}
,{"stream_name":"stderr","time":5087.262756149,"data":"\r[label_smooth] Stage2 Epoch 70/75:  30%|███       | 50/164 [00:17\u003c00:37,  3.03it/s, loss=0.7593, acc=0.9620]\r[label_smooth] Stage2 Epoch 70/75:  31%|███       | 51/164 [00:17\u003c00:37,  3.03it/s, loss=0.7593, acc=0.9620]\n"}
,{"stream_name":"stderr","time":5087.595317546,"data":"\r[label_smooth] Stage2 Epoch 70/75:  31%|███       | 51/164 [00:17\u003c00:37,  3.03it/s, loss=0.7593, acc=0.9620]\r[label_smooth] Stage2 Epoch 70/75:  31%|███       | 51/164 [00:17\u003c00:37,  3.03it/s, loss=0.7604, acc=0.9615]\n"}
,{"stream_name":"stderr","time":5087.596961508,"data":"\r[label_smooth] Stage2 Epoch 70/75:  31%|███       | 51/164 [00:17\u003c00:37,  3.03it/s, loss=0.7604, acc=0.9615]\r[label_smooth] Stage2 Epoch 70/75:  32%|███▏      | 52/164 [00:17\u003c00:37,  3.02it/s, loss=0.7604, acc=0.9615]\n"}
,{"stream_name":"stderr","time":5087.923155513,"data":"\r[label_smooth] Stage2 Epoch 70/75:  32%|███▏      | 52/164 [00:17\u003c00:37,  3.02it/s, loss=0.7604, acc=0.9615]\r[label_smooth] Stage2 Epoch 70/75:  32%|███▏      | 52/164 [00:18\u003c00:37,  3.02it/s, loss=0.7591, acc=0.9617]\n"}
,{"stream_name":"stderr","time":5087.924273645,"data":"\r[label_smooth] Stage2 Epoch 70/75:  32%|███▏      | 52/164 [00:18\u003c00:37,  3.02it/s, loss=0.7591, acc=0.9617]\r[label_smooth] Stage2 Epoch 70/75:  32%|███▏      | 53/164 [00:18\u003c00:36,  3.03it/s, loss=0.7591, acc=0.9617]\n"}
,{"stream_name":"stderr","time":5088.255877698,"data":"\r[label_smooth] Stage2 Epoch 70/75:  32%|███▏      | 53/164 [00:18\u003c00:36,  3.03it/s, loss=0.7591, acc=0.9617]\r[label_smooth] Stage2 Epoch 70/75:  32%|███▏      | 53/164 [00:18\u003c00:36,  3.03it/s, loss=0.7602, acc=0.9612]\n"}
,{"stream_name":"stderr","time":5088.256732956,"data":"\r[label_smooth] Stage2 Epoch 70/75:  32%|███▏      | 53/164 [00:18\u003c00:36,  3.03it/s, loss=0.7602, acc=0.9612]\r[label_smooth] Stage2 Epoch 70/75:  33%|███▎      | 54/164 [00:18\u003c00:36,  3.02it/s, loss=0.7602, acc=0.9612]\n"}
,{"stream_name":"stderr","time":5088.589821512,"data":"\r[label_smooth] Stage2 Epoch 70/75:  33%|███▎      | 54/164 [00:18\u003c00:36,  3.02it/s, loss=0.7602, acc=0.9612]\r[label_smooth] Stage2 Epoch 70/75:  33%|███▎      | 54/164 [00:18\u003c00:36,  3.02it/s, loss=0.7600, acc=0.9614]\n"}
,{"stream_name":"stderr","time":5088.599247521,"data":"\r[label_smooth] Stage2 Epoch 70/75:  33%|███▎      | 54/164 [00:18\u003c00:36,  3.02it/s, loss=0.7600, acc=0.9614]\r[label_smooth] Stage2 Epoch 70/75:  34%|███▎      | 55/164 [00:18\u003c00:36,  3.01it/s, loss=0.7600, acc=0.9614]\n"}
,{"stream_name":"stderr","time":5088.919008305,"data":"\r[label_smooth] Stage2 Epoch 70/75:  34%|███▎      | 55/164 [00:18\u003c00:36,  3.01it/s, loss=0.7600, acc=0.9614]\r[label_smooth] Stage2 Epoch 70/75:  34%|███▎      | 55/164 [00:19\u003c00:36,  3.01it/s, loss=0.7637, acc=0.9587]\n"}
,{"stream_name":"stderr","time":5088.921284707,"data":"\r[label_smooth] Stage2 Epoch 70/75:  34%|███▎      | 55/164 [00:19\u003c00:36,  3.01it/s, loss=0.7637, acc=0.9587]\r[label_smooth] Stage2 Epoch 70/75:  34%|███▍      | 56/164 [00:19\u003c00:35,  3.02it/s, loss=0.7637, acc=0.9587]\n"}
,{"stream_name":"stderr","time":5089.252804319,"data":"\r[label_smooth] Stage2 Epoch 70/75:  34%|███▍      | 56/164 [00:19\u003c00:35,  3.02it/s, loss=0.7637, acc=0.9587]\r[label_smooth] Stage2 Epoch 70/75:  34%|███▍      | 56/164 [00:19\u003c00:35,  3.02it/s, loss=0.7657, acc=0.9578]\n"}
,{"stream_name":"stderr","time":5089.253307414,"data":"\r[label_smooth] Stage2 Epoch 70/75:  34%|███▍      | 56/164 [00:19\u003c00:35,  3.02it/s, loss=0.7657, acc=0.9578]\r[label_smooth] Stage2 Epoch 70/75:  35%|███▍      | 57/164 [00:19\u003c00:35,  3.02it/s, loss=0.7657, acc=0.9578]\n"}
,{"stream_name":"stderr","time":5089.583638978,"data":"\r[label_smooth] Stage2 Epoch 70/75:  35%|███▍      | 57/164 [00:19\u003c00:35,  3.02it/s, loss=0.7657, acc=0.9578]\r[label_smooth] Stage2 Epoch 70/75:  35%|███▍      | 57/164 [00:19\u003c00:35,  3.02it/s, loss=0.7661, acc=0.9574]\n"}
,{"stream_name":"stderr","time":5089.584609271,"data":"\r[label_smooth] Stage2 Epoch 70/75:  35%|███▍      | 57/164 [00:19\u003c00:35,  3.02it/s, loss=0.7661, acc=0.9574]\r[label_smooth] Stage2 Epoch 70/75:  35%|███▌      | 58/164 [00:19\u003c00:35,  3.01it/s, loss=0.7661, acc=0.9574]\n"}
,{"stream_name":"stderr","time":5089.916446292,"data":"\r[label_smooth] Stage2 Epoch 70/75:  35%|███▌      | 58/164 [00:19\u003c00:35,  3.01it/s, loss=0.7661, acc=0.9574]\r[label_smooth] Stage2 Epoch 70/75:  35%|███▌      | 58/164 [00:20\u003c00:35,  3.01it/s, loss=0.7654, acc=0.9576]\n"}
,{"stream_name":"stderr","time":5089.917407041,"data":"\r[label_smooth] Stage2 Epoch 70/75:  35%|███▌      | 58/164 [00:20\u003c00:35,  3.01it/s, loss=0.7654, acc=0.9576]\r[label_smooth] Stage2 Epoch 70/75:  36%|███▌      | 59/164 [00:20\u003c00:34,  3.01it/s, loss=0.7654, acc=0.9576]\n"}
,{"stream_name":"stderr","time":5090.247289742,"data":"\r[label_smooth] Stage2 Epoch 70/75:  36%|███▌      | 59/164 [00:20\u003c00:34,  3.01it/s, loss=0.7654, acc=0.9576]\r[label_smooth] Stage2 Epoch 70/75:  36%|███▌      | 59/164 [00:20\u003c00:34,  3.01it/s, loss=0.7661, acc=0.9573]\n"}
,{"stream_name":"stderr","time":5090.248629816,"data":"\r[label_smooth] Stage2 Epoch 70/75:  36%|███▌      | 59/164 [00:20\u003c00:34,  3.01it/s, loss=0.7661, acc=0.9573]\r[label_smooth] Stage2 Epoch 70/75:  37%|███▋      | 60/164 [00:20\u003c00:34,  3.02it/s, loss=0.7661, acc=0.9573]\n"}
,{"stream_name":"stderr","time":5090.580015544,"data":"\r[label_smooth] Stage2 Epoch 70/75:  37%|███▋      | 60/164 [00:20\u003c00:34,  3.02it/s, loss=0.7661, acc=0.9573]\r[label_smooth] Stage2 Epoch 70/75:  37%|███▋      | 60/164 [00:20\u003c00:34,  3.02it/s, loss=0.7663, acc=0.9575]\n"}
,{"stream_name":"stderr","time":5090.581450654,"data":"\r[label_smooth] Stage2 Epoch 70/75:  37%|███▋      | 60/164 [00:20\u003c00:34,  3.02it/s, loss=0.7663, acc=0.9575]\r[label_smooth] Stage2 Epoch 70/75:  37%|███▋      | 61/164 [00:20\u003c00:34,  3.01it/s, loss=0.7663, acc=0.9575]\n"}
,{"stream_name":"stderr","time":5090.911851458,"data":"\r[label_smooth] Stage2 Epoch 70/75:  37%|███▋      | 61/164 [00:20\u003c00:34,  3.01it/s, loss=0.7663, acc=0.9575]\r[label_smooth] Stage2 Epoch 70/75:  37%|███▋      | 61/164 [00:21\u003c00:34,  3.01it/s, loss=0.7649, acc=0.9582]\n"}
,{"stream_name":"stderr","time":5090.912881868,"data":"\r[label_smooth] Stage2 Epoch 70/75:  37%|███▋      | 61/164 [00:21\u003c00:34,  3.01it/s, loss=0.7649, acc=0.9582]\r[label_smooth] Stage2 Epoch 70/75:  38%|███▊      | 62/164 [00:21\u003c00:33,  3.01it/s, loss=0.7649, acc=0.9582]\n"}
,{"stream_name":"stderr","time":5091.240660126,"data":"\r[label_smooth] Stage2 Epoch 70/75:  38%|███▊      | 62/164 [00:21\u003c00:33,  3.01it/s, loss=0.7649, acc=0.9582]\r[label_smooth] Stage2 Epoch 70/75:  38%|███▊      | 62/164 [00:21\u003c00:33,  3.01it/s, loss=0.7657, acc=0.9578]\n"}
,{"stream_name":"stderr","time":5091.241167251,"data":"\r[label_smooth] Stage2 Epoch 70/75:  38%|███▊      | 62/164 [00:21\u003c00:33,  3.01it/s, loss=0.7657, acc=0.9578]\r[label_smooth] Stage2 Epoch 70/75:  38%|███▊      | 63/164 [00:21\u003c00:33,  3.02it/s, loss=0.7657, acc=0.9578]\n"}
,{"stream_name":"stderr","time":5091.57225867,"data":"\r[label_smooth] Stage2 Epoch 70/75:  38%|███▊      | 63/164 [00:21\u003c00:33,  3.02it/s, loss=0.7657, acc=0.9578]\r[label_smooth] Stage2 Epoch 70/75:  38%|███▊      | 63/164 [00:21\u003c00:33,  3.02it/s, loss=0.7644, acc=0.9585]\n"}
,{"stream_name":"stderr","time":5091.573201497,"data":"\r[label_smooth] Stage2 Epoch 70/75:  38%|███▊      | 63/164 [00:21\u003c00:33,  3.02it/s, loss=0.7644, acc=0.9585]\r[label_smooth] Stage2 Epoch 70/75:  39%|███▉      | 64/164 [00:21\u003c00:33,  3.02it/s, loss=0.7644, acc=0.9585]\n"}
,{"stream_name":"stderr","time":5091.9073693,"data":"\r[label_smooth] Stage2 Epoch 70/75:  39%|███▉      | 64/164 [00:21\u003c00:33,  3.02it/s, loss=0.7644, acc=0.9585]\r[label_smooth] Stage2 Epoch 70/75:  39%|███▉      | 64/164 [00:22\u003c00:33,  3.02it/s, loss=0.7643, acc=0.9587]\n"}
,{"stream_name":"stderr","time":5091.908439963,"data":"\r[label_smooth] Stage2 Epoch 70/75:  39%|███▉      | 64/164 [00:22\u003c00:33,  3.02it/s, loss=0.7643, acc=0.9587]\r[label_smooth] Stage2 Epoch 70/75:  40%|███▉      | 65/164 [00:22\u003c00:32,  3.01it/s, loss=0.7643, acc=0.9587]\n"}
,{"stream_name":"stderr","time":5092.241922268,"data":"\r[label_smooth] Stage2 Epoch 70/75:  40%|███▉      | 65/164 [00:22\u003c00:32,  3.01it/s, loss=0.7643, acc=0.9587]\r[label_smooth] Stage2 Epoch 70/75:  40%|███▉      | 65/164 [00:22\u003c00:32,  3.01it/s, loss=0.7639, acc=0.9583]\n"}
,{"stream_name":"stderr","time":5092.242280982,"data":"\r[label_smooth] Stage2 Epoch 70/75:  40%|███▉      | 65/164 [00:22\u003c00:32,  3.01it/s, loss=0.7639, acc=0.9583]\r[label_smooth] Stage2 Epoch 70/75:  40%|████      | 66/164 [00:22\u003c00:32,  3.01it/s, loss=0.7639, acc=0.9583]\n"}
,{"stream_name":"stderr","time":5092.570081151,"data":"\r[label_smooth] Stage2 Epoch 70/75:  40%|████      | 66/164 [00:22\u003c00:32,  3.01it/s, loss=0.7639, acc=0.9583]\r[label_smooth] Stage2 Epoch 70/75:  40%|████      | 66/164 [00:22\u003c00:32,  3.01it/s, loss=0.7647, acc=0.9576]\n"}
,{"stream_name":"stderr","time":5092.571896789,"data":"\r[label_smooth] Stage2 Epoch 70/75:  40%|████      | 66/164 [00:22\u003c00:32,  3.01it/s, loss=0.7647, acc=0.9576]\r[label_smooth] Stage2 Epoch 70/75:  41%|████      | 67/164 [00:22\u003c00:32,  3.01it/s, loss=0.7647, acc=0.9576]\n"}
,{"stream_name":"stderr","time":5092.900034218,"data":"\r[label_smooth] Stage2 Epoch 70/75:  41%|████      | 67/164 [00:22\u003c00:32,  3.01it/s, loss=0.7647, acc=0.9576]\r[label_smooth] Stage2 Epoch 70/75:  41%|████      | 67/164 [00:23\u003c00:32,  3.01it/s, loss=0.7662, acc=0.9573]\n"}
,{"stream_name":"stderr","time":5092.901846956,"data":"\r[label_smooth] Stage2 Epoch 70/75:  41%|████      | 67/164 [00:23\u003c00:32,  3.01it/s, loss=0.7662, acc=0.9573]\r[label_smooth] Stage2 Epoch 70/75:  41%|████▏     | 68/164 [00:23\u003c00:31,  3.02it/s, loss=0.7662, acc=0.9573]\n"}
,{"stream_name":"stderr","time":5093.23084763,"data":"\r[label_smooth] Stage2 Epoch 70/75:  41%|████▏     | 68/164 [00:23\u003c00:31,  3.02it/s, loss=0.7662, acc=0.9573]\r[label_smooth] Stage2 Epoch 70/75:  41%|████▏     | 68/164 [00:23\u003c00:31,  3.02it/s, loss=0.7674, acc=0.9565]\n"}
,{"stream_name":"stderr","time":5093.231441298,"data":"\r[label_smooth] Stage2 Epoch 70/75:  41%|████▏     | 68/164 [00:23\u003c00:31,  3.02it/s, loss=0.7674, acc=0.9565]\r[label_smooth] Stage2 Epoch 70/75:  42%|████▏     | 69/164 [00:23\u003c00:31,  3.02it/s, loss=0.7674, acc=0.9565]\n"}
,{"stream_name":"stderr","time":5093.563413669,"data":"\r[label_smooth] Stage2 Epoch 70/75:  42%|████▏     | 69/164 [00:23\u003c00:31,  3.02it/s, loss=0.7674, acc=0.9565]\r[label_smooth] Stage2 Epoch 70/75:  42%|████▏     | 69/164 [00:23\u003c00:31,  3.02it/s, loss=0.7669, acc=0.9567]\n"}
,{"stream_name":"stderr","time":5093.564548289,"data":"\r[label_smooth] Stage2 Epoch 70/75:  42%|████▏     | 69/164 [00:23\u003c00:31,  3.02it/s, loss=0.7669, acc=0.9567]\r[label_smooth] Stage2 Epoch 70/75:  43%|████▎     | 70/164 [00:23\u003c00:31,  3.02it/s, loss=0.7669, acc=0.9567]\n"}
,{"stream_name":"stderr","time":5093.893197478,"data":"\r[label_smooth] Stage2 Epoch 70/75:  43%|████▎     | 70/164 [00:23\u003c00:31,  3.02it/s, loss=0.7669, acc=0.9567]\r[label_smooth] Stage2 Epoch 70/75:  43%|████▎     | 70/164 [00:24\u003c00:31,  3.02it/s, loss=0.7699, acc=0.9555]\n"}
,{"stream_name":"stderr","time":5093.894244265,"data":"\r[label_smooth] Stage2 Epoch 70/75:  43%|████▎     | 70/164 [00:24\u003c00:31,  3.02it/s, loss=0.7699, acc=0.9555]\r[label_smooth] Stage2 Epoch 70/75:  43%|████▎     | 71/164 [00:24\u003c00:30,  3.02it/s, loss=0.7699, acc=0.9555]\n"}
,{"stream_name":"stderr","time":5094.225235143,"data":"\r[label_smooth] Stage2 Epoch 70/75:  43%|████▎     | 71/164 [00:24\u003c00:30,  3.02it/s, loss=0.7699, acc=0.9555]\r[label_smooth] Stage2 Epoch 70/75:  43%|████▎     | 71/164 [00:24\u003c00:30,  3.02it/s, loss=0.7706, acc=0.9557]\n"}
,{"stream_name":"stderr","time":5094.226331818,"data":"\r[label_smooth] Stage2 Epoch 70/75:  43%|████▎     | 71/164 [00:24\u003c00:30,  3.02it/s, loss=0.7706, acc=0.9557]\r[label_smooth] Stage2 Epoch 70/75:  44%|████▍     | 72/164 [00:24\u003c00:30,  3.02it/s, loss=0.7706, acc=0.9557]\n"}
,{"stream_name":"stderr","time":5094.557607208,"data":"\r[label_smooth] Stage2 Epoch 70/75:  44%|████▍     | 72/164 [00:24\u003c00:30,  3.02it/s, loss=0.7706, acc=0.9557]\r[label_smooth] Stage2 Epoch 70/75:  44%|████▍     | 72/164 [00:24\u003c00:30,  3.02it/s, loss=0.7703, acc=0.9559]\n"}
,{"stream_name":"stderr","time":5094.559277064,"data":"\r[label_smooth] Stage2 Epoch 70/75:  44%|████▍     | 72/164 [00:24\u003c00:30,  3.02it/s, loss=0.7703, acc=0.9559]\r[label_smooth] Stage2 Epoch 70/75:  45%|████▍     | 73/164 [00:24\u003c00:30,  3.01it/s, loss=0.7703, acc=0.9559]\n"}
,{"stream_name":"stderr","time":5094.893694986,"data":"\r[label_smooth] Stage2 Epoch 70/75:  45%|████▍     | 73/164 [00:24\u003c00:30,  3.01it/s, loss=0.7703, acc=0.9559]\r[label_smooth] Stage2 Epoch 70/75:  45%|████▍     | 73/164 [00:25\u003c00:30,  3.01it/s, loss=0.7698, acc=0.9561]\n"}
,{"stream_name":"stderr","time":5094.895640327,"data":"\r[label_smooth] Stage2 Epoch 70/75:  45%|████▍     | 73/164 [00:25\u003c00:30,  3.01it/s, loss=0.7698, acc=0.9561]\r[label_smooth] Stage2 Epoch 70/75:  45%|████▌     | 74/164 [00:25\u003c00:29,  3.00it/s, loss=0.7698, acc=0.9561]\n"}
,{"stream_name":"stderr","time":5095.225277049,"data":"\r[label_smooth] Stage2 Epoch 70/75:  45%|████▌     | 74/164 [00:25\u003c00:29,  3.00it/s, loss=0.7698, acc=0.9561]\r[label_smooth] Stage2 Epoch 70/75:  45%|████▌     | 74/164 [00:25\u003c00:29,  3.00it/s, loss=0.7691, acc=0.9567]\n"}
,{"stream_name":"stderr","time":5095.227331924,"data":"\r[label_smooth] Stage2 Epoch 70/75:  45%|████▌     | 74/164 [00:25\u003c00:29,  3.00it/s, loss=0.7691, acc=0.9567]\r[label_smooth] Stage2 Epoch 70/75:  46%|████▌     | 75/164 [00:25\u003c00:29,  3.01it/s, loss=0.7691, acc=0.9567]\n"}
,{"stream_name":"stderr","time":5095.561278546,"data":"\r[label_smooth] Stage2 Epoch 70/75:  46%|████▌     | 75/164 [00:25\u003c00:29,  3.01it/s, loss=0.7691, acc=0.9567]\r[label_smooth] Stage2 Epoch 70/75:  46%|████▌     | 75/164 [00:25\u003c00:29,  3.01it/s, loss=0.7677, acc=0.9572]\n"}
,{"stream_name":"stderr","time":5095.56316437,"data":"\r[label_smooth] Stage2 Epoch 70/75:  46%|████▌     | 75/164 [00:25\u003c00:29,  3.01it/s, loss=0.7677, acc=0.9572]\r[label_smooth] Stage2 Epoch 70/75:  46%|████▋     | 76/164 [00:25\u003c00:29,  3.00it/s, loss=0.7677, acc=0.9572]\n"}
,{"stream_name":"stderr","time":5095.895594102,"data":"\r[label_smooth] Stage2 Epoch 70/75:  46%|████▋     | 76/164 [00:25\u003c00:29,  3.00it/s, loss=0.7677, acc=0.9572]\r[label_smooth] Stage2 Epoch 70/75:  46%|████▋     | 76/164 [00:26\u003c00:29,  3.00it/s, loss=0.7667, acc=0.9578]\n"}
,{"stream_name":"stderr","time":5095.895871536,"data":"\r[label_smooth] Stage2 Epoch 70/75:  46%|████▋     | 76/164 [00:26\u003c00:29,  3.00it/s, loss=0.7667, acc=0.9578]\r[label_smooth] Stage2 Epoch 70/75:  47%|████▋     | 77/164 [00:26\u003c00:29,  3.00it/s, loss=0.7667, acc=0.9578]\n"}
,{"stream_name":"stderr","time":5096.227520244,"data":"\r[label_smooth] Stage2 Epoch 70/75:  47%|████▋     | 77/164 [00:26\u003c00:29,  3.00it/s, loss=0.7667, acc=0.9578]\r[label_smooth] Stage2 Epoch 70/75:  47%|████▋     | 77/164 [00:26\u003c00:29,  3.00it/s, loss=0.7675, acc=0.9579]\n"}
,{"stream_name":"stderr","time":5096.228458845,"data":"\r[label_smooth] Stage2 Epoch 70/75:  47%|████▋     | 77/164 [00:26\u003c00:29,  3.00it/s, loss=0.7675, acc=0.9579]\r[label_smooth] Stage2 Epoch 70/75:  48%|████▊     | 78/164 [00:26\u003c00:28,  3.00it/s, loss=0.7675, acc=0.9579]\n"}
,{"stream_name":"stderr","time":5096.558380496,"data":"\r[label_smooth] Stage2 Epoch 70/75:  48%|████▊     | 78/164 [00:26\u003c00:28,  3.00it/s, loss=0.7675, acc=0.9579]\r[label_smooth] Stage2 Epoch 70/75:  48%|████▊     | 78/164 [00:26\u003c00:28,  3.00it/s, loss=0.7678, acc=0.9581]\n"}
,{"stream_name":"stderr","time":5096.55933114,"data":"\r[label_smooth] Stage2 Epoch 70/75:  48%|████▊     | 78/164 [00:26\u003c00:28,  3.00it/s, loss=0.7678, acc=0.9581]\r[label_smooth] Stage2 Epoch 70/75:  48%|████▊     | 79/164 [00:26\u003c00:28,  3.01it/s, loss=0.7678, acc=0.9581]\n"}
,{"stream_name":"stderr","time":5096.889339303,"data":"\r[label_smooth] Stage2 Epoch 70/75:  48%|████▊     | 79/164 [00:26\u003c00:28,  3.01it/s, loss=0.7678, acc=0.9581]\r[label_smooth] Stage2 Epoch 70/75:  48%|████▊     | 79/164 [00:27\u003c00:28,  3.01it/s, loss=0.7696, acc=0.9578]\n"}
,{"stream_name":"stderr","time":5096.890643899,"data":"\r[label_smooth] Stage2 Epoch 70/75:  48%|████▊     | 79/164 [00:27\u003c00:28,  3.01it/s, loss=0.7696, acc=0.9578]\r[label_smooth] Stage2 Epoch 70/75:  49%|████▉     | 80/164 [00:27\u003c00:27,  3.01it/s, loss=0.7696, acc=0.9578]\n"}
,{"stream_name":"stderr","time":5097.219355414,"data":"\r[label_smooth] Stage2 Epoch 70/75:  49%|████▉     | 80/164 [00:27\u003c00:27,  3.01it/s, loss=0.7696, acc=0.9578]\r[label_smooth] Stage2 Epoch 70/75:  49%|████▉     | 80/164 [00:27\u003c00:27,  3.01it/s, loss=0.7696, acc=0.9576]\n"}
,{"stream_name":"stderr","time":5097.220298841,"data":"\r[label_smooth] Stage2 Epoch 70/75:  49%|████▉     | 80/164 [00:27\u003c00:27,  3.01it/s, loss=0.7696, acc=0.9576]\r[label_smooth] Stage2 Epoch 70/75:  49%|████▉     | 81/164 [00:27\u003c00:27,  3.02it/s, loss=0.7696, acc=0.9576]\n"}
,{"stream_name":"stderr","time":5097.551180783,"data":"\r[label_smooth] Stage2 Epoch 70/75:  49%|████▉     | 81/164 [00:27\u003c00:27,  3.02it/s, loss=0.7696, acc=0.9576]\r[label_smooth] Stage2 Epoch 70/75:  49%|████▉     | 81/164 [00:27\u003c00:27,  3.02it/s, loss=0.7699, acc=0.9573]\n"}
,{"stream_name":"stderr","time":5097.55243015,"data":"\r[label_smooth] Stage2 Epoch 70/75:  49%|████▉     | 81/164 [00:27\u003c00:27,  3.02it/s, loss=0.7699, acc=0.9573]\r[label_smooth] Stage2 Epoch 70/75:  50%|█████     | 82/164 [00:27\u003c00:27,  3.02it/s, loss=0.7699, acc=0.9573]\n"}
,{"stream_name":"stderr","time":5097.881577622,"data":"\r[label_smooth] Stage2 Epoch 70/75:  50%|█████     | 82/164 [00:27\u003c00:27,  3.02it/s, loss=0.7699, acc=0.9573]\r[label_smooth] Stage2 Epoch 70/75:  50%|█████     | 82/164 [00:28\u003c00:27,  3.02it/s, loss=0.7712, acc=0.9567]\n"}
,{"stream_name":"stderr","time":5097.882716128,"data":"\r[label_smooth] Stage2 Epoch 70/75:  50%|█████     | 82/164 [00:28\u003c00:27,  3.02it/s, loss=0.7712, acc=0.9567]\r[label_smooth] Stage2 Epoch 70/75:  51%|█████     | 83/164 [00:28\u003c00:26,  3.02it/s, loss=0.7712, acc=0.9567]\n"}
,{"stream_name":"stderr","time":5098.214546201,"data":"\r[label_smooth] Stage2 Epoch 70/75:  51%|█████     | 83/164 [00:28\u003c00:26,  3.02it/s, loss=0.7712, acc=0.9567]\r[label_smooth] Stage2 Epoch 70/75:  51%|█████     | 83/164 [00:28\u003c00:26,  3.02it/s, loss=0.7707, acc=0.9568]\n"}
,{"stream_name":"stderr","time":5098.215528835,"data":"\r[label_smooth] Stage2 Epoch 70/75:  51%|█████     | 83/164 [00:28\u003c00:26,  3.02it/s, loss=0.7707, acc=0.9568]\r[label_smooth] Stage2 Epoch 70/75:  51%|█████     | 84/164 [00:28\u003c00:26,  3.01it/s, loss=0.7707, acc=0.9568]\n"}
,{"stream_name":"stderr","time":5098.543993819,"data":"\r[label_smooth] Stage2 Epoch 70/75:  51%|█████     | 84/164 [00:28\u003c00:26,  3.01it/s, loss=0.7707, acc=0.9568]\r[label_smooth] Stage2 Epoch 70/75:  51%|█████     | 84/164 [00:28\u003c00:26,  3.01it/s, loss=0.7700, acc=0.9574]\n"}
,{"stream_name":"stderr","time":5098.545041719,"data":"\r[label_smooth] Stage2 Epoch 70/75:  51%|█████     | 84/164 [00:28\u003c00:26,  3.01it/s, loss=0.7700, acc=0.9574]\r[label_smooth] Stage2 Epoch 70/75:  52%|█████▏    | 85/164 [00:28\u003c00:26,  3.02it/s, loss=0.7700, acc=0.9574]\n"}
,{"stream_name":"stderr","time":5098.874742866,"data":"\r[label_smooth] Stage2 Epoch 70/75:  52%|█████▏    | 85/164 [00:28\u003c00:26,  3.02it/s, loss=0.7700, acc=0.9574]\r[label_smooth] Stage2 Epoch 70/75:  52%|█████▏    | 85/164 [00:29\u003c00:26,  3.02it/s, loss=0.7703, acc=0.9571]\n"}
,{"stream_name":"stderr","time":5098.87575462,"data":"\r[label_smooth] Stage2 Epoch 70/75:  52%|█████▏    | 85/164 [00:29\u003c00:26,  3.02it/s, loss=0.7703, acc=0.9571]\r[label_smooth] Stage2 Epoch 70/75:  52%|█████▏    | 86/164 [00:29\u003c00:25,  3.02it/s, loss=0.7703, acc=0.9571]\n"}
,{"stream_name":"stderr","time":5099.207655817,"data":"\r[label_smooth] Stage2 Epoch 70/75:  52%|█████▏    | 86/164 [00:29\u003c00:25,  3.02it/s, loss=0.7703, acc=0.9571]\r[label_smooth] Stage2 Epoch 70/75:  52%|█████▏    | 86/164 [00:29\u003c00:25,  3.02it/s, loss=0.7706, acc=0.9569]\n"}
,{"stream_name":"stderr","time":5099.208026882,"data":"\r[label_smooth] Stage2 Epoch 70/75:  52%|█████▏    | 86/164 [00:29\u003c00:25,  3.02it/s, loss=0.7706, acc=0.9569]\r[label_smooth] Stage2 Epoch 70/75:  53%|█████▎    | 87/164 [00:29\u003c00:25,  3.02it/s, loss=0.7706, acc=0.9569]\n"}
,{"stream_name":"stderr","time":5099.538981187,"data":"\r[label_smooth] Stage2 Epoch 70/75:  53%|█████▎    | 87/164 [00:29\u003c00:25,  3.02it/s, loss=0.7706, acc=0.9569]\r[label_smooth] Stage2 Epoch 70/75:  53%|█████▎    | 87/164 [00:29\u003c00:25,  3.02it/s, loss=0.7694, acc=0.9574]\n"}
,{"stream_name":"stderr","time":5099.539747744,"data":"\r[label_smooth] Stage2 Epoch 70/75:  53%|█████▎    | 87/164 [00:29\u003c00:25,  3.02it/s, loss=0.7694, acc=0.9574]\r[label_smooth] Stage2 Epoch 70/75:  54%|█████▎    | 88/164 [00:29\u003c00:25,  3.02it/s, loss=0.7694, acc=0.9574]\n"}
,{"stream_name":"stderr","time":5099.870082337,"data":"\r[label_smooth] Stage2 Epoch 70/75:  54%|█████▎    | 88/164 [00:29\u003c00:25,  3.02it/s, loss=0.7694, acc=0.9574]\r[label_smooth] Stage2 Epoch 70/75:  54%|█████▎    | 88/164 [00:30\u003c00:25,  3.02it/s, loss=0.7687, acc=0.9575]\n"}
,{"stream_name":"stderr","time":5099.871912897,"data":"\r[label_smooth] Stage2 Epoch 70/75:  54%|█████▎    | 88/164 [00:30\u003c00:25,  3.02it/s, loss=0.7687, acc=0.9575]\r[label_smooth] Stage2 Epoch 70/75:  54%|█████▍    | 89/164 [00:30\u003c00:24,  3.02it/s, loss=0.7687, acc=0.9575]\n"}
,{"stream_name":"stderr","time":5100.199677697,"data":"\r[label_smooth] Stage2 Epoch 70/75:  54%|█████▍    | 89/164 [00:30\u003c00:24,  3.02it/s, loss=0.7687, acc=0.9575]\r[label_smooth] Stage2 Epoch 70/75:  54%|█████▍    | 89/164 [00:30\u003c00:24,  3.02it/s, loss=0.7676, acc=0.9580]\n"}
,{"stream_name":"stderr","time":5100.200598917,"data":"\r[label_smooth] Stage2 Epoch 70/75:  54%|█████▍    | 89/164 [00:30\u003c00:24,  3.02it/s, loss=0.7676, acc=0.9580]\r[label_smooth] Stage2 Epoch 70/75:  55%|█████▍    | 90/164 [00:30\u003c00:24,  3.02it/s, loss=0.7676, acc=0.9580]\n"}
,{"stream_name":"stderr","time":5100.529688728,"data":"\r[label_smooth] Stage2 Epoch 70/75:  55%|█████▍    | 90/164 [00:30\u003c00:24,  3.02it/s, loss=0.7676, acc=0.9580]\r[label_smooth] Stage2 Epoch 70/75:  55%|█████▍    | 90/164 [00:30\u003c00:24,  3.02it/s, loss=0.7668, acc=0.9581]\n"}
,{"stream_name":"stderr","time":5100.530708374,"data":"\r[label_smooth] Stage2 Epoch 70/75:  55%|█████▍    | 90/164 [00:30\u003c00:24,  3.02it/s, loss=0.7668, acc=0.9581]\r[label_smooth] Stage2 Epoch 70/75:  55%|█████▌    | 91/164 [00:30\u003c00:24,  3.02it/s, loss=0.7668, acc=0.9581]\n"}
,{"stream_name":"stderr","time":5100.860737814,"data":"\r[label_smooth] Stage2 Epoch 70/75:  55%|█████▌    | 91/164 [00:30\u003c00:24,  3.02it/s, loss=0.7668, acc=0.9581]\r[label_smooth] Stage2 Epoch 70/75:  55%|█████▌    | 91/164 [00:31\u003c00:24,  3.02it/s, loss=0.7658, acc=0.9586]\n"}
,{"stream_name":"stderr","time":5100.861928019,"data":"\r[label_smooth] Stage2 Epoch 70/75:  55%|█████▌    | 91/164 [00:31\u003c00:24,  3.02it/s, loss=0.7658, acc=0.9586]\r[label_smooth] Stage2 Epoch 70/75:  56%|█████▌    | 92/164 [00:31\u003c00:23,  3.02it/s, loss=0.7658, acc=0.9586]\n"}
,{"stream_name":"stderr","time":5101.194319823,"data":"\r[label_smooth] Stage2 Epoch 70/75:  56%|█████▌    | 92/164 [00:31\u003c00:23,  3.02it/s, loss=0.7658, acc=0.9586]\r[label_smooth] Stage2 Epoch 70/75:  56%|█████▌    | 92/164 [00:31\u003c00:23,  3.02it/s, loss=0.7656, acc=0.9587]\n"}
,{"stream_name":"stderr","time":5101.195771376,"data":"\r[label_smooth] Stage2 Epoch 70/75:  56%|█████▌    | 92/164 [00:31\u003c00:23,  3.02it/s, loss=0.7656, acc=0.9587]\r[label_smooth] Stage2 Epoch 70/75:  57%|█████▋    | 93/164 [00:31\u003c00:23,  3.01it/s, loss=0.7656, acc=0.9587]\n"}
,{"stream_name":"stderr","time":5101.527504055,"data":"\r[label_smooth] Stage2 Epoch 70/75:  57%|█████▋    | 93/164 [00:31\u003c00:23,  3.01it/s, loss=0.7656, acc=0.9587]\r[label_smooth] Stage2 Epoch 70/75:  57%|█████▋    | 93/164 [00:31\u003c00:23,  3.01it/s, loss=0.7654, acc=0.9588]\n"}
,{"stream_name":"stderr","time":5101.528855725,"data":"\r[label_smooth] Stage2 Epoch 70/75:  57%|█████▋    | 93/164 [00:31\u003c00:23,  3.01it/s, loss=0.7654, acc=0.9588]\r[label_smooth] Stage2 Epoch 70/75:  57%|█████▋    | 94/164 [00:31\u003c00:23,  3.01it/s, loss=0.7654, acc=0.9588]\n"}
,{"stream_name":"stderr","time":5101.855922198,"data":"\r[label_smooth] Stage2 Epoch 70/75:  57%|█████▋    | 94/164 [00:31\u003c00:23,  3.01it/s, loss=0.7654, acc=0.9588]\r[label_smooth] Stage2 Epoch 70/75:  57%|█████▋    | 94/164 [00:32\u003c00:23,  3.01it/s, loss=0.7644, acc=0.9592]\n"}
,{"stream_name":"stderr","time":5101.857201572,"data":"\r[label_smooth] Stage2 Epoch 70/75:  57%|█████▋    | 94/164 [00:32\u003c00:23,  3.01it/s, loss=0.7644, acc=0.9592]\r[label_smooth] Stage2 Epoch 70/75:  58%|█████▊    | 95/164 [00:32\u003c00:22,  3.02it/s, loss=0.7644, acc=0.9592]\n"}
,{"stream_name":"stderr","time":5102.19058254,"data":"\r[label_smooth] Stage2 Epoch 70/75:  58%|█████▊    | 95/164 [00:32\u003c00:22,  3.02it/s, loss=0.7644, acc=0.9592]\r[label_smooth] Stage2 Epoch 70/75:  58%|█████▊    | 95/164 [00:32\u003c00:22,  3.02it/s, loss=0.7642, acc=0.9593]\n"}
,{"stream_name":"stderr","time":5102.190616224,"data":"\r[label_smooth] Stage2 Epoch 70/75:  58%|█████▊    | 95/164 [00:32\u003c00:22,  3.02it/s, loss=0.7642, acc=0.9593]\r[label_smooth] Stage2 Epoch 70/75:  59%|█████▊    | 96/164 [00:32\u003c00:22,  3.01it/s, loss=0.7642, acc=0.9593]\n"}
,{"stream_name":"stderr","time":5102.521227663,"data":"\r[label_smooth] Stage2 Epoch 70/75:  59%|█████▊    | 96/164 [00:32\u003c00:22,  3.01it/s, loss=0.7642, acc=0.9593]\r[label_smooth] Stage2 Epoch 70/75:  59%|█████▊    | 96/164 [00:32\u003c00:22,  3.01it/s, loss=0.7633, acc=0.9597]\n"}
,{"stream_name":"stderr","time":5102.522445621,"data":"\r[label_smooth] Stage2 Epoch 70/75:  59%|█████▊    | 96/164 [00:32\u003c00:22,  3.01it/s, loss=0.7633, acc=0.9597]\r[label_smooth] Stage2 Epoch 70/75:  59%|█████▉    | 97/164 [00:32\u003c00:22,  3.01it/s, loss=0.7633, acc=0.9597]\n"}
,{"stream_name":"stderr","time":5102.850564455,"data":"\r[label_smooth] Stage2 Epoch 70/75:  59%|█████▉    | 97/164 [00:32\u003c00:22,  3.01it/s, loss=0.7633, acc=0.9597]\r[label_smooth] Stage2 Epoch 70/75:  59%|█████▉    | 97/164 [00:33\u003c00:22,  3.01it/s, loss=0.7636, acc=0.9598]\n"}
,{"stream_name":"stderr","time":5102.851661412,"data":"\r[label_smooth] Stage2 Epoch 70/75:  59%|█████▉    | 97/164 [00:33\u003c00:22,  3.01it/s, loss=0.7636, acc=0.9598]\r[label_smooth] Stage2 Epoch 70/75:  60%|█████▉    | 98/164 [00:33\u003c00:21,  3.02it/s, loss=0.7636, acc=0.9598]\n"}
,{"stream_name":"stderr","time":5103.180969839,"data":"\r[label_smooth] Stage2 Epoch 70/75:  60%|█████▉    | 98/164 [00:33\u003c00:21,  3.02it/s, loss=0.7636, acc=0.9598]\r[label_smooth] Stage2 Epoch 70/75:  60%|█████▉    | 98/164 [00:33\u003c00:21,  3.02it/s, loss=0.7632, acc=0.9599]\n"}
,{"stream_name":"stderr","time":5103.182138432,"data":"\r[label_smooth] Stage2 Epoch 70/75:  60%|█████▉    | 98/164 [00:33\u003c00:21,  3.02it/s, loss=0.7632, acc=0.9599]\r[label_smooth] Stage2 Epoch 70/75:  60%|██████    | 99/164 [00:33\u003c00:21,  3.02it/s, loss=0.7632, acc=0.9599]\n"}
,{"stream_name":"stderr","time":5103.514978757,"data":"\r[label_smooth] Stage2 Epoch 70/75:  60%|██████    | 99/164 [00:33\u003c00:21,  3.02it/s, loss=0.7632, acc=0.9599]\r[label_smooth] Stage2 Epoch 70/75:  60%|██████    | 99/164 [00:33\u003c00:21,  3.02it/s, loss=0.7627, acc=0.9603]\n"}
,{"stream_name":"stderr","time":5103.51606867,"data":"\r[label_smooth] Stage2 Epoch 70/75:  60%|██████    | 99/164 [00:33\u003c00:21,  3.02it/s, loss=0.7627, acc=0.9603]\r[label_smooth] Stage2 Epoch 70/75:  61%|██████    | 100/164 [00:33\u003c00:21,  3.02it/s, loss=0.7627, acc=0.9603]\n"}
,{"stream_name":"stderr","time":5103.844280953,"data":"\r[label_smooth] Stage2 Epoch 70/75:  61%|██████    | 100/164 [00:33\u003c00:21,  3.02it/s, loss=0.7627, acc=0.9603]\r[label_smooth] Stage2 Epoch 70/75:  61%|██████    | 100/164 [00:34\u003c00:21,  3.02it/s, loss=0.7623, acc=0.9604]\n"}
,{"stream_name":"stderr","time":5103.846317388,"data":"\r[label_smooth] Stage2 Epoch 70/75:  61%|██████    | 100/164 [00:34\u003c00:21,  3.02it/s, loss=0.7623, acc=0.9604]\r[label_smooth] Stage2 Epoch 70/75:  62%|██████▏   | 101/164 [00:34\u003c00:20,  3.02it/s, loss=0.7623, acc=0.9604]\n"}
,{"stream_name":"stderr","time":5104.184055102,"data":"\r[label_smooth] Stage2 Epoch 70/75:  62%|██████▏   | 101/164 [00:34\u003c00:20,  3.02it/s, loss=0.7623, acc=0.9604]\r[label_smooth] Stage2 Epoch 70/75:  62%|██████▏   | 101/164 [00:34\u003c00:20,  3.02it/s, loss=0.7639, acc=0.9602]\n"}
,{"stream_name":"stderr","time":5104.184980213,"data":"\r[label_smooth] Stage2 Epoch 70/75:  62%|██████▏   | 101/164 [00:34\u003c00:20,  3.02it/s, loss=0.7639, acc=0.9602]\r[label_smooth] Stage2 Epoch 70/75:  62%|██████▏   | 102/164 [00:34\u003c00:20,  3.00it/s, loss=0.7639, acc=0.9602]\n"}
,{"stream_name":"stderr","time":5104.513088476,"data":"\r[label_smooth] Stage2 Epoch 70/75:  62%|██████▏   | 102/164 [00:34\u003c00:20,  3.00it/s, loss=0.7639, acc=0.9602]\r[label_smooth] Stage2 Epoch 70/75:  62%|██████▏   | 102/164 [00:34\u003c00:20,  3.00it/s, loss=0.7647, acc=0.9600]\n"}
,{"stream_name":"stderr","time":5104.520590587,"data":"\r[label_smooth] Stage2 Epoch 70/75:  62%|██████▏   | 102/164 [00:34\u003c00:20,  3.00it/s, loss=0.7647, acc=0.9600]\r[label_smooth] Stage2 Epoch 70/75:  63%|██████▎   | 103/164 [00:34\u003c00:20,  3.01it/s, loss=0.7647, acc=0.9600]\n"}
,{"stream_name":"stderr","time":5104.842273862,"data":"\r[label_smooth] Stage2 Epoch 70/75:  63%|██████▎   | 103/164 [00:34\u003c00:20,  3.01it/s, loss=0.7647, acc=0.9600]\r[label_smooth] Stage2 Epoch 70/75:  63%|██████▎   | 103/164 [00:35\u003c00:20,  3.01it/s, loss=0.7649, acc=0.9600]\n"}
,{"stream_name":"stderr","time":5104.843441967,"data":"\r[label_smooth] Stage2 Epoch 70/75:  63%|██████▎   | 103/164 [00:35\u003c00:20,  3.01it/s, loss=0.7649, acc=0.9600]\r[label_smooth] Stage2 Epoch 70/75:  63%|██████▎   | 104/164 [00:35\u003c00:19,  3.02it/s, loss=0.7649, acc=0.9600]\n"}
,{"stream_name":"stderr","time":5105.173763432,"data":"\r[label_smooth] Stage2 Epoch 70/75:  63%|██████▎   | 104/164 [00:35\u003c00:19,  3.02it/s, loss=0.7649, acc=0.9600]\r[label_smooth] Stage2 Epoch 70/75:  63%|██████▎   | 104/164 [00:35\u003c00:19,  3.02it/s, loss=0.7646, acc=0.9598]\n"}
,{"stream_name":"stderr","time":5105.175349914,"data":"\r[label_smooth] Stage2 Epoch 70/75:  63%|██████▎   | 104/164 [00:35\u003c00:19,  3.02it/s, loss=0.7646, acc=0.9598]\r[label_smooth] Stage2 Epoch 70/75:  64%|██████▍   | 105/164 [00:35\u003c00:19,  3.02it/s, loss=0.7646, acc=0.9598]\n"}
,{"stream_name":"stderr","time":5107.734731608,"data":"\r[label_smooth] Stage2 Epoch 70/75:  64%|██████▍   | 105/164 [00:35\u003c00:19,  3.02it/s, loss=0.7646, acc=0.9598]\r[label_smooth] Stage2 Epoch 70/75:  64%|██████▍   | 105/164 [00:35\u003c00:19,  3.02it/s, loss=0.7641, acc=0.9599]\n"}
,{"stream_name":"stderr","time":5107.737287614,"data":"\r[label_smooth] Stage2 Epoch 70/75:  64%|██████▍   | 105/164 [00:35\u003c00:19,  3.02it/s, loss=0.7641, acc=0.9599]\r[label_smooth] Stage2 Epoch 70/75:  65%|██████▍   | 106/164 [00:35\u003c00:19,  3.02it/s, loss=0.7641, acc=0.9599]\n"}
,{"stream_name":"stderr","time":5107.739155717,"data":"\r[label_smooth] Stage2 Epoch 70/75:  65%|██████▍   | 106/164 [00:35\u003c00:19,  3.02it/s, loss=0.7641, acc=0.9599]\r[label_smooth] Stage2 Epoch 70/75:  65%|██████▍   | 106/164 [00:36\u003c00:19,  3.02it/s, loss=0.7652, acc=0.9597]\n"}
,{"stream_name":"stderr","time":5107.740624482,"data":"\r[label_smooth] Stage2 Epoch 70/75:  65%|██████▍   | 106/164 [00:36\u003c00:19,  3.02it/s, loss=0.7652, acc=0.9597]\r[label_smooth] Stage2 Epoch 70/75:  65%|██████▌   | 107/164 [00:36\u003c00:18,  3.01it/s, loss=0.7652, acc=0.9597]\n"}
,{"stream_name":"stderr","time":5107.74195812,"data":"\r[label_smooth] Stage2 Epoch 70/75:  65%|██████▌   | 107/164 [00:36\u003c00:18,  3.01it/s, loss=0.7652, acc=0.9597]\r[label_smooth] Stage2 Epoch 70/75:  65%|██████▌   | 107/164 [00:36\u003c00:18,  3.01it/s, loss=0.7648, acc=0.9598]\n"}
,{"stream_name":"stderr","time":5107.743196986,"data":"\r[label_smooth] Stage2 Epoch 70/75:  65%|██████▌   | 107/164 [00:36\u003c00:18,  3.01it/s, loss=0.7648, acc=0.9598]\r[label_smooth] Stage2 Epoch 70/75:  66%|██████▌   | 108/164 [00:36\u003c00:18,  3.00it/s, loss=0.7648, acc=0.9598]\n"}
,{"stream_name":"stderr","time":5107.744504488,"data":"\r[label_smooth] Stage2 Epoch 70/75:  66%|██████▌   | 108/164 [00:36\u003c00:18,  3.00it/s, loss=0.7648, acc=0.9598]\r[label_smooth] Stage2 Epoch 70/75:  66%|██████▌   | 108/164 [00:36\u003c00:18,  3.00it/s, loss=0.7645, acc=0.9599]\n"}
,{"stream_name":"stderr","time":5107.745953461,"data":"\r[label_smooth] Stage2 Epoch 70/75:  66%|██████▌   | 108/164 [00:36\u003c00:18,  3.00it/s, loss=0.7645, acc=0.9599]\r[label_smooth] Stage2 Epoch 70/75:  66%|██████▋   | 109/164 [00:36\u003c00:18,  3.00it/s, loss=0.7645, acc=0.9599]\n"}
,{"stream_name":"stderr","time":5107.747215974,"data":"\r[label_smooth] Stage2 Epoch 70/75:  66%|██████▋   | 109/164 [00:36\u003c00:18,  3.00it/s, loss=0.7645, acc=0.9599]\r[label_smooth] Stage2 Epoch 70/75:  66%|██████▋   | 109/164 [00:37\u003c00:18,  3.00it/s, loss=0.7640, acc=0.9602]\n"}
,{"stream_name":"stderr","time":5107.748475591,"data":"\r[label_smooth] Stage2 Epoch 70/75:  66%|██████▋   | 109/164 [00:37\u003c00:18,  3.00it/s, loss=0.7640, acc=0.9602]\r[label_smooth] Stage2 Epoch 70/75:  67%|██████▋   | 110/164 [00:37\u003c00:17,  3.01it/s, loss=0.7640, acc=0.9602]\n"}
,{"stream_name":"stderr","time":5107.749733606,"data":"\r[label_smooth] Stage2 Epoch 70/75:  67%|██████▋   | 110/164 [00:37\u003c00:17,  3.01it/s, loss=0.7640, acc=0.9602]\r[label_smooth] Stage2 Epoch 70/75:  67%|██████▋   | 110/164 [00:37\u003c00:17,  3.01it/s, loss=0.7652, acc=0.9600]\n"}
,{"stream_name":"stderr","time":5107.750964891,"data":"\r[label_smooth] Stage2 Epoch 70/75:  67%|██████▋   | 110/164 [00:37\u003c00:17,  3.01it/s, loss=0.7652, acc=0.9600]\r[label_smooth] Stage2 Epoch 70/75:  68%|██████▊   | 111/164 [00:37\u003c00:17,  3.00it/s, loss=0.7652, acc=0.9600]\n"}
,{"stream_name":"stderr","time":5107.752259902,"data":"\r[label_smooth] Stage2 Epoch 70/75:  68%|██████▊   | 111/164 [00:37\u003c00:17,  3.00it/s, loss=0.7652, acc=0.9600]\r[label_smooth] Stage2 Epoch 70/75:  68%|██████▊   | 111/164 [00:37\u003c00:17,  3.00it/s, loss=0.7647, acc=0.9604]\n"}
,{"stream_name":"stderr","time":5107.753566121,"data":"\r[label_smooth] Stage2 Epoch 70/75:  68%|██████▊   | 111/164 [00:37\u003c00:17,  3.00it/s, loss=0.7647, acc=0.9604]\r[label_smooth] Stage2 Epoch 70/75:  68%|██████▊   | 112/164 [00:37\u003c00:17,  3.01it/s, loss=0.7647, acc=0.9604]\n"}
,{"stream_name":"stderr","time":5107.837988644,"data":"\r[label_smooth] Stage2 Epoch 70/75:  68%|██████▊   | 112/164 [00:37\u003c00:17,  3.01it/s, loss=0.7647, acc=0.9604]\r[label_smooth] Stage2 Epoch 70/75:  68%|██████▊   | 112/164 [00:38\u003c00:17,  3.01it/s, loss=0.7661, acc=0.9596]\n"}
,{"stream_name":"stderr","time":5107.845797178,"data":"\r[label_smooth] Stage2 Epoch 70/75:  68%|██████▊   | 112/164 [00:38\u003c00:17,  3.01it/s, loss=0.7661, acc=0.9596]\r[label_smooth] Stage2 Epoch 70/75:  69%|██████▉   | 113/164 [00:38\u003c00:16,  3.01it/s, loss=0.7661, acc=0.9596]\n"}
,{"stream_name":"stderr","time":5108.167116012,"data":"\r[label_smooth] Stage2 Epoch 70/75:  69%|██████▉   | 113/164 [00:38\u003c00:16,  3.01it/s, loss=0.7661, acc=0.9596]\r[label_smooth] Stage2 Epoch 70/75:  69%|██████▉   | 113/164 [00:38\u003c00:16,  3.01it/s, loss=0.7659, acc=0.9597]\n"}
,{"stream_name":"stderr","time":5108.16910174,"data":"\r[label_smooth] Stage2 Epoch 70/75:  69%|██████▉   | 113/164 [00:38\u003c00:16,  3.01it/s, loss=0.7659, acc=0.9597]\r[label_smooth] Stage2 Epoch 70/75:  70%|██████▉   | 114/164 [00:38\u003c00:16,  3.01it/s, loss=0.7659, acc=0.9597]\n"}
,{"stream_name":"stderr","time":5108.498683222,"data":"\r[label_smooth] Stage2 Epoch 70/75:  70%|██████▉   | 114/164 [00:38\u003c00:16,  3.01it/s, loss=0.7659, acc=0.9597]\r[label_smooth] Stage2 Epoch 70/75:  70%|██████▉   | 114/164 [00:38\u003c00:16,  3.01it/s, loss=0.7661, acc=0.9595]\n"}
,{"stream_name":"stderr","time":5108.499709837,"data":"\r[label_smooth] Stage2 Epoch 70/75:  70%|██████▉   | 114/164 [00:38\u003c00:16,  3.01it/s, loss=0.7661, acc=0.9595]\r[label_smooth] Stage2 Epoch 70/75:  70%|███████   | 115/164 [00:38\u003c00:16,  3.02it/s, loss=0.7661, acc=0.9595]\n"}
,{"stream_name":"stderr","time":5108.829983752,"data":"\r[label_smooth] Stage2 Epoch 70/75:  70%|███████   | 115/164 [00:38\u003c00:16,  3.02it/s, loss=0.7661, acc=0.9595]\r[label_smooth] Stage2 Epoch 70/75:  70%|███████   | 115/164 [00:39\u003c00:16,  3.02it/s, loss=0.7655, acc=0.9599]\n"}
,{"stream_name":"stderr","time":5108.830528695,"data":"\r[label_smooth] Stage2 Epoch 70/75:  70%|███████   | 115/164 [00:39\u003c00:16,  3.02it/s, loss=0.7655, acc=0.9599]\r[label_smooth] Stage2 Epoch 70/75:  71%|███████   | 116/164 [00:39\u003c00:15,  3.02it/s, loss=0.7655, acc=0.9599]\n"}
,{"stream_name":"stderr","time":5109.160315693,"data":"\r[label_smooth] Stage2 Epoch 70/75:  71%|███████   | 116/164 [00:39\u003c00:15,  3.02it/s, loss=0.7655, acc=0.9599]\r[label_smooth] Stage2 Epoch 70/75:  71%|███████   | 116/164 [00:39\u003c00:15,  3.02it/s, loss=0.7652, acc=0.9599]\n"}
,{"stream_name":"stderr","time":5109.161280168,"data":"\r[label_smooth] Stage2 Epoch 70/75:  71%|███████   | 116/164 [00:39\u003c00:15,  3.02it/s, loss=0.7652, acc=0.9599]\r[label_smooth] Stage2 Epoch 70/75:  71%|███████▏  | 117/164 [00:39\u003c00:15,  3.02it/s, loss=0.7652, acc=0.9599]\n"}
,{"stream_name":"stderr","time":5109.492780224,"data":"\r[label_smooth] Stage2 Epoch 70/75:  71%|███████▏  | 117/164 [00:39\u003c00:15,  3.02it/s, loss=0.7652, acc=0.9599]\r[label_smooth] Stage2 Epoch 70/75:  71%|███████▏  | 117/164 [00:39\u003c00:15,  3.02it/s, loss=0.7649, acc=0.9597]\n"}
,{"stream_name":"stderr","time":5109.493813747,"data":"\r[label_smooth] Stage2 Epoch 70/75:  71%|███████▏  | 117/164 [00:39\u003c00:15,  3.02it/s, loss=0.7649, acc=0.9597]\r[label_smooth] Stage2 Epoch 70/75:  72%|███████▏  | 118/164 [00:39\u003c00:15,  3.02it/s, loss=0.7649, acc=0.9597]\n"}
,{"stream_name":"stderr","time":5109.823462226,"data":"\r[label_smooth] Stage2 Epoch 70/75:  72%|███████▏  | 118/164 [00:39\u003c00:15,  3.02it/s, loss=0.7649, acc=0.9597]\r[label_smooth] Stage2 Epoch 70/75:  72%|███████▏  | 118/164 [00:40\u003c00:15,  3.02it/s, loss=0.7645, acc=0.9598]\n"}
,{"stream_name":"stderr","time":5109.824715821,"data":"\r[label_smooth] Stage2 Epoch 70/75:  72%|███████▏  | 118/164 [00:40\u003c00:15,  3.02it/s, loss=0.7645, acc=0.9598]\r[label_smooth] Stage2 Epoch 70/75:  73%|███████▎  | 119/164 [00:40\u003c00:14,  3.02it/s, loss=0.7645, acc=0.9598]\n"}
,{"stream_name":"stderr","time":5110.156013648,"data":"\r[label_smooth] Stage2 Epoch 70/75:  73%|███████▎  | 119/164 [00:40\u003c00:14,  3.02it/s, loss=0.7645, acc=0.9598]\r[label_smooth] Stage2 Epoch 70/75:  73%|███████▎  | 119/164 [00:40\u003c00:14,  3.02it/s, loss=0.7641, acc=0.9599]\n"}
,{"stream_name":"stderr","time":5110.158350587,"data":"\r[label_smooth] Stage2 Epoch 70/75:  73%|███████▎  | 119/164 [00:40\u003c00:14,  3.02it/s, loss=0.7641, acc=0.9599]\r[label_smooth] Stage2 Epoch 70/75:  73%|███████▎  | 120/164 [00:40\u003c00:14,  3.01it/s, loss=0.7641, acc=0.9599]\n"}
,{"stream_name":"stderr","time":5110.488427385,"data":"\r[label_smooth] Stage2 Epoch 70/75:  73%|███████▎  | 120/164 [00:40\u003c00:14,  3.01it/s, loss=0.7641, acc=0.9599]\r[label_smooth] Stage2 Epoch 70/75:  73%|███████▎  | 120/164 [00:40\u003c00:14,  3.01it/s, loss=0.7639, acc=0.9597]\n"}
,{"stream_name":"stderr","time":5110.489574739,"data":"\r[label_smooth] Stage2 Epoch 70/75:  73%|███████▎  | 120/164 [00:40\u003c00:14,  3.01it/s, loss=0.7639, acc=0.9597]\r[label_smooth] Stage2 Epoch 70/75:  74%|███████▍  | 121/164 [00:40\u003c00:14,  3.01it/s, loss=0.7639, acc=0.9597]\n"}
,{"stream_name":"stderr","time":5110.817782372,"data":"\r[label_smooth] Stage2 Epoch 70/75:  74%|███████▍  | 121/164 [00:40\u003c00:14,  3.01it/s, loss=0.7639, acc=0.9597]\r[label_smooth] Stage2 Epoch 70/75:  74%|███████▍  | 121/164 [00:41\u003c00:14,  3.01it/s, loss=0.7640, acc=0.9598]\n"}
,{"stream_name":"stderr","time":5110.8214778,"data":"\r[label_smooth] Stage2 Epoch 70/75:  74%|███████▍  | 121/164 [00:41\u003c00:14,  3.01it/s, loss=0.7640, acc=0.9598]\r[label_smooth] Stage2 Epoch 70/75:  74%|███████▍  | 122/164 [00:41\u003c00:13,  3.02it/s, loss=0.7640, acc=0.9598]\n"}
,{"stream_name":"stderr","time":5111.151034698,"data":"\r[label_smooth] Stage2 Epoch 70/75:  74%|███████▍  | 122/164 [00:41\u003c00:13,  3.02it/s, loss=0.7640, acc=0.9598]\r[label_smooth] Stage2 Epoch 70/75:  74%|███████▍  | 122/164 [00:41\u003c00:13,  3.02it/s, loss=0.7635, acc=0.9601]\n"}
,{"stream_name":"stderr","time":5111.153590505,"data":"\r[label_smooth] Stage2 Epoch 70/75:  74%|███████▍  | 122/164 [00:41\u003c00:13,  3.02it/s, loss=0.7635, acc=0.9601]\r[label_smooth] Stage2 Epoch 70/75:  75%|███████▌  | 123/164 [00:41\u003c00:13,  3.01it/s, loss=0.7635, acc=0.9601]\n"}
,{"stream_name":"stderr","time":5111.484603601,"data":"\r[label_smooth] Stage2 Epoch 70/75:  75%|███████▌  | 123/164 [00:41\u003c00:13,  3.01it/s, loss=0.7635, acc=0.9601]\r[label_smooth] Stage2 Epoch 70/75:  75%|███████▌  | 123/164 [00:41\u003c00:13,  3.01it/s, loss=0.7635, acc=0.9602]\n"}
,{"stream_name":"stderr","time":5111.486664818,"data":"\r[label_smooth] Stage2 Epoch 70/75:  75%|███████▌  | 123/164 [00:41\u003c00:13,  3.01it/s, loss=0.7635, acc=0.9602]\r[label_smooth] Stage2 Epoch 70/75:  76%|███████▌  | 124/164 [00:41\u003c00:13,  3.01it/s, loss=0.7635, acc=0.9602]\n"}
,{"stream_name":"stderr","time":5111.820352155,"data":"\r[label_smooth] Stage2 Epoch 70/75:  76%|███████▌  | 124/164 [00:41\u003c00:13,  3.01it/s, loss=0.7635, acc=0.9602]\r[label_smooth] Stage2 Epoch 70/75:  76%|███████▌  | 124/164 [00:42\u003c00:13,  3.01it/s, loss=0.7640, acc=0.9597]\n"}
,{"stream_name":"stderr","time":5111.821497482,"data":"\r[label_smooth] Stage2 Epoch 70/75:  76%|███████▌  | 124/164 [00:42\u003c00:13,  3.01it/s, loss=0.7640, acc=0.9597]\r[label_smooth] Stage2 Epoch 70/75:  76%|███████▌  | 125/164 [00:42\u003c00:13,  3.00it/s, loss=0.7640, acc=0.9597]\n"}
,{"stream_name":"stderr","time":5112.150945316,"data":"\r[label_smooth] Stage2 Epoch 70/75:  76%|███████▌  | 125/164 [00:42\u003c00:13,  3.00it/s, loss=0.7640, acc=0.9597]\r[label_smooth] Stage2 Epoch 70/75:  76%|███████▌  | 125/164 [00:42\u003c00:13,  3.00it/s, loss=0.7632, acc=0.9601]\n"}
,{"stream_name":"stderr","time":5112.152480291,"data":"\r[label_smooth] Stage2 Epoch 70/75:  76%|███████▌  | 125/164 [00:42\u003c00:13,  3.00it/s, loss=0.7632, acc=0.9601]\r[label_smooth] Stage2 Epoch 70/75:  77%|███████▋  | 126/164 [00:42\u003c00:12,  3.01it/s, loss=0.7632, acc=0.9601]\n"}
,{"stream_name":"stderr","time":5112.481027492,"data":"\r[label_smooth] Stage2 Epoch 70/75:  77%|███████▋  | 126/164 [00:42\u003c00:12,  3.01it/s, loss=0.7632, acc=0.9601]\r[label_smooth] Stage2 Epoch 70/75:  77%|███████▋  | 126/164 [00:42\u003c00:12,  3.01it/s, loss=0.7629, acc=0.9601]\n"}
,{"stream_name":"stderr","time":5112.482598244,"data":"\r[label_smooth] Stage2 Epoch 70/75:  77%|███████▋  | 126/164 [00:42\u003c00:12,  3.01it/s, loss=0.7629, acc=0.9601]\r[label_smooth] Stage2 Epoch 70/75:  77%|███████▋  | 127/164 [00:42\u003c00:12,  3.01it/s, loss=0.7629, acc=0.9601]\n"}
,{"stream_name":"stderr","time":5112.820413868,"data":"\r[label_smooth] Stage2 Epoch 70/75:  77%|███████▋  | 127/164 [00:42\u003c00:12,  3.01it/s, loss=0.7629, acc=0.9601]\r[label_smooth] Stage2 Epoch 70/75:  77%|███████▋  | 127/164 [00:43\u003c00:12,  3.01it/s, loss=0.7624, acc=0.9602]\n"}
,{"stream_name":"stderr","time":5112.822567382,"data":"\r[label_smooth] Stage2 Epoch 70/75:  77%|███████▋  | 127/164 [00:43\u003c00:12,  3.01it/s, loss=0.7624, acc=0.9602]\r[label_smooth] Stage2 Epoch 70/75:  78%|███████▊  | 128/164 [00:43\u003c00:12,  3.00it/s, loss=0.7624, acc=0.9602]\n"}
,{"stream_name":"stderr","time":5113.155144315,"data":"\r[label_smooth] Stage2 Epoch 70/75:  78%|███████▊  | 128/164 [00:43\u003c00:12,  3.00it/s, loss=0.7624, acc=0.9602]\r[label_smooth] Stage2 Epoch 70/75:  78%|███████▊  | 128/164 [00:43\u003c00:12,  3.00it/s, loss=0.7624, acc=0.9600]\n"}
,{"stream_name":"stderr","time":5113.156744898,"data":"\r[label_smooth] Stage2 Epoch 70/75:  78%|███████▊  | 128/164 [00:43\u003c00:12,  3.00it/s, loss=0.7624, acc=0.9600]\r[label_smooth] Stage2 Epoch 70/75:  79%|███████▊  | 129/164 [00:43\u003c00:11,  2.99it/s, loss=0.7624, acc=0.9600]\n"}
,{"stream_name":"stderr","time":5113.485733107,"data":"\r[label_smooth] Stage2 Epoch 70/75:  79%|███████▊  | 129/164 [00:43\u003c00:11,  2.99it/s, loss=0.7624, acc=0.9600]\r[label_smooth] Stage2 Epoch 70/75:  79%|███████▊  | 129/164 [00:43\u003c00:11,  2.99it/s, loss=0.7623, acc=0.9603]\n"}
,{"stream_name":"stderr","time":5113.486662713,"data":"\r[label_smooth] Stage2 Epoch 70/75:  79%|███████▊  | 129/164 [00:43\u003c00:11,  2.99it/s, loss=0.7623, acc=0.9603]\r[label_smooth] Stage2 Epoch 70/75:  79%|███████▉  | 130/164 [00:43\u003c00:11,  3.00it/s, loss=0.7623, acc=0.9603]\n"}
,{"stream_name":"stderr","time":5113.813245924,"data":"\r[label_smooth] Stage2 Epoch 70/75:  79%|███████▉  | 130/164 [00:43\u003c00:11,  3.00it/s, loss=0.7623, acc=0.9603]\r[label_smooth] Stage2 Epoch 70/75:  79%|███████▉  | 130/164 [00:44\u003c00:11,  3.00it/s, loss=0.7620, acc=0.9604]\n"}
,{"stream_name":"stderr","time":5113.814297009,"data":"\r[label_smooth] Stage2 Epoch 70/75:  79%|███████▉  | 130/164 [00:44\u003c00:11,  3.00it/s, loss=0.7620, acc=0.9604]\r[label_smooth] Stage2 Epoch 70/75:  80%|███████▉  | 131/164 [00:44\u003c00:10,  3.02it/s, loss=0.7620, acc=0.9604]\n"}
,{"stream_name":"stderr","time":5114.143394444,"data":"\r[label_smooth] Stage2 Epoch 70/75:  80%|███████▉  | 131/164 [00:44\u003c00:10,  3.02it/s, loss=0.7620, acc=0.9604]\r[label_smooth] Stage2 Epoch 70/75:  80%|███████▉  | 131/164 [00:44\u003c00:10,  3.02it/s, loss=0.7630, acc=0.9600]\n"}
,{"stream_name":"stderr","time":5114.144346916,"data":"\r[label_smooth] Stage2 Epoch 70/75:  80%|███████▉  | 131/164 [00:44\u003c00:10,  3.02it/s, loss=0.7630, acc=0.9600]\r[label_smooth] Stage2 Epoch 70/75:  80%|████████  | 132/164 [00:44\u003c00:10,  3.02it/s, loss=0.7630, acc=0.9600]\n"}
,{"stream_name":"stderr","time":5114.475368755,"data":"\r[label_smooth] Stage2 Epoch 70/75:  80%|████████  | 132/164 [00:44\u003c00:10,  3.02it/s, loss=0.7630, acc=0.9600]\r[label_smooth] Stage2 Epoch 70/75:  80%|████████  | 132/164 [00:44\u003c00:10,  3.02it/s, loss=0.7624, acc=0.9603]\n"}
,{"stream_name":"stderr","time":5114.476596152,"data":"\r[label_smooth] Stage2 Epoch 70/75:  80%|████████  | 132/164 [00:44\u003c00:10,  3.02it/s, loss=0.7624, acc=0.9603]\r[label_smooth] Stage2 Epoch 70/75:  81%|████████  | 133/164 [00:44\u003c00:10,  3.02it/s, loss=0.7624, acc=0.9603]\n"}
,{"stream_name":"stderr","time":5114.808682613,"data":"\r[label_smooth] Stage2 Epoch 70/75:  81%|████████  | 133/164 [00:44\u003c00:10,  3.02it/s, loss=0.7624, acc=0.9603]\r[label_smooth] Stage2 Epoch 70/75:  81%|████████  | 133/164 [00:45\u003c00:10,  3.02it/s, loss=0.7620, acc=0.9604]\n"}
,{"stream_name":"stderr","time":5114.810139773,"data":"\r[label_smooth] Stage2 Epoch 70/75:  81%|████████  | 133/164 [00:45\u003c00:10,  3.02it/s, loss=0.7620, acc=0.9604]\r[label_smooth] Stage2 Epoch 70/75:  82%|████████▏ | 134/164 [00:45\u003c00:09,  3.01it/s, loss=0.7620, acc=0.9604]\n"}
,{"stream_name":"stderr","time":5115.140888576,"data":"\r[label_smooth] Stage2 Epoch 70/75:  82%|████████▏ | 134/164 [00:45\u003c00:09,  3.01it/s, loss=0.7620, acc=0.9604]\r[label_smooth] Stage2 Epoch 70/75:  82%|████████▏ | 134/164 [00:45\u003c00:09,  3.01it/s, loss=0.7629, acc=0.9597]\n"}
,{"stream_name":"stderr","time":5115.141821121,"data":"\r[label_smooth] Stage2 Epoch 70/75:  82%|████████▏ | 134/164 [00:45\u003c00:09,  3.01it/s, loss=0.7629, acc=0.9597]\r[label_smooth] Stage2 Epoch 70/75:  82%|████████▏ | 135/164 [00:45\u003c00:09,  3.01it/s, loss=0.7629, acc=0.9597]\n"}
,{"stream_name":"stderr","time":5115.474593316,"data":"\r[label_smooth] Stage2 Epoch 70/75:  82%|████████▏ | 135/164 [00:45\u003c00:09,  3.01it/s, loss=0.7629, acc=0.9597]\r[label_smooth] Stage2 Epoch 70/75:  82%|████████▏ | 135/164 [00:45\u003c00:09,  3.01it/s, loss=0.7630, acc=0.9593]\n"}
,{"stream_name":"stderr","time":5115.475764692,"data":"\r[label_smooth] Stage2 Epoch 70/75:  82%|████████▏ | 135/164 [00:45\u003c00:09,  3.01it/s, loss=0.7630, acc=0.9593]\r[label_smooth] Stage2 Epoch 70/75:  83%|████████▎ | 136/164 [00:45\u003c00:09,  3.01it/s, loss=0.7630, acc=0.9593]\n"}
,{"stream_name":"stderr","time":5115.806667449,"data":"\r[label_smooth] Stage2 Epoch 70/75:  83%|████████▎ | 136/164 [00:45\u003c00:09,  3.01it/s, loss=0.7630, acc=0.9593]\r[label_smooth] Stage2 Epoch 70/75:  83%|████████▎ | 136/164 [00:46\u003c00:09,  3.01it/s, loss=0.7634, acc=0.9592]\n"}
,{"stream_name":"stderr","time":5115.807518159,"data":"\r[label_smooth] Stage2 Epoch 70/75:  83%|████████▎ | 136/164 [00:46\u003c00:09,  3.01it/s, loss=0.7634, acc=0.9592]\r[label_smooth] Stage2 Epoch 70/75:  84%|████████▎ | 137/164 [00:46\u003c00:08,  3.01it/s, loss=0.7634, acc=0.9592]\n"}
,{"stream_name":"stderr","time":5116.141138512,"data":"\r[label_smooth] Stage2 Epoch 70/75:  84%|████████▎ | 137/164 [00:46\u003c00:08,  3.01it/s, loss=0.7634, acc=0.9592]\r[label_smooth] Stage2 Epoch 70/75:  84%|████████▎ | 137/164 [00:46\u003c00:08,  3.01it/s, loss=0.7627, acc=0.9595]\n"}
,{"stream_name":"stderr","time":5116.142273485,"data":"\r[label_smooth] Stage2 Epoch 70/75:  84%|████████▎ | 137/164 [00:46\u003c00:08,  3.01it/s, loss=0.7627, acc=0.9595]\r[label_smooth] Stage2 Epoch 70/75:  84%|████████▍ | 138/164 [00:46\u003c00:08,  3.00it/s, loss=0.7627, acc=0.9595]\n"}
,{"stream_name":"stderr","time":5116.472472777,"data":"\r[label_smooth] Stage2 Epoch 70/75:  84%|████████▍ | 138/164 [00:46\u003c00:08,  3.00it/s, loss=0.7627, acc=0.9595]\r[label_smooth] Stage2 Epoch 70/75:  84%|████████▍ | 138/164 [00:46\u003c00:08,  3.00it/s, loss=0.7626, acc=0.9595]\n"}
,{"stream_name":"stderr","time":5116.473440895,"data":"\r[label_smooth] Stage2 Epoch 70/75:  84%|████████▍ | 138/164 [00:46\u003c00:08,  3.00it/s, loss=0.7626, acc=0.9595]\r[label_smooth] Stage2 Epoch 70/75:  85%|████████▍ | 139/164 [00:46\u003c00:08,  3.01it/s, loss=0.7626, acc=0.9595]\n"}
,{"stream_name":"stderr","time":5116.803027026,"data":"\r[label_smooth] Stage2 Epoch 70/75:  85%|████████▍ | 139/164 [00:46\u003c00:08,  3.01it/s, loss=0.7626, acc=0.9595]\r[label_smooth] Stage2 Epoch 70/75:  85%|████████▍ | 139/164 [00:47\u003c00:08,  3.01it/s, loss=0.7631, acc=0.9589]\n"}
,{"stream_name":"stderr","time":5116.804122486,"data":"\r[label_smooth] Stage2 Epoch 70/75:  85%|████████▍ | 139/164 [00:47\u003c00:08,  3.01it/s, loss=0.7631, acc=0.9589]\r[label_smooth] Stage2 Epoch 70/75:  85%|████████▌ | 140/164 [00:47\u003c00:07,  3.01it/s, loss=0.7631, acc=0.9589]\n"}
,{"stream_name":"stderr","time":5117.13792638,"data":"\r[label_smooth] Stage2 Epoch 70/75:  85%|████████▌ | 140/164 [00:47\u003c00:07,  3.01it/s, loss=0.7631, acc=0.9589]\r[label_smooth] Stage2 Epoch 70/75:  85%|████████▌ | 140/164 [00:47\u003c00:07,  3.01it/s, loss=0.7631, acc=0.9590]\n"}
,{"stream_name":"stderr","time":5117.139070462,"data":"\r[label_smooth] Stage2 Epoch 70/75:  85%|████████▌ | 140/164 [00:47\u003c00:07,  3.01it/s, loss=0.7631, acc=0.9590]\r[label_smooth] Stage2 Epoch 70/75:  86%|████████▌ | 141/164 [00:47\u003c00:07,  3.01it/s, loss=0.7631, acc=0.9590]\n"}
,{"stream_name":"stderr","time":5117.466766206,"data":"\r[label_smooth] Stage2 Epoch 70/75:  86%|████████▌ | 141/164 [00:47\u003c00:07,  3.01it/s, loss=0.7631, acc=0.9590]\r[label_smooth] Stage2 Epoch 70/75:  86%|████████▌ | 141/164 [00:47\u003c00:07,  3.01it/s, loss=0.7628, acc=0.9593]\n"}
,{"stream_name":"stderr","time":5117.467854658,"data":"\r[label_smooth] Stage2 Epoch 70/75:  86%|████████▌ | 141/164 [00:47\u003c00:07,  3.01it/s, loss=0.7628, acc=0.9593]\r[label_smooth] Stage2 Epoch 70/75:  87%|████████▋ | 142/164 [00:47\u003c00:07,  3.02it/s, loss=0.7628, acc=0.9593]\n"}
,{"stream_name":"stderr","time":5117.795963776,"data":"\r[label_smooth] Stage2 Epoch 70/75:  87%|████████▋ | 142/164 [00:47\u003c00:07,  3.02it/s, loss=0.7628, acc=0.9593]\r[label_smooth] Stage2 Epoch 70/75:  87%|████████▋ | 142/164 [00:48\u003c00:07,  3.02it/s, loss=0.7640, acc=0.9585]\n"}
,{"stream_name":"stderr","time":5117.796942019,"data":"\r[label_smooth] Stage2 Epoch 70/75:  87%|████████▋ | 142/164 [00:48\u003c00:07,  3.02it/s, loss=0.7640, acc=0.9585]\r[label_smooth] Stage2 Epoch 70/75:  87%|████████▋ | 143/164 [00:48\u003c00:06,  3.02it/s, loss=0.7640, acc=0.9585]\n"}
,{"stream_name":"stderr","time":5118.12568033,"data":"\r[label_smooth] Stage2 Epoch 70/75:  87%|████████▋ | 143/164 [00:48\u003c00:06,  3.02it/s, loss=0.7640, acc=0.9585]\r[label_smooth] Stage2 Epoch 70/75:  87%|████████▋ | 143/164 [00:48\u003c00:06,  3.02it/s, loss=0.7636, acc=0.9586]\n"}
,{"stream_name":"stderr","time":5118.126772585,"data":"\r[label_smooth] Stage2 Epoch 70/75:  87%|████████▋ | 143/164 [00:48\u003c00:06,  3.02it/s, loss=0.7636, acc=0.9586]\r[label_smooth] Stage2 Epoch 70/75:  88%|████████▊ | 144/164 [00:48\u003c00:06,  3.03it/s, loss=0.7636, acc=0.9586]\n"}
,{"stream_name":"stderr","time":5118.455369771,"data":"\r[label_smooth] Stage2 Epoch 70/75:  88%|████████▊ | 144/164 [00:48\u003c00:06,  3.03it/s, loss=0.7636, acc=0.9586]\r[label_smooth] Stage2 Epoch 70/75:  88%|████████▊ | 144/164 [00:48\u003c00:06,  3.03it/s, loss=0.7645, acc=0.9582]\n"}
,{"stream_name":"stderr","time":5118.456052237,"data":"\r[label_smooth] Stage2 Epoch 70/75:  88%|████████▊ | 144/164 [00:48\u003c00:06,  3.03it/s, loss=0.7645, acc=0.9582]\r[label_smooth] Stage2 Epoch 70/75:  88%|████████▊ | 145/164 [00:48\u003c00:06,  3.03it/s, loss=0.7645, acc=0.9582]\n"}
,{"stream_name":"stderr","time":5118.782631876,"data":"\r[label_smooth] Stage2 Epoch 70/75:  88%|████████▊ | 145/164 [00:48\u003c00:06,  3.03it/s, loss=0.7645, acc=0.9582]\r[label_smooth] Stage2 Epoch 70/75:  88%|████████▊ | 145/164 [00:49\u003c00:06,  3.03it/s, loss=0.7639, acc=0.9585]\n"}
,{"stream_name":"stderr","time":5118.783494281,"data":"\r[label_smooth] Stage2 Epoch 70/75:  88%|████████▊ | 145/164 [00:49\u003c00:06,  3.03it/s, loss=0.7639, acc=0.9585]\r[label_smooth] Stage2 Epoch 70/75:  89%|████████▉ | 146/164 [00:49\u003c00:05,  3.04it/s, loss=0.7639, acc=0.9585]\n"}
,{"stream_name":"stderr","time":5119.115195326,"data":"\r[label_smooth] Stage2 Epoch 70/75:  89%|████████▉ | 146/164 [00:49\u003c00:05,  3.04it/s, loss=0.7639, acc=0.9585]\r[label_smooth] Stage2 Epoch 70/75:  89%|████████▉ | 146/164 [00:49\u003c00:05,  3.04it/s, loss=0.7637, acc=0.9583]\n"}
,{"stream_name":"stderr","time":5119.116100359,"data":"\r[label_smooth] Stage2 Epoch 70/75:  89%|████████▉ | 146/164 [00:49\u003c00:05,  3.04it/s, loss=0.7637, acc=0.9583]\r[label_smooth] Stage2 Epoch 70/75:  90%|████████▉ | 147/164 [00:49\u003c00:05,  3.03it/s, loss=0.7637, acc=0.9583]\n"}
,{"stream_name":"stderr","time":5119.444690631,"data":"\r[label_smooth] Stage2 Epoch 70/75:  90%|████████▉ | 147/164 [00:49\u003c00:05,  3.03it/s, loss=0.7637, acc=0.9583]\r[label_smooth] Stage2 Epoch 70/75:  90%|████████▉ | 147/164 [00:49\u003c00:05,  3.03it/s, loss=0.7639, acc=0.9582]\n"}
,{"stream_name":"stderr","time":5119.446921922,"data":"\r[label_smooth] Stage2 Epoch 70/75:  90%|████████▉ | 147/164 [00:49\u003c00:05,  3.03it/s, loss=0.7639, acc=0.9582]\r[label_smooth] Stage2 Epoch 70/75:  90%|█████████ | 148/164 [00:49\u003c00:05,  3.03it/s, loss=0.7639, acc=0.9582]\n"}
,{"stream_name":"stderr","time":5119.774843152,"data":"\r[label_smooth] Stage2 Epoch 70/75:  90%|█████████ | 148/164 [00:49\u003c00:05,  3.03it/s, loss=0.7639, acc=0.9582]\r[label_smooth] Stage2 Epoch 70/75:  90%|█████████ | 148/164 [00:50\u003c00:05,  3.03it/s, loss=0.7635, acc=0.9583]\n"}
,{"stream_name":"stderr","time":5119.775933601,"data":"\r[label_smooth] Stage2 Epoch 70/75:  90%|█████████ | 148/164 [00:50\u003c00:05,  3.03it/s, loss=0.7635, acc=0.9583]\r[label_smooth] Stage2 Epoch 70/75:  91%|█████████ | 149/164 [00:50\u003c00:04,  3.03it/s, loss=0.7635, acc=0.9583]\n"}
,{"stream_name":"stderr","time":5120.10372005,"data":"\r[label_smooth] Stage2 Epoch 70/75:  91%|█████████ | 149/164 [00:50\u003c00:04,  3.03it/s, loss=0.7635, acc=0.9583]\r[label_smooth] Stage2 Epoch 70/75:  91%|█████████ | 149/164 [00:50\u003c00:04,  3.03it/s, loss=0.7632, acc=0.9585]\n"}
,{"stream_name":"stderr","time":5120.104785948,"data":"\r[label_smooth] Stage2 Epoch 70/75:  91%|█████████ | 149/164 [00:50\u003c00:04,  3.03it/s, loss=0.7632, acc=0.9585]\r[label_smooth] Stage2 Epoch 70/75:  91%|█████████▏| 150/164 [00:50\u003c00:04,  3.03it/s, loss=0.7632, acc=0.9585]\n"}
,{"stream_name":"stderr","time":5120.431608642,"data":"\r[label_smooth] Stage2 Epoch 70/75:  91%|█████████▏| 150/164 [00:50\u003c00:04,  3.03it/s, loss=0.7632, acc=0.9585]\r[label_smooth] Stage2 Epoch 70/75:  91%|█████████▏| 150/164 [00:50\u003c00:04,  3.03it/s, loss=0.7634, acc=0.9584]\n"}
,{"stream_name":"stderr","time":5120.4325491,"data":"\r[label_smooth] Stage2 Epoch 70/75:  91%|█████████▏| 150/164 [00:50\u003c00:04,  3.03it/s, loss=0.7634, acc=0.9584]\r[label_smooth] Stage2 Epoch 70/75:  92%|█████████▏| 151/164 [00:50\u003c00:04,  3.04it/s, loss=0.7634, acc=0.9584]\n"}
,{"stream_name":"stderr","time":5120.765730252,"data":"\r[label_smooth] Stage2 Epoch 70/75:  92%|█████████▏| 151/164 [00:50\u003c00:04,  3.04it/s, loss=0.7634, acc=0.9584]\r[label_smooth] Stage2 Epoch 70/75:  92%|█████████▏| 151/164 [00:51\u003c00:04,  3.04it/s, loss=0.7633, acc=0.9583]\n"}
,{"stream_name":"stderr","time":5120.766736998,"data":"\r[label_smooth] Stage2 Epoch 70/75:  92%|█████████▏| 151/164 [00:51\u003c00:04,  3.04it/s, loss=0.7633, acc=0.9583]\r[label_smooth] Stage2 Epoch 70/75:  93%|█████████▎| 152/164 [00:51\u003c00:03,  3.02it/s, loss=0.7633, acc=0.9583]\n"}
,{"stream_name":"stderr","time":5121.101556379,"data":"\r[label_smooth] Stage2 Epoch 70/75:  93%|█████████▎| 152/164 [00:51\u003c00:03,  3.02it/s, loss=0.7633, acc=0.9583]\r[label_smooth] Stage2 Epoch 70/75:  93%|█████████▎| 152/164 [00:51\u003c00:03,  3.02it/s, loss=0.7637, acc=0.9581]\n"}
,{"stream_name":"stderr","time":5121.101947484,"data":"\r[label_smooth] Stage2 Epoch 70/75:  93%|█████████▎| 152/164 [00:51\u003c00:03,  3.02it/s, loss=0.7637, acc=0.9581]\r[label_smooth] Stage2 Epoch 70/75:  93%|█████████▎| 153/164 [00:51\u003c00:03,  3.02it/s, loss=0.7637, acc=0.9581]\n"}
,{"stream_name":"stderr","time":5121.427871194,"data":"\r[label_smooth] Stage2 Epoch 70/75:  93%|█████████▎| 153/164 [00:51\u003c00:03,  3.02it/s, loss=0.7637, acc=0.9581]\r[label_smooth] Stage2 Epoch 70/75:  93%|█████████▎| 153/164 [00:51\u003c00:03,  3.02it/s, loss=0.7632, acc=0.9582]\n"}
,{"stream_name":"stderr","time":5121.428882299,"data":"\r[label_smooth] Stage2 Epoch 70/75:  93%|█████████▎| 153/164 [00:51\u003c00:03,  3.02it/s, loss=0.7632, acc=0.9582]\r[label_smooth] Stage2 Epoch 70/75:  94%|█████████▍| 154/164 [00:51\u003c00:03,  3.02it/s, loss=0.7632, acc=0.9582]\n"}
,{"stream_name":"stderr","time":5121.759435553,"data":"\r[label_smooth] Stage2 Epoch 70/75:  94%|█████████▍| 154/164 [00:51\u003c00:03,  3.02it/s, loss=0.7632, acc=0.9582]\r[label_smooth] Stage2 Epoch 70/75:  94%|█████████▍| 154/164 [00:52\u003c00:03,  3.02it/s, loss=0.7630, acc=0.9585]\n"}
,{"stream_name":"stderr","time":5121.760351853,"data":"\r[label_smooth] Stage2 Epoch 70/75:  94%|█████████▍| 154/164 [00:52\u003c00:03,  3.02it/s, loss=0.7630, acc=0.9585]\r[label_smooth] Stage2 Epoch 70/75:  95%|█████████▍| 155/164 [00:52\u003c00:02,  3.02it/s, loss=0.7630, acc=0.9585]\n"}
,{"stream_name":"stderr","time":5122.092731444,"data":"\r[label_smooth] Stage2 Epoch 70/75:  95%|█████████▍| 155/164 [00:52\u003c00:02,  3.02it/s, loss=0.7630, acc=0.9585]\r[label_smooth] Stage2 Epoch 70/75:  95%|█████████▍| 155/164 [00:52\u003c00:02,  3.02it/s, loss=0.7626, acc=0.9587]\n"}
,{"stream_name":"stderr","time":5122.093996091,"data":"\r[label_smooth] Stage2 Epoch 70/75:  95%|█████████▍| 155/164 [00:52\u003c00:02,  3.02it/s, loss=0.7626, acc=0.9587]\r[label_smooth] Stage2 Epoch 70/75:  95%|█████████▌| 156/164 [00:52\u003c00:02,  3.02it/s, loss=0.7626, acc=0.9587]\n"}
,{"stream_name":"stderr","time":5122.420953126,"data":"\r[label_smooth] Stage2 Epoch 70/75:  95%|█████████▌| 156/164 [00:52\u003c00:02,  3.02it/s, loss=0.7626, acc=0.9587]\r[label_smooth] Stage2 Epoch 70/75:  95%|█████████▌| 156/164 [00:52\u003c00:02,  3.02it/s, loss=0.7622, acc=0.9588]\n"}
,{"stream_name":"stderr","time":5122.422060965,"data":"\r[label_smooth] Stage2 Epoch 70/75:  95%|█████████▌| 156/164 [00:52\u003c00:02,  3.02it/s, loss=0.7622, acc=0.9588]\r[label_smooth] Stage2 Epoch 70/75:  96%|█████████▌| 157/164 [00:52\u003c00:02,  3.02it/s, loss=0.7622, acc=0.9588]\n"}
,{"stream_name":"stderr","time":5122.750243518,"data":"\r[label_smooth] Stage2 Epoch 70/75:  96%|█████████▌| 157/164 [00:52\u003c00:02,  3.02it/s, loss=0.7622, acc=0.9588]\r[label_smooth] Stage2 Epoch 70/75:  96%|█████████▌| 157/164 [00:53\u003c00:02,  3.02it/s, loss=0.7624, acc=0.9587]\n"}
,{"stream_name":"stderr","time":5122.751317478,"data":"\r[label_smooth] Stage2 Epoch 70/75:  96%|█████████▌| 157/164 [00:53\u003c00:02,  3.02it/s, loss=0.7624, acc=0.9587]\r[label_smooth] Stage2 Epoch 70/75:  96%|█████████▋| 158/164 [00:53\u003c00:01,  3.03it/s, loss=0.7624, acc=0.9587]\n"}
,{"stream_name":"stderr","time":5123.077568716,"data":"\r[label_smooth] Stage2 Epoch 70/75:  96%|█████████▋| 158/164 [00:53\u003c00:01,  3.03it/s, loss=0.7624, acc=0.9587]\r[label_smooth] Stage2 Epoch 70/75:  96%|█████████▋| 158/164 [00:53\u003c00:01,  3.03it/s, loss=0.7622, acc=0.9587]\n"}
,{"stream_name":"stderr","time":5123.078588294,"data":"\r[label_smooth] Stage2 Epoch 70/75:  96%|█████████▋| 158/164 [00:53\u003c00:01,  3.03it/s, loss=0.7622, acc=0.9587]\r[label_smooth] Stage2 Epoch 70/75:  97%|█████████▋| 159/164 [00:53\u003c00:01,  3.03it/s, loss=0.7622, acc=0.9587]\n"}
,{"stream_name":"stderr","time":5123.405894517,"data":"\r[label_smooth] Stage2 Epoch 70/75:  97%|█████████▋| 159/164 [00:53\u003c00:01,  3.03it/s, loss=0.7622, acc=0.9587]\r[label_smooth] Stage2 Epoch 70/75:  97%|█████████▋| 159/164 [00:53\u003c00:01,  3.03it/s, loss=0.7618, acc=0.9588]\n"}
,{"stream_name":"stderr","time":5123.40666533,"data":"\r[label_smooth] Stage2 Epoch 70/75:  97%|█████████▋| 159/164 [00:53\u003c00:01,  3.03it/s, loss=0.7618, acc=0.9588]\r[label_smooth] Stage2 Epoch 70/75:  98%|█████████▊| 160/164 [00:53\u003c00:01,  3.04it/s, loss=0.7618, acc=0.9588]\n"}
,{"stream_name":"stderr","time":5123.734401488,"data":"\r[label_smooth] Stage2 Epoch 70/75:  98%|█████████▊| 160/164 [00:53\u003c00:01,  3.04it/s, loss=0.7618, acc=0.9588]\r[label_smooth] Stage2 Epoch 70/75:  98%|█████████▊| 160/164 [00:54\u003c00:01,  3.04it/s, loss=0.7629, acc=0.9581]\n"}
,{"stream_name":"stderr","time":5123.735328006,"data":"\r[label_smooth] Stage2 Epoch 70/75:  98%|█████████▊| 160/164 [00:54\u003c00:01,  3.04it/s, loss=0.7629, acc=0.9581]\r[label_smooth] Stage2 Epoch 70/75:  98%|█████████▊| 161/164 [00:54\u003c00:00,  3.04it/s, loss=0.7629, acc=0.9581]\n"}
,{"stream_name":"stderr","time":5124.061191194,"data":"\r[label_smooth] Stage2 Epoch 70/75:  98%|█████████▊| 161/164 [00:54\u003c00:00,  3.04it/s, loss=0.7629, acc=0.9581]\r[label_smooth] Stage2 Epoch 70/75:  98%|█████████▊| 161/164 [00:54\u003c00:00,  3.04it/s, loss=0.7631, acc=0.9579]\n"}
,{"stream_name":"stderr","time":5124.062002399,"data":"\r[label_smooth] Stage2 Epoch 70/75:  98%|█████████▊| 161/164 [00:54\u003c00:00,  3.04it/s, loss=0.7631, acc=0.9579]\r[label_smooth] Stage2 Epoch 70/75:  99%|█████████▉| 162/164 [00:54\u003c00:00,  3.05it/s, loss=0.7631, acc=0.9579]\n"}
,{"stream_name":"stderr","time":5124.390491816,"data":"\r[label_smooth] Stage2 Epoch 70/75:  99%|█████████▉| 162/164 [00:54\u003c00:00,  3.05it/s, loss=0.7631, acc=0.9579]\r[label_smooth] Stage2 Epoch 70/75:  99%|█████████▉| 162/164 [00:54\u003c00:00,  3.05it/s, loss=0.7631, acc=0.9580]\n"}
,{"stream_name":"stderr","time":5124.391418314,"data":"\r[label_smooth] Stage2 Epoch 70/75:  99%|█████████▉| 162/164 [00:54\u003c00:00,  3.05it/s, loss=0.7631, acc=0.9580]\r[label_smooth] Stage2 Epoch 70/75:  99%|█████████▉| 163/164 [00:54\u003c00:00,  3.04it/s, loss=0.7631, acc=0.9580]\n"}
,{"stream_name":"stderr","time":5124.711701814,"data":"\r[label_smooth] Stage2 Epoch 70/75:  99%|█████████▉| 163/164 [00:54\u003c00:00,  3.04it/s, loss=0.7631, acc=0.9580]\r[label_smooth] Stage2 Epoch 70/75:  99%|█████████▉| 163/164 [00:55\u003c00:00,  3.04it/s, loss=0.7628, acc=0.9581]\n"}
,{"stream_name":"stderr","time":5124.712625726,"data":"\r[label_smooth] Stage2 Epoch 70/75:  99%|█████████▉| 163/164 [00:55\u003c00:00,  3.04it/s, loss=0.7628, acc=0.9581]\r[label_smooth] Stage2 Epoch 70/75: 100%|██████████| 164/164 [00:55\u003c00:00,  3.06it/s, loss=0.7628, acc=0.9581]\n"}
,{"stream_name":"stderr","time":5124.7831383,"data":"\r[label_smooth] Stage2 Epoch 70/75: 100%|██████████| 164/164 [00:55\u003c00:00,  3.06it/s, loss=0.7628, acc=0.9581]\r[label_smooth] Stage2 Epoch 70/75: 100%|██████████| 164/164 [00:55\u003c00:00,  2.98it/s, loss=0.7628, acc=0.9581]\n"}
,{"stream_name":"stderr","time":5124.786459435,"data":"\r[label_smooth] Stage2 Epoch 70/75: 100%|██████████| 164/164 [00:55\u003c00:00,  2.98it/s, loss=0.7628, acc=0.9581]\n"}
,{"stream_name":"stderr","time":5124.786482422,"data":"\n"}
,{"stream_name":"stderr","time":5124.786487521,"data":"\n"}
,{"stream_name":"stdout","time":5129.35637883,"data":"  Val Loss: 0.9858 | Val Acc: 0.8735 | Val Macro-F1: 0.7737\n"}
,{"stream_name":"stderr","time":5129.357564307,"data":"\r[label_smooth] Stage2 Epoch 71/75:   0%|          | 0/164 [00:00\u003c?, ?it/s]\n"}
,{"stream_name":"stderr","time":5130.261991431,"data":"\r[label_smooth] Stage2 Epoch 71/75:   0%|          | 0/164 [00:00\u003c?, ?it/s]\r[label_smooth] Stage2 Epoch 71/75:   0%|          | 0/164 [00:00\u003c?, ?it/s, loss=0.8128, acc=0.9375]\n"}
,{"stream_name":"stderr","time":5130.265494904,"data":"\r[label_smooth] Stage2 Epoch 71/75:   0%|          | 0/164 [00:00\u003c?, ?it/s, loss=0.8128, acc=0.9375]\r[label_smooth] Stage2 Epoch 71/75:   1%|          | 1/164 [00:00\u003c02:27,  1.11it/s, loss=0.8128, acc=0.9375]\n"}
,{"stream_name":"stderr","time":5130.605648967,"data":"\r[label_smooth] Stage2 Epoch 71/75:   1%|          | 1/164 [00:00\u003c02:27,  1.11it/s, loss=0.8128, acc=0.9375]\r[label_smooth] Stage2 Epoch 71/75:   1%|          | 1/164 [00:01\u003c02:27,  1.11it/s, loss=0.7804, acc=0.9531]\n"}
,{"stream_name":"stderr","time":5130.610503925,"data":"\r[label_smooth] Stage2 Epoch 71/75:   1%|          | 1/164 [00:01\u003c02:27,  1.11it/s, loss=0.7804, acc=0.9531]\r[label_smooth] Stage2 Epoch 71/75:   1%|          | 2/164 [00:01\u003c01:33,  1.74it/s, loss=0.7804, acc=0.9531]\n"}
,{"stream_name":"stderr","time":5130.950961501,"data":"\r[label_smooth] Stage2 Epoch 71/75:   1%|          | 2/164 [00:01\u003c01:33,  1.74it/s, loss=0.7804, acc=0.9531]\r[label_smooth] Stage2 Epoch 71/75:   1%|          | 2/164 [00:01\u003c01:33,  1.74it/s, loss=0.7513, acc=0.9583]\n"}
,{"stream_name":"stderr","time":5130.956034785,"data":"\r[label_smooth] Stage2 Epoch 71/75:   1%|          | 2/164 [00:01\u003c01:33,  1.74it/s, loss=0.7513, acc=0.9583]\r[label_smooth] Stage2 Epoch 71/75:   2%|▏         | 3/164 [00:01\u003c01:15,  2.12it/s, loss=0.7513, acc=0.9583]\n"}
,{"stream_name":"stderr","time":5131.287434269,"data":"\r[label_smooth] Stage2 Epoch 71/75:   2%|▏         | 3/164 [00:01\u003c01:15,  2.12it/s, loss=0.7513, acc=0.9583]\r[label_smooth] Stage2 Epoch 71/75:   2%|▏         | 3/164 [00:01\u003c01:15,  2.12it/s, loss=0.7422, acc=0.9688]\n"}
,{"stream_name":"stderr","time":5131.28973269,"data":"\r[label_smooth] Stage2 Epoch 71/75:   2%|▏         | 3/164 [00:01\u003c01:15,  2.12it/s, loss=0.7422, acc=0.9688]\r[label_smooth] Stage2 Epoch 71/75:   2%|▏         | 4/164 [00:01\u003c01:06,  2.40it/s, loss=0.7422, acc=0.9688]\n"}
,{"stream_name":"stderr","time":5131.635129099,"data":"\r[label_smooth] Stage2 Epoch 71/75:   2%|▏         | 4/164 [00:01\u003c01:06,  2.40it/s, loss=0.7422, acc=0.9688]\r[label_smooth] Stage2 Epoch 71/75:   2%|▏         | 4/164 [00:02\u003c01:06,  2.40it/s, loss=0.7270, acc=0.9750]\n"}
,{"stream_name":"stderr","time":5131.638955997,"data":"\r[label_smooth] Stage2 Epoch 71/75:   2%|▏         | 4/164 [00:02\u003c01:06,  2.40it/s, loss=0.7270, acc=0.9750]\r[label_smooth] Stage2 Epoch 71/75:   3%|▎         | 5/164 [00:02\u003c01:02,  2.55it/s, loss=0.7270, acc=0.9750]\n"}
,{"stream_name":"stderr","time":5131.964233586,"data":"\r[label_smooth] Stage2 Epoch 71/75:   3%|▎         | 5/164 [00:02\u003c01:02,  2.55it/s, loss=0.7270, acc=0.9750]\r[label_smooth] Stage2 Epoch 71/75:   3%|▎         | 5/164 [00:02\u003c01:02,  2.55it/s, loss=0.7567, acc=0.9635]\n"}
,{"stream_name":"stderr","time":5131.966781905,"data":"\r[label_smooth] Stage2 Epoch 71/75:   3%|▎         | 5/164 [00:02\u003c01:02,  2.55it/s, loss=0.7567, acc=0.9635]\r[label_smooth] Stage2 Epoch 71/75:   4%|▎         | 6/164 [00:02\u003c00:58,  2.70it/s, loss=0.7567, acc=0.9635]\n"}
,{"stream_name":"stderr","time":5132.294346221,"data":"\r[label_smooth] Stage2 Epoch 71/75:   4%|▎         | 6/164 [00:02\u003c00:58,  2.70it/s, loss=0.7567, acc=0.9635]\r[label_smooth] Stage2 Epoch 71/75:   4%|▎         | 6/164 [00:02\u003c00:58,  2.70it/s, loss=0.7565, acc=0.9598]\n"}
,{"stream_name":"stderr","time":5132.295360951,"data":"\r[label_smooth] Stage2 Epoch 71/75:   4%|▎         | 6/164 [00:02\u003c00:58,  2.70it/s, loss=0.7565, acc=0.9598]\r[label_smooth] Stage2 Epoch 71/75:   4%|▍         | 7/164 [00:02\u003c00:56,  2.80it/s, loss=0.7565, acc=0.9598]\n"}
,{"stream_name":"stderr","time":5132.623615795,"data":"\r[label_smooth] Stage2 Epoch 71/75:   4%|▍         | 7/164 [00:02\u003c00:56,  2.80it/s, loss=0.7565, acc=0.9598]\r[label_smooth] Stage2 Epoch 71/75:   4%|▍         | 7/164 [00:03\u003c00:56,  2.80it/s, loss=0.7471, acc=0.9648]\n"}
,{"stream_name":"stderr","time":5132.624706653,"data":"\r[label_smooth] Stage2 Epoch 71/75:   4%|▍         | 7/164 [00:03\u003c00:56,  2.80it/s, loss=0.7471, acc=0.9648]\r[label_smooth] Stage2 Epoch 71/75:   5%|▍         | 8/164 [00:03\u003c00:54,  2.87it/s, loss=0.7471, acc=0.9648]\n"}
,{"stream_name":"stderr","time":5132.955391461,"data":"\r[label_smooth] Stage2 Epoch 71/75:   5%|▍         | 8/164 [00:03\u003c00:54,  2.87it/s, loss=0.7471, acc=0.9648]\r[label_smooth] Stage2 Epoch 71/75:   5%|▍         | 8/164 [00:03\u003c00:54,  2.87it/s, loss=0.7507, acc=0.9618]\n"}
,{"stream_name":"stderr","time":5132.961774026,"data":"\r[label_smooth] Stage2 Epoch 71/75:   5%|▍         | 8/164 [00:03\u003c00:54,  2.87it/s, loss=0.7507, acc=0.9618]\r[label_smooth] Stage2 Epoch 71/75:   5%|▌         | 9/164 [00:03\u003c00:53,  2.91it/s, loss=0.7507, acc=0.9618]\n"}
,{"stream_name":"stderr","time":5133.282564234,"data":"\r[label_smooth] Stage2 Epoch 71/75:   5%|▌         | 9/164 [00:03\u003c00:53,  2.91it/s, loss=0.7507, acc=0.9618]\r[label_smooth] Stage2 Epoch 71/75:   5%|▌         | 9/164 [00:03\u003c00:53,  2.91it/s, loss=0.7494, acc=0.9625]\n"}
,{"stream_name":"stderr","time":5133.284028969,"data":"\r[label_smooth] Stage2 Epoch 71/75:   5%|▌         | 9/164 [00:03\u003c00:53,  2.91it/s, loss=0.7494, acc=0.9625]\r[label_smooth] Stage2 Epoch 71/75:   6%|▌         | 10/164 [00:03\u003c00:52,  2.96it/s, loss=0.7494, acc=0.9625]\n"}
,{"stream_name":"stderr","time":5133.614326181,"data":"\r[label_smooth] Stage2 Epoch 71/75:   6%|▌         | 10/164 [00:03\u003c00:52,  2.96it/s, loss=0.7494, acc=0.9625]\r[label_smooth] Stage2 Epoch 71/75:   6%|▌         | 10/164 [00:04\u003c00:52,  2.96it/s, loss=0.7573, acc=0.9574]\n"}
,{"stream_name":"stderr","time":5133.615792131,"data":"\r[label_smooth] Stage2 Epoch 71/75:   6%|▌         | 10/164 [00:04\u003c00:52,  2.96it/s, loss=0.7573, acc=0.9574]\r[label_smooth] Stage2 Epoch 71/75:   7%|▋         | 11/164 [00:04\u003c00:51,  2.97it/s, loss=0.7573, acc=0.9574]\n"}
,{"stream_name":"stderr","time":5133.946774465,"data":"\r[label_smooth] Stage2 Epoch 71/75:   7%|▋         | 11/164 [00:04\u003c00:51,  2.97it/s, loss=0.7573, acc=0.9574]\r[label_smooth] Stage2 Epoch 71/75:   7%|▋         | 11/164 [00:04\u003c00:51,  2.97it/s, loss=0.7579, acc=0.9583]\n"}
,{"stream_name":"stderr","time":5133.947610303,"data":"\r[label_smooth] Stage2 Epoch 71/75:   7%|▋         | 11/164 [00:04\u003c00:51,  2.97it/s, loss=0.7579, acc=0.9583]\r[label_smooth] Stage2 Epoch 71/75:   7%|▋         | 12/164 [00:04\u003c00:50,  2.98it/s, loss=0.7579, acc=0.9583]\n"}
,{"stream_name":"stderr","time":5134.28279776,"data":"\r[label_smooth] Stage2 Epoch 71/75:   7%|▋         | 12/164 [00:04\u003c00:50,  2.98it/s, loss=0.7579, acc=0.9583]\r[label_smooth] Stage2 Epoch 71/75:   7%|▋         | 12/164 [00:04\u003c00:50,  2.98it/s, loss=0.7706, acc=0.9519]\n"}
,{"stream_name":"stderr","time":5134.284065619,"data":"\r[label_smooth] Stage2 Epoch 71/75:   7%|▋         | 12/164 [00:04\u003c00:50,  2.98it/s, loss=0.7706, acc=0.9519]\r[label_smooth] Stage2 Epoch 71/75:   8%|▊         | 13/164 [00:04\u003c00:50,  2.98it/s, loss=0.7706, acc=0.9519]\n"}
,{"stream_name":"stderr","time":5134.61370308,"data":"\r[label_smooth] Stage2 Epoch 71/75:   8%|▊         | 13/164 [00:04\u003c00:50,  2.98it/s, loss=0.7706, acc=0.9519]\r[label_smooth] Stage2 Epoch 71/75:   8%|▊         | 13/164 [00:05\u003c00:50,  2.98it/s, loss=0.7764, acc=0.9531]\n"}
,{"stream_name":"stderr","time":5134.616356462,"data":"\r[label_smooth] Stage2 Epoch 71/75:   8%|▊         | 13/164 [00:05\u003c00:50,  2.98it/s, loss=0.7764, acc=0.9531]\r[label_smooth] Stage2 Epoch 71/75:   9%|▊         | 14/164 [00:05\u003c00:50,  3.00it/s, loss=0.7764, acc=0.9531]\n"}
,{"stream_name":"stderr","time":5134.944246294,"data":"\r[label_smooth] Stage2 Epoch 71/75:   9%|▊         | 14/164 [00:05\u003c00:50,  3.00it/s, loss=0.7764, acc=0.9531]\r[label_smooth] Stage2 Epoch 71/75:   9%|▊         | 14/164 [00:05\u003c00:50,  3.00it/s, loss=0.7712, acc=0.9563]\n"}
,{"stream_name":"stderr","time":5134.945893237,"data":"\r[label_smooth] Stage2 Epoch 71/75:   9%|▊         | 14/164 [00:05\u003c00:50,  3.00it/s, loss=0.7712, acc=0.9563]\r[label_smooth] Stage2 Epoch 71/75:   9%|▉         | 15/164 [00:05\u003c00:49,  3.00it/s, loss=0.7712, acc=0.9563]\n"}
,{"stream_name":"stderr","time":5135.275874072,"data":"\r[label_smooth] Stage2 Epoch 71/75:   9%|▉         | 15/164 [00:05\u003c00:49,  3.00it/s, loss=0.7712, acc=0.9563]\r[label_smooth] Stage2 Epoch 71/75:   9%|▉         | 15/164 [00:05\u003c00:49,  3.00it/s, loss=0.7652, acc=0.9590]\n"}
,{"stream_name":"stderr","time":5135.277191544,"data":"\r[label_smooth] Stage2 Epoch 71/75:   9%|▉         | 15/164 [00:05\u003c00:49,  3.00it/s, loss=0.7652, acc=0.9590]\r[label_smooth] Stage2 Epoch 71/75:  10%|▉         | 16/164 [00:05\u003c00:49,  3.01it/s, loss=0.7652, acc=0.9590]\n"}
,{"stream_name":"stderr","time":5135.604357969,"data":"\r[label_smooth] Stage2 Epoch 71/75:  10%|▉         | 16/164 [00:05\u003c00:49,  3.01it/s, loss=0.7652, acc=0.9590]\r[label_smooth] Stage2 Epoch 71/75:  10%|▉         | 16/164 [00:06\u003c00:49,  3.01it/s, loss=0.7626, acc=0.9596]\n"}
,{"stream_name":"stderr","time":5135.605485488,"data":"\r[label_smooth] Stage2 Epoch 71/75:  10%|▉         | 16/164 [00:06\u003c00:49,  3.01it/s, loss=0.7626, acc=0.9596]\r[label_smooth] Stage2 Epoch 71/75:  10%|█         | 17/164 [00:06\u003c00:48,  3.02it/s, loss=0.7626, acc=0.9596]\n"}
,{"stream_name":"stderr","time":5135.936298161,"data":"\r[label_smooth] Stage2 Epoch 71/75:  10%|█         | 17/164 [00:06\u003c00:48,  3.02it/s, loss=0.7626, acc=0.9596]\r[label_smooth] Stage2 Epoch 71/75:  10%|█         | 17/164 [00:06\u003c00:48,  3.02it/s, loss=0.7584, acc=0.9618]\n"}
,{"stream_name":"stderr","time":5135.937501766,"data":"\r[label_smooth] Stage2 Epoch 71/75:  10%|█         | 17/164 [00:06\u003c00:48,  3.02it/s, loss=0.7584, acc=0.9618]\r[label_smooth] Stage2 Epoch 71/75:  11%|█         | 18/164 [00:06\u003c00:48,  3.02it/s, loss=0.7584, acc=0.9618]\n"}
,{"stream_name":"stderr","time":5136.272585771,"data":"\r[label_smooth] Stage2 Epoch 71/75:  11%|█         | 18/164 [00:06\u003c00:48,  3.02it/s, loss=0.7584, acc=0.9618]\r[label_smooth] Stage2 Epoch 71/75:  11%|█         | 18/164 [00:06\u003c00:48,  3.02it/s, loss=0.7544, acc=0.9638]\n"}
,{"stream_name":"stderr","time":5136.274231168,"data":"\r[label_smooth] Stage2 Epoch 71/75:  11%|█         | 18/164 [00:06\u003c00:48,  3.02it/s, loss=0.7544, acc=0.9638]\r[label_smooth] Stage2 Epoch 71/75:  12%|█▏        | 19/164 [00:06\u003c00:48,  3.00it/s, loss=0.7544, acc=0.9638]\n"}
,{"stream_name":"stderr","time":5136.602671622,"data":"\r[label_smooth] Stage2 Epoch 71/75:  12%|█▏        | 19/164 [00:06\u003c00:48,  3.00it/s, loss=0.7544, acc=0.9638]\r[label_smooth] Stage2 Epoch 71/75:  12%|█▏        | 19/164 [00:07\u003c00:48,  3.00it/s, loss=0.7578, acc=0.9641]\n"}
,{"stream_name":"stderr","time":5136.603716397,"data":"\r[label_smooth] Stage2 Epoch 71/75:  12%|█▏        | 19/164 [00:07\u003c00:48,  3.00it/s, loss=0.7578, acc=0.9641]\r[label_smooth] Stage2 Epoch 71/75:  12%|█▏        | 20/164 [00:07\u003c00:47,  3.01it/s, loss=0.7578, acc=0.9641]\n"}
,{"stream_name":"stderr","time":5136.940019364,"data":"\r[label_smooth] Stage2 Epoch 71/75:  12%|█▏        | 20/164 [00:07\u003c00:47,  3.01it/s, loss=0.7578, acc=0.9641]\r[label_smooth] Stage2 Epoch 71/75:  12%|█▏        | 20/164 [00:07\u003c00:47,  3.01it/s, loss=0.7651, acc=0.9613]\n"}
,{"stream_name":"stderr","time":5136.941780066,"data":"\r[label_smooth] Stage2 Epoch 71/75:  12%|█▏        | 20/164 [00:07\u003c00:47,  3.01it/s, loss=0.7651, acc=0.9613]\r[label_smooth] Stage2 Epoch 71/75:  13%|█▎        | 21/164 [00:07\u003c00:47,  3.00it/s, loss=0.7651, acc=0.9613]\n"}
,{"stream_name":"stderr","time":5137.268009983,"data":"\r[label_smooth] Stage2 Epoch 71/75:  13%|█▎        | 21/164 [00:07\u003c00:47,  3.00it/s, loss=0.7651, acc=0.9613]\r[label_smooth] Stage2 Epoch 71/75:  13%|█▎        | 21/164 [00:07\u003c00:47,  3.00it/s, loss=0.7697, acc=0.9574]\n"}
,{"stream_name":"stderr","time":5137.268802618,"data":"\r[label_smooth] Stage2 Epoch 71/75:  13%|█▎        | 21/164 [00:07\u003c00:47,  3.00it/s, loss=0.7697, acc=0.9574]\r[label_smooth] Stage2 Epoch 71/75:  13%|█▎        | 22/164 [00:07\u003c00:47,  3.01it/s, loss=0.7697, acc=0.9574]\n"}
,{"stream_name":"stderr","time":5137.596134769,"data":"\r[label_smooth] Stage2 Epoch 71/75:  13%|█▎        | 22/164 [00:07\u003c00:47,  3.01it/s, loss=0.7697, acc=0.9574]\r[label_smooth] Stage2 Epoch 71/75:  13%|█▎        | 22/164 [00:08\u003c00:47,  3.01it/s, loss=0.7659, acc=0.9592]\n"}
,{"stream_name":"stderr","time":5137.597100406,"data":"\r[label_smooth] Stage2 Epoch 71/75:  13%|█▎        | 22/164 [00:08\u003c00:47,  3.01it/s, loss=0.7659, acc=0.9592]\r[label_smooth] Stage2 Epoch 71/75:  14%|█▍        | 23/164 [00:08\u003c00:46,  3.02it/s, loss=0.7659, acc=0.9592]\n"}
,{"stream_name":"stderr","time":5140.302855434,"data":"\r[label_smooth] Stage2 Epoch 71/75:  14%|█▍        | 23/164 [00:08\u003c00:46,  3.02it/s, loss=0.7659, acc=0.9592]\r[label_smooth] Stage2 Epoch 71/75:  14%|█▍        | 23/164 [00:08\u003c00:46,  3.02it/s, loss=0.7676, acc=0.9596]\n"}
,{"stream_name":"stderr","time":5140.304656051,"data":"\r[label_smooth] Stage2 Epoch 71/75:  14%|█▍        | 23/164 [00:08\u003c00:46,  3.02it/s, loss=0.7676, acc=0.9596]\r[label_smooth] Stage2 Epoch 71/75:  15%|█▍        | 24/164 [00:08\u003c00:46,  3.03it/s, loss=0.7676, acc=0.9596]\n"}
,{"stream_name":"stderr","time":5140.306327914,"data":"\r[label_smooth] Stage2 Epoch 71/75:  15%|█▍        | 24/164 [00:08\u003c00:46,  3.03it/s, loss=0.7676, acc=0.9596]\r[label_smooth] Stage2 Epoch 71/75:  15%|█▍        | 24/164 [00:08\u003c00:46,  3.03it/s, loss=0.7683, acc=0.9587]\n"}
,{"stream_name":"stderr","time":5140.307617411,"data":"\r[label_smooth] Stage2 Epoch 71/75:  15%|█▍        | 24/164 [00:08\u003c00:46,  3.03it/s, loss=0.7683, acc=0.9587]\r[label_smooth] Stage2 Epoch 71/75:  15%|█▌        | 25/164 [00:08\u003c00:45,  3.02it/s, loss=0.7683, acc=0.9587]\n"}
,{"stream_name":"stderr","time":5140.308915529,"data":"\r[label_smooth] Stage2 Epoch 71/75:  15%|█▌        | 25/164 [00:08\u003c00:45,  3.02it/s, loss=0.7683, acc=0.9587]\r[label_smooth] Stage2 Epoch 71/75:  15%|█▌        | 25/164 [00:09\u003c00:45,  3.02it/s, loss=0.7673, acc=0.9603]\n"}
,{"stream_name":"stderr","time":5140.309935887,"data":"\r[label_smooth] Stage2 Epoch 71/75:  15%|█▌        | 25/164 [00:09\u003c00:45,  3.02it/s, loss=0.7673, acc=0.9603]\r[label_smooth] Stage2 Epoch 71/75:  16%|█▌        | 26/164 [00:09\u003c00:45,  3.01it/s, loss=0.7673, acc=0.9603]\n"}
,{"stream_name":"stderr","time":5140.310954274,"data":"\r[label_smooth] Stage2 Epoch 71/75:  16%|█▌        | 26/164 [00:09\u003c00:45,  3.01it/s, loss=0.7673, acc=0.9603]\r[label_smooth] Stage2 Epoch 71/75:  16%|█▌        | 26/164 [00:09\u003c00:45,  3.01it/s, loss=0.7645, acc=0.9606]\n"}
,{"stream_name":"stderr","time":5140.311998714,"data":"\r[label_smooth] Stage2 Epoch 71/75:  16%|█▌        | 26/164 [00:09\u003c00:45,  3.01it/s, loss=0.7645, acc=0.9606]\r[label_smooth] Stage2 Epoch 71/75:  16%|█▋        | 27/164 [00:09\u003c00:45,  3.01it/s, loss=0.7645, acc=0.9606]\n"}
,{"stream_name":"stderr","time":5140.313105151,"data":"\r[label_smooth] Stage2 Epoch 71/75:  16%|█▋        | 27/164 [00:09\u003c00:45,  3.01it/s, loss=0.7645, acc=0.9606]\r[label_smooth] Stage2 Epoch 71/75:  16%|█▋        | 27/164 [00:09\u003c00:45,  3.01it/s, loss=0.7642, acc=0.9598]\n"}
,{"stream_name":"stderr","time":5140.314087577,"data":"\r[label_smooth] Stage2 Epoch 71/75:  16%|█▋        | 27/164 [00:09\u003c00:45,  3.01it/s, loss=0.7642, acc=0.9598]\r[label_smooth] Stage2 Epoch 71/75:  17%|█▋        | 28/164 [00:09\u003c00:45,  3.01it/s, loss=0.7642, acc=0.9598]\n"}
,{"stream_name":"stderr","time":5140.31502853,"data":"\r[label_smooth] Stage2 Epoch 71/75:  17%|█▋        | 28/164 [00:09\u003c00:45,  3.01it/s, loss=0.7642, acc=0.9598]\r[label_smooth] Stage2 Epoch 71/75:  17%|█▋        | 28/164 [00:10\u003c00:45,  3.01it/s, loss=0.7631, acc=0.9612]\n"}
,{"stream_name":"stderr","time":5140.315929022,"data":"\r[label_smooth] Stage2 Epoch 71/75:  17%|█▋        | 28/164 [00:10\u003c00:45,  3.01it/s, loss=0.7631, acc=0.9612]\r[label_smooth] Stage2 Epoch 71/75:  18%|█▊        | 29/164 [00:10\u003c00:44,  3.00it/s, loss=0.7631, acc=0.9612]\n"}
,{"stream_name":"stderr","time":5140.316787247,"data":"\r[label_smooth] Stage2 Epoch 71/75:  18%|█▊        | 29/164 [00:10\u003c00:44,  3.00it/s, loss=0.7631, acc=0.9612]\r[label_smooth] Stage2 Epoch 71/75:  18%|█▊        | 29/164 [00:10\u003c00:44,  3.00it/s, loss=0.7629, acc=0.9604]\n"}
,{"stream_name":"stderr","time":5140.317862602,"data":"\r[label_smooth] Stage2 Epoch 71/75:  18%|█▊        | 29/164 [00:10\u003c00:44,  3.00it/s, loss=0.7629, acc=0.9604]\r[label_smooth] Stage2 Epoch 71/75:  18%|█▊        | 30/164 [00:10\u003c00:44,  3.01it/s, loss=0.7629, acc=0.9604]\n"}
,{"stream_name":"stderr","time":5140.318951249,"data":"\r[label_smooth] Stage2 Epoch 71/75:  18%|█▊        | 30/164 [00:10\u003c00:44,  3.01it/s, loss=0.7629, acc=0.9604]\r[label_smooth] Stage2 Epoch 71/75:  18%|█▊        | 30/164 [00:10\u003c00:44,  3.01it/s, loss=0.7626, acc=0.9607]\n"}
,{"stream_name":"stderr","time":5140.320089701,"data":"\r[label_smooth] Stage2 Epoch 71/75:  18%|█▊        | 30/164 [00:10\u003c00:44,  3.01it/s, loss=0.7626, acc=0.9607]\r[label_smooth] Stage2 Epoch 71/75:  19%|█▉        | 31/164 [00:10\u003c00:44,  3.00it/s, loss=0.7626, acc=0.9607]\n"}
,{"stream_name":"stderr","time":5140.598905709,"data":"\r[label_smooth] Stage2 Epoch 71/75:  19%|█▉        | 31/164 [00:10\u003c00:44,  3.00it/s, loss=0.7626, acc=0.9607]\r[label_smooth] Stage2 Epoch 71/75:  19%|█▉        | 31/164 [00:11\u003c00:44,  3.00it/s, loss=0.7616, acc=0.9609]\n"}
,{"stream_name":"stderr","time":5140.600000383,"data":"\r[label_smooth] Stage2 Epoch 71/75:  19%|█▉        | 31/164 [00:11\u003c00:44,  3.00it/s, loss=0.7616, acc=0.9609]\r[label_smooth] Stage2 Epoch 71/75:  20%|█▉        | 32/164 [00:11\u003c00:44,  2.98it/s, loss=0.7616, acc=0.9609]\n"}
,{"stream_name":"stderr","time":5140.92703168,"data":"\r[label_smooth] Stage2 Epoch 71/75:  20%|█▉        | 32/164 [00:11\u003c00:44,  2.98it/s, loss=0.7616, acc=0.9609]\r[label_smooth] Stage2 Epoch 71/75:  20%|█▉        | 32/164 [00:11\u003c00:44,  2.98it/s, loss=0.7595, acc=0.9621]\n"}
,{"stream_name":"stderr","time":5140.931512612,"data":"\r[label_smooth] Stage2 Epoch 71/75:  20%|█▉        | 32/164 [00:11\u003c00:44,  2.98it/s, loss=0.7595, acc=0.9621]\r[label_smooth] Stage2 Epoch 71/75:  20%|██        | 33/164 [00:11\u003c00:43,  3.00it/s, loss=0.7595, acc=0.9621]\n"}
,{"stream_name":"stderr","time":5141.255529024,"data":"\r[label_smooth] Stage2 Epoch 71/75:  20%|██        | 33/164 [00:11\u003c00:43,  3.00it/s, loss=0.7595, acc=0.9621]\r[label_smooth] Stage2 Epoch 71/75:  20%|██        | 33/164 [00:11\u003c00:43,  3.00it/s, loss=0.7596, acc=0.9623]\n"}
,{"stream_name":"stderr","time":5141.256932027,"data":"\r[label_smooth] Stage2 Epoch 71/75:  20%|██        | 33/164 [00:11\u003c00:43,  3.00it/s, loss=0.7596, acc=0.9623]\r[label_smooth] Stage2 Epoch 71/75:  21%|██        | 34/164 [00:11\u003c00:43,  3.01it/s, loss=0.7596, acc=0.9623]\n"}
,{"stream_name":"stderr","time":5141.586500991,"data":"\r[label_smooth] Stage2 Epoch 71/75:  21%|██        | 34/164 [00:11\u003c00:43,  3.01it/s, loss=0.7596, acc=0.9623]\r[label_smooth] Stage2 Epoch 71/75:  21%|██        | 34/164 [00:12\u003c00:43,  3.01it/s, loss=0.7597, acc=0.9625]\n"}
,{"stream_name":"stderr","time":5141.587651432,"data":"\r[label_smooth] Stage2 Epoch 71/75:  21%|██        | 34/164 [00:12\u003c00:43,  3.01it/s, loss=0.7597, acc=0.9625]\r[label_smooth] Stage2 Epoch 71/75:  21%|██▏       | 35/164 [00:12\u003c00:42,  3.02it/s, loss=0.7597, acc=0.9625]\n"}
,{"stream_name":"stderr","time":5141.915903369,"data":"\r[label_smooth] Stage2 Epoch 71/75:  21%|██▏       | 35/164 [00:12\u003c00:42,  3.02it/s, loss=0.7597, acc=0.9625]\r[label_smooth] Stage2 Epoch 71/75:  21%|██▏       | 35/164 [00:12\u003c00:42,  3.02it/s, loss=0.7580, acc=0.9627]\n"}
,{"stream_name":"stderr","time":5141.916786502,"data":"\r[label_smooth] Stage2 Epoch 71/75:  21%|██▏       | 35/164 [00:12\u003c00:42,  3.02it/s, loss=0.7580, acc=0.9627]\r[label_smooth] Stage2 Epoch 71/75:  22%|██▏       | 36/164 [00:12\u003c00:42,  3.02it/s, loss=0.7580, acc=0.9627]\n"}
,{"stream_name":"stderr","time":5142.248260256,"data":"\r[label_smooth] Stage2 Epoch 71/75:  22%|██▏       | 36/164 [00:12\u003c00:42,  3.02it/s, loss=0.7580, acc=0.9627]\r[label_smooth] Stage2 Epoch 71/75:  22%|██▏       | 36/164 [00:12\u003c00:42,  3.02it/s, loss=0.7562, acc=0.9637]\n"}
,{"stream_name":"stderr","time":5142.249295005,"data":"\r[label_smooth] Stage2 Epoch 71/75:  22%|██▏       | 36/164 [00:12\u003c00:42,  3.02it/s, loss=0.7562, acc=0.9637]\r[label_smooth] Stage2 Epoch 71/75:  23%|██▎       | 37/164 [00:12\u003c00:42,  3.02it/s, loss=0.7562, acc=0.9637]\n"}
,{"stream_name":"stderr","time":5142.576581526,"data":"\r[label_smooth] Stage2 Epoch 71/75:  23%|██▎       | 37/164 [00:12\u003c00:42,  3.02it/s, loss=0.7562, acc=0.9637]\r[label_smooth] Stage2 Epoch 71/75:  23%|██▎       | 37/164 [00:13\u003c00:42,  3.02it/s, loss=0.7551, acc=0.9638]\n"}
,{"stream_name":"stderr","time":5142.577572567,"data":"\r[label_smooth] Stage2 Epoch 71/75:  23%|██▎       | 37/164 [00:13\u003c00:42,  3.02it/s, loss=0.7551, acc=0.9638]\r[label_smooth] Stage2 Epoch 71/75:  23%|██▎       | 38/164 [00:13\u003c00:41,  3.03it/s, loss=0.7551, acc=0.9638]\n"}
,{"stream_name":"stderr","time":5142.908889695,"data":"\r[label_smooth] Stage2 Epoch 71/75:  23%|██▎       | 38/164 [00:13\u003c00:41,  3.03it/s, loss=0.7551, acc=0.9638]\r[label_smooth] Stage2 Epoch 71/75:  23%|██▎       | 38/164 [00:13\u003c00:41,  3.03it/s, loss=0.7557, acc=0.9639]\n"}
,{"stream_name":"stderr","time":5142.91151367,"data":"\r[label_smooth] Stage2 Epoch 71/75:  23%|██▎       | 38/164 [00:13\u003c00:41,  3.03it/s, loss=0.7557, acc=0.9639]\r[label_smooth] Stage2 Epoch 71/75:  24%|██▍       | 39/164 [00:13\u003c00:41,  3.02it/s, loss=0.7557, acc=0.9639]\n"}
,{"stream_name":"stderr","time":5143.245423381,"data":"\r[label_smooth] Stage2 Epoch 71/75:  24%|██▍       | 39/164 [00:13\u003c00:41,  3.02it/s, loss=0.7557, acc=0.9639]\r[label_smooth] Stage2 Epoch 71/75:  24%|██▍       | 39/164 [00:13\u003c00:41,  3.02it/s, loss=0.7571, acc=0.9625]\n"}
,{"stream_name":"stderr","time":5143.246558475,"data":"\r[label_smooth] Stage2 Epoch 71/75:  24%|██▍       | 39/164 [00:13\u003c00:41,  3.02it/s, loss=0.7571, acc=0.9625]\r[label_smooth] Stage2 Epoch 71/75:  24%|██▍       | 40/164 [00:13\u003c00:41,  3.01it/s, loss=0.7571, acc=0.9625]\n"}
,{"stream_name":"stderr","time":5143.577405864,"data":"\r[label_smooth] Stage2 Epoch 71/75:  24%|██▍       | 40/164 [00:13\u003c00:41,  3.01it/s, loss=0.7571, acc=0.9625]\r[label_smooth] Stage2 Epoch 71/75:  24%|██▍       | 40/164 [00:14\u003c00:41,  3.01it/s, loss=0.7571, acc=0.9627]\n"}
,{"stream_name":"stderr","time":5143.578664826,"data":"\r[label_smooth] Stage2 Epoch 71/75:  24%|██▍       | 40/164 [00:14\u003c00:41,  3.01it/s, loss=0.7571, acc=0.9627]\r[label_smooth] Stage2 Epoch 71/75:  25%|██▌       | 41/164 [00:14\u003c00:40,  3.01it/s, loss=0.7571, acc=0.9627]\n"}
,{"stream_name":"stderr","time":5143.910372865,"data":"\r[label_smooth] Stage2 Epoch 71/75:  25%|██▌       | 41/164 [00:14\u003c00:40,  3.01it/s, loss=0.7571, acc=0.9627]\r[label_smooth] Stage2 Epoch 71/75:  25%|██▌       | 41/164 [00:14\u003c00:40,  3.01it/s, loss=0.7576, acc=0.9628]\n"}
,{"stream_name":"stderr","time":5143.911383936,"data":"\r[label_smooth] Stage2 Epoch 71/75:  25%|██▌       | 41/164 [00:14\u003c00:40,  3.01it/s, loss=0.7576, acc=0.9628]\r[label_smooth] Stage2 Epoch 71/75:  26%|██▌       | 42/164 [00:14\u003c00:40,  3.01it/s, loss=0.7576, acc=0.9628]\n"}
,{"stream_name":"stderr","time":5144.243912588,"data":"\r[label_smooth] Stage2 Epoch 71/75:  26%|██▌       | 42/164 [00:14\u003c00:40,  3.01it/s, loss=0.7576, acc=0.9628]\r[label_smooth] Stage2 Epoch 71/75:  26%|██▌       | 42/164 [00:14\u003c00:40,  3.01it/s, loss=0.7585, acc=0.9622]\n"}
,{"stream_name":"stderr","time":5144.244900436,"data":"\r[label_smooth] Stage2 Epoch 71/75:  26%|██▌       | 42/164 [00:14\u003c00:40,  3.01it/s, loss=0.7585, acc=0.9622]\r[label_smooth] Stage2 Epoch 71/75:  26%|██▌       | 43/164 [00:14\u003c00:40,  3.00it/s, loss=0.7585, acc=0.9622]\n"}
,{"stream_name":"stderr","time":5144.576772388,"data":"\r[label_smooth] Stage2 Epoch 71/75:  26%|██▌       | 43/164 [00:14\u003c00:40,  3.00it/s, loss=0.7585, acc=0.9622]\r[label_smooth] Stage2 Epoch 71/75:  26%|██▌       | 43/164 [00:15\u003c00:40,  3.00it/s, loss=0.7562, acc=0.9631]\n"}
,{"stream_name":"stderr","time":5144.577656629,"data":"\r[label_smooth] Stage2 Epoch 71/75:  26%|██▌       | 43/164 [00:15\u003c00:40,  3.00it/s, loss=0.7562, acc=0.9631]\r[label_smooth] Stage2 Epoch 71/75:  27%|██▋       | 44/164 [00:15\u003c00:39,  3.00it/s, loss=0.7562, acc=0.9631]\n"}
,{"stream_name":"stderr","time":5144.906913891,"data":"\r[label_smooth] Stage2 Epoch 71/75:  27%|██▋       | 44/164 [00:15\u003c00:39,  3.00it/s, loss=0.7562, acc=0.9631]\r[label_smooth] Stage2 Epoch 71/75:  27%|██▋       | 44/164 [00:15\u003c00:39,  3.00it/s, loss=0.7559, acc=0.9632]\n"}
,{"stream_name":"stderr","time":5144.908095333,"data":"\r[label_smooth] Stage2 Epoch 71/75:  27%|██▋       | 44/164 [00:15\u003c00:39,  3.00it/s, loss=0.7559, acc=0.9632]\r[label_smooth] Stage2 Epoch 71/75:  27%|██▋       | 45/164 [00:15\u003c00:39,  3.01it/s, loss=0.7559, acc=0.9632]\n"}
,{"stream_name":"stderr","time":5145.238233153,"data":"\r[label_smooth] Stage2 Epoch 71/75:  27%|██▋       | 45/164 [00:15\u003c00:39,  3.01it/s, loss=0.7559, acc=0.9632]\r[label_smooth] Stage2 Epoch 71/75:  27%|██▋       | 45/164 [00:15\u003c00:39,  3.01it/s, loss=0.7556, acc=0.9633]\n"}
,{"stream_name":"stderr","time":5145.239358753,"data":"\r[label_smooth] Stage2 Epoch 71/75:  27%|██▋       | 45/164 [00:15\u003c00:39,  3.01it/s, loss=0.7556, acc=0.9633]\r[label_smooth] Stage2 Epoch 71/75:  28%|██▊       | 46/164 [00:15\u003c00:39,  3.01it/s, loss=0.7556, acc=0.9633]\n"}
,{"stream_name":"stderr","time":5145.566347276,"data":"\r[label_smooth] Stage2 Epoch 71/75:  28%|██▊       | 46/164 [00:15\u003c00:39,  3.01it/s, loss=0.7556, acc=0.9633]\r[label_smooth] Stage2 Epoch 71/75:  28%|██▊       | 46/164 [00:16\u003c00:39,  3.01it/s, loss=0.7592, acc=0.9621]\n"}
,{"stream_name":"stderr","time":5145.569242379,"data":"\r[label_smooth] Stage2 Epoch 71/75:  28%|██▊       | 46/164 [00:16\u003c00:39,  3.01it/s, loss=0.7592, acc=0.9621]\r[label_smooth] Stage2 Epoch 71/75:  29%|██▊       | 47/164 [00:16\u003c00:38,  3.02it/s, loss=0.7592, acc=0.9621]\n"}
,{"stream_name":"stderr","time":5145.898523133,"data":"\r[label_smooth] Stage2 Epoch 71/75:  29%|██▊       | 47/164 [00:16\u003c00:38,  3.02it/s, loss=0.7592, acc=0.9621]\r[label_smooth] Stage2 Epoch 71/75:  29%|██▊       | 47/164 [00:16\u003c00:38,  3.02it/s, loss=0.7588, acc=0.9629]\n"}
,{"stream_name":"stderr","time":5145.903115713,"data":"\r[label_smooth] Stage2 Epoch 71/75:  29%|██▊       | 47/164 [00:16\u003c00:38,  3.02it/s, loss=0.7588, acc=0.9629]\r[label_smooth] Stage2 Epoch 71/75:  29%|██▉       | 48/164 [00:16\u003c00:38,  3.02it/s, loss=0.7588, acc=0.9629]\n"}
,{"stream_name":"stderr","time":5146.228541133,"data":"\r[label_smooth] Stage2 Epoch 71/75:  29%|██▉       | 48/164 [00:16\u003c00:38,  3.02it/s, loss=0.7588, acc=0.9629]\r[label_smooth] Stage2 Epoch 71/75:  29%|██▉       | 48/164 [00:16\u003c00:38,  3.02it/s, loss=0.7583, acc=0.9636]\n"}
,{"stream_name":"stderr","time":5146.230205836,"data":"\r[label_smooth] Stage2 Epoch 71/75:  29%|██▉       | 48/164 [00:16\u003c00:38,  3.02it/s, loss=0.7583, acc=0.9636]\r[label_smooth] Stage2 Epoch 71/75:  30%|██▉       | 49/164 [00:16\u003c00:38,  3.03it/s, loss=0.7583, acc=0.9636]\n"}
,{"stream_name":"stderr","time":5146.560206075,"data":"\r[label_smooth] Stage2 Epoch 71/75:  30%|██▉       | 49/164 [00:16\u003c00:38,  3.03it/s, loss=0.7583, acc=0.9636]\r[label_smooth] Stage2 Epoch 71/75:  30%|██▉       | 49/164 [00:17\u003c00:38,  3.03it/s, loss=0.7604, acc=0.9631]\n"}
,{"stream_name":"stderr","time":5146.561370657,"data":"\r[label_smooth] Stage2 Epoch 71/75:  30%|██▉       | 49/164 [00:17\u003c00:38,  3.03it/s, loss=0.7604, acc=0.9631]\r[label_smooth] Stage2 Epoch 71/75:  30%|███       | 50/164 [00:17\u003c00:37,  3.02it/s, loss=0.7604, acc=0.9631]\n"}
,{"stream_name":"stderr","time":5146.894698675,"data":"\r[label_smooth] Stage2 Epoch 71/75:  30%|███       | 50/164 [00:17\u003c00:37,  3.02it/s, loss=0.7604, acc=0.9631]\r[label_smooth] Stage2 Epoch 71/75:  30%|███       | 50/164 [00:17\u003c00:37,  3.02it/s, loss=0.7611, acc=0.9626]\n"}
,{"stream_name":"stderr","time":5146.895807232,"data":"\r[label_smooth] Stage2 Epoch 71/75:  30%|███       | 50/164 [00:17\u003c00:37,  3.02it/s, loss=0.7611, acc=0.9626]\r[label_smooth] Stage2 Epoch 71/75:  31%|███       | 51/164 [00:17\u003c00:37,  3.01it/s, loss=0.7611, acc=0.9626]\n"}
,{"stream_name":"stderr","time":5147.227926274,"data":"\r[label_smooth] Stage2 Epoch 71/75:  31%|███       | 51/164 [00:17\u003c00:37,  3.01it/s, loss=0.7611, acc=0.9626]\r[label_smooth] Stage2 Epoch 71/75:  31%|███       | 51/164 [00:17\u003c00:37,  3.01it/s, loss=0.7641, acc=0.9615]\n"}
,{"stream_name":"stderr","time":5147.228635065,"data":"\r[label_smooth] Stage2 Epoch 71/75:  31%|███       | 51/164 [00:17\u003c00:37,  3.01it/s, loss=0.7641, acc=0.9615]\r[label_smooth] Stage2 Epoch 71/75:  32%|███▏      | 52/164 [00:17\u003c00:37,  3.01it/s, loss=0.7641, acc=0.9615]\n"}
,{"stream_name":"stderr","time":5147.563178984,"data":"\r[label_smooth] Stage2 Epoch 71/75:  32%|███▏      | 52/164 [00:17\u003c00:37,  3.01it/s, loss=0.7641, acc=0.9615]\r[label_smooth] Stage2 Epoch 71/75:  32%|███▏      | 52/164 [00:18\u003c00:37,  3.01it/s, loss=0.7644, acc=0.9611]\n"}
,{"stream_name":"stderr","time":5147.564258317,"data":"\r[label_smooth] Stage2 Epoch 71/75:  32%|███▏      | 52/164 [00:18\u003c00:37,  3.01it/s, loss=0.7644, acc=0.9611]\r[label_smooth] Stage2 Epoch 71/75:  32%|███▏      | 53/164 [00:18\u003c00:37,  3.00it/s, loss=0.7644, acc=0.9611]\n"}
,{"stream_name":"stderr","time":5147.897931698,"data":"\r[label_smooth] Stage2 Epoch 71/75:  32%|███▏      | 53/164 [00:18\u003c00:37,  3.00it/s, loss=0.7644, acc=0.9611]\r[label_smooth] Stage2 Epoch 71/75:  32%|███▏      | 53/164 [00:18\u003c00:37,  3.00it/s, loss=0.7637, acc=0.9612]\n"}
,{"stream_name":"stderr","time":5147.900344807,"data":"\r[label_smooth] Stage2 Epoch 71/75:  32%|███▏      | 53/164 [00:18\u003c00:37,  3.00it/s, loss=0.7637, acc=0.9612]\r[label_smooth] Stage2 Epoch 71/75:  33%|███▎      | 54/164 [00:18\u003c00:36,  3.00it/s, loss=0.7637, acc=0.9612]\n"}
,{"stream_name":"stderr","time":5148.232670455,"data":"\r[label_smooth] Stage2 Epoch 71/75:  33%|███▎      | 54/164 [00:18\u003c00:36,  3.00it/s, loss=0.7637, acc=0.9612]\r[label_smooth] Stage2 Epoch 71/75:  33%|███▎      | 54/164 [00:18\u003c00:36,  3.00it/s, loss=0.7645, acc=0.9608]\n"}
,{"stream_name":"stderr","time":5148.237928387,"data":"\r[label_smooth] Stage2 Epoch 71/75:  33%|███▎      | 54/164 [00:18\u003c00:36,  3.00it/s, loss=0.7645, acc=0.9608]\r[label_smooth] Stage2 Epoch 71/75:  34%|███▎      | 55/164 [00:18\u003c00:36,  2.99it/s, loss=0.7645, acc=0.9608]\n"}
,{"stream_name":"stderr","time":5148.560039495,"data":"\r[label_smooth] Stage2 Epoch 71/75:  34%|███▎      | 55/164 [00:18\u003c00:36,  2.99it/s, loss=0.7645, acc=0.9608]\r[label_smooth] Stage2 Epoch 71/75:  34%|███▎      | 55/164 [00:19\u003c00:36,  2.99it/s, loss=0.7649, acc=0.9604]\n"}
,{"stream_name":"stderr","time":5148.561998296,"data":"\r[label_smooth] Stage2 Epoch 71/75:  34%|███▎      | 55/164 [00:19\u003c00:36,  2.99it/s, loss=0.7649, acc=0.9604]\r[label_smooth] Stage2 Epoch 71/75:  34%|███▍      | 56/164 [00:19\u003c00:35,  3.01it/s, loss=0.7649, acc=0.9604]\n"}
,{"stream_name":"stderr","time":5148.892909687,"data":"\r[label_smooth] Stage2 Epoch 71/75:  34%|███▍      | 56/164 [00:19\u003c00:35,  3.01it/s, loss=0.7649, acc=0.9604]\r[label_smooth] Stage2 Epoch 71/75:  34%|███▍      | 56/164 [00:19\u003c00:35,  3.01it/s, loss=0.7632, acc=0.9611]\n"}
,{"stream_name":"stderr","time":5148.894084248,"data":"\r[label_smooth] Stage2 Epoch 71/75:  34%|███▍      | 56/164 [00:19\u003c00:35,  3.01it/s, loss=0.7632, acc=0.9611]\r[label_smooth] Stage2 Epoch 71/75:  35%|███▍      | 57/164 [00:19\u003c00:35,  3.01it/s, loss=0.7632, acc=0.9611]\n"}
,{"stream_name":"stderr","time":5149.22353333,"data":"\r[label_smooth] Stage2 Epoch 71/75:  35%|███▍      | 57/164 [00:19\u003c00:35,  3.01it/s, loss=0.7632, acc=0.9611]\r[label_smooth] Stage2 Epoch 71/75:  35%|███▍      | 57/164 [00:19\u003c00:35,  3.01it/s, loss=0.7633, acc=0.9607]\n"}
,{"stream_name":"stderr","time":5149.224599148,"data":"\r[label_smooth] Stage2 Epoch 71/75:  35%|███▍      | 57/164 [00:19\u003c00:35,  3.01it/s, loss=0.7633, acc=0.9607]\r[label_smooth] Stage2 Epoch 71/75:  35%|███▌      | 58/164 [00:19\u003c00:35,  3.01it/s, loss=0.7633, acc=0.9607]\n"}
,{"stream_name":"stderr","time":5149.554621945,"data":"\r[label_smooth] Stage2 Epoch 71/75:  35%|███▌      | 58/164 [00:19\u003c00:35,  3.01it/s, loss=0.7633, acc=0.9607]\r[label_smooth] Stage2 Epoch 71/75:  35%|███▌      | 58/164 [00:20\u003c00:35,  3.01it/s, loss=0.7627, acc=0.9613]\n"}
,{"stream_name":"stderr","time":5149.556013495,"data":"\r[label_smooth] Stage2 Epoch 71/75:  35%|███▌      | 58/164 [00:20\u003c00:35,  3.01it/s, loss=0.7627, acc=0.9613]\r[label_smooth] Stage2 Epoch 71/75:  36%|███▌      | 59/164 [00:20\u003c00:34,  3.02it/s, loss=0.7627, acc=0.9613]\n"}
,{"stream_name":"stderr","time":5149.885731146,"data":"\r[label_smooth] Stage2 Epoch 71/75:  36%|███▌      | 59/164 [00:20\u003c00:34,  3.02it/s, loss=0.7627, acc=0.9613]\r[label_smooth] Stage2 Epoch 71/75:  36%|███▌      | 59/164 [00:20\u003c00:34,  3.02it/s, loss=0.7643, acc=0.9609]\n"}
,{"stream_name":"stderr","time":5149.886789735,"data":"\r[label_smooth] Stage2 Epoch 71/75:  36%|███▌      | 59/164 [00:20\u003c00:34,  3.02it/s, loss=0.7643, acc=0.9609]\r[label_smooth] Stage2 Epoch 71/75:  37%|███▋      | 60/164 [00:20\u003c00:34,  3.02it/s, loss=0.7643, acc=0.9609]\n"}
,{"stream_name":"stderr","time":5150.218409504,"data":"\r[label_smooth] Stage2 Epoch 71/75:  37%|███▋      | 60/164 [00:20\u003c00:34,  3.02it/s, loss=0.7643, acc=0.9609]\r[label_smooth] Stage2 Epoch 71/75:  37%|███▋      | 60/164 [00:20\u003c00:34,  3.02it/s, loss=0.7645, acc=0.9611]\n"}
,{"stream_name":"stderr","time":5150.220120195,"data":"\r[label_smooth] Stage2 Epoch 71/75:  37%|███▋      | 60/164 [00:20\u003c00:34,  3.02it/s, loss=0.7645, acc=0.9611]\r[label_smooth] Stage2 Epoch 71/75:  37%|███▋      | 61/164 [00:20\u003c00:34,  3.01it/s, loss=0.7645, acc=0.9611]\n"}
,{"stream_name":"stderr","time":5150.550762398,"data":"\r[label_smooth] Stage2 Epoch 71/75:  37%|███▋      | 61/164 [00:20\u003c00:34,  3.01it/s, loss=0.7645, acc=0.9611]\r[label_smooth] Stage2 Epoch 71/75:  37%|███▋      | 61/164 [00:21\u003c00:34,  3.01it/s, loss=0.7653, acc=0.9607]\n"}
,{"stream_name":"stderr","time":5150.552287219,"data":"\r[label_smooth] Stage2 Epoch 71/75:  37%|███▋      | 61/164 [00:21\u003c00:34,  3.01it/s, loss=0.7653, acc=0.9607]\r[label_smooth] Stage2 Epoch 71/75:  38%|███▊      | 62/164 [00:21\u003c00:33,  3.01it/s, loss=0.7653, acc=0.9607]\n"}
,{"stream_name":"stderr","time":5150.883972557,"data":"\r[label_smooth] Stage2 Epoch 71/75:  38%|███▊      | 62/164 [00:21\u003c00:33,  3.01it/s, loss=0.7653, acc=0.9607]\r[label_smooth] Stage2 Epoch 71/75:  38%|███▊      | 62/164 [00:21\u003c00:33,  3.01it/s, loss=0.7661, acc=0.9603]\n"}
,{"stream_name":"stderr","time":5150.886145736,"data":"\r[label_smooth] Stage2 Epoch 71/75:  38%|███▊      | 62/164 [00:21\u003c00:33,  3.01it/s, loss=0.7661, acc=0.9603]\r[label_smooth] Stage2 Epoch 71/75:  38%|███▊      | 63/164 [00:21\u003c00:33,  3.01it/s, loss=0.7661, acc=0.9603]\n"}
,{"stream_name":"stderr","time":5151.216815485,"data":"\r[label_smooth] Stage2 Epoch 71/75:  38%|███▊      | 63/164 [00:21\u003c00:33,  3.01it/s, loss=0.7661, acc=0.9603]\r[label_smooth] Stage2 Epoch 71/75:  38%|███▊      | 63/164 [00:21\u003c00:33,  3.01it/s, loss=0.7700, acc=0.9595]\n"}
,{"stream_name":"stderr","time":5151.21838025,"data":"\r[label_smooth] Stage2 Epoch 71/75:  38%|███▊      | 63/164 [00:21\u003c00:33,  3.01it/s, loss=0.7700, acc=0.9595]\r[label_smooth] Stage2 Epoch 71/75:  39%|███▉      | 64/164 [00:21\u003c00:33,  3.01it/s, loss=0.7700, acc=0.9595]\n"}
,{"stream_name":"stderr","time":5151.552936749,"data":"\r[label_smooth] Stage2 Epoch 71/75:  39%|███▉      | 64/164 [00:21\u003c00:33,  3.01it/s, loss=0.7700, acc=0.9595]\r[label_smooth] Stage2 Epoch 71/75:  39%|███▉      | 64/164 [00:22\u003c00:33,  3.01it/s, loss=0.7699, acc=0.9596]\n"}
,{"stream_name":"stderr","time":5151.554586808,"data":"\r[label_smooth] Stage2 Epoch 71/75:  39%|███▉      | 64/164 [00:22\u003c00:33,  3.01it/s, loss=0.7699, acc=0.9596]\r[label_smooth] Stage2 Epoch 71/75:  40%|███▉      | 65/164 [00:22\u003c00:33,  3.00it/s, loss=0.7699, acc=0.9596]\n"}
,{"stream_name":"stderr","time":5151.886521987,"data":"\r[label_smooth] Stage2 Epoch 71/75:  40%|███▉      | 65/164 [00:22\u003c00:33,  3.00it/s, loss=0.7699, acc=0.9596]\r[label_smooth] Stage2 Epoch 71/75:  40%|███▉      | 65/164 [00:22\u003c00:33,  3.00it/s, loss=0.7695, acc=0.9598]\n"}
,{"stream_name":"stderr","time":5151.889008815,"data":"\r[label_smooth] Stage2 Epoch 71/75:  40%|███▉      | 65/164 [00:22\u003c00:33,  3.00it/s, loss=0.7695, acc=0.9598]\r[label_smooth] Stage2 Epoch 71/75:  40%|████      | 66/164 [00:22\u003c00:32,  3.00it/s, loss=0.7695, acc=0.9598]\n"}
,{"stream_name":"stderr","time":5152.220657812,"data":"\r[label_smooth] Stage2 Epoch 71/75:  40%|████      | 66/164 [00:22\u003c00:32,  3.00it/s, loss=0.7695, acc=0.9598]\r[label_smooth] Stage2 Epoch 71/75:  40%|████      | 66/164 [00:22\u003c00:32,  3.00it/s, loss=0.7697, acc=0.9594]\n"}
,{"stream_name":"stderr","time":5152.221588404,"data":"\r[label_smooth] Stage2 Epoch 71/75:  40%|████      | 66/164 [00:22\u003c00:32,  3.00it/s, loss=0.7697, acc=0.9594]\r[label_smooth] Stage2 Epoch 71/75:  41%|████      | 67/164 [00:22\u003c00:32,  3.00it/s, loss=0.7697, acc=0.9594]\n"}
,{"stream_name":"stderr","time":5152.549188951,"data":"\r[label_smooth] Stage2 Epoch 71/75:  41%|████      | 67/164 [00:22\u003c00:32,  3.00it/s, loss=0.7697, acc=0.9594]\r[label_smooth] Stage2 Epoch 71/75:  41%|████      | 67/164 [00:23\u003c00:32,  3.00it/s, loss=0.7686, acc=0.9600]\n"}
,{"stream_name":"stderr","time":5152.550268536,"data":"\r[label_smooth] Stage2 Epoch 71/75:  41%|████      | 67/164 [00:23\u003c00:32,  3.00it/s, loss=0.7686, acc=0.9600]\r[label_smooth] Stage2 Epoch 71/75:  41%|████▏     | 68/164 [00:23\u003c00:31,  3.01it/s, loss=0.7686, acc=0.9600]\n"}
,{"stream_name":"stderr","time":5152.884779882,"data":"\r[label_smooth] Stage2 Epoch 71/75:  41%|████▏     | 68/164 [00:23\u003c00:31,  3.01it/s, loss=0.7686, acc=0.9600]\r[label_smooth] Stage2 Epoch 71/75:  41%|████▏     | 68/164 [00:23\u003c00:31,  3.01it/s, loss=0.7686, acc=0.9601]\n"}
,{"stream_name":"stderr","time":5152.887111319,"data":"\r[label_smooth] Stage2 Epoch 71/75:  41%|████▏     | 68/164 [00:23\u003c00:31,  3.01it/s, loss=0.7686, acc=0.9601]\r[label_smooth] Stage2 Epoch 71/75:  42%|████▏     | 69/164 [00:23\u003c00:31,  3.00it/s, loss=0.7686, acc=0.9601]\n"}
,{"stream_name":"stderr","time":5153.219020178,"data":"\r[label_smooth] Stage2 Epoch 71/75:  42%|████▏     | 69/164 [00:23\u003c00:31,  3.00it/s, loss=0.7686, acc=0.9601]\r[label_smooth] Stage2 Epoch 71/75:  42%|████▏     | 69/164 [00:23\u003c00:31,  3.00it/s, loss=0.7703, acc=0.9594]\n"}
,{"stream_name":"stderr","time":5153.219779071,"data":"\r[label_smooth] Stage2 Epoch 71/75:  42%|████▏     | 69/164 [00:23\u003c00:31,  3.00it/s, loss=0.7703, acc=0.9594]\r[label_smooth] Stage2 Epoch 71/75:  43%|████▎     | 70/164 [00:23\u003c00:31,  3.00it/s, loss=0.7703, acc=0.9594]\n"}
,{"stream_name":"stderr","time":5153.551171878,"data":"\r[label_smooth] Stage2 Epoch 71/75:  43%|████▎     | 70/164 [00:23\u003c00:31,  3.00it/s, loss=0.7703, acc=0.9594]\r[label_smooth] Stage2 Epoch 71/75:  43%|████▎     | 70/164 [00:24\u003c00:31,  3.00it/s, loss=0.7707, acc=0.9591]\n"}
,{"stream_name":"stderr","time":5153.552354161,"data":"\r[label_smooth] Stage2 Epoch 71/75:  43%|████▎     | 70/164 [00:24\u003c00:31,  3.00it/s, loss=0.7707, acc=0.9591]\r[label_smooth] Stage2 Epoch 71/75:  43%|████▎     | 71/164 [00:24\u003c00:30,  3.00it/s, loss=0.7707, acc=0.9591]\n"}
,{"stream_name":"stderr","time":5153.883166325,"data":"\r[label_smooth] Stage2 Epoch 71/75:  43%|████▎     | 71/164 [00:24\u003c00:30,  3.00it/s, loss=0.7707, acc=0.9591]\r[label_smooth] Stage2 Epoch 71/75:  43%|████▎     | 71/164 [00:24\u003c00:30,  3.00it/s, loss=0.7709, acc=0.9588]\n"}
,{"stream_name":"stderr","time":5153.885051324,"data":"\r[label_smooth] Stage2 Epoch 71/75:  43%|████▎     | 71/164 [00:24\u003c00:30,  3.00it/s, loss=0.7709, acc=0.9588]\r[label_smooth] Stage2 Epoch 71/75:  44%|████▍     | 72/164 [00:24\u003c00:30,  3.00it/s, loss=0.7709, acc=0.9588]\n"}
,{"stream_name":"stderr","time":5154.21389319,"data":"\r[label_smooth] Stage2 Epoch 71/75:  44%|████▍     | 72/164 [00:24\u003c00:30,  3.00it/s, loss=0.7709, acc=0.9588]\r[label_smooth] Stage2 Epoch 71/75:  44%|████▍     | 72/164 [00:24\u003c00:30,  3.00it/s, loss=0.7703, acc=0.9589]\n"}
,{"stream_name":"stderr","time":5154.214750927,"data":"\r[label_smooth] Stage2 Epoch 71/75:  44%|████▍     | 72/164 [00:24\u003c00:30,  3.00it/s, loss=0.7703, acc=0.9589]\r[label_smooth] Stage2 Epoch 71/75:  45%|████▍     | 73/164 [00:24\u003c00:30,  3.01it/s, loss=0.7703, acc=0.9589]\n"}
,{"stream_name":"stderr","time":5154.544985963,"data":"\r[label_smooth] Stage2 Epoch 71/75:  45%|████▍     | 73/164 [00:24\u003c00:30,  3.01it/s, loss=0.7703, acc=0.9589]\r[label_smooth] Stage2 Epoch 71/75:  45%|████▍     | 73/164 [00:25\u003c00:30,  3.01it/s, loss=0.7707, acc=0.9590]\n"}
,{"stream_name":"stderr","time":5154.546127438,"data":"\r[label_smooth] Stage2 Epoch 71/75:  45%|████▍     | 73/164 [00:25\u003c00:30,  3.01it/s, loss=0.7707, acc=0.9590]\r[label_smooth] Stage2 Epoch 71/75:  45%|████▌     | 74/164 [00:25\u003c00:29,  3.01it/s, loss=0.7707, acc=0.9590]\n"}
,{"stream_name":"stderr","time":5154.877508425,"data":"\r[label_smooth] Stage2 Epoch 71/75:  45%|████▌     | 74/164 [00:25\u003c00:29,  3.01it/s, loss=0.7707, acc=0.9590]\r[label_smooth] Stage2 Epoch 71/75:  45%|████▌     | 74/164 [00:25\u003c00:29,  3.01it/s, loss=0.7695, acc=0.9596]\n"}
,{"stream_name":"stderr","time":5154.878579335,"data":"\r[label_smooth] Stage2 Epoch 71/75:  45%|████▌     | 74/164 [00:25\u003c00:29,  3.01it/s, loss=0.7695, acc=0.9596]\r[label_smooth] Stage2 Epoch 71/75:  46%|████▌     | 75/164 [00:25\u003c00:29,  3.01it/s, loss=0.7695, acc=0.9596]\n"}
,{"stream_name":"stderr","time":5155.210131224,"data":"\r[label_smooth] Stage2 Epoch 71/75:  46%|████▌     | 75/164 [00:25\u003c00:29,  3.01it/s, loss=0.7695, acc=0.9596]\r[label_smooth] Stage2 Epoch 71/75:  46%|████▌     | 75/164 [00:25\u003c00:29,  3.01it/s, loss=0.7692, acc=0.9597]\n"}
,{"stream_name":"stderr","time":5155.212353149,"data":"\r[label_smooth] Stage2 Epoch 71/75:  46%|████▌     | 75/164 [00:25\u003c00:29,  3.01it/s, loss=0.7692, acc=0.9597]\r[label_smooth] Stage2 Epoch 71/75:  46%|████▋     | 76/164 [00:25\u003c00:29,  3.01it/s, loss=0.7692, acc=0.9597]\n"}
,{"stream_name":"stderr","time":5155.5439039,"data":"\r[label_smooth] Stage2 Epoch 71/75:  46%|████▋     | 76/164 [00:25\u003c00:29,  3.01it/s, loss=0.7692, acc=0.9597]\r[label_smooth] Stage2 Epoch 71/75:  46%|████▋     | 76/164 [00:26\u003c00:29,  3.01it/s, loss=0.7682, acc=0.9598]\n"}
,{"stream_name":"stderr","time":5155.546280442,"data":"\r[label_smooth] Stage2 Epoch 71/75:  46%|████▋     | 76/164 [00:26\u003c00:29,  3.01it/s, loss=0.7682, acc=0.9598]\r[label_smooth] Stage2 Epoch 71/75:  47%|████▋     | 77/164 [00:26\u003c00:28,  3.00it/s, loss=0.7682, acc=0.9598]\n"}
,{"stream_name":"stderr","time":5155.878103186,"data":"\r[label_smooth] Stage2 Epoch 71/75:  47%|████▋     | 77/164 [00:26\u003c00:28,  3.00it/s, loss=0.7682, acc=0.9598]\r[label_smooth] Stage2 Epoch 71/75:  47%|████▋     | 77/164 [00:26\u003c00:28,  3.00it/s, loss=0.7696, acc=0.9595]\n"}
,{"stream_name":"stderr","time":5155.880292229,"data":"\r[label_smooth] Stage2 Epoch 71/75:  47%|████▋     | 77/164 [00:26\u003c00:28,  3.00it/s, loss=0.7696, acc=0.9595]\r[label_smooth] Stage2 Epoch 71/75:  48%|████▊     | 78/164 [00:26\u003c00:28,  3.00it/s, loss=0.7696, acc=0.9595]\n"}
,{"stream_name":"stderr","time":5156.20811486,"data":"\r[label_smooth] Stage2 Epoch 71/75:  48%|████▊     | 78/164 [00:26\u003c00:28,  3.00it/s, loss=0.7696, acc=0.9595]\r[label_smooth] Stage2 Epoch 71/75:  48%|████▊     | 78/164 [00:26\u003c00:28,  3.00it/s, loss=0.7690, acc=0.9600]\n"}
,{"stream_name":"stderr","time":5156.209916701,"data":"\r[label_smooth] Stage2 Epoch 71/75:  48%|████▊     | 78/164 [00:26\u003c00:28,  3.00it/s, loss=0.7690, acc=0.9600]\r[label_smooth] Stage2 Epoch 71/75:  48%|████▊     | 79/164 [00:26\u003c00:28,  3.01it/s, loss=0.7690, acc=0.9600]\n"}
,{"stream_name":"stderr","time":5156.538589303,"data":"\r[label_smooth] Stage2 Epoch 71/75:  48%|████▊     | 79/164 [00:26\u003c00:28,  3.01it/s, loss=0.7690, acc=0.9600]\r[label_smooth] Stage2 Epoch 71/75:  48%|████▊     | 79/164 [00:27\u003c00:28,  3.01it/s, loss=0.7683, acc=0.9602]\n"}
,{"stream_name":"stderr","time":5156.540216137,"data":"\r[label_smooth] Stage2 Epoch 71/75:  48%|████▊     | 79/164 [00:27\u003c00:28,  3.01it/s, loss=0.7683, acc=0.9602]\r[label_smooth] Stage2 Epoch 71/75:  49%|████▉     | 80/164 [00:27\u003c00:27,  3.02it/s, loss=0.7683, acc=0.9602]\n"}
,{"stream_name":"stderr","time":5156.870821541,"data":"\r[label_smooth] Stage2 Epoch 71/75:  49%|████▉     | 80/164 [00:27\u003c00:27,  3.02it/s, loss=0.7683, acc=0.9602]\r[label_smooth] Stage2 Epoch 71/75:  49%|████▉     | 80/164 [00:27\u003c00:27,  3.02it/s, loss=0.7676, acc=0.9606]\n"}
,{"stream_name":"stderr","time":5156.875614209,"data":"\r[label_smooth] Stage2 Epoch 71/75:  49%|████▉     | 80/164 [00:27\u003c00:27,  3.02it/s, loss=0.7676, acc=0.9606]\r[label_smooth] Stage2 Epoch 71/75:  49%|████▉     | 81/164 [00:27\u003c00:27,  3.02it/s, loss=0.7676, acc=0.9606]\n"}
,{"stream_name":"stderr","time":5157.201294638,"data":"\r[label_smooth] Stage2 Epoch 71/75:  49%|████▉     | 81/164 [00:27\u003c00:27,  3.02it/s, loss=0.7676, acc=0.9606]\r[label_smooth] Stage2 Epoch 71/75:  49%|████▉     | 81/164 [00:27\u003c00:27,  3.02it/s, loss=0.7676, acc=0.9607]\n"}
,{"stream_name":"stderr","time":5157.201886941,"data":"\r[label_smooth] Stage2 Epoch 71/75:  49%|████▉     | 81/164 [00:27\u003c00:27,  3.02it/s, loss=0.7676, acc=0.9607]\r[label_smooth] Stage2 Epoch 71/75:  50%|█████     | 82/164 [00:27\u003c00:27,  3.02it/s, loss=0.7676, acc=0.9607]\n"}
,{"stream_name":"stderr","time":5157.530684569,"data":"\r[label_smooth] Stage2 Epoch 71/75:  50%|█████     | 82/164 [00:27\u003c00:27,  3.02it/s, loss=0.7676, acc=0.9607]\r[label_smooth] Stage2 Epoch 71/75:  50%|█████     | 82/164 [00:28\u003c00:27,  3.02it/s, loss=0.7679, acc=0.9608]\n"}
,{"stream_name":"stderr","time":5157.530999315,"data":"\r[label_smooth] Stage2 Epoch 71/75:  50%|█████     | 82/164 [00:28\u003c00:27,  3.02it/s, loss=0.7679, acc=0.9608]\r[label_smooth] Stage2 Epoch 71/75:  51%|█████     | 83/164 [00:28\u003c00:26,  3.02it/s, loss=0.7679, acc=0.9608]\n"}
,{"stream_name":"stderr","time":5157.864967492,"data":"\r[label_smooth] Stage2 Epoch 71/75:  51%|█████     | 83/164 [00:28\u003c00:26,  3.02it/s, loss=0.7679, acc=0.9608]\r[label_smooth] Stage2 Epoch 71/75:  51%|█████     | 83/164 [00:28\u003c00:26,  3.02it/s, loss=0.7671, acc=0.9613]\n"}
,{"stream_name":"stderr","time":5157.865982853,"data":"\r[label_smooth] Stage2 Epoch 71/75:  51%|█████     | 83/164 [00:28\u003c00:26,  3.02it/s, loss=0.7671, acc=0.9613]\r[label_smooth] Stage2 Epoch 71/75:  51%|█████     | 84/164 [00:28\u003c00:26,  3.01it/s, loss=0.7671, acc=0.9613]\n"}
,{"stream_name":"stderr","time":5158.193676439,"data":"\r[label_smooth] Stage2 Epoch 71/75:  51%|█████     | 84/164 [00:28\u003c00:26,  3.01it/s, loss=0.7671, acc=0.9613]\r[label_smooth] Stage2 Epoch 71/75:  51%|█████     | 84/164 [00:28\u003c00:26,  3.01it/s, loss=0.7671, acc=0.9614]\n"}
,{"stream_name":"stderr","time":5158.194689406,"data":"\r[label_smooth] Stage2 Epoch 71/75:  51%|█████     | 84/164 [00:28\u003c00:26,  3.01it/s, loss=0.7671, acc=0.9614]\r[label_smooth] Stage2 Epoch 71/75:  52%|█████▏    | 85/164 [00:28\u003c00:26,  3.02it/s, loss=0.7671, acc=0.9614]\n"}
,{"stream_name":"stderr","time":5158.526113034,"data":"\r[label_smooth] Stage2 Epoch 71/75:  52%|█████▏    | 85/164 [00:28\u003c00:26,  3.02it/s, loss=0.7671, acc=0.9614]\r[label_smooth] Stage2 Epoch 71/75:  52%|█████▏    | 85/164 [00:29\u003c00:26,  3.02it/s, loss=0.7669, acc=0.9618]\n"}
,{"stream_name":"stderr","time":5158.528507018,"data":"\r[label_smooth] Stage2 Epoch 71/75:  52%|█████▏    | 85/164 [00:29\u003c00:26,  3.02it/s, loss=0.7669, acc=0.9618]\r[label_smooth] Stage2 Epoch 71/75:  52%|█████▏    | 86/164 [00:29\u003c00:25,  3.02it/s, loss=0.7669, acc=0.9618]\n"}
,{"stream_name":"stderr","time":5158.863550482,"data":"\r[label_smooth] Stage2 Epoch 71/75:  52%|█████▏    | 86/164 [00:29\u003c00:25,  3.02it/s, loss=0.7669, acc=0.9618]\r[label_smooth] Stage2 Epoch 71/75:  52%|█████▏    | 86/164 [00:29\u003c00:25,  3.02it/s, loss=0.7675, acc=0.9612]\n"}
,{"stream_name":"stderr","time":5158.870046797,"data":"\r[label_smooth] Stage2 Epoch 71/75:  52%|█████▏    | 86/164 [00:29\u003c00:25,  3.02it/s, loss=0.7675, acc=0.9612]\r[label_smooth] Stage2 Epoch 71/75:  53%|█████▎    | 87/164 [00:29\u003c00:25,  3.00it/s, loss=0.7675, acc=0.9612]\n"}
,{"stream_name":"stderr","time":5159.195654553,"data":"\r[label_smooth] Stage2 Epoch 71/75:  53%|█████▎    | 87/164 [00:29\u003c00:25,  3.00it/s, loss=0.7675, acc=0.9612]\r[label_smooth] Stage2 Epoch 71/75:  53%|█████▎    | 87/164 [00:29\u003c00:25,  3.00it/s, loss=0.7673, acc=0.9616]\n"}
,{"stream_name":"stderr","time":5159.196711054,"data":"\r[label_smooth] Stage2 Epoch 71/75:  53%|█████▎    | 87/164 [00:29\u003c00:25,  3.00it/s, loss=0.7673, acc=0.9616]\r[label_smooth] Stage2 Epoch 71/75:  54%|█████▎    | 88/164 [00:29\u003c00:25,  3.00it/s, loss=0.7673, acc=0.9616]\n"}
,{"stream_name":"stderr","time":5159.526221747,"data":"\r[label_smooth] Stage2 Epoch 71/75:  54%|█████▎    | 88/164 [00:29\u003c00:25,  3.00it/s, loss=0.7673, acc=0.9616]\r[label_smooth] Stage2 Epoch 71/75:  54%|█████▎    | 88/164 [00:30\u003c00:25,  3.00it/s, loss=0.7677, acc=0.9617]\n"}
,{"stream_name":"stderr","time":5159.528230742,"data":"\r[label_smooth] Stage2 Epoch 71/75:  54%|█████▎    | 88/164 [00:30\u003c00:25,  3.00it/s, loss=0.7677, acc=0.9617]\r[label_smooth] Stage2 Epoch 71/75:  54%|█████▍    | 89/164 [00:30\u003c00:24,  3.01it/s, loss=0.7677, acc=0.9617]\n"}
,{"stream_name":"stderr","time":5159.862226928,"data":"\r[label_smooth] Stage2 Epoch 71/75:  54%|█████▍    | 89/164 [00:30\u003c00:24,  3.01it/s, loss=0.7677, acc=0.9617]\r[label_smooth] Stage2 Epoch 71/75:  54%|█████▍    | 89/164 [00:30\u003c00:24,  3.01it/s, loss=0.7676, acc=0.9618]\n"}
,{"stream_name":"stderr","time":5159.863246921,"data":"\r[label_smooth] Stage2 Epoch 71/75:  54%|█████▍    | 89/164 [00:30\u003c00:24,  3.01it/s, loss=0.7676, acc=0.9618]\r[label_smooth] Stage2 Epoch 71/75:  55%|█████▍    | 90/164 [00:30\u003c00:24,  3.00it/s, loss=0.7676, acc=0.9618]\n"}
,{"stream_name":"stderr","time":5160.1898687,"data":"\r[label_smooth] Stage2 Epoch 71/75:  55%|█████▍    | 90/164 [00:30\u003c00:24,  3.00it/s, loss=0.7676, acc=0.9618]\r[label_smooth] Stage2 Epoch 71/75:  55%|█████▍    | 90/164 [00:30\u003c00:24,  3.00it/s, loss=0.7666, acc=0.9622]\n"}
,{"stream_name":"stderr","time":5160.190750076,"data":"\r[label_smooth] Stage2 Epoch 71/75:  55%|█████▍    | 90/164 [00:30\u003c00:24,  3.00it/s, loss=0.7666, acc=0.9622]\r[label_smooth] Stage2 Epoch 71/75:  55%|█████▌    | 91/164 [00:30\u003c00:24,  3.02it/s, loss=0.7666, acc=0.9622]\n"}
,{"stream_name":"stderr","time":5160.524403345,"data":"\r[label_smooth] Stage2 Epoch 71/75:  55%|█████▌    | 91/164 [00:30\u003c00:24,  3.02it/s, loss=0.7666, acc=0.9622]\r[label_smooth] Stage2 Epoch 71/75:  55%|█████▌    | 91/164 [00:31\u003c00:24,  3.02it/s, loss=0.7671, acc=0.9623]\n"}
,{"stream_name":"stderr","time":5160.52564214,"data":"\r[label_smooth] Stage2 Epoch 71/75:  55%|█████▌    | 91/164 [00:31\u003c00:24,  3.02it/s, loss=0.7671, acc=0.9623]\r[label_smooth] Stage2 Epoch 71/75:  56%|█████▌    | 92/164 [00:31\u003c00:23,  3.01it/s, loss=0.7671, acc=0.9623]\n"}
,{"stream_name":"stderr","time":5160.858434208,"data":"\r[label_smooth] Stage2 Epoch 71/75:  56%|█████▌    | 92/164 [00:31\u003c00:23,  3.01it/s, loss=0.7671, acc=0.9623]\r[label_smooth] Stage2 Epoch 71/75:  56%|█████▌    | 92/164 [00:31\u003c00:23,  3.01it/s, loss=0.7664, acc=0.9627]\n"}
,{"stream_name":"stderr","time":5160.859657708,"data":"\r[label_smooth] Stage2 Epoch 71/75:  56%|█████▌    | 92/164 [00:31\u003c00:23,  3.01it/s, loss=0.7664, acc=0.9627]\r[label_smooth] Stage2 Epoch 71/75:  57%|█████▋    | 93/164 [00:31\u003c00:23,  3.01it/s, loss=0.7664, acc=0.9627]\n"}
,{"stream_name":"stderr","time":5161.190379535,"data":"\r[label_smooth] Stage2 Epoch 71/75:  57%|█████▋    | 93/164 [00:31\u003c00:23,  3.01it/s, loss=0.7664, acc=0.9627]\r[label_smooth] Stage2 Epoch 71/75:  57%|█████▋    | 93/164 [00:31\u003c00:23,  3.01it/s, loss=0.7666, acc=0.9628]\n"}
,{"stream_name":"stderr","time":5161.192330082,"data":"\r[label_smooth] Stage2 Epoch 71/75:  57%|█████▋    | 93/164 [00:31\u003c00:23,  3.01it/s, loss=0.7666, acc=0.9628]\r[label_smooth] Stage2 Epoch 71/75:  57%|█████▋    | 94/164 [00:31\u003c00:23,  3.00it/s, loss=0.7666, acc=0.9628]\n"}
,{"stream_name":"stderr","time":5161.524421801,"data":"\r[label_smooth] Stage2 Epoch 71/75:  57%|█████▋    | 94/164 [00:31\u003c00:23,  3.00it/s, loss=0.7666, acc=0.9628]\r[label_smooth] Stage2 Epoch 71/75:  57%|█████▋    | 94/164 [00:32\u003c00:23,  3.00it/s, loss=0.7665, acc=0.9625]\n"}
,{"stream_name":"stderr","time":5161.529502051,"data":"\r[label_smooth] Stage2 Epoch 71/75:  57%|█████▋    | 94/164 [00:32\u003c00:23,  3.00it/s, loss=0.7665, acc=0.9625]\r[label_smooth] Stage2 Epoch 71/75:  58%|█████▊    | 95/164 [00:32\u003c00:22,  3.00it/s, loss=0.7665, acc=0.9625]\n"}
,{"stream_name":"stderr","time":5161.860902496,"data":"\r[label_smooth] Stage2 Epoch 71/75:  58%|█████▊    | 95/164 [00:32\u003c00:22,  3.00it/s, loss=0.7665, acc=0.9625]\r[label_smooth] Stage2 Epoch 71/75:  58%|█████▊    | 95/164 [00:32\u003c00:22,  3.00it/s, loss=0.7667, acc=0.9622]\n"}
,{"stream_name":"stderr","time":5161.862170869,"data":"\r[label_smooth] Stage2 Epoch 71/75:  58%|█████▊    | 95/164 [00:32\u003c00:22,  3.00it/s, loss=0.7667, acc=0.9622]\r[label_smooth] Stage2 Epoch 71/75:  59%|█████▊    | 96/164 [00:32\u003c00:22,  2.99it/s, loss=0.7667, acc=0.9622]\n"}
,{"stream_name":"stderr","time":5162.200983305,"data":"\r[label_smooth] Stage2 Epoch 71/75:  59%|█████▊    | 96/164 [00:32\u003c00:22,  2.99it/s, loss=0.7667, acc=0.9622]\r[label_smooth] Stage2 Epoch 71/75:  59%|█████▊    | 96/164 [00:32\u003c00:22,  2.99it/s, loss=0.7663, acc=0.9623]\n"}
,{"stream_name":"stderr","time":5162.201392362,"data":"\r[label_smooth] Stage2 Epoch 71/75:  59%|█████▊    | 96/164 [00:32\u003c00:22,  2.99it/s, loss=0.7663, acc=0.9623]\r[label_smooth] Stage2 Epoch 71/75:  59%|█████▉    | 97/164 [00:32\u003c00:22,  2.98it/s, loss=0.7663, acc=0.9623]\n"}
,{"stream_name":"stderr","time":5162.530958262,"data":"\r[label_smooth] Stage2 Epoch 71/75:  59%|█████▉    | 97/164 [00:32\u003c00:22,  2.98it/s, loss=0.7663, acc=0.9623]\r[label_smooth] Stage2 Epoch 71/75:  59%|█████▉    | 97/164 [00:33\u003c00:22,  2.98it/s, loss=0.7661, acc=0.9624]\n"}
,{"stream_name":"stderr","time":5162.532622844,"data":"\r[label_smooth] Stage2 Epoch 71/75:  59%|█████▉    | 97/164 [00:33\u003c00:22,  2.98it/s, loss=0.7661, acc=0.9624]\r[label_smooth] Stage2 Epoch 71/75:  60%|█████▉    | 98/164 [00:33\u003c00:22,  2.99it/s, loss=0.7661, acc=0.9624]\n"}
,{"stream_name":"stderr","time":5162.861584914,"data":"\r[label_smooth] Stage2 Epoch 71/75:  60%|█████▉    | 98/164 [00:33\u003c00:22,  2.99it/s, loss=0.7661, acc=0.9624]\r[label_smooth] Stage2 Epoch 71/75:  60%|█████▉    | 98/164 [00:33\u003c00:22,  2.99it/s, loss=0.7660, acc=0.9624]\n"}
,{"stream_name":"stderr","time":5162.862574781,"data":"\r[label_smooth] Stage2 Epoch 71/75:  60%|█████▉    | 98/164 [00:33\u003c00:22,  2.99it/s, loss=0.7660, acc=0.9624]\r[label_smooth] Stage2 Epoch 71/75:  60%|██████    | 99/164 [00:33\u003c00:21,  3.00it/s, loss=0.7660, acc=0.9624]\n"}
,{"stream_name":"stderr","time":5163.191558089,"data":"\r[label_smooth] Stage2 Epoch 71/75:  60%|██████    | 99/164 [00:33\u003c00:21,  3.00it/s, loss=0.7660, acc=0.9624]\r[label_smooth] Stage2 Epoch 71/75:  60%|██████    | 99/164 [00:33\u003c00:21,  3.00it/s, loss=0.7653, acc=0.9628]\n"}
,{"stream_name":"stderr","time":5163.192540096,"data":"\r[label_smooth] Stage2 Epoch 71/75:  60%|██████    | 99/164 [00:33\u003c00:21,  3.00it/s, loss=0.7653, acc=0.9628]\r[label_smooth] Stage2 Epoch 71/75:  61%|██████    | 100/164 [00:33\u003c00:21,  3.01it/s, loss=0.7653, acc=0.9628]\n"}
,{"stream_name":"stderr","time":5163.525009563,"data":"\r[label_smooth] Stage2 Epoch 71/75:  61%|██████    | 100/164 [00:33\u003c00:21,  3.01it/s, loss=0.7653, acc=0.9628]\r[label_smooth] Stage2 Epoch 71/75:  61%|██████    | 100/164 [00:34\u003c00:21,  3.01it/s, loss=0.7657, acc=0.9623]\n"}
,{"stream_name":"stderr","time":5163.526599074,"data":"\r[label_smooth] Stage2 Epoch 71/75:  61%|██████    | 100/164 [00:34\u003c00:21,  3.01it/s, loss=0.7657, acc=0.9623]\r[label_smooth] Stage2 Epoch 71/75:  62%|██████▏   | 101/164 [00:34\u003c00:20,  3.01it/s, loss=0.7657, acc=0.9623]\n"}
,{"stream_name":"stderr","time":5163.861751361,"data":"\r[label_smooth] Stage2 Epoch 71/75:  62%|██████▏   | 101/164 [00:34\u003c00:20,  3.01it/s, loss=0.7657, acc=0.9623]\r[label_smooth] Stage2 Epoch 71/75:  62%|██████▏   | 101/164 [00:34\u003c00:20,  3.01it/s, loss=0.7665, acc=0.9623]\n"}
,{"stream_name":"stderr","time":5163.862911083,"data":"\r[label_smooth] Stage2 Epoch 71/75:  62%|██████▏   | 101/164 [00:34\u003c00:20,  3.01it/s, loss=0.7665, acc=0.9623]\r[label_smooth] Stage2 Epoch 71/75:  62%|██████▏   | 102/164 [00:34\u003c00:20,  3.00it/s, loss=0.7665, acc=0.9623]\n"}
,{"stream_name":"stderr","time":5164.194943105,"data":"\r[label_smooth] Stage2 Epoch 71/75:  62%|██████▏   | 102/164 [00:34\u003c00:20,  3.00it/s, loss=0.7665, acc=0.9623]\r[label_smooth] Stage2 Epoch 71/75:  62%|██████▏   | 102/164 [00:34\u003c00:20,  3.00it/s, loss=0.7670, acc=0.9621]\n"}
,{"stream_name":"stderr","time":5164.196449574,"data":"\r[label_smooth] Stage2 Epoch 71/75:  62%|██████▏   | 102/164 [00:34\u003c00:20,  3.00it/s, loss=0.7670, acc=0.9621]\r[label_smooth] Stage2 Epoch 71/75:  63%|██████▎   | 103/164 [00:34\u003c00:20,  3.00it/s, loss=0.7670, acc=0.9621]\n"}
,{"stream_name":"stderr","time":5164.526584465,"data":"\r[label_smooth] Stage2 Epoch 71/75:  63%|██████▎   | 103/164 [00:34\u003c00:20,  3.00it/s, loss=0.7670, acc=0.9621]\r[label_smooth] Stage2 Epoch 71/75:  63%|██████▎   | 103/164 [00:35\u003c00:20,  3.00it/s, loss=0.7691, acc=0.9612]\n"}
,{"stream_name":"stderr","time":5164.527797238,"data":"\r[label_smooth] Stage2 Epoch 71/75:  63%|██████▎   | 103/164 [00:35\u003c00:20,  3.00it/s, loss=0.7691, acc=0.9612]\r[label_smooth] Stage2 Epoch 71/75:  63%|██████▎   | 104/164 [00:35\u003c00:19,  3.00it/s, loss=0.7691, acc=0.9612]\n"}
,{"stream_name":"stderr","time":5164.860244436,"data":"\r[label_smooth] Stage2 Epoch 71/75:  63%|██████▎   | 104/164 [00:35\u003c00:19,  3.00it/s, loss=0.7691, acc=0.9612]\r[label_smooth] Stage2 Epoch 71/75:  63%|██████▎   | 104/164 [00:35\u003c00:19,  3.00it/s, loss=0.7695, acc=0.9610]\n"}
,{"stream_name":"stderr","time":5164.862487776,"data":"\r[label_smooth] Stage2 Epoch 71/75:  63%|██████▎   | 104/164 [00:35\u003c00:19,  3.00it/s, loss=0.7695, acc=0.9610]\r[label_smooth] Stage2 Epoch 71/75:  64%|██████▍   | 105/164 [00:35\u003c00:19,  3.00it/s, loss=0.7695, acc=0.9610]\n"}
,{"stream_name":"stderr","time":5165.199975342,"data":"\r[label_smooth] Stage2 Epoch 71/75:  64%|██████▍   | 105/164 [00:35\u003c00:19,  3.00it/s, loss=0.7695, acc=0.9610]\r[label_smooth] Stage2 Epoch 71/75:  64%|██████▍   | 105/164 [00:35\u003c00:19,  3.00it/s, loss=0.7690, acc=0.9611]\n"}
,{"stream_name":"stderr","time":5165.200538576,"data":"\r[label_smooth] Stage2 Epoch 71/75:  64%|██████▍   | 105/164 [00:35\u003c00:19,  3.00it/s, loss=0.7690, acc=0.9611]\r[label_smooth] Stage2 Epoch 71/75:  65%|██████▍   | 106/164 [00:35\u003c00:19,  2.98it/s, loss=0.7690, acc=0.9611]\n"}
,{"stream_name":"stderr","time":5165.529650519,"data":"\r[label_smooth] Stage2 Epoch 71/75:  65%|██████▍   | 106/164 [00:35\u003c00:19,  2.98it/s, loss=0.7690, acc=0.9611]\r[label_smooth] Stage2 Epoch 71/75:  65%|██████▍   | 106/164 [00:36\u003c00:19,  2.98it/s, loss=0.7683, acc=0.9614]\n"}
,{"stream_name":"stderr","time":5165.530278708,"data":"\r[label_smooth] Stage2 Epoch 71/75:  65%|██████▍   | 106/164 [00:36\u003c00:19,  2.98it/s, loss=0.7683, acc=0.9614]\r[label_smooth] Stage2 Epoch 71/75:  65%|██████▌   | 107/164 [00:36\u003c00:19,  3.00it/s, loss=0.7683, acc=0.9614]\n"}
,{"stream_name":"stderr","time":5165.860336648,"data":"\r[label_smooth] Stage2 Epoch 71/75:  65%|██████▌   | 107/164 [00:36\u003c00:19,  3.00it/s, loss=0.7683, acc=0.9614]\r[label_smooth] Stage2 Epoch 71/75:  65%|██████▌   | 107/164 [00:36\u003c00:19,  3.00it/s, loss=0.7680, acc=0.9618]\n"}
,{"stream_name":"stderr","time":5165.861703208,"data":"\r[label_smooth] Stage2 Epoch 71/75:  65%|██████▌   | 107/164 [00:36\u003c00:19,  3.00it/s, loss=0.7680, acc=0.9618]\r[label_smooth] Stage2 Epoch 71/75:  66%|██████▌   | 108/164 [00:36\u003c00:18,  3.00it/s, loss=0.7680, acc=0.9618]\n"}
,{"stream_name":"stderr","time":5166.192272247,"data":"\r[label_smooth] Stage2 Epoch 71/75:  66%|██████▌   | 108/164 [00:36\u003c00:18,  3.00it/s, loss=0.7680, acc=0.9618]\r[label_smooth] Stage2 Epoch 71/75:  66%|██████▌   | 108/164 [00:36\u003c00:18,  3.00it/s, loss=0.7676, acc=0.9619]\n"}
,{"stream_name":"stderr","time":5166.193357691,"data":"\r[label_smooth] Stage2 Epoch 71/75:  66%|██████▌   | 108/164 [00:36\u003c00:18,  3.00it/s, loss=0.7676, acc=0.9619]\r[label_smooth] Stage2 Epoch 71/75:  66%|██████▋   | 109/164 [00:36\u003c00:18,  3.01it/s, loss=0.7676, acc=0.9619]\n"}
,{"stream_name":"stderr","time":5166.524787267,"data":"\r[label_smooth] Stage2 Epoch 71/75:  66%|██████▋   | 109/164 [00:36\u003c00:18,  3.01it/s, loss=0.7676, acc=0.9619]\r[label_smooth] Stage2 Epoch 71/75:  66%|██████▋   | 109/164 [00:37\u003c00:18,  3.01it/s, loss=0.7669, acc=0.9622]\n"}
,{"stream_name":"stderr","time":5166.526278912,"data":"\r[label_smooth] Stage2 Epoch 71/75:  66%|██████▋   | 109/164 [00:37\u003c00:18,  3.01it/s, loss=0.7669, acc=0.9622]\r[label_smooth] Stage2 Epoch 71/75:  67%|██████▋   | 110/164 [00:37\u003c00:17,  3.01it/s, loss=0.7669, acc=0.9622]\n"}
,{"stream_name":"stderr","time":5166.856380596,"data":"\r[label_smooth] Stage2 Epoch 71/75:  67%|██████▋   | 110/164 [00:37\u003c00:17,  3.01it/s, loss=0.7669, acc=0.9622]\r[label_smooth] Stage2 Epoch 71/75:  67%|██████▋   | 110/164 [00:37\u003c00:17,  3.01it/s, loss=0.7667, acc=0.9623]\n"}
,{"stream_name":"stderr","time":5166.85712426,"data":"\r[label_smooth] Stage2 Epoch 71/75:  67%|██████▋   | 110/164 [00:37\u003c00:17,  3.01it/s, loss=0.7667, acc=0.9623]\r[label_smooth] Stage2 Epoch 71/75:  68%|██████▊   | 111/164 [00:37\u003c00:17,  3.01it/s, loss=0.7667, acc=0.9623]\n"}
,{"stream_name":"stderr","time":5167.189245661,"data":"\r[label_smooth] Stage2 Epoch 71/75:  68%|██████▊   | 111/164 [00:37\u003c00:17,  3.01it/s, loss=0.7667, acc=0.9623]\r[label_smooth] Stage2 Epoch 71/75:  68%|██████▊   | 111/164 [00:37\u003c00:17,  3.01it/s, loss=0.7658, acc=0.9626]\n"}
,{"stream_name":"stderr","time":5167.19029262,"data":"\r[label_smooth] Stage2 Epoch 71/75:  68%|██████▊   | 111/164 [00:37\u003c00:17,  3.01it/s, loss=0.7658, acc=0.9626]\r[label_smooth] Stage2 Epoch 71/75:  68%|██████▊   | 112/164 [00:37\u003c00:17,  3.01it/s, loss=0.7658, acc=0.9626]\n"}
,{"stream_name":"stderr","time":5167.520661781,"data":"\r[label_smooth] Stage2 Epoch 71/75:  68%|██████▊   | 112/164 [00:37\u003c00:17,  3.01it/s, loss=0.7658, acc=0.9626]\r[label_smooth] Stage2 Epoch 71/75:  68%|██████▊   | 112/164 [00:38\u003c00:17,  3.01it/s, loss=0.7666, acc=0.9624]\n"}
,{"stream_name":"stderr","time":5167.5215794,"data":"\r[label_smooth] Stage2 Epoch 71/75:  68%|██████▊   | 112/164 [00:38\u003c00:17,  3.01it/s, loss=0.7666, acc=0.9624]\r[label_smooth] Stage2 Epoch 71/75:  69%|██████▉   | 113/164 [00:38\u003c00:16,  3.01it/s, loss=0.7666, acc=0.9624]\n"}
,{"stream_name":"stderr","time":5167.858043703,"data":"\r[label_smooth] Stage2 Epoch 71/75:  69%|██████▉   | 113/164 [00:38\u003c00:16,  3.01it/s, loss=0.7666, acc=0.9624]\r[label_smooth] Stage2 Epoch 71/75:  69%|██████▉   | 113/164 [00:38\u003c00:16,  3.01it/s, loss=0.7660, acc=0.9627]\n"}
,{"stream_name":"stderr","time":5167.862411493,"data":"\r[label_smooth] Stage2 Epoch 71/75:  69%|██████▉   | 113/164 [00:38\u003c00:16,  3.01it/s, loss=0.7660, acc=0.9627]\r[label_smooth] Stage2 Epoch 71/75:  70%|██████▉   | 114/164 [00:38\u003c00:16,  3.01it/s, loss=0.7660, acc=0.9627]\n"}
,{"stream_name":"stderr","time":5168.189067092,"data":"\r[label_smooth] Stage2 Epoch 71/75:  70%|██████▉   | 114/164 [00:38\u003c00:16,  3.01it/s, loss=0.7660, acc=0.9627]\r[label_smooth] Stage2 Epoch 71/75:  70%|██████▉   | 114/164 [00:38\u003c00:16,  3.01it/s, loss=0.7659, acc=0.9628]\n"}
,{"stream_name":"stderr","time":5168.193286029,"data":"\r[label_smooth] Stage2 Epoch 71/75:  70%|██████▉   | 114/164 [00:38\u003c00:16,  3.01it/s, loss=0.7659, acc=0.9628]\r[label_smooth] Stage2 Epoch 71/75:  70%|███████   | 115/164 [00:38\u003c00:16,  3.00it/s, loss=0.7659, acc=0.9628]\n"}
,{"stream_name":"stderr","time":5168.521381954,"data":"\r[label_smooth] Stage2 Epoch 71/75:  70%|███████   | 115/164 [00:38\u003c00:16,  3.00it/s, loss=0.7659, acc=0.9628]\r[label_smooth] Stage2 Epoch 71/75:  70%|███████   | 115/164 [00:39\u003c00:16,  3.00it/s, loss=0.7660, acc=0.9626]\n"}
,{"stream_name":"stderr","time":5168.52141695,"data":"\r[label_smooth] Stage2 Epoch 71/75:  70%|███████   | 115/164 [00:39\u003c00:16,  3.00it/s, loss=0.7660, acc=0.9626]\r[label_smooth] Stage2 Epoch 71/75:  71%|███████   | 116/164 [00:39\u003c00:15,  3.00it/s, loss=0.7660, acc=0.9626]\n"}
,{"stream_name":"stderr","time":5168.848486325,"data":"\r[label_smooth] Stage2 Epoch 71/75:  71%|███████   | 116/164 [00:39\u003c00:15,  3.00it/s, loss=0.7660, acc=0.9626]\r[label_smooth] Stage2 Epoch 71/75:  71%|███████   | 116/164 [00:39\u003c00:15,  3.00it/s, loss=0.7660, acc=0.9626]\n"}
,{"stream_name":"stderr","time":5168.850038468,"data":"\r[label_smooth] Stage2 Epoch 71/75:  71%|███████   | 116/164 [00:39\u003c00:15,  3.00it/s, loss=0.7660, acc=0.9626]\r[label_smooth] Stage2 Epoch 71/75:  71%|███████▏  | 117/164 [00:39\u003c00:15,  3.02it/s, loss=0.7660, acc=0.9626]\n"}
,{"stream_name":"stderr","time":5169.18017368,"data":"\r[label_smooth] Stage2 Epoch 71/75:  71%|███████▏  | 117/164 [00:39\u003c00:15,  3.02it/s, loss=0.7660, acc=0.9626]\r[label_smooth] Stage2 Epoch 71/75:  71%|███████▏  | 117/164 [00:39\u003c00:15,  3.02it/s, loss=0.7657, acc=0.9629]\n"}
,{"stream_name":"stderr","time":5169.181192018,"data":"\r[label_smooth] Stage2 Epoch 71/75:  71%|███████▏  | 117/164 [00:39\u003c00:15,  3.02it/s, loss=0.7657, acc=0.9629]\r[label_smooth] Stage2 Epoch 71/75:  72%|███████▏  | 118/164 [00:39\u003c00:15,  3.02it/s, loss=0.7657, acc=0.9629]\n"}
,{"stream_name":"stderr","time":5169.509685619,"data":"\r[label_smooth] Stage2 Epoch 71/75:  72%|███████▏  | 118/164 [00:39\u003c00:15,  3.02it/s, loss=0.7657, acc=0.9629]\r[label_smooth] Stage2 Epoch 71/75:  72%|███████▏  | 118/164 [00:40\u003c00:15,  3.02it/s, loss=0.7657, acc=0.9630]\n"}
,{"stream_name":"stderr","time":5169.51055703,"data":"\r[label_smooth] Stage2 Epoch 71/75:  72%|███████▏  | 118/164 [00:40\u003c00:15,  3.02it/s, loss=0.7657, acc=0.9630]\r[label_smooth] Stage2 Epoch 71/75:  73%|███████▎  | 119/164 [00:40\u003c00:14,  3.02it/s, loss=0.7657, acc=0.9630]\n"}
,{"stream_name":"stderr","time":5169.841155599,"data":"\r[label_smooth] Stage2 Epoch 71/75:  73%|███████▎  | 119/164 [00:40\u003c00:14,  3.02it/s, loss=0.7657, acc=0.9630]\r[label_smooth] Stage2 Epoch 71/75:  73%|███████▎  | 119/164 [00:40\u003c00:14,  3.02it/s, loss=0.7658, acc=0.9630]\n"}
,{"stream_name":"stderr","time":5169.842025451,"data":"\r[label_smooth] Stage2 Epoch 71/75:  73%|███████▎  | 119/164 [00:40\u003c00:14,  3.02it/s, loss=0.7658, acc=0.9630]\r[label_smooth] Stage2 Epoch 71/75:  73%|███████▎  | 120/164 [00:40\u003c00:14,  3.02it/s, loss=0.7658, acc=0.9630]\n"}
,{"stream_name":"stderr","time":5170.169209895,"data":"\r[label_smooth] Stage2 Epoch 71/75:  73%|███████▎  | 120/164 [00:40\u003c00:14,  3.02it/s, loss=0.7658, acc=0.9630]\r[label_smooth] Stage2 Epoch 71/75:  73%|███████▎  | 120/164 [00:40\u003c00:14,  3.02it/s, loss=0.7657, acc=0.9628]\n"}
,{"stream_name":"stderr","time":5170.170125354,"data":"\r[label_smooth] Stage2 Epoch 71/75:  73%|███████▎  | 120/164 [00:40\u003c00:14,  3.02it/s, loss=0.7657, acc=0.9628]\r[label_smooth] Stage2 Epoch 71/75:  74%|███████▍  | 121/164 [00:40\u003c00:14,  3.03it/s, loss=0.7657, acc=0.9628]\n"}
,{"stream_name":"stderr","time":5172.919738085,"data":"\r[label_smooth] Stage2 Epoch 71/75:  74%|███████▍  | 121/164 [00:40\u003c00:14,  3.03it/s, loss=0.7657, acc=0.9628]\r[label_smooth] Stage2 Epoch 71/75:  74%|███████▍  | 121/164 [00:41\u003c00:14,  3.03it/s, loss=0.7657, acc=0.9626]\n"}
,{"stream_name":"stderr","time":5172.921921091,"data":"\r[label_smooth] Stage2 Epoch 71/75:  74%|███████▍  | 121/164 [00:41\u003c00:14,  3.03it/s, loss=0.7657, acc=0.9626]\r[label_smooth] Stage2 Epoch 71/75:  74%|███████▍  | 122/164 [00:41\u003c00:13,  3.03it/s, loss=0.7657, acc=0.9626]\n"}
,{"stream_name":"stderr","time":5172.923319313,"data":"\r[label_smooth] Stage2 Epoch 71/75:  74%|███████▍  | 122/164 [00:41\u003c00:13,  3.03it/s, loss=0.7657, acc=0.9626]\r[label_smooth] Stage2 Epoch 71/75:  74%|███████▍  | 122/164 [00:41\u003c00:13,  3.03it/s, loss=0.7654, acc=0.9624]\n"}
,{"stream_name":"stderr","time":5172.92458275,"data":"\r[label_smooth] Stage2 Epoch 71/75:  74%|███████▍  | 122/164 [00:41\u003c00:13,  3.03it/s, loss=0.7654, acc=0.9624]\r[label_smooth] Stage2 Epoch 71/75:  75%|███████▌  | 123/164 [00:41\u003c00:13,  3.02it/s, loss=0.7654, acc=0.9624]\n"}
,{"stream_name":"stderr","time":5172.925811327,"data":"\r[label_smooth] Stage2 Epoch 71/75:  75%|███████▌  | 123/164 [00:41\u003c00:13,  3.02it/s, loss=0.7654, acc=0.9624]\r[label_smooth] Stage2 Epoch 71/75:  75%|███████▌  | 123/164 [00:41\u003c00:13,  3.02it/s, loss=0.7657, acc=0.9619]\n"}
,{"stream_name":"stderr","time":5172.927096498,"data":"\r[label_smooth] Stage2 Epoch 71/75:  75%|███████▌  | 123/164 [00:41\u003c00:13,  3.02it/s, loss=0.7657, acc=0.9619]\r[label_smooth] Stage2 Epoch 71/75:  76%|███████▌  | 124/164 [00:41\u003c00:13,  3.01it/s, loss=0.7657, acc=0.9619]\n"}
,{"stream_name":"stderr","time":5172.928633141,"data":"\r[label_smooth] Stage2 Epoch 71/75:  76%|███████▌  | 124/164 [00:41\u003c00:13,  3.01it/s, loss=0.7657, acc=0.9619]\r[label_smooth] Stage2 Epoch 71/75:  76%|███████▌  | 124/164 [00:42\u003c00:13,  3.01it/s, loss=0.7660, acc=0.9613]\n"}
,{"stream_name":"stderr","time":5172.929856922,"data":"\r[label_smooth] Stage2 Epoch 71/75:  76%|███████▌  | 124/164 [00:42\u003c00:13,  3.01it/s, loss=0.7660, acc=0.9613]\r[label_smooth] Stage2 Epoch 71/75:  76%|███████▌  | 125/164 [00:42\u003c00:12,  3.02it/s, loss=0.7660, acc=0.9613]\n"}
,{"stream_name":"stderr","time":5172.931039916,"data":"\r[label_smooth] Stage2 Epoch 71/75:  76%|███████▌  | 125/164 [00:42\u003c00:12,  3.02it/s, loss=0.7660, acc=0.9613]\r[label_smooth] Stage2 Epoch 71/75:  76%|███████▌  | 125/164 [00:42\u003c00:12,  3.02it/s, loss=0.7664, acc=0.9613]\n"}
,{"stream_name":"stderr","time":5172.932415952,"data":"\r[label_smooth] Stage2 Epoch 71/75:  76%|███████▌  | 125/164 [00:42\u003c00:12,  3.02it/s, loss=0.7664, acc=0.9613]\r[label_smooth] Stage2 Epoch 71/75:  77%|███████▋  | 126/164 [00:42\u003c00:12,  3.02it/s, loss=0.7664, acc=0.9613]\n"}
,{"stream_name":"stderr","time":5172.933617621,"data":"\r[label_smooth] Stage2 Epoch 71/75:  77%|███████▋  | 126/164 [00:42\u003c00:12,  3.02it/s, loss=0.7664, acc=0.9613]\r[label_smooth] Stage2 Epoch 71/75:  77%|███████▋  | 126/164 [00:42\u003c00:12,  3.02it/s, loss=0.7667, acc=0.9611]\n"}
,{"stream_name":"stderr","time":5172.934777673,"data":"\r[label_smooth] Stage2 Epoch 71/75:  77%|███████▋  | 126/164 [00:42\u003c00:12,  3.02it/s, loss=0.7667, acc=0.9611]\r[label_smooth] Stage2 Epoch 71/75:  77%|███████▋  | 127/164 [00:42\u003c00:12,  3.02it/s, loss=0.7667, acc=0.9611]\n"}
,{"stream_name":"stderr","time":5172.936008489,"data":"\r[label_smooth] Stage2 Epoch 71/75:  77%|███████▋  | 127/164 [00:42\u003c00:12,  3.02it/s, loss=0.7667, acc=0.9611]\r[label_smooth] Stage2 Epoch 71/75:  77%|███████▋  | 127/164 [00:43\u003c00:12,  3.02it/s, loss=0.7676, acc=0.9604]\n"}
,{"stream_name":"stderr","time":5172.937252802,"data":"\r[label_smooth] Stage2 Epoch 71/75:  77%|███████▋  | 127/164 [00:43\u003c00:12,  3.02it/s, loss=0.7676, acc=0.9604]\r[label_smooth] Stage2 Epoch 71/75:  78%|███████▊  | 128/164 [00:43\u003c00:11,  3.01it/s, loss=0.7676, acc=0.9604]\n"}
,{"stream_name":"stderr","time":5172.938701926,"data":"\r[label_smooth] Stage2 Epoch 71/75:  78%|███████▊  | 128/164 [00:43\u003c00:11,  3.01it/s, loss=0.7676, acc=0.9604]\r[label_smooth] Stage2 Epoch 71/75:  78%|███████▊  | 128/164 [00:43\u003c00:11,  3.01it/s, loss=0.7670, acc=0.9608]\n"}
,{"stream_name":"stderr","time":5172.940116537,"data":"\r[label_smooth] Stage2 Epoch 71/75:  78%|███████▊  | 128/164 [00:43\u003c00:11,  3.01it/s, loss=0.7670, acc=0.9608]\r[label_smooth] Stage2 Epoch 71/75:  79%|███████▊  | 129/164 [00:43\u003c00:11,  3.01it/s, loss=0.7670, acc=0.9608]\n"}
,{"stream_name":"stderr","time":5173.164875952,"data":"\r[label_smooth] Stage2 Epoch 71/75:  79%|███████▊  | 129/164 [00:43\u003c00:11,  3.01it/s, loss=0.7670, acc=0.9608]\r[label_smooth] Stage2 Epoch 71/75:  79%|███████▊  | 129/164 [00:43\u003c00:11,  3.01it/s, loss=0.7669, acc=0.9608]\n"}
,{"stream_name":"stderr","time":5173.167303814,"data":"\r[label_smooth] Stage2 Epoch 71/75:  79%|███████▊  | 129/164 [00:43\u003c00:11,  3.01it/s, loss=0.7669, acc=0.9608]\r[label_smooth] Stage2 Epoch 71/75:  79%|███████▉  | 130/164 [00:43\u003c00:11,  2.99it/s, loss=0.7669, acc=0.9608]\n"}
,{"stream_name":"stderr","time":5173.495901707,"data":"\r[label_smooth] Stage2 Epoch 71/75:  79%|███████▉  | 130/164 [00:43\u003c00:11,  2.99it/s, loss=0.7669, acc=0.9608]\r[label_smooth] Stage2 Epoch 71/75:  79%|███████▉  | 130/164 [00:44\u003c00:11,  2.99it/s, loss=0.7670, acc=0.9609]\n"}
,{"stream_name":"stderr","time":5173.496802414,"data":"\r[label_smooth] Stage2 Epoch 71/75:  79%|███████▉  | 130/164 [00:44\u003c00:11,  2.99it/s, loss=0.7670, acc=0.9609]\r[label_smooth] Stage2 Epoch 71/75:  80%|███████▉  | 131/164 [00:44\u003c00:11,  3.00it/s, loss=0.7670, acc=0.9609]\n"}
,{"stream_name":"stderr","time":5173.828641633,"data":"\r[label_smooth] Stage2 Epoch 71/75:  80%|███████▉  | 131/164 [00:44\u003c00:11,  3.00it/s, loss=0.7670, acc=0.9609]\r[label_smooth] Stage2 Epoch 71/75:  80%|███████▉  | 131/164 [00:44\u003c00:11,  3.00it/s, loss=0.7678, acc=0.9607]\n"}
,{"stream_name":"stderr","time":5173.831009254,"data":"\r[label_smooth] Stage2 Epoch 71/75:  80%|███████▉  | 131/164 [00:44\u003c00:11,  3.00it/s, loss=0.7678, acc=0.9607]\r[label_smooth] Stage2 Epoch 71/75:  80%|████████  | 132/164 [00:44\u003c00:10,  3.00it/s, loss=0.7678, acc=0.9607]\n"}
,{"stream_name":"stderr","time":5174.160199152,"data":"\r[label_smooth] Stage2 Epoch 71/75:  80%|████████  | 132/164 [00:44\u003c00:10,  3.00it/s, loss=0.7678, acc=0.9607]\r[label_smooth] Stage2 Epoch 71/75:  80%|████████  | 132/164 [00:44\u003c00:10,  3.00it/s, loss=0.7681, acc=0.9605]\n"}
,{"stream_name":"stderr","time":5174.16122962,"data":"\r[label_smooth] Stage2 Epoch 71/75:  80%|████████  | 132/164 [00:44\u003c00:10,  3.00it/s, loss=0.7681, acc=0.9605]\r[label_smooth] Stage2 Epoch 71/75:  81%|████████  | 133/164 [00:44\u003c00:10,  3.01it/s, loss=0.7681, acc=0.9605]\n"}
,{"stream_name":"stderr","time":5174.488813688,"data":"\r[label_smooth] Stage2 Epoch 71/75:  81%|████████  | 133/164 [00:44\u003c00:10,  3.01it/s, loss=0.7681, acc=0.9605]\r[label_smooth] Stage2 Epoch 71/75:  81%|████████  | 133/164 [00:45\u003c00:10,  3.01it/s, loss=0.7686, acc=0.9606]\n"}
,{"stream_name":"stderr","time":5174.490135017,"data":"\r[label_smooth] Stage2 Epoch 71/75:  81%|████████  | 133/164 [00:45\u003c00:10,  3.01it/s, loss=0.7686, acc=0.9606]\r[label_smooth] Stage2 Epoch 71/75:  82%|████████▏ | 134/164 [00:45\u003c00:09,  3.02it/s, loss=0.7686, acc=0.9606]\n"}
,{"stream_name":"stderr","time":5174.82444571,"data":"\r[label_smooth] Stage2 Epoch 71/75:  82%|████████▏ | 134/164 [00:45\u003c00:09,  3.02it/s, loss=0.7686, acc=0.9606]\r[label_smooth] Stage2 Epoch 71/75:  82%|████████▏ | 134/164 [00:45\u003c00:09,  3.02it/s, loss=0.7693, acc=0.9604]\n"}
,{"stream_name":"stderr","time":5174.831404615,"data":"\r[label_smooth] Stage2 Epoch 71/75:  82%|████████▏ | 134/164 [00:45\u003c00:09,  3.02it/s, loss=0.7693, acc=0.9604]\r[label_smooth] Stage2 Epoch 71/75:  82%|████████▏ | 135/164 [00:45\u003c00:09,  3.01it/s, loss=0.7693, acc=0.9604]\n"}
,{"stream_name":"stderr","time":5175.152275448,"data":"\r[label_smooth] Stage2 Epoch 71/75:  82%|████████▏ | 135/164 [00:45\u003c00:09,  3.01it/s, loss=0.7693, acc=0.9604]\r[label_smooth] Stage2 Epoch 71/75:  82%|████████▏ | 135/164 [00:45\u003c00:09,  3.01it/s, loss=0.7689, acc=0.9605]\n"}
,{"stream_name":"stderr","time":5175.15337887,"data":"\r[label_smooth] Stage2 Epoch 71/75:  82%|████████▏ | 135/164 [00:45\u003c00:09,  3.01it/s, loss=0.7689, acc=0.9605]\r[label_smooth] Stage2 Epoch 71/75:  83%|████████▎ | 136/164 [00:45\u003c00:09,  3.02it/s, loss=0.7689, acc=0.9605]\n"}
,{"stream_name":"stderr","time":5175.485290022,"data":"\r[label_smooth] Stage2 Epoch 71/75:  83%|████████▎ | 136/164 [00:45\u003c00:09,  3.02it/s, loss=0.7689, acc=0.9605]\r[label_smooth] Stage2 Epoch 71/75:  83%|████████▎ | 136/164 [00:46\u003c00:09,  3.02it/s, loss=0.7687, acc=0.9605]\n"}
,{"stream_name":"stderr","time":5175.486336337,"data":"\r[label_smooth] Stage2 Epoch 71/75:  83%|████████▎ | 136/164 [00:46\u003c00:09,  3.02it/s, loss=0.7687, acc=0.9605]\r[label_smooth] Stage2 Epoch 71/75:  84%|████████▎ | 137/164 [00:46\u003c00:08,  3.01it/s, loss=0.7687, acc=0.9605]\n"}
,{"stream_name":"stderr","time":5175.81449908,"data":"\r[label_smooth] Stage2 Epoch 71/75:  84%|████████▎ | 137/164 [00:46\u003c00:08,  3.01it/s, loss=0.7687, acc=0.9605]\r[label_smooth] Stage2 Epoch 71/75:  84%|████████▎ | 137/164 [00:46\u003c00:08,  3.01it/s, loss=0.7683, acc=0.9606]\n"}
,{"stream_name":"stderr","time":5175.816068578,"data":"\r[label_smooth] Stage2 Epoch 71/75:  84%|████████▎ | 137/164 [00:46\u003c00:08,  3.01it/s, loss=0.7683, acc=0.9606]\r[label_smooth] Stage2 Epoch 71/75:  84%|████████▍ | 138/164 [00:46\u003c00:08,  3.02it/s, loss=0.7683, acc=0.9606]\n"}
,{"stream_name":"stderr","time":5176.151875069,"data":"\r[label_smooth] Stage2 Epoch 71/75:  84%|████████▍ | 138/164 [00:46\u003c00:08,  3.02it/s, loss=0.7683, acc=0.9606]\r[label_smooth] Stage2 Epoch 71/75:  84%|████████▍ | 138/164 [00:46\u003c00:08,  3.02it/s, loss=0.7690, acc=0.9602]\n"}
,{"stream_name":"stderr","time":5176.156002205,"data":"\r[label_smooth] Stage2 Epoch 71/75:  84%|████████▍ | 138/164 [00:46\u003c00:08,  3.02it/s, loss=0.7690, acc=0.9602]\r[label_smooth] Stage2 Epoch 71/75:  85%|████████▍ | 139/164 [00:46\u003c00:08,  3.01it/s, loss=0.7690, acc=0.9602]\n"}
,{"stream_name":"stderr","time":5176.479276451,"data":"\r[label_smooth] Stage2 Epoch 71/75:  85%|████████▍ | 139/164 [00:46\u003c00:08,  3.01it/s, loss=0.7690, acc=0.9602]\r[label_smooth] Stage2 Epoch 71/75:  85%|████████▍ | 139/164 [00:47\u003c00:08,  3.01it/s, loss=0.7685, acc=0.9605]\n"}
,{"stream_name":"stderr","time":5176.480651579,"data":"\r[label_smooth] Stage2 Epoch 71/75:  85%|████████▍ | 139/164 [00:47\u003c00:08,  3.01it/s, loss=0.7685, acc=0.9605]\r[label_smooth] Stage2 Epoch 71/75:  85%|████████▌ | 140/164 [00:47\u003c00:07,  3.02it/s, loss=0.7685, acc=0.9605]\n"}
,{"stream_name":"stderr","time":5176.807348637,"data":"\r[label_smooth] Stage2 Epoch 71/75:  85%|████████▌ | 140/164 [00:47\u003c00:07,  3.02it/s, loss=0.7685, acc=0.9605]\r[label_smooth] Stage2 Epoch 71/75:  85%|████████▌ | 140/164 [00:47\u003c00:07,  3.02it/s, loss=0.7693, acc=0.9599]\n"}
,{"stream_name":"stderr","time":5176.808392538,"data":"\r[label_smooth] Stage2 Epoch 71/75:  85%|████████▌ | 140/164 [00:47\u003c00:07,  3.02it/s, loss=0.7693, acc=0.9599]\r[label_smooth] Stage2 Epoch 71/75:  86%|████████▌ | 141/164 [00:47\u003c00:07,  3.03it/s, loss=0.7693, acc=0.9599]\n"}
,{"stream_name":"stderr","time":5177.136268414,"data":"\r[label_smooth] Stage2 Epoch 71/75:  86%|████████▌ | 141/164 [00:47\u003c00:07,  3.03it/s, loss=0.7693, acc=0.9599]\r[label_smooth] Stage2 Epoch 71/75:  86%|████████▌ | 141/164 [00:47\u003c00:07,  3.03it/s, loss=0.7690, acc=0.9599]\n"}
,{"stream_name":"stderr","time":5177.137817176,"data":"\r[label_smooth] Stage2 Epoch 71/75:  86%|████████▌ | 141/164 [00:47\u003c00:07,  3.03it/s, loss=0.7690, acc=0.9599]\r[label_smooth] Stage2 Epoch 71/75:  87%|████████▋ | 142/164 [00:47\u003c00:07,  3.03it/s, loss=0.7690, acc=0.9599]\n"}
,{"stream_name":"stderr","time":5177.467801475,"data":"\r[label_smooth] Stage2 Epoch 71/75:  87%|████████▋ | 142/164 [00:47\u003c00:07,  3.03it/s, loss=0.7690, acc=0.9599]\r[label_smooth] Stage2 Epoch 71/75:  87%|████████▋ | 142/164 [00:48\u003c00:07,  3.03it/s, loss=0.7690, acc=0.9598]\n"}
,{"stream_name":"stderr","time":5177.469205311,"data":"\r[label_smooth] Stage2 Epoch 71/75:  87%|████████▋ | 142/164 [00:48\u003c00:07,  3.03it/s, loss=0.7690, acc=0.9598]\r[label_smooth] Stage2 Epoch 71/75:  87%|████████▋ | 143/164 [00:48\u003c00:06,  3.03it/s, loss=0.7690, acc=0.9598]\n"}
,{"stream_name":"stderr","time":5177.804524396,"data":"\r[label_smooth] Stage2 Epoch 71/75:  87%|████████▋ | 143/164 [00:48\u003c00:06,  3.03it/s, loss=0.7690, acc=0.9598]\r[label_smooth] Stage2 Epoch 71/75:  87%|████████▋ | 143/164 [00:48\u003c00:06,  3.03it/s, loss=0.7694, acc=0.9596]\n"}
,{"stream_name":"stderr","time":5177.805621822,"data":"\r[label_smooth] Stage2 Epoch 71/75:  87%|████████▋ | 143/164 [00:48\u003c00:06,  3.03it/s, loss=0.7694, acc=0.9596]\r[label_smooth] Stage2 Epoch 71/75:  88%|████████▊ | 144/164 [00:48\u003c00:06,  3.01it/s, loss=0.7694, acc=0.9596]\n"}
,{"stream_name":"stderr","time":5178.136910368,"data":"\r[label_smooth] Stage2 Epoch 71/75:  88%|████████▊ | 144/164 [00:48\u003c00:06,  3.01it/s, loss=0.7694, acc=0.9596]\r[label_smooth] Stage2 Epoch 71/75:  88%|████████▊ | 144/164 [00:48\u003c00:06,  3.01it/s, loss=0.7689, acc=0.9599]\n"}
,{"stream_name":"stderr","time":5178.138141982,"data":"\r[label_smooth] Stage2 Epoch 71/75:  88%|████████▊ | 144/164 [00:48\u003c00:06,  3.01it/s, loss=0.7689, acc=0.9599]\r[label_smooth] Stage2 Epoch 71/75:  88%|████████▊ | 145/164 [00:48\u003c00:06,  3.01it/s, loss=0.7689, acc=0.9599]\n"}
,{"stream_name":"stderr","time":5178.470755704,"data":"\r[label_smooth] Stage2 Epoch 71/75:  88%|████████▊ | 145/164 [00:48\u003c00:06,  3.01it/s, loss=0.7689, acc=0.9599]\r[label_smooth] Stage2 Epoch 71/75:  88%|████████▊ | 145/164 [00:49\u003c00:06,  3.01it/s, loss=0.7688, acc=0.9602]\n"}
,{"stream_name":"stderr","time":5178.471752677,"data":"\r[label_smooth] Stage2 Epoch 71/75:  88%|████████▊ | 145/164 [00:49\u003c00:06,  3.01it/s, loss=0.7688, acc=0.9602]\r[label_smooth] Stage2 Epoch 71/75:  89%|████████▉ | 146/164 [00:49\u003c00:05,  3.01it/s, loss=0.7688, acc=0.9602]\n"}
,{"stream_name":"stderr","time":5178.800414564,"data":"\r[label_smooth] Stage2 Epoch 71/75:  89%|████████▉ | 146/164 [00:49\u003c00:05,  3.01it/s, loss=0.7688, acc=0.9602]\r[label_smooth] Stage2 Epoch 71/75:  89%|████████▉ | 146/164 [00:49\u003c00:05,  3.01it/s, loss=0.7686, acc=0.9602]\n"}
,{"stream_name":"stderr","time":5178.801938556,"data":"\r[label_smooth] Stage2 Epoch 71/75:  89%|████████▉ | 146/164 [00:49\u003c00:05,  3.01it/s, loss=0.7686, acc=0.9602]\r[label_smooth] Stage2 Epoch 71/75:  90%|████████▉ | 147/164 [00:49\u003c00:05,  3.01it/s, loss=0.7686, acc=0.9602]\n"}
,{"stream_name":"stderr","time":5179.132229148,"data":"\r[label_smooth] Stage2 Epoch 71/75:  90%|████████▉ | 147/164 [00:49\u003c00:05,  3.01it/s, loss=0.7686, acc=0.9602]\r[label_smooth] Stage2 Epoch 71/75:  90%|████████▉ | 147/164 [00:49\u003c00:05,  3.01it/s, loss=0.7686, acc=0.9605]\n"}
,{"stream_name":"stderr","time":5179.133190267,"data":"\r[label_smooth] Stage2 Epoch 71/75:  90%|████████▉ | 147/164 [00:49\u003c00:05,  3.01it/s, loss=0.7686, acc=0.9605]\r[label_smooth] Stage2 Epoch 71/75:  90%|█████████ | 148/164 [00:49\u003c00:05,  3.01it/s, loss=0.7686, acc=0.9605]\n"}
,{"stream_name":"stderr","time":5179.463134432,"data":"\r[label_smooth] Stage2 Epoch 71/75:  90%|█████████ | 148/164 [00:49\u003c00:05,  3.01it/s, loss=0.7686, acc=0.9605]\r[label_smooth] Stage2 Epoch 71/75:  90%|█████████ | 148/164 [00:50\u003c00:05,  3.01it/s, loss=0.7682, acc=0.9606]\n"}
,{"stream_name":"stderr","time":5179.464192505,"data":"\r[label_smooth] Stage2 Epoch 71/75:  90%|█████████ | 148/164 [00:50\u003c00:05,  3.01it/s, loss=0.7682, acc=0.9606]\r[label_smooth] Stage2 Epoch 71/75:  91%|█████████ | 149/164 [00:50\u003c00:04,  3.02it/s, loss=0.7682, acc=0.9606]\n"}
,{"stream_name":"stderr","time":5179.795479811,"data":"\r[label_smooth] Stage2 Epoch 71/75:  91%|█████████ | 149/164 [00:50\u003c00:04,  3.02it/s, loss=0.7682, acc=0.9606]\r[label_smooth] Stage2 Epoch 71/75:  91%|█████████ | 149/164 [00:50\u003c00:04,  3.02it/s, loss=0.7689, acc=0.9604]\n"}
,{"stream_name":"stderr","time":5179.796693372,"data":"\r[label_smooth] Stage2 Epoch 71/75:  91%|█████████ | 149/164 [00:50\u003c00:04,  3.02it/s, loss=0.7689, acc=0.9604]\r[label_smooth] Stage2 Epoch 71/75:  91%|█████████▏| 150/164 [00:50\u003c00:04,  3.02it/s, loss=0.7689, acc=0.9604]\n"}
,{"stream_name":"stderr","time":5180.124937077,"data":"\r[label_smooth] Stage2 Epoch 71/75:  91%|█████████▏| 150/164 [00:50\u003c00:04,  3.02it/s, loss=0.7689, acc=0.9604]\r[label_smooth] Stage2 Epoch 71/75:  91%|█████████▏| 150/164 [00:50\u003c00:04,  3.02it/s, loss=0.7683, acc=0.9607]\n"}
,{"stream_name":"stderr","time":5180.126002572,"data":"\r[label_smooth] Stage2 Epoch 71/75:  91%|█████████▏| 150/164 [00:50\u003c00:04,  3.02it/s, loss=0.7683, acc=0.9607]\r[label_smooth] Stage2 Epoch 71/75:  92%|█████████▏| 151/164 [00:50\u003c00:04,  3.02it/s, loss=0.7683, acc=0.9607]\n"}
,{"stream_name":"stderr","time":5180.457551235,"data":"\r[label_smooth] Stage2 Epoch 71/75:  92%|█████████▏| 151/164 [00:50\u003c00:04,  3.02it/s, loss=0.7683, acc=0.9607]\r[label_smooth] Stage2 Epoch 71/75:  92%|█████████▏| 151/164 [00:51\u003c00:04,  3.02it/s, loss=0.7683, acc=0.9609]\n"}
,{"stream_name":"stderr","time":5180.458581925,"data":"\r[label_smooth] Stage2 Epoch 71/75:  92%|█████████▏| 151/164 [00:51\u003c00:04,  3.02it/s, loss=0.7683, acc=0.9609]\r[label_smooth] Stage2 Epoch 71/75:  93%|█████████▎| 152/164 [00:51\u003c00:03,  3.02it/s, loss=0.7683, acc=0.9609]\n"}
,{"stream_name":"stderr","time":5180.785527025,"data":"\r[label_smooth] Stage2 Epoch 71/75:  93%|█████████▎| 152/164 [00:51\u003c00:03,  3.02it/s, loss=0.7683, acc=0.9609]\r[label_smooth] Stage2 Epoch 71/75:  93%|█████████▎| 152/164 [00:51\u003c00:03,  3.02it/s, loss=0.7676, acc=0.9612]\n"}
,{"stream_name":"stderr","time":5180.786609546,"data":"\r[label_smooth] Stage2 Epoch 71/75:  93%|█████████▎| 152/164 [00:51\u003c00:03,  3.02it/s, loss=0.7676, acc=0.9612]\r[label_smooth] Stage2 Epoch 71/75:  93%|█████████▎| 153/164 [00:51\u003c00:03,  3.03it/s, loss=0.7676, acc=0.9612]\n"}
,{"stream_name":"stderr","time":5181.115746072,"data":"\r[label_smooth] Stage2 Epoch 71/75:  93%|█████████▎| 153/164 [00:51\u003c00:03,  3.03it/s, loss=0.7676, acc=0.9612]\r[label_smooth] Stage2 Epoch 71/75:  93%|█████████▎| 153/164 [00:51\u003c00:03,  3.03it/s, loss=0.7677, acc=0.9610]\n"}
,{"stream_name":"stderr","time":5181.120076386,"data":"\r[label_smooth] Stage2 Epoch 71/75:  93%|█████████▎| 153/164 [00:51\u003c00:03,  3.03it/s, loss=0.7677, acc=0.9610]\r[label_smooth] Stage2 Epoch 71/75:  94%|█████████▍| 154/164 [00:51\u003c00:03,  3.03it/s, loss=0.7677, acc=0.9610]\n"}
,{"stream_name":"stderr","time":5181.451949145,"data":"\r[label_smooth] Stage2 Epoch 71/75:  94%|█████████▍| 154/164 [00:51\u003c00:03,  3.03it/s, loss=0.7677, acc=0.9610]\r[label_smooth] Stage2 Epoch 71/75:  94%|█████████▍| 154/164 [00:52\u003c00:03,  3.03it/s, loss=0.7674, acc=0.9611]\n"}
,{"stream_name":"stderr","time":5181.452894897,"data":"\r[label_smooth] Stage2 Epoch 71/75:  94%|█████████▍| 154/164 [00:52\u003c00:03,  3.03it/s, loss=0.7674, acc=0.9611]\r[label_smooth] Stage2 Epoch 71/75:  95%|█████████▍| 155/164 [00:52\u003c00:02,  3.01it/s, loss=0.7674, acc=0.9611]\n"}
,{"stream_name":"stderr","time":5181.781341645,"data":"\r[label_smooth] Stage2 Epoch 71/75:  95%|█████████▍| 155/164 [00:52\u003c00:02,  3.01it/s, loss=0.7674, acc=0.9611]\r[label_smooth] Stage2 Epoch 71/75:  95%|█████████▍| 155/164 [00:52\u003c00:02,  3.01it/s, loss=0.7668, acc=0.9613]\n"}
,{"stream_name":"stderr","time":5181.782453052,"data":"\r[label_smooth] Stage2 Epoch 71/75:  95%|█████████▍| 155/164 [00:52\u003c00:02,  3.01it/s, loss=0.7668, acc=0.9613]\r[label_smooth] Stage2 Epoch 71/75:  95%|█████████▌| 156/164 [00:52\u003c00:02,  3.02it/s, loss=0.7668, acc=0.9613]\n"}
,{"stream_name":"stderr","time":5182.110143808,"data":"\r[label_smooth] Stage2 Epoch 71/75:  95%|█████████▌| 156/164 [00:52\u003c00:02,  3.02it/s, loss=0.7668, acc=0.9613]\r[label_smooth] Stage2 Epoch 71/75:  95%|█████████▌| 156/164 [00:52\u003c00:02,  3.02it/s, loss=0.7667, acc=0.9614]\n"}
,{"stream_name":"stderr","time":5182.111125647,"data":"\r[label_smooth] Stage2 Epoch 71/75:  95%|█████████▌| 156/164 [00:52\u003c00:02,  3.02it/s, loss=0.7667, acc=0.9614]\r[label_smooth] Stage2 Epoch 71/75:  96%|█████████▌| 157/164 [00:52\u003c00:02,  3.02it/s, loss=0.7667, acc=0.9614]\n"}
,{"stream_name":"stderr","time":5182.437426313,"data":"\r[label_smooth] Stage2 Epoch 71/75:  96%|█████████▌| 157/164 [00:52\u003c00:02,  3.02it/s, loss=0.7667, acc=0.9614]\r[label_smooth] Stage2 Epoch 71/75:  96%|█████████▌| 157/164 [00:53\u003c00:02,  3.02it/s, loss=0.7670, acc=0.9610]\n"}
,{"stream_name":"stderr","time":5182.438505054,"data":"\r[label_smooth] Stage2 Epoch 71/75:  96%|█████████▌| 157/164 [00:53\u003c00:02,  3.02it/s, loss=0.7670, acc=0.9610]\r[label_smooth] Stage2 Epoch 71/75:  96%|█████████▋| 158/164 [00:53\u003c00:01,  3.03it/s, loss=0.7670, acc=0.9610]\n"}
,{"stream_name":"stderr","time":5182.766975523,"data":"\r[label_smooth] Stage2 Epoch 71/75:  96%|█████████▋| 158/164 [00:53\u003c00:01,  3.03it/s, loss=0.7670, acc=0.9610]\r[label_smooth] Stage2 Epoch 71/75:  96%|█████████▋| 158/164 [00:53\u003c00:01,  3.03it/s, loss=0.7671, acc=0.9611]\n"}
,{"stream_name":"stderr","time":5182.768275572,"data":"\r[label_smooth] Stage2 Epoch 71/75:  96%|█████████▋| 158/164 [00:53\u003c00:01,  3.03it/s, loss=0.7671, acc=0.9611]\r[label_smooth] Stage2 Epoch 71/75:  97%|█████████▋| 159/164 [00:53\u003c00:01,  3.03it/s, loss=0.7671, acc=0.9611]\n"}
,{"stream_name":"stderr","time":5183.094166842,"data":"\r[label_smooth] Stage2 Epoch 71/75:  97%|█████████▋| 159/164 [00:53\u003c00:01,  3.03it/s, loss=0.7671, acc=0.9611]\r[label_smooth] Stage2 Epoch 71/75:  97%|█████████▋| 159/164 [00:53\u003c00:01,  3.03it/s, loss=0.7667, acc=0.9609]\n"}
,{"stream_name":"stderr","time":5183.095164806,"data":"\r[label_smooth] Stage2 Epoch 71/75:  97%|█████████▋| 159/164 [00:53\u003c00:01,  3.03it/s, loss=0.7667, acc=0.9609]\r[label_smooth] Stage2 Epoch 71/75:  98%|█████████▊| 160/164 [00:53\u003c00:01,  3.04it/s, loss=0.7667, acc=0.9609]\n"}
,{"stream_name":"stderr","time":5183.422083965,"data":"\r[label_smooth] Stage2 Epoch 71/75:  98%|█████████▊| 160/164 [00:53\u003c00:01,  3.04it/s, loss=0.7667, acc=0.9609]\r[label_smooth] Stage2 Epoch 71/75:  98%|█████████▊| 160/164 [00:54\u003c00:01,  3.04it/s, loss=0.7674, acc=0.9608]\n"}
,{"stream_name":"stderr","time":5183.422867419,"data":"\r[label_smooth] Stage2 Epoch 71/75:  98%|█████████▊| 160/164 [00:54\u003c00:01,  3.04it/s, loss=0.7674, acc=0.9608]\r[label_smooth] Stage2 Epoch 71/75:  98%|█████████▊| 161/164 [00:54\u003c00:00,  3.04it/s, loss=0.7674, acc=0.9608]\n"}
,{"stream_name":"stderr","time":5183.749162746,"data":"\r[label_smooth] Stage2 Epoch 71/75:  98%|█████████▊| 161/164 [00:54\u003c00:00,  3.04it/s, loss=0.7674, acc=0.9608]\r[label_smooth] Stage2 Epoch 71/75:  98%|█████████▊| 161/164 [00:54\u003c00:00,  3.04it/s, loss=0.7673, acc=0.9606]\n"}
,{"stream_name":"stderr","time":5183.750184092,"data":"\r[label_smooth] Stage2 Epoch 71/75:  98%|█████████▊| 161/164 [00:54\u003c00:00,  3.04it/s, loss=0.7673, acc=0.9606]\r[label_smooth] Stage2 Epoch 71/75:  99%|█████████▉| 162/164 [00:54\u003c00:00,  3.05it/s, loss=0.7673, acc=0.9606]\n"}
,{"stream_name":"stderr","time":5184.079389877,"data":"\r[label_smooth] Stage2 Epoch 71/75:  99%|█████████▉| 162/164 [00:54\u003c00:00,  3.05it/s, loss=0.7673, acc=0.9606]\r[label_smooth] Stage2 Epoch 71/75:  99%|█████████▉| 162/164 [00:54\u003c00:00,  3.05it/s, loss=0.7672, acc=0.9607]\n"}
,{"stream_name":"stderr","time":5184.080267245,"data":"\r[label_smooth] Stage2 Epoch 71/75:  99%|█████████▉| 162/164 [00:54\u003c00:00,  3.05it/s, loss=0.7672, acc=0.9607]\r[label_smooth] Stage2 Epoch 71/75:  99%|█████████▉| 163/164 [00:54\u003c00:00,  3.04it/s, loss=0.7672, acc=0.9607]\n"}
,{"stream_name":"stderr","time":5184.399146394,"data":"\r[label_smooth] Stage2 Epoch 71/75:  99%|█████████▉| 163/164 [00:54\u003c00:00,  3.04it/s, loss=0.7672, acc=0.9607]\r[label_smooth] Stage2 Epoch 71/75:  99%|█████████▉| 163/164 [00:55\u003c00:00,  3.04it/s, loss=0.7680, acc=0.9604]\n"}
,{"stream_name":"stderr","time":5184.399873221,"data":"\r[label_smooth] Stage2 Epoch 71/75:  99%|█████████▉| 163/164 [00:55\u003c00:00,  3.04it/s, loss=0.7680, acc=0.9604]\r[label_smooth] Stage2 Epoch 71/75: 100%|██████████| 164/164 [00:55\u003c00:00,  3.07it/s, loss=0.7680, acc=0.9604]\n"}
,{"stream_name":"stderr","time":5184.470726043,"data":"\r[label_smooth] Stage2 Epoch 71/75: 100%|██████████| 164/164 [00:55\u003c00:00,  3.07it/s, loss=0.7680, acc=0.9604]\r[label_smooth] Stage2 Epoch 71/75: 100%|██████████| 164/164 [00:55\u003c00:00,  2.98it/s, loss=0.7680, acc=0.9604]\n"}
,{"stream_name":"stderr","time":5184.473888629,"data":"\r[label_smooth] Stage2 Epoch 71/75: 100%|██████████| 164/164 [00:55\u003c00:00,  2.98it/s, loss=0.7680, acc=0.9604]\n"}
,{"stream_name":"stderr","time":5184.47391527,"data":"\n"}
,{"stream_name":"stderr","time":5184.473925068,"data":"\n"}
,{"stream_name":"stdout","time":5189.059394839,"data":"  Val Loss: 0.9905 | Val Acc: 0.8727 | Val Macro-F1: 0.7831\n"}
,{"stream_name":"stderr","time":5189.060662577,"data":"\r[label_smooth] Stage2 Epoch 72/75:   0%|          | 0/164 [00:00\u003c?, ?it/s]\n"}
,{"stream_name":"stderr","time":5190.067112033,"data":"\r[label_smooth] Stage2 Epoch 72/75:   0%|          | 0/164 [00:00\u003c?, ?it/s]\r[label_smooth] Stage2 Epoch 72/75:   0%|          | 0/164 [00:01\u003c?, ?it/s, loss=0.7663, acc=0.9688]\n"}
,{"stream_name":"stderr","time":5190.071301731,"data":"\r[label_smooth] Stage2 Epoch 72/75:   0%|          | 0/164 [00:01\u003c?, ?it/s, loss=0.7663, acc=0.9688]\r[label_smooth] Stage2 Epoch 72/75:   1%|          | 1/164 [00:01\u003c02:44,  1.01s/it, loss=0.7663, acc=0.9688]\n"}
,{"stream_name":"stderr","time":5190.397419463,"data":"\r[label_smooth] Stage2 Epoch 72/75:   1%|          | 1/164 [00:01\u003c02:44,  1.01s/it, loss=0.7663, acc=0.9688]\r[label_smooth] Stage2 Epoch 72/75:   1%|          | 1/164 [00:01\u003c02:44,  1.01s/it, loss=0.8523, acc=0.9375]\n"}
,{"stream_name":"stderr","time":5190.404228315,"data":"\r[label_smooth] Stage2 Epoch 72/75:   1%|          | 1/164 [00:01\u003c02:44,  1.01s/it, loss=0.8523, acc=0.9375]\r[label_smooth] Stage2 Epoch 72/75:   1%|          | 2/164 [00:01\u003c01:38,  1.64it/s, loss=0.8523, acc=0.9375]\n"}
,{"stream_name":"stderr","time":5190.731456953,"data":"\r[label_smooth] Stage2 Epoch 72/75:   1%|          | 2/164 [00:01\u003c01:38,  1.64it/s, loss=0.8523, acc=0.9375]\r[label_smooth] Stage2 Epoch 72/75:   1%|          | 2/164 [00:01\u003c01:38,  1.64it/s, loss=0.8020, acc=0.9583]\n"}
,{"stream_name":"stderr","time":5190.734937648,"data":"\r[label_smooth] Stage2 Epoch 72/75:   1%|          | 2/164 [00:01\u003c01:38,  1.64it/s, loss=0.8020, acc=0.9583]\r[label_smooth] Stage2 Epoch 72/75:   2%|▏         | 3/164 [00:01\u003c01:18,  2.06it/s, loss=0.8020, acc=0.9583]\n"}
,{"stream_name":"stderr","time":5191.065251964,"data":"\r[label_smooth] Stage2 Epoch 72/75:   2%|▏         | 3/164 [00:01\u003c01:18,  2.06it/s, loss=0.8020, acc=0.9583]\r[label_smooth] Stage2 Epoch 72/75:   2%|▏         | 3/164 [00:02\u003c01:18,  2.06it/s, loss=0.7992, acc=0.9531]\n"}
,{"stream_name":"stderr","time":5191.066883116,"data":"\r[label_smooth] Stage2 Epoch 72/75:   2%|▏         | 3/164 [00:02\u003c01:18,  2.06it/s, loss=0.7992, acc=0.9531]\r[label_smooth] Stage2 Epoch 72/75:   2%|▏         | 4/164 [00:02\u003c01:07,  2.36it/s, loss=0.7992, acc=0.9531]\n"}
,{"stream_name":"stderr","time":5191.40061967,"data":"\r[label_smooth] Stage2 Epoch 72/75:   2%|▏         | 4/164 [00:02\u003c01:07,  2.36it/s, loss=0.7992, acc=0.9531]\r[label_smooth] Stage2 Epoch 72/75:   2%|▏         | 4/164 [00:02\u003c01:07,  2.36it/s, loss=0.7824, acc=0.9563]\n"}
,{"stream_name":"stderr","time":5191.412600208,"data":"\r[label_smooth] Stage2 Epoch 72/75:   2%|▏         | 4/164 [00:02\u003c01:07,  2.36it/s, loss=0.7824, acc=0.9563]\r[label_smooth] Stage2 Epoch 72/75:   3%|▎         | 5/164 [00:02\u003c01:02,  2.55it/s, loss=0.7824, acc=0.9563]\n"}
,{"stream_name":"stderr","time":5191.735798227,"data":"\r[label_smooth] Stage2 Epoch 72/75:   3%|▎         | 5/164 [00:02\u003c01:02,  2.55it/s, loss=0.7824, acc=0.9563]\r[label_smooth] Stage2 Epoch 72/75:   3%|▎         | 5/164 [00:02\u003c01:02,  2.55it/s, loss=0.7701, acc=0.9583]\n"}
,{"stream_name":"stderr","time":5191.7378639,"data":"\r[label_smooth] Stage2 Epoch 72/75:   3%|▎         | 5/164 [00:02\u003c01:02,  2.55it/s, loss=0.7701, acc=0.9583]\r[label_smooth] Stage2 Epoch 72/75:   4%|▎         | 6/164 [00:02\u003c00:58,  2.68it/s, loss=0.7701, acc=0.9583]\n"}
,{"stream_name":"stderr","time":5192.070283483,"data":"\r[label_smooth] Stage2 Epoch 72/75:   4%|▎         | 6/164 [00:02\u003c00:58,  2.68it/s, loss=0.7701, acc=0.9583]\r[label_smooth] Stage2 Epoch 72/75:   4%|▎         | 6/164 [00:03\u003c00:58,  2.68it/s, loss=0.7703, acc=0.9598]\n"}
,{"stream_name":"stderr","time":5192.071867737,"data":"\r[label_smooth] Stage2 Epoch 72/75:   4%|▎         | 6/164 [00:03\u003c00:58,  2.68it/s, loss=0.7703, acc=0.9598]\r[label_smooth] Stage2 Epoch 72/75:   4%|▍         | 7/164 [00:03\u003c00:56,  2.78it/s, loss=0.7703, acc=0.9598]\n"}
,{"stream_name":"stderr","time":5192.400537469,"data":"\r[label_smooth] Stage2 Epoch 72/75:   4%|▍         | 7/164 [00:03\u003c00:56,  2.78it/s, loss=0.7703, acc=0.9598]\r[label_smooth] Stage2 Epoch 72/75:   4%|▍         | 7/164 [00:03\u003c00:56,  2.78it/s, loss=0.7604, acc=0.9648]\n"}
,{"stream_name":"stderr","time":5192.405019744,"data":"\r[label_smooth] Stage2 Epoch 72/75:   4%|▍         | 7/164 [00:03\u003c00:56,  2.78it/s, loss=0.7604, acc=0.9648]\r[label_smooth] Stage2 Epoch 72/75:   5%|▍         | 8/164 [00:03\u003c00:54,  2.85it/s, loss=0.7604, acc=0.9648]\n"}
,{"stream_name":"stderr","time":5192.728151641,"data":"\r[label_smooth] Stage2 Epoch 72/75:   5%|▍         | 8/164 [00:03\u003c00:54,  2.85it/s, loss=0.7604, acc=0.9648]\r[label_smooth] Stage2 Epoch 72/75:   5%|▍         | 8/164 [00:03\u003c00:54,  2.85it/s, loss=0.7663, acc=0.9618]\n"}
,{"stream_name":"stderr","time":5192.729267813,"data":"\r[label_smooth] Stage2 Epoch 72/75:   5%|▍         | 8/164 [00:03\u003c00:54,  2.85it/s, loss=0.7663, acc=0.9618]\r[label_smooth] Stage2 Epoch 72/75:   5%|▌         | 9/164 [00:03\u003c00:53,  2.91it/s, loss=0.7663, acc=0.9618]\n"}
,{"stream_name":"stderr","time":5193.0556987,"data":"\r[label_smooth] Stage2 Epoch 72/75:   5%|▌         | 9/164 [00:03\u003c00:53,  2.91it/s, loss=0.7663, acc=0.9618]\r[label_smooth] Stage2 Epoch 72/75:   5%|▌         | 9/164 [00:03\u003c00:53,  2.91it/s, loss=0.7659, acc=0.9625]\n"}
,{"stream_name":"stderr","time":5193.056767772,"data":"\r[label_smooth] Stage2 Epoch 72/75:   5%|▌         | 9/164 [00:03\u003c00:53,  2.91it/s, loss=0.7659, acc=0.9625]\r[label_smooth] Stage2 Epoch 72/75:   6%|▌         | 10/164 [00:03\u003c00:52,  2.95it/s, loss=0.7659, acc=0.9625]\n"}
,{"stream_name":"stderr","time":5193.386982538,"data":"\r[label_smooth] Stage2 Epoch 72/75:   6%|▌         | 10/164 [00:03\u003c00:52,  2.95it/s, loss=0.7659, acc=0.9625]\r[label_smooth] Stage2 Epoch 72/75:   6%|▌         | 10/164 [00:04\u003c00:52,  2.95it/s, loss=0.7622, acc=0.9659]\n"}
,{"stream_name":"stderr","time":5193.387951387,"data":"\r[label_smooth] Stage2 Epoch 72/75:   6%|▌         | 10/164 [00:04\u003c00:52,  2.95it/s, loss=0.7622, acc=0.9659]\r[label_smooth] Stage2 Epoch 72/75:   7%|▋         | 11/164 [00:04\u003c00:51,  2.97it/s, loss=0.7622, acc=0.9659]\n"}
,{"stream_name":"stderr","time":5193.715799471,"data":"\r[label_smooth] Stage2 Epoch 72/75:   7%|▋         | 11/164 [00:04\u003c00:51,  2.97it/s, loss=0.7622, acc=0.9659]\r[label_smooth] Stage2 Epoch 72/75:   7%|▋         | 11/164 [00:04\u003c00:51,  2.97it/s, loss=0.7549, acc=0.9688]\n"}
,{"stream_name":"stderr","time":5193.71585579,"data":"\r[label_smooth] Stage2 Epoch 72/75:   7%|▋         | 11/164 [00:04\u003c00:51,  2.97it/s, loss=0.7549, acc=0.9688]\r[label_smooth] Stage2 Epoch 72/75:   7%|▋         | 12/164 [00:04\u003c00:50,  3.00it/s, loss=0.7549, acc=0.9688]\n"}
,{"stream_name":"stderr","time":5194.044276505,"data":"\r[label_smooth] Stage2 Epoch 72/75:   7%|▋         | 12/164 [00:04\u003c00:50,  3.00it/s, loss=0.7549, acc=0.9688]\r[label_smooth] Stage2 Epoch 72/75:   7%|▋         | 12/164 [00:04\u003c00:50,  3.00it/s, loss=0.7479, acc=0.9712]\n"}
,{"stream_name":"stderr","time":5194.045489589,"data":"\r[label_smooth] Stage2 Epoch 72/75:   7%|▋         | 12/164 [00:04\u003c00:50,  3.00it/s, loss=0.7479, acc=0.9712]\r[label_smooth] Stage2 Epoch 72/75:   8%|▊         | 13/164 [00:04\u003c00:50,  3.01it/s, loss=0.7479, acc=0.9712]\n"}
,{"stream_name":"stderr","time":5194.372859845,"data":"\r[label_smooth] Stage2 Epoch 72/75:   8%|▊         | 13/164 [00:04\u003c00:50,  3.01it/s, loss=0.7479, acc=0.9712]\r[label_smooth] Stage2 Epoch 72/75:   8%|▊         | 13/164 [00:05\u003c00:50,  3.01it/s, loss=0.7528, acc=0.9688]\n"}
,{"stream_name":"stderr","time":5194.373824241,"data":"\r[label_smooth] Stage2 Epoch 72/75:   8%|▊         | 13/164 [00:05\u003c00:50,  3.01it/s, loss=0.7528, acc=0.9688]\r[label_smooth] Stage2 Epoch 72/75:   9%|▊         | 14/164 [00:05\u003c00:49,  3.02it/s, loss=0.7528, acc=0.9688]\n"}
,{"stream_name":"stderr","time":5194.706973769,"data":"\r[label_smooth] Stage2 Epoch 72/75:   9%|▊         | 14/164 [00:05\u003c00:49,  3.02it/s, loss=0.7528, acc=0.9688]\r[label_smooth] Stage2 Epoch 72/75:   9%|▊         | 14/164 [00:05\u003c00:49,  3.02it/s, loss=0.7522, acc=0.9688]\n"}
,{"stream_name":"stderr","time":5194.707284031,"data":"\r[label_smooth] Stage2 Epoch 72/75:   9%|▊         | 14/164 [00:05\u003c00:49,  3.02it/s, loss=0.7522, acc=0.9688]\r[label_smooth] Stage2 Epoch 72/75:   9%|▉         | 15/164 [00:05\u003c00:49,  3.01it/s, loss=0.7522, acc=0.9688]\n"}
,{"stream_name":"stderr","time":5195.037153914,"data":"\r[label_smooth] Stage2 Epoch 72/75:   9%|▉         | 15/164 [00:05\u003c00:49,  3.01it/s, loss=0.7522, acc=0.9688]\r[label_smooth] Stage2 Epoch 72/75:   9%|▉         | 15/164 [00:05\u003c00:49,  3.01it/s, loss=0.7488, acc=0.9688]\n"}
,{"stream_name":"stderr","time":5195.038924261,"data":"\r[label_smooth] Stage2 Epoch 72/75:   9%|▉         | 15/164 [00:05\u003c00:49,  3.01it/s, loss=0.7488, acc=0.9688]\r[label_smooth] Stage2 Epoch 72/75:  10%|▉         | 16/164 [00:05\u003c00:49,  3.02it/s, loss=0.7488, acc=0.9688]\n"}
,{"stream_name":"stderr","time":5195.364970847,"data":"\r[label_smooth] Stage2 Epoch 72/75:  10%|▉         | 16/164 [00:05\u003c00:49,  3.02it/s, loss=0.7488, acc=0.9688]\r[label_smooth] Stage2 Epoch 72/75:  10%|▉         | 16/164 [00:06\u003c00:49,  3.02it/s, loss=0.7584, acc=0.9669]\n"}
,{"stream_name":"stderr","time":5195.366053593,"data":"\r[label_smooth] Stage2 Epoch 72/75:  10%|▉         | 16/164 [00:06\u003c00:49,  3.02it/s, loss=0.7584, acc=0.9669]\r[label_smooth] Stage2 Epoch 72/75:  10%|█         | 17/164 [00:06\u003c00:48,  3.03it/s, loss=0.7584, acc=0.9669]\n"}
,{"stream_name":"stderr","time":5195.692991246,"data":"\r[label_smooth] Stage2 Epoch 72/75:  10%|█         | 17/164 [00:06\u003c00:48,  3.03it/s, loss=0.7584, acc=0.9669]\r[label_smooth] Stage2 Epoch 72/75:  10%|█         | 17/164 [00:06\u003c00:48,  3.03it/s, loss=0.7620, acc=0.9653]\n"}
,{"stream_name":"stderr","time":5195.694119597,"data":"\r[label_smooth] Stage2 Epoch 72/75:  10%|█         | 17/164 [00:06\u003c00:48,  3.03it/s, loss=0.7620, acc=0.9653]\r[label_smooth] Stage2 Epoch 72/75:  11%|█         | 18/164 [00:06\u003c00:48,  3.03it/s, loss=0.7620, acc=0.9653]\n"}
,{"stream_name":"stderr","time":5196.025085328,"data":"\r[label_smooth] Stage2 Epoch 72/75:  11%|█         | 18/164 [00:06\u003c00:48,  3.03it/s, loss=0.7620, acc=0.9653]\r[label_smooth] Stage2 Epoch 72/75:  11%|█         | 18/164 [00:06\u003c00:48,  3.03it/s, loss=0.7586, acc=0.9671]\n"}
,{"stream_name":"stderr","time":5196.02633709,"data":"\r[label_smooth] Stage2 Epoch 72/75:  11%|█         | 18/164 [00:06\u003c00:48,  3.03it/s, loss=0.7586, acc=0.9671]\r[label_smooth] Stage2 Epoch 72/75:  12%|█▏        | 19/164 [00:06\u003c00:47,  3.03it/s, loss=0.7586, acc=0.9671]\n"}
,{"stream_name":"stderr","time":5196.353299057,"data":"\r[label_smooth] Stage2 Epoch 72/75:  12%|█▏        | 19/164 [00:06\u003c00:47,  3.03it/s, loss=0.7586, acc=0.9671]\r[label_smooth] Stage2 Epoch 72/75:  12%|█▏        | 19/164 [00:07\u003c00:47,  3.03it/s, loss=0.7544, acc=0.9688]\n"}
,{"stream_name":"stderr","time":5196.355233176,"data":"\r[label_smooth] Stage2 Epoch 72/75:  12%|█▏        | 19/164 [00:07\u003c00:47,  3.03it/s, loss=0.7544, acc=0.9688]\r[label_smooth] Stage2 Epoch 72/75:  12%|█▏        | 20/164 [00:07\u003c00:47,  3.03it/s, loss=0.7544, acc=0.9688]\n"}
,{"stream_name":"stderr","time":5196.685271042,"data":"\r[label_smooth] Stage2 Epoch 72/75:  12%|█▏        | 20/164 [00:07\u003c00:47,  3.03it/s, loss=0.7544, acc=0.9688]\r[label_smooth] Stage2 Epoch 72/75:  12%|█▏        | 20/164 [00:07\u003c00:47,  3.03it/s, loss=0.7585, acc=0.9658]\n"}
,{"stream_name":"stderr","time":5196.687176318,"data":"\r[label_smooth] Stage2 Epoch 72/75:  12%|█▏        | 20/164 [00:07\u003c00:47,  3.03it/s, loss=0.7585, acc=0.9658]\r[label_smooth] Stage2 Epoch 72/75:  13%|█▎        | 21/164 [00:07\u003c00:47,  3.03it/s, loss=0.7585, acc=0.9658]\n"}
,{"stream_name":"stderr","time":5197.02177835,"data":"\r[label_smooth] Stage2 Epoch 72/75:  13%|█▎        | 21/164 [00:07\u003c00:47,  3.03it/s, loss=0.7585, acc=0.9658]\r[label_smooth] Stage2 Epoch 72/75:  13%|█▎        | 21/164 [00:07\u003c00:47,  3.03it/s, loss=0.7568, acc=0.9673]\n"}
,{"stream_name":"stderr","time":5197.023020432,"data":"\r[label_smooth] Stage2 Epoch 72/75:  13%|█▎        | 21/164 [00:07\u003c00:47,  3.03it/s, loss=0.7568, acc=0.9673]\r[label_smooth] Stage2 Epoch 72/75:  13%|█▎        | 22/164 [00:07\u003c00:47,  3.01it/s, loss=0.7568, acc=0.9673]\n"}
,{"stream_name":"stderr","time":5197.353415861,"data":"\r[label_smooth] Stage2 Epoch 72/75:  13%|█▎        | 22/164 [00:07\u003c00:47,  3.01it/s, loss=0.7568, acc=0.9673]\r[label_smooth] Stage2 Epoch 72/75:  13%|█▎        | 22/164 [00:08\u003c00:47,  3.01it/s, loss=0.7596, acc=0.9660]\n"}
,{"stream_name":"stderr","time":5197.354756214,"data":"\r[label_smooth] Stage2 Epoch 72/75:  13%|█▎        | 22/164 [00:08\u003c00:47,  3.01it/s, loss=0.7596, acc=0.9660]\r[label_smooth] Stage2 Epoch 72/75:  14%|█▍        | 23/164 [00:08\u003c00:46,  3.01it/s, loss=0.7596, acc=0.9660]\n"}
,{"stream_name":"stderr","time":5197.685995891,"data":"\r[label_smooth] Stage2 Epoch 72/75:  14%|█▍        | 23/164 [00:08\u003c00:46,  3.01it/s, loss=0.7596, acc=0.9660]\r[label_smooth] Stage2 Epoch 72/75:  14%|█▍        | 23/164 [00:08\u003c00:46,  3.01it/s, loss=0.7587, acc=0.9674]\n"}
,{"stream_name":"stderr","time":5197.687669676,"data":"\r[label_smooth] Stage2 Epoch 72/75:  14%|█▍        | 23/164 [00:08\u003c00:46,  3.01it/s, loss=0.7587, acc=0.9674]\r[label_smooth] Stage2 Epoch 72/75:  15%|█▍        | 24/164 [00:08\u003c00:46,  3.01it/s, loss=0.7587, acc=0.9674]\n"}
,{"stream_name":"stderr","time":5198.018971062,"data":"\r[label_smooth] Stage2 Epoch 72/75:  15%|█▍        | 24/164 [00:08\u003c00:46,  3.01it/s, loss=0.7587, acc=0.9674]\r[label_smooth] Stage2 Epoch 72/75:  15%|█▍        | 24/164 [00:08\u003c00:46,  3.01it/s, loss=0.7596, acc=0.9675]\n"}
,{"stream_name":"stderr","time":5198.024155262,"data":"\r[label_smooth] Stage2 Epoch 72/75:  15%|█▍        | 24/164 [00:08\u003c00:46,  3.01it/s, loss=0.7596, acc=0.9675]\r[label_smooth] Stage2 Epoch 72/75:  15%|█▌        | 25/164 [00:08\u003c00:46,  3.01it/s, loss=0.7596, acc=0.9675]\n"}
,{"stream_name":"stderr","time":5198.34958833,"data":"\r[label_smooth] Stage2 Epoch 72/75:  15%|█▌        | 25/164 [00:08\u003c00:46,  3.01it/s, loss=0.7596, acc=0.9675]\r[label_smooth] Stage2 Epoch 72/75:  15%|█▌        | 25/164 [00:09\u003c00:46,  3.01it/s, loss=0.7574, acc=0.9688]\n"}
,{"stream_name":"stderr","time":5198.352500199,"data":"\r[label_smooth] Stage2 Epoch 72/75:  15%|█▌        | 25/164 [00:09\u003c00:46,  3.01it/s, loss=0.7574, acc=0.9688]\r[label_smooth] Stage2 Epoch 72/75:  16%|█▌        | 26/164 [00:09\u003c00:45,  3.01it/s, loss=0.7574, acc=0.9688]\n"}
,{"stream_name":"stderr","time":5198.68543664,"data":"\r[label_smooth] Stage2 Epoch 72/75:  16%|█▌        | 26/164 [00:09\u003c00:45,  3.01it/s, loss=0.7574, acc=0.9688]\r[label_smooth] Stage2 Epoch 72/75:  16%|█▌        | 26/164 [00:09\u003c00:45,  3.01it/s, loss=0.7569, acc=0.9688]\n"}
,{"stream_name":"stderr","time":5198.686430687,"data":"\r[label_smooth] Stage2 Epoch 72/75:  16%|█▌        | 26/164 [00:09\u003c00:45,  3.01it/s, loss=0.7569, acc=0.9688]\r[label_smooth] Stage2 Epoch 72/75:  16%|█▋        | 27/164 [00:09\u003c00:45,  3.00it/s, loss=0.7569, acc=0.9688]\n"}
,{"stream_name":"stderr","time":5199.017608531,"data":"\r[label_smooth] Stage2 Epoch 72/75:  16%|█▋        | 27/164 [00:09\u003c00:45,  3.00it/s, loss=0.7569, acc=0.9688]\r[label_smooth] Stage2 Epoch 72/75:  16%|█▋        | 27/164 [00:09\u003c00:45,  3.00it/s, loss=0.7572, acc=0.9688]\n"}
,{"stream_name":"stderr","time":5199.02112418,"data":"\r[label_smooth] Stage2 Epoch 72/75:  16%|█▋        | 27/164 [00:09\u003c00:45,  3.00it/s, loss=0.7572, acc=0.9688]\r[label_smooth] Stage2 Epoch 72/75:  17%|█▋        | 28/164 [00:09\u003c00:45,  3.00it/s, loss=0.7572, acc=0.9688]\n"}
,{"stream_name":"stderr","time":5199.349123898,"data":"\r[label_smooth] Stage2 Epoch 72/75:  17%|█▋        | 28/164 [00:09\u003c00:45,  3.00it/s, loss=0.7572, acc=0.9688]\r[label_smooth] Stage2 Epoch 72/75:  17%|█▋        | 28/164 [00:10\u003c00:45,  3.00it/s, loss=0.7562, acc=0.9688]\n"}
,{"stream_name":"stderr","time":5199.350779366,"data":"\r[label_smooth] Stage2 Epoch 72/75:  17%|█▋        | 28/164 [00:10\u003c00:45,  3.00it/s, loss=0.7562, acc=0.9688]\r[label_smooth] Stage2 Epoch 72/75:  18%|█▊        | 29/164 [00:10\u003c00:44,  3.01it/s, loss=0.7562, acc=0.9688]\n"}
,{"stream_name":"stderr","time":5199.681056306,"data":"\r[label_smooth] Stage2 Epoch 72/75:  18%|█▊        | 29/164 [00:10\u003c00:44,  3.01it/s, loss=0.7562, acc=0.9688]\r[label_smooth] Stage2 Epoch 72/75:  18%|█▊        | 29/164 [00:10\u003c00:44,  3.01it/s, loss=0.7543, acc=0.9698]\n"}
,{"stream_name":"stderr","time":5199.684357199,"data":"\r[label_smooth] Stage2 Epoch 72/75:  18%|█▊        | 29/164 [00:10\u003c00:44,  3.01it/s, loss=0.7543, acc=0.9698]\r[label_smooth] Stage2 Epoch 72/75:  18%|█▊        | 30/164 [00:10\u003c00:44,  3.01it/s, loss=0.7543, acc=0.9698]\n"}
,{"stream_name":"stderr","time":5200.025501773,"data":"\r[label_smooth] Stage2 Epoch 72/75:  18%|█▊        | 30/164 [00:10\u003c00:44,  3.01it/s, loss=0.7543, acc=0.9698]\r[label_smooth] Stage2 Epoch 72/75:  18%|█▊        | 30/164 [00:10\u003c00:44,  3.01it/s, loss=0.7528, acc=0.9698]\n"}
,{"stream_name":"stderr","time":5200.03041904,"data":"\r[label_smooth] Stage2 Epoch 72/75:  18%|█▊        | 30/164 [00:10\u003c00:44,  3.01it/s, loss=0.7528, acc=0.9698]\r[label_smooth] Stage2 Epoch 72/75:  19%|█▉        | 31/164 [00:10\u003c00:44,  2.98it/s, loss=0.7528, acc=0.9698]\n"}
,{"stream_name":"stderr","time":5200.353964754,"data":"\r[label_smooth] Stage2 Epoch 72/75:  19%|█▉        | 31/164 [00:10\u003c00:44,  2.98it/s, loss=0.7528, acc=0.9698]\r[label_smooth] Stage2 Epoch 72/75:  19%|█▉        | 31/164 [00:11\u003c00:44,  2.98it/s, loss=0.7581, acc=0.9678]\n"}
,{"stream_name":"stderr","time":5200.355038434,"data":"\r[label_smooth] Stage2 Epoch 72/75:  19%|█▉        | 31/164 [00:11\u003c00:44,  2.98it/s, loss=0.7581, acc=0.9678]\r[label_smooth] Stage2 Epoch 72/75:  20%|█▉        | 32/164 [00:11\u003c00:44,  3.00it/s, loss=0.7581, acc=0.9678]\n"}
,{"stream_name":"stderr","time":5200.687278543,"data":"\r[label_smooth] Stage2 Epoch 72/75:  20%|█▉        | 32/164 [00:11\u003c00:44,  3.00it/s, loss=0.7581, acc=0.9678]\r[label_smooth] Stage2 Epoch 72/75:  20%|█▉        | 32/164 [00:11\u003c00:44,  3.00it/s, loss=0.7578, acc=0.9688]\n"}
,{"stream_name":"stderr","time":5200.688326587,"data":"\r[label_smooth] Stage2 Epoch 72/75:  20%|█▉        | 32/164 [00:11\u003c00:44,  3.00it/s, loss=0.7578, acc=0.9688]\r[label_smooth] Stage2 Epoch 72/75:  20%|██        | 33/164 [00:11\u003c00:43,  3.00it/s, loss=0.7578, acc=0.9688]\n"}
,{"stream_name":"stderr","time":5201.014510073,"data":"\r[label_smooth] Stage2 Epoch 72/75:  20%|██        | 33/164 [00:11\u003c00:43,  3.00it/s, loss=0.7578, acc=0.9688]\r[label_smooth] Stage2 Epoch 72/75:  20%|██        | 33/164 [00:11\u003c00:43,  3.00it/s, loss=0.7569, acc=0.9688]\n"}
,{"stream_name":"stderr","time":5201.015547682,"data":"\r[label_smooth] Stage2 Epoch 72/75:  20%|██        | 33/164 [00:11\u003c00:43,  3.00it/s, loss=0.7569, acc=0.9688]\r[label_smooth] Stage2 Epoch 72/75:  21%|██        | 34/164 [00:11\u003c00:43,  3.02it/s, loss=0.7569, acc=0.9688]\n"}
,{"stream_name":"stderr","time":5201.346114381,"data":"\r[label_smooth] Stage2 Epoch 72/75:  21%|██        | 34/164 [00:11\u003c00:43,  3.02it/s, loss=0.7569, acc=0.9688]\r[label_smooth] Stage2 Epoch 72/75:  21%|██        | 34/164 [00:12\u003c00:43,  3.02it/s, loss=0.7549, acc=0.9696]\n"}
,{"stream_name":"stderr","time":5201.354023993,"data":"\r[label_smooth] Stage2 Epoch 72/75:  21%|██        | 34/164 [00:12\u003c00:43,  3.02it/s, loss=0.7549, acc=0.9696]\r[label_smooth] Stage2 Epoch 72/75:  21%|██▏       | 35/164 [00:12\u003c00:42,  3.01it/s, loss=0.7549, acc=0.9696]\n"}
,{"stream_name":"stderr","time":5201.676915259,"data":"\r[label_smooth] Stage2 Epoch 72/75:  21%|██▏       | 35/164 [00:12\u003c00:42,  3.01it/s, loss=0.7549, acc=0.9696]\r[label_smooth] Stage2 Epoch 72/75:  21%|██▏       | 35/164 [00:12\u003c00:42,  3.01it/s, loss=0.7555, acc=0.9688]\n"}
,{"stream_name":"stderr","time":5201.682239697,"data":"\r[label_smooth] Stage2 Epoch 72/75:  21%|██▏       | 35/164 [00:12\u003c00:42,  3.01it/s, loss=0.7555, acc=0.9688]\r[label_smooth] Stage2 Epoch 72/75:  22%|██▏       | 36/164 [00:12\u003c00:42,  3.03it/s, loss=0.7555, acc=0.9688]\n"}
,{"stream_name":"stderr","time":5202.003087093,"data":"\r[label_smooth] Stage2 Epoch 72/75:  22%|██▏       | 36/164 [00:12\u003c00:42,  3.03it/s, loss=0.7555, acc=0.9688]\r[label_smooth] Stage2 Epoch 72/75:  22%|██▏       | 36/164 [00:12\u003c00:42,  3.03it/s, loss=0.7567, acc=0.9688]\n"}
,{"stream_name":"stderr","time":5202.004176968,"data":"\r[label_smooth] Stage2 Epoch 72/75:  22%|██▏       | 36/164 [00:12\u003c00:42,  3.03it/s, loss=0.7567, acc=0.9688]\r[label_smooth] Stage2 Epoch 72/75:  23%|██▎       | 37/164 [00:12\u003c00:41,  3.03it/s, loss=0.7567, acc=0.9688]\n"}
,{"stream_name":"stderr","time":5202.337332701,"data":"\r[label_smooth] Stage2 Epoch 72/75:  23%|██▎       | 37/164 [00:12\u003c00:41,  3.03it/s, loss=0.7567, acc=0.9688]\r[label_smooth] Stage2 Epoch 72/75:  23%|██▎       | 37/164 [00:13\u003c00:41,  3.03it/s, loss=0.7595, acc=0.9671]\n"}
,{"stream_name":"stderr","time":5202.338358644,"data":"\r[label_smooth] Stage2 Epoch 72/75:  23%|██▎       | 37/164 [00:13\u003c00:41,  3.03it/s, loss=0.7595, acc=0.9671]\r[label_smooth] Stage2 Epoch 72/75:  23%|██▎       | 38/164 [00:13\u003c00:41,  3.02it/s, loss=0.7595, acc=0.9671]\n"}
,{"stream_name":"stderr","time":5202.666979008,"data":"\r[label_smooth] Stage2 Epoch 72/75:  23%|██▎       | 38/164 [00:13\u003c00:41,  3.02it/s, loss=0.7595, acc=0.9671]\r[label_smooth] Stage2 Epoch 72/75:  23%|██▎       | 38/164 [00:13\u003c00:41,  3.02it/s, loss=0.7591, acc=0.9679]\n"}
,{"stream_name":"stderr","time":5202.674356755,"data":"\r[label_smooth] Stage2 Epoch 72/75:  23%|██▎       | 38/164 [00:13\u003c00:41,  3.02it/s, loss=0.7591, acc=0.9679]\r[label_smooth] Stage2 Epoch 72/75:  24%|██▍       | 39/164 [00:13\u003c00:41,  3.02it/s, loss=0.7591, acc=0.9679]\n"}
,{"stream_name":"stderr","time":5205.341604055,"data":"\r[label_smooth] Stage2 Epoch 72/75:  24%|██▍       | 39/164 [00:13\u003c00:41,  3.02it/s, loss=0.7591, acc=0.9679]\r[label_smooth] Stage2 Epoch 72/75:  24%|██▍       | 39/164 [00:13\u003c00:41,  3.02it/s, loss=0.7573, acc=0.9688]\n"}
,{"stream_name":"stderr","time":5205.343353731,"data":"\r[label_smooth] Stage2 Epoch 72/75:  24%|██▍       | 39/164 [00:13\u003c00:41,  3.02it/s, loss=0.7573, acc=0.9688]\r[label_smooth] Stage2 Epoch 72/75:  24%|██▍       | 40/164 [00:13\u003c00:40,  3.02it/s, loss=0.7573, acc=0.9688]\n"}
,{"stream_name":"stderr","time":5205.344572753,"data":"\r[label_smooth] Stage2 Epoch 72/75:  24%|██▍       | 40/164 [00:13\u003c00:40,  3.02it/s, loss=0.7573, acc=0.9688]\r[label_smooth] Stage2 Epoch 72/75:  24%|██▍       | 40/164 [00:14\u003c00:40,  3.02it/s, loss=0.7568, acc=0.9688]\n"}
,{"stream_name":"stderr","time":5205.345741328,"data":"\r[label_smooth] Stage2 Epoch 72/75:  24%|██▍       | 40/164 [00:14\u003c00:40,  3.02it/s, loss=0.7568, acc=0.9688]\r[label_smooth] Stage2 Epoch 72/75:  25%|██▌       | 41/164 [00:14\u003c00:40,  3.03it/s, loss=0.7568, acc=0.9688]\n"}
,{"stream_name":"stderr","time":5205.346869077,"data":"\r[label_smooth] Stage2 Epoch 72/75:  25%|██▌       | 41/164 [00:14\u003c00:40,  3.03it/s, loss=0.7568, acc=0.9688]\r[label_smooth] Stage2 Epoch 72/75:  25%|██▌       | 41/164 [00:14\u003c00:40,  3.03it/s, loss=0.7549, acc=0.9695]\n"}
,{"stream_name":"stderr","time":5205.347973546,"data":"\r[label_smooth] Stage2 Epoch 72/75:  25%|██▌       | 41/164 [00:14\u003c00:40,  3.03it/s, loss=0.7549, acc=0.9695]\r[label_smooth] Stage2 Epoch 72/75:  26%|██▌       | 42/164 [00:14\u003c00:40,  3.03it/s, loss=0.7549, acc=0.9695]\n"}
,{"stream_name":"stderr","time":5205.349356153,"data":"\r[label_smooth] Stage2 Epoch 72/75:  26%|██▌       | 42/164 [00:14\u003c00:40,  3.03it/s, loss=0.7549, acc=0.9695]\r[label_smooth] Stage2 Epoch 72/75:  26%|██▌       | 42/164 [00:14\u003c00:40,  3.03it/s, loss=0.7587, acc=0.9688]\n"}
,{"stream_name":"stderr","time":5205.350915629,"data":"\r[label_smooth] Stage2 Epoch 72/75:  26%|██▌       | 42/164 [00:14\u003c00:40,  3.03it/s, loss=0.7587, acc=0.9688]\r[label_smooth] Stage2 Epoch 72/75:  26%|██▌       | 43/164 [00:14\u003c00:40,  3.02it/s, loss=0.7587, acc=0.9688]\n"}
,{"stream_name":"stderr","time":5205.351877216,"data":"\r[label_smooth] Stage2 Epoch 72/75:  26%|██▌       | 43/164 [00:14\u003c00:40,  3.02it/s, loss=0.7587, acc=0.9688]\r[label_smooth] Stage2 Epoch 72/75:  26%|██▌       | 43/164 [00:15\u003c00:40,  3.02it/s, loss=0.7577, acc=0.9688]\n"}
,{"stream_name":"stderr","time":5205.353246893,"data":"\r[label_smooth] Stage2 Epoch 72/75:  26%|██▌       | 43/164 [00:15\u003c00:40,  3.02it/s, loss=0.7577, acc=0.9688]\r[label_smooth] Stage2 Epoch 72/75:  27%|██▋       | 44/164 [00:15\u003c00:39,  3.03it/s, loss=0.7577, acc=0.9688]\n"}
,{"stream_name":"stderr","time":5205.354596534,"data":"\r[label_smooth] Stage2 Epoch 72/75:  27%|██▋       | 44/164 [00:15\u003c00:39,  3.03it/s, loss=0.7577, acc=0.9688]\r[label_smooth] Stage2 Epoch 72/75:  27%|██▋       | 44/164 [00:15\u003c00:39,  3.03it/s, loss=0.7571, acc=0.9694]\n"}
,{"stream_name":"stderr","time":5205.355927207,"data":"\r[label_smooth] Stage2 Epoch 72/75:  27%|██▋       | 44/164 [00:15\u003c00:39,  3.03it/s, loss=0.7571, acc=0.9694]\r[label_smooth] Stage2 Epoch 72/75:  27%|██▋       | 45/164 [00:15\u003c00:39,  3.03it/s, loss=0.7571, acc=0.9694]\n"}
,{"stream_name":"stderr","time":5205.357320403,"data":"\r[label_smooth] Stage2 Epoch 72/75:  27%|██▋       | 45/164 [00:15\u003c00:39,  3.03it/s, loss=0.7571, acc=0.9694]\r[label_smooth] Stage2 Epoch 72/75:  27%|██▋       | 45/164 [00:15\u003c00:39,  3.03it/s, loss=0.7556, acc=0.9701]\n"}
,{"stream_name":"stderr","time":5205.358592565,"data":"\r[label_smooth] Stage2 Epoch 72/75:  27%|██▋       | 45/164 [00:15\u003c00:39,  3.03it/s, loss=0.7556, acc=0.9701]\r[label_smooth] Stage2 Epoch 72/75:  28%|██▊       | 46/164 [00:15\u003c00:39,  3.02it/s, loss=0.7556, acc=0.9701]\n"}
,{"stream_name":"stderr","time":5205.359924857,"data":"\r[label_smooth] Stage2 Epoch 72/75:  28%|██▊       | 46/164 [00:15\u003c00:39,  3.02it/s, loss=0.7556, acc=0.9701]\r[label_smooth] Stage2 Epoch 72/75:  28%|██▊       | 46/164 [00:16\u003c00:39,  3.02it/s, loss=0.7568, acc=0.9694]\n"}
,{"stream_name":"stderr","time":5205.361310521,"data":"\r[label_smooth] Stage2 Epoch 72/75:  28%|██▊       | 46/164 [00:16\u003c00:39,  3.02it/s, loss=0.7568, acc=0.9694]\r[label_smooth] Stage2 Epoch 72/75:  29%|██▊       | 47/164 [00:16\u003c00:38,  3.02it/s, loss=0.7568, acc=0.9694]\n"}
,{"stream_name":"stderr","time":5205.645795171,"data":"\r[label_smooth] Stage2 Epoch 72/75:  29%|██▊       | 47/164 [00:16\u003c00:38,  3.02it/s, loss=0.7568, acc=0.9694]\r[label_smooth] Stage2 Epoch 72/75:  29%|██▊       | 47/164 [00:16\u003c00:38,  3.02it/s, loss=0.7572, acc=0.9681]\n"}
,{"stream_name":"stderr","time":5205.646891132,"data":"\r[label_smooth] Stage2 Epoch 72/75:  29%|██▊       | 47/164 [00:16\u003c00:38,  3.02it/s, loss=0.7572, acc=0.9681]\r[label_smooth] Stage2 Epoch 72/75:  29%|██▉       | 48/164 [00:16\u003c00:38,  3.02it/s, loss=0.7572, acc=0.9681]\n"}
,{"stream_name":"stderr","time":5205.976311447,"data":"\r[label_smooth] Stage2 Epoch 72/75:  29%|██▉       | 48/164 [00:16\u003c00:38,  3.02it/s, loss=0.7572, acc=0.9681]\r[label_smooth] Stage2 Epoch 72/75:  29%|██▉       | 48/164 [00:16\u003c00:38,  3.02it/s, loss=0.7560, acc=0.9688]\n"}
,{"stream_name":"stderr","time":5205.977441939,"data":"\r[label_smooth] Stage2 Epoch 72/75:  29%|██▉       | 48/164 [00:16\u003c00:38,  3.02it/s, loss=0.7560, acc=0.9688]\r[label_smooth] Stage2 Epoch 72/75:  30%|██▉       | 49/164 [00:16\u003c00:38,  3.02it/s, loss=0.7560, acc=0.9688]\n"}
,{"stream_name":"stderr","time":5206.305512468,"data":"\r[label_smooth] Stage2 Epoch 72/75:  30%|██▉       | 49/164 [00:16\u003c00:38,  3.02it/s, loss=0.7560, acc=0.9688]\r[label_smooth] Stage2 Epoch 72/75:  30%|██▉       | 49/164 [00:17\u003c00:38,  3.02it/s, loss=0.7553, acc=0.9688]\n"}
,{"stream_name":"stderr","time":5206.306635307,"data":"\r[label_smooth] Stage2 Epoch 72/75:  30%|██▉       | 49/164 [00:17\u003c00:38,  3.02it/s, loss=0.7553, acc=0.9688]\r[label_smooth] Stage2 Epoch 72/75:  30%|███       | 50/164 [00:17\u003c00:37,  3.03it/s, loss=0.7553, acc=0.9688]\n"}
,{"stream_name":"stderr","time":5206.636611914,"data":"\r[label_smooth] Stage2 Epoch 72/75:  30%|███       | 50/164 [00:17\u003c00:37,  3.03it/s, loss=0.7553, acc=0.9688]\r[label_smooth] Stage2 Epoch 72/75:  30%|███       | 50/164 [00:17\u003c00:37,  3.03it/s, loss=0.7590, acc=0.9669]\n"}
,{"stream_name":"stderr","time":5206.636774224,"data":"\r[label_smooth] Stage2 Epoch 72/75:  30%|███       | 50/164 [00:17\u003c00:37,  3.03it/s, loss=0.7590, acc=0.9669]\r[label_smooth] Stage2 Epoch 72/75:  31%|███       | 51/164 [00:17\u003c00:37,  3.02it/s, loss=0.7590, acc=0.9669]\n"}
,{"stream_name":"stderr","time":5206.965992271,"data":"\r[label_smooth] Stage2 Epoch 72/75:  31%|███       | 51/164 [00:17\u003c00:37,  3.02it/s, loss=0.7590, acc=0.9669]\r[label_smooth] Stage2 Epoch 72/75:  31%|███       | 51/164 [00:17\u003c00:37,  3.02it/s, loss=0.7570, acc=0.9675]\n"}
,{"stream_name":"stderr","time":5206.967273812,"data":"\r[label_smooth] Stage2 Epoch 72/75:  31%|███       | 51/164 [00:17\u003c00:37,  3.02it/s, loss=0.7570, acc=0.9675]\r[label_smooth] Stage2 Epoch 72/75:  32%|███▏      | 52/164 [00:17\u003c00:36,  3.03it/s, loss=0.7570, acc=0.9675]\n"}
,{"stream_name":"stderr","time":5207.297729309,"data":"\r[label_smooth] Stage2 Epoch 72/75:  32%|███▏      | 52/164 [00:17\u003c00:36,  3.03it/s, loss=0.7570, acc=0.9675]\r[label_smooth] Stage2 Epoch 72/75:  32%|███▏      | 52/164 [00:18\u003c00:36,  3.03it/s, loss=0.7563, acc=0.9676]\n"}
,{"stream_name":"stderr","time":5207.30239563,"data":"\r[label_smooth] Stage2 Epoch 72/75:  32%|███▏      | 52/164 [00:18\u003c00:36,  3.03it/s, loss=0.7563, acc=0.9676]\r[label_smooth] Stage2 Epoch 72/75:  32%|███▏      | 53/164 [00:18\u003c00:36,  3.02it/s, loss=0.7563, acc=0.9676]\n"}
,{"stream_name":"stderr","time":5207.625886555,"data":"\r[label_smooth] Stage2 Epoch 72/75:  32%|███▏      | 53/164 [00:18\u003c00:36,  3.02it/s, loss=0.7563, acc=0.9676]\r[label_smooth] Stage2 Epoch 72/75:  32%|███▏      | 53/164 [00:18\u003c00:36,  3.02it/s, loss=0.7581, acc=0.9664]\n"}
,{"stream_name":"stderr","time":5207.627470969,"data":"\r[label_smooth] Stage2 Epoch 72/75:  32%|███▏      | 53/164 [00:18\u003c00:36,  3.02it/s, loss=0.7581, acc=0.9664]\r[label_smooth] Stage2 Epoch 72/75:  33%|███▎      | 54/164 [00:18\u003c00:36,  3.03it/s, loss=0.7581, acc=0.9664]\n"}
,{"stream_name":"stderr","time":5207.958987322,"data":"\r[label_smooth] Stage2 Epoch 72/75:  33%|███▎      | 54/164 [00:18\u003c00:36,  3.03it/s, loss=0.7581, acc=0.9664]\r[label_smooth] Stage2 Epoch 72/75:  33%|███▎      | 54/164 [00:18\u003c00:36,  3.03it/s, loss=0.7574, acc=0.9670]\n"}
,{"stream_name":"stderr","time":5207.960117867,"data":"\r[label_smooth] Stage2 Epoch 72/75:  33%|███▎      | 54/164 [00:18\u003c00:36,  3.03it/s, loss=0.7574, acc=0.9670]\r[label_smooth] Stage2 Epoch 72/75:  34%|███▎      | 55/164 [00:18\u003c00:36,  3.02it/s, loss=0.7574, acc=0.9670]\n"}
,{"stream_name":"stderr","time":5208.290379611,"data":"\r[label_smooth] Stage2 Epoch 72/75:  34%|███▎      | 55/164 [00:18\u003c00:36,  3.02it/s, loss=0.7574, acc=0.9670]\r[label_smooth] Stage2 Epoch 72/75:  34%|███▎      | 55/164 [00:19\u003c00:36,  3.02it/s, loss=0.7589, acc=0.9654]\n"}
,{"stream_name":"stderr","time":5208.291825168,"data":"\r[label_smooth] Stage2 Epoch 72/75:  34%|███▎      | 55/164 [00:19\u003c00:36,  3.02it/s, loss=0.7589, acc=0.9654]\r[label_smooth] Stage2 Epoch 72/75:  34%|███▍      | 56/164 [00:19\u003c00:35,  3.02it/s, loss=0.7589, acc=0.9654]\n"}
,{"stream_name":"stderr","time":5208.624957091,"data":"\r[label_smooth] Stage2 Epoch 72/75:  34%|███▍      | 56/164 [00:19\u003c00:35,  3.02it/s, loss=0.7589, acc=0.9654]\r[label_smooth] Stage2 Epoch 72/75:  34%|███▍      | 56/164 [00:19\u003c00:35,  3.02it/s, loss=0.7616, acc=0.9638]\n"}
,{"stream_name":"stderr","time":5208.626917037,"data":"\r[label_smooth] Stage2 Epoch 72/75:  34%|███▍      | 56/164 [00:19\u003c00:35,  3.02it/s, loss=0.7616, acc=0.9638]\r[label_smooth] Stage2 Epoch 72/75:  35%|███▍      | 57/164 [00:19\u003c00:35,  3.02it/s, loss=0.7616, acc=0.9638]\n"}
,{"stream_name":"stderr","time":5208.963231469,"data":"\r[label_smooth] Stage2 Epoch 72/75:  35%|███▍      | 57/164 [00:19\u003c00:35,  3.02it/s, loss=0.7616, acc=0.9638]\r[label_smooth] Stage2 Epoch 72/75:  35%|███▍      | 57/164 [00:19\u003c00:35,  3.02it/s, loss=0.7623, acc=0.9628]\n"}
,{"stream_name":"stderr","time":5208.965737873,"data":"\r[label_smooth] Stage2 Epoch 72/75:  35%|███▍      | 57/164 [00:19\u003c00:35,  3.02it/s, loss=0.7623, acc=0.9628]\r[label_smooth] Stage2 Epoch 72/75:  35%|███▌      | 58/164 [00:19\u003c00:35,  2.99it/s, loss=0.7623, acc=0.9628]\n"}
,{"stream_name":"stderr","time":5209.295761501,"data":"\r[label_smooth] Stage2 Epoch 72/75:  35%|███▌      | 58/164 [00:19\u003c00:35,  2.99it/s, loss=0.7623, acc=0.9628]\r[label_smooth] Stage2 Epoch 72/75:  35%|███▌      | 58/164 [00:20\u003c00:35,  2.99it/s, loss=0.7614, acc=0.9635]\n"}
,{"stream_name":"stderr","time":5209.296745618,"data":"\r[label_smooth] Stage2 Epoch 72/75:  35%|███▌      | 58/164 [00:20\u003c00:35,  2.99it/s, loss=0.7614, acc=0.9635]\r[label_smooth] Stage2 Epoch 72/75:  36%|███▌      | 59/164 [00:20\u003c00:35,  3.00it/s, loss=0.7614, acc=0.9635]\n"}
,{"stream_name":"stderr","time":5209.624892046,"data":"\r[label_smooth] Stage2 Epoch 72/75:  36%|███▌      | 59/164 [00:20\u003c00:35,  3.00it/s, loss=0.7614, acc=0.9635]\r[label_smooth] Stage2 Epoch 72/75:  36%|███▌      | 59/164 [00:20\u003c00:35,  3.00it/s, loss=0.7623, acc=0.9635]\n"}
,{"stream_name":"stderr","time":5209.62667862,"data":"\r[label_smooth] Stage2 Epoch 72/75:  36%|███▌      | 59/164 [00:20\u003c00:35,  3.00it/s, loss=0.7623, acc=0.9635]\r[label_smooth] Stage2 Epoch 72/75:  37%|███▋      | 60/164 [00:20\u003c00:34,  3.01it/s, loss=0.7623, acc=0.9635]\n"}
,{"stream_name":"stderr","time":5209.959163596,"data":"\r[label_smooth] Stage2 Epoch 72/75:  37%|███▋      | 60/164 [00:20\u003c00:34,  3.01it/s, loss=0.7623, acc=0.9635]\r[label_smooth] Stage2 Epoch 72/75:  37%|███▋      | 60/164 [00:20\u003c00:34,  3.01it/s, loss=0.7625, acc=0.9636]\n"}
,{"stream_name":"stderr","time":5209.960308341,"data":"\r[label_smooth] Stage2 Epoch 72/75:  37%|███▋      | 60/164 [00:20\u003c00:34,  3.01it/s, loss=0.7625, acc=0.9636]\r[label_smooth] Stage2 Epoch 72/75:  37%|███▋      | 61/164 [00:20\u003c00:34,  3.01it/s, loss=0.7625, acc=0.9636]\n"}
,{"stream_name":"stderr","time":5210.289896083,"data":"\r[label_smooth] Stage2 Epoch 72/75:  37%|███▋      | 61/164 [00:20\u003c00:34,  3.01it/s, loss=0.7625, acc=0.9636]\r[label_smooth] Stage2 Epoch 72/75:  37%|███▋      | 61/164 [00:21\u003c00:34,  3.01it/s, loss=0.7621, acc=0.9637]\n"}
,{"stream_name":"stderr","time":5210.290995005,"data":"\r[label_smooth] Stage2 Epoch 72/75:  37%|███▋      | 61/164 [00:21\u003c00:34,  3.01it/s, loss=0.7621, acc=0.9637]\r[label_smooth] Stage2 Epoch 72/75:  38%|███▊      | 62/164 [00:21\u003c00:33,  3.01it/s, loss=0.7621, acc=0.9637]\n"}
,{"stream_name":"stderr","time":5210.621078814,"data":"\r[label_smooth] Stage2 Epoch 72/75:  38%|███▊      | 62/164 [00:21\u003c00:33,  3.01it/s, loss=0.7621, acc=0.9637]\r[label_smooth] Stage2 Epoch 72/75:  38%|███▊      | 62/164 [00:21\u003c00:33,  3.01it/s, loss=0.7619, acc=0.9643]\n"}
,{"stream_name":"stderr","time":5210.622671004,"data":"\r[label_smooth] Stage2 Epoch 72/75:  38%|███▊      | 62/164 [00:21\u003c00:33,  3.01it/s, loss=0.7619, acc=0.9643]\r[label_smooth] Stage2 Epoch 72/75:  38%|███▊      | 63/164 [00:21\u003c00:33,  3.01it/s, loss=0.7619, acc=0.9643]\n"}
,{"stream_name":"stderr","time":5210.94978833,"data":"\r[label_smooth] Stage2 Epoch 72/75:  38%|███▊      | 63/164 [00:21\u003c00:33,  3.01it/s, loss=0.7619, acc=0.9643]\r[label_smooth] Stage2 Epoch 72/75:  38%|███▊      | 63/164 [00:21\u003c00:33,  3.01it/s, loss=0.7628, acc=0.9634]\n"}
,{"stream_name":"stderr","time":5210.951725259,"data":"\r[label_smooth] Stage2 Epoch 72/75:  38%|███▊      | 63/164 [00:21\u003c00:33,  3.01it/s, loss=0.7628, acc=0.9634]\r[label_smooth] Stage2 Epoch 72/75:  39%|███▉      | 64/164 [00:21\u003c00:33,  3.02it/s, loss=0.7628, acc=0.9634]\n"}
,{"stream_name":"stderr","time":5211.278873309,"data":"\r[label_smooth] Stage2 Epoch 72/75:  39%|███▉      | 64/164 [00:21\u003c00:33,  3.02it/s, loss=0.7628, acc=0.9634]\r[label_smooth] Stage2 Epoch 72/75:  39%|███▉      | 64/164 [00:22\u003c00:33,  3.02it/s, loss=0.7615, acc=0.9639]\n"}
,{"stream_name":"stderr","time":5211.280085166,"data":"\r[label_smooth] Stage2 Epoch 72/75:  39%|███▉      | 64/164 [00:22\u003c00:33,  3.02it/s, loss=0.7615, acc=0.9639]\r[label_smooth] Stage2 Epoch 72/75:  40%|███▉      | 65/164 [00:22\u003c00:32,  3.03it/s, loss=0.7615, acc=0.9639]\n"}
,{"stream_name":"stderr","time":5211.608149412,"data":"\r[label_smooth] Stage2 Epoch 72/75:  40%|███▉      | 65/164 [00:22\u003c00:32,  3.03it/s, loss=0.7615, acc=0.9639]\r[label_smooth] Stage2 Epoch 72/75:  40%|███▉      | 65/164 [00:22\u003c00:32,  3.03it/s, loss=0.7609, acc=0.9645]\n"}
,{"stream_name":"stderr","time":5211.610334685,"data":"\r[label_smooth] Stage2 Epoch 72/75:  40%|███▉      | 65/164 [00:22\u003c00:32,  3.03it/s, loss=0.7609, acc=0.9645]\r[label_smooth] Stage2 Epoch 72/75:  40%|████      | 66/164 [00:22\u003c00:32,  3.03it/s, loss=0.7609, acc=0.9645]\n"}
,{"stream_name":"stderr","time":5211.936113837,"data":"\r[label_smooth] Stage2 Epoch 72/75:  40%|████      | 66/164 [00:22\u003c00:32,  3.03it/s, loss=0.7609, acc=0.9645]\r[label_smooth] Stage2 Epoch 72/75:  40%|████      | 66/164 [00:22\u003c00:32,  3.03it/s, loss=0.7611, acc=0.9646]\n"}
,{"stream_name":"stderr","time":5211.936982864,"data":"\r[label_smooth] Stage2 Epoch 72/75:  40%|████      | 66/164 [00:22\u003c00:32,  3.03it/s, loss=0.7611, acc=0.9646]\r[label_smooth] Stage2 Epoch 72/75:  41%|████      | 67/164 [00:22\u003c00:31,  3.04it/s, loss=0.7611, acc=0.9646]\n"}
,{"stream_name":"stderr","time":5212.272717603,"data":"\r[label_smooth] Stage2 Epoch 72/75:  41%|████      | 67/164 [00:22\u003c00:31,  3.04it/s, loss=0.7611, acc=0.9646]\r[label_smooth] Stage2 Epoch 72/75:  41%|████      | 67/164 [00:23\u003c00:31,  3.04it/s, loss=0.7599, acc=0.9646]\n"}
,{"stream_name":"stderr","time":5212.274612276,"data":"\r[label_smooth] Stage2 Epoch 72/75:  41%|████      | 67/164 [00:23\u003c00:31,  3.04it/s, loss=0.7599, acc=0.9646]\r[label_smooth] Stage2 Epoch 72/75:  41%|████▏     | 68/164 [00:23\u003c00:31,  3.02it/s, loss=0.7599, acc=0.9646]\n"}
,{"stream_name":"stderr","time":5212.606115814,"data":"\r[label_smooth] Stage2 Epoch 72/75:  41%|████▏     | 68/164 [00:23\u003c00:31,  3.02it/s, loss=0.7599, acc=0.9646]\r[label_smooth] Stage2 Epoch 72/75:  41%|████▏     | 68/164 [00:23\u003c00:31,  3.02it/s, loss=0.7586, acc=0.9651]\n"}
,{"stream_name":"stderr","time":5212.607264173,"data":"\r[label_smooth] Stage2 Epoch 72/75:  41%|████▏     | 68/164 [00:23\u003c00:31,  3.02it/s, loss=0.7586, acc=0.9651]\r[label_smooth] Stage2 Epoch 72/75:  42%|████▏     | 69/164 [00:23\u003c00:31,  3.01it/s, loss=0.7586, acc=0.9651]\n"}
,{"stream_name":"stderr","time":5212.93585056,"data":"\r[label_smooth] Stage2 Epoch 72/75:  42%|████▏     | 69/164 [00:23\u003c00:31,  3.01it/s, loss=0.7586, acc=0.9651]\r[label_smooth] Stage2 Epoch 72/75:  42%|████▏     | 69/164 [00:23\u003c00:31,  3.01it/s, loss=0.7573, acc=0.9656]\n"}
,{"stream_name":"stderr","time":5212.937442892,"data":"\r[label_smooth] Stage2 Epoch 72/75:  42%|████▏     | 69/164 [00:23\u003c00:31,  3.01it/s, loss=0.7573, acc=0.9656]\r[label_smooth] Stage2 Epoch 72/75:  43%|████▎     | 70/164 [00:23\u003c00:31,  3.02it/s, loss=0.7573, acc=0.9656]\n"}
,{"stream_name":"stderr","time":5213.267016109,"data":"\r[label_smooth] Stage2 Epoch 72/75:  43%|████▎     | 70/164 [00:23\u003c00:31,  3.02it/s, loss=0.7573, acc=0.9656]\r[label_smooth] Stage2 Epoch 72/75:  43%|████▎     | 70/164 [00:24\u003c00:31,  3.02it/s, loss=0.7558, acc=0.9661]\n"}
,{"stream_name":"stderr","time":5213.268054931,"data":"\r[label_smooth] Stage2 Epoch 72/75:  43%|████▎     | 70/164 [00:24\u003c00:31,  3.02it/s, loss=0.7558, acc=0.9661]\r[label_smooth] Stage2 Epoch 72/75:  43%|████▎     | 71/164 [00:24\u003c00:30,  3.02it/s, loss=0.7558, acc=0.9661]\n"}
,{"stream_name":"stderr","time":5213.598605573,"data":"\r[label_smooth] Stage2 Epoch 72/75:  43%|████▎     | 71/164 [00:24\u003c00:30,  3.02it/s, loss=0.7558, acc=0.9661]\r[label_smooth] Stage2 Epoch 72/75:  43%|████▎     | 71/164 [00:24\u003c00:30,  3.02it/s, loss=0.7554, acc=0.9661]\n"}
,{"stream_name":"stderr","time":5213.599487767,"data":"\r[label_smooth] Stage2 Epoch 72/75:  43%|████▎     | 71/164 [00:24\u003c00:30,  3.02it/s, loss=0.7554, acc=0.9661]\r[label_smooth] Stage2 Epoch 72/75:  44%|████▍     | 72/164 [00:24\u003c00:30,  3.02it/s, loss=0.7554, acc=0.9661]\n"}
,{"stream_name":"stderr","time":5213.930325928,"data":"\r[label_smooth] Stage2 Epoch 72/75:  44%|████▍     | 72/164 [00:24\u003c00:30,  3.02it/s, loss=0.7554, acc=0.9661]\r[label_smooth] Stage2 Epoch 72/75:  44%|████▍     | 72/164 [00:24\u003c00:30,  3.02it/s, loss=0.7551, acc=0.9662]\n"}
,{"stream_name":"stderr","time":5213.93274163,"data":"\r[label_smooth] Stage2 Epoch 72/75:  44%|████▍     | 72/164 [00:24\u003c00:30,  3.02it/s, loss=0.7551, acc=0.9662]\r[label_smooth] Stage2 Epoch 72/75:  45%|████▍     | 73/164 [00:24\u003c00:30,  3.02it/s, loss=0.7551, acc=0.9662]\n"}
,{"stream_name":"stderr","time":5214.2598605,"data":"\r[label_smooth] Stage2 Epoch 72/75:  45%|████▍     | 73/164 [00:24\u003c00:30,  3.02it/s, loss=0.7551, acc=0.9662]\r[label_smooth] Stage2 Epoch 72/75:  45%|████▍     | 73/164 [00:25\u003c00:30,  3.02it/s, loss=0.7544, acc=0.9662]\n"}
,{"stream_name":"stderr","time":5214.261150092,"data":"\r[label_smooth] Stage2 Epoch 72/75:  45%|████▍     | 73/164 [00:25\u003c00:30,  3.02it/s, loss=0.7544, acc=0.9662]\r[label_smooth] Stage2 Epoch 72/75:  45%|████▌     | 74/164 [00:25\u003c00:29,  3.02it/s, loss=0.7544, acc=0.9662]\n"}
,{"stream_name":"stderr","time":5214.596534918,"data":"\r[label_smooth] Stage2 Epoch 72/75:  45%|████▌     | 74/164 [00:25\u003c00:29,  3.02it/s, loss=0.7544, acc=0.9662]\r[label_smooth] Stage2 Epoch 72/75:  45%|████▌     | 74/164 [00:25\u003c00:29,  3.02it/s, loss=0.7532, acc=0.9667]\n"}
,{"stream_name":"stderr","time":5214.597861799,"data":"\r[label_smooth] Stage2 Epoch 72/75:  45%|████▌     | 74/164 [00:25\u003c00:29,  3.02it/s, loss=0.7532, acc=0.9667]\r[label_smooth] Stage2 Epoch 72/75:  46%|████▌     | 75/164 [00:25\u003c00:29,  3.01it/s, loss=0.7532, acc=0.9667]\n"}
,{"stream_name":"stderr","time":5214.92499621,"data":"\r[label_smooth] Stage2 Epoch 72/75:  46%|████▌     | 75/164 [00:25\u003c00:29,  3.01it/s, loss=0.7532, acc=0.9667]\r[label_smooth] Stage2 Epoch 72/75:  46%|████▌     | 75/164 [00:25\u003c00:29,  3.01it/s, loss=0.7521, acc=0.9671]\n"}
,{"stream_name":"stderr","time":5214.925951158,"data":"\r[label_smooth] Stage2 Epoch 72/75:  46%|████▌     | 75/164 [00:25\u003c00:29,  3.01it/s, loss=0.7521, acc=0.9671]\r[label_smooth] Stage2 Epoch 72/75:  46%|████▋     | 76/164 [00:25\u003c00:29,  3.02it/s, loss=0.7521, acc=0.9671]\n"}
,{"stream_name":"stderr","time":5215.25489977,"data":"\r[label_smooth] Stage2 Epoch 72/75:  46%|████▋     | 76/164 [00:25\u003c00:29,  3.02it/s, loss=0.7521, acc=0.9671]\r[label_smooth] Stage2 Epoch 72/75:  46%|████▋     | 76/164 [00:26\u003c00:29,  3.02it/s, loss=0.7537, acc=0.9663]\n"}
,{"stream_name":"stderr","time":5215.255460659,"data":"\r[label_smooth] Stage2 Epoch 72/75:  46%|████▋     | 76/164 [00:26\u003c00:29,  3.02it/s, loss=0.7537, acc=0.9663]\r[label_smooth] Stage2 Epoch 72/75:  47%|████▋     | 77/164 [00:26\u003c00:28,  3.02it/s, loss=0.7537, acc=0.9663]\n"}
,{"stream_name":"stderr","time":5215.58688903,"data":"\r[label_smooth] Stage2 Epoch 72/75:  47%|████▋     | 77/164 [00:26\u003c00:28,  3.02it/s, loss=0.7537, acc=0.9663]\r[label_smooth] Stage2 Epoch 72/75:  47%|████▋     | 77/164 [00:26\u003c00:28,  3.02it/s, loss=0.7534, acc=0.9667]\n"}
,{"stream_name":"stderr","time":5215.588396422,"data":"\r[label_smooth] Stage2 Epoch 72/75:  47%|████▋     | 77/164 [00:26\u003c00:28,  3.02it/s, loss=0.7534, acc=0.9667]\r[label_smooth] Stage2 Epoch 72/75:  48%|████▊     | 78/164 [00:26\u003c00:28,  3.02it/s, loss=0.7534, acc=0.9667]\n"}
,{"stream_name":"stderr","time":5215.917954038,"data":"\r[label_smooth] Stage2 Epoch 72/75:  48%|████▊     | 78/164 [00:26\u003c00:28,  3.02it/s, loss=0.7534, acc=0.9667]\r[label_smooth] Stage2 Epoch 72/75:  48%|████▊     | 78/164 [00:26\u003c00:28,  3.02it/s, loss=0.7540, acc=0.9664]\n"}
,{"stream_name":"stderr","time":5215.920817725,"data":"\r[label_smooth] Stage2 Epoch 72/75:  48%|████▊     | 78/164 [00:26\u003c00:28,  3.02it/s, loss=0.7540, acc=0.9664]\r[label_smooth] Stage2 Epoch 72/75:  48%|████▊     | 79/164 [00:26\u003c00:28,  3.02it/s, loss=0.7540, acc=0.9664]\n"}
,{"stream_name":"stderr","time":5216.251001812,"data":"\r[label_smooth] Stage2 Epoch 72/75:  48%|████▊     | 79/164 [00:26\u003c00:28,  3.02it/s, loss=0.7540, acc=0.9664]\r[label_smooth] Stage2 Epoch 72/75:  48%|████▊     | 79/164 [00:27\u003c00:28,  3.02it/s, loss=0.7533, acc=0.9668]\n"}
,{"stream_name":"stderr","time":5216.252952602,"data":"\r[label_smooth] Stage2 Epoch 72/75:  48%|████▊     | 79/164 [00:27\u003c00:28,  3.02it/s, loss=0.7533, acc=0.9668]\r[label_smooth] Stage2 Epoch 72/75:  49%|████▉     | 80/164 [00:27\u003c00:27,  3.01it/s, loss=0.7533, acc=0.9668]\n"}
,{"stream_name":"stderr","time":5216.581322928,"data":"\r[label_smooth] Stage2 Epoch 72/75:  49%|████▉     | 80/164 [00:27\u003c00:27,  3.01it/s, loss=0.7533, acc=0.9668]\r[label_smooth] Stage2 Epoch 72/75:  49%|████▉     | 80/164 [00:27\u003c00:27,  3.01it/s, loss=0.7547, acc=0.9660]\n"}
,{"stream_name":"stderr","time":5216.582374951,"data":"\r[label_smooth] Stage2 Epoch 72/75:  49%|████▉     | 80/164 [00:27\u003c00:27,  3.01it/s, loss=0.7547, acc=0.9660]\r[label_smooth] Stage2 Epoch 72/75:  49%|████▉     | 81/164 [00:27\u003c00:27,  3.02it/s, loss=0.7547, acc=0.9660]\n"}
,{"stream_name":"stderr","time":5216.91066457,"data":"\r[label_smooth] Stage2 Epoch 72/75:  49%|████▉     | 81/164 [00:27\u003c00:27,  3.02it/s, loss=0.7547, acc=0.9660]\r[label_smooth] Stage2 Epoch 72/75:  49%|████▉     | 81/164 [00:27\u003c00:27,  3.02it/s, loss=0.7552, acc=0.9657]\n"}
,{"stream_name":"stderr","time":5216.912241418,"data":"\r[label_smooth] Stage2 Epoch 72/75:  49%|████▉     | 81/164 [00:27\u003c00:27,  3.02it/s, loss=0.7552, acc=0.9657]\r[label_smooth] Stage2 Epoch 72/75:  50%|█████     | 82/164 [00:27\u003c00:27,  3.02it/s, loss=0.7552, acc=0.9657]\n"}
,{"stream_name":"stderr","time":5217.243463407,"data":"\r[label_smooth] Stage2 Epoch 72/75:  50%|█████     | 82/164 [00:27\u003c00:27,  3.02it/s, loss=0.7552, acc=0.9657]\r[label_smooth] Stage2 Epoch 72/75:  50%|█████     | 82/164 [00:28\u003c00:27,  3.02it/s, loss=0.7550, acc=0.9657]\n"}
,{"stream_name":"stderr","time":5217.244969875,"data":"\r[label_smooth] Stage2 Epoch 72/75:  50%|█████     | 82/164 [00:28\u003c00:27,  3.02it/s, loss=0.7550, acc=0.9657]\r[label_smooth] Stage2 Epoch 72/75:  51%|█████     | 83/164 [00:28\u003c00:26,  3.02it/s, loss=0.7550, acc=0.9657]\n"}
,{"stream_name":"stderr","time":5217.575273875,"data":"\r[label_smooth] Stage2 Epoch 72/75:  51%|█████     | 83/164 [00:28\u003c00:26,  3.02it/s, loss=0.7550, acc=0.9657]\r[label_smooth] Stage2 Epoch 72/75:  51%|█████     | 83/164 [00:28\u003c00:26,  3.02it/s, loss=0.7553, acc=0.9658]\n"}
,{"stream_name":"stderr","time":5217.576267508,"data":"\r[label_smooth] Stage2 Epoch 72/75:  51%|█████     | 83/164 [00:28\u003c00:26,  3.02it/s, loss=0.7553, acc=0.9658]\r[label_smooth] Stage2 Epoch 72/75:  51%|█████     | 84/164 [00:28\u003c00:26,  3.02it/s, loss=0.7553, acc=0.9658]\n"}
,{"stream_name":"stderr","time":5217.907519305,"data":"\r[label_smooth] Stage2 Epoch 72/75:  51%|█████     | 84/164 [00:28\u003c00:26,  3.02it/s, loss=0.7553, acc=0.9658]\r[label_smooth] Stage2 Epoch 72/75:  51%|█████     | 84/164 [00:28\u003c00:26,  3.02it/s, loss=0.7557, acc=0.9654]\n"}
,{"stream_name":"stderr","time":5217.908604709,"data":"\r[label_smooth] Stage2 Epoch 72/75:  51%|█████     | 84/164 [00:28\u003c00:26,  3.02it/s, loss=0.7557, acc=0.9654]\r[label_smooth] Stage2 Epoch 72/75:  52%|█████▏    | 85/164 [00:28\u003c00:26,  3.02it/s, loss=0.7557, acc=0.9654]\n"}
,{"stream_name":"stderr","time":5218.235715743,"data":"\r[label_smooth] Stage2 Epoch 72/75:  52%|█████▏    | 85/164 [00:28\u003c00:26,  3.02it/s, loss=0.7557, acc=0.9654]\r[label_smooth] Stage2 Epoch 72/75:  52%|█████▏    | 85/164 [00:29\u003c00:26,  3.02it/s, loss=0.7558, acc=0.9651]\n"}
,{"stream_name":"stderr","time":5218.237130109,"data":"\r[label_smooth] Stage2 Epoch 72/75:  52%|█████▏    | 85/164 [00:29\u003c00:26,  3.02it/s, loss=0.7558, acc=0.9651]\r[label_smooth] Stage2 Epoch 72/75:  52%|█████▏    | 86/164 [00:29\u003c00:25,  3.02it/s, loss=0.7558, acc=0.9651]\n"}
,{"stream_name":"stderr","time":5218.568469761,"data":"\r[label_smooth] Stage2 Epoch 72/75:  52%|█████▏    | 86/164 [00:29\u003c00:25,  3.02it/s, loss=0.7558, acc=0.9651]\r[label_smooth] Stage2 Epoch 72/75:  52%|█████▏    | 86/164 [00:29\u003c00:25,  3.02it/s, loss=0.7547, acc=0.9655]\n"}
,{"stream_name":"stderr","time":5218.569513309,"data":"\r[label_smooth] Stage2 Epoch 72/75:  52%|█████▏    | 86/164 [00:29\u003c00:25,  3.02it/s, loss=0.7547, acc=0.9655]\r[label_smooth] Stage2 Epoch 72/75:  53%|█████▎    | 87/164 [00:29\u003c00:25,  3.02it/s, loss=0.7547, acc=0.9655]\n"}
,{"stream_name":"stderr","time":5218.901110747,"data":"\r[label_smooth] Stage2 Epoch 72/75:  53%|█████▎    | 87/164 [00:29\u003c00:25,  3.02it/s, loss=0.7547, acc=0.9655]\r[label_smooth] Stage2 Epoch 72/75:  53%|█████▎    | 87/164 [00:29\u003c00:25,  3.02it/s, loss=0.7554, acc=0.9652]\n"}
,{"stream_name":"stderr","time":5218.902214398,"data":"\r[label_smooth] Stage2 Epoch 72/75:  53%|█████▎    | 87/164 [00:29\u003c00:25,  3.02it/s, loss=0.7554, acc=0.9652]\r[label_smooth] Stage2 Epoch 72/75:  54%|█████▎    | 88/164 [00:29\u003c00:25,  3.02it/s, loss=0.7554, acc=0.9652]\n"}
,{"stream_name":"stderr","time":5219.231357473,"data":"\r[label_smooth] Stage2 Epoch 72/75:  54%|█████▎    | 88/164 [00:29\u003c00:25,  3.02it/s, loss=0.7554, acc=0.9652]\r[label_smooth] Stage2 Epoch 72/75:  54%|█████▎    | 88/164 [00:30\u003c00:25,  3.02it/s, loss=0.7547, acc=0.9656]\n"}
,{"stream_name":"stderr","time":5219.232501094,"data":"\r[label_smooth] Stage2 Epoch 72/75:  54%|█████▎    | 88/164 [00:30\u003c00:25,  3.02it/s, loss=0.7547, acc=0.9656]\r[label_smooth] Stage2 Epoch 72/75:  54%|█████▍    | 89/164 [00:30\u003c00:24,  3.02it/s, loss=0.7547, acc=0.9656]\n"}
,{"stream_name":"stderr","time":5219.55842464,"data":"\r[label_smooth] Stage2 Epoch 72/75:  54%|█████▍    | 89/164 [00:30\u003c00:24,  3.02it/s, loss=0.7547, acc=0.9656]\r[label_smooth] Stage2 Epoch 72/75:  54%|█████▍    | 89/164 [00:30\u003c00:24,  3.02it/s, loss=0.7561, acc=0.9646]\n"}
,{"stream_name":"stderr","time":5219.559466563,"data":"\r[label_smooth] Stage2 Epoch 72/75:  54%|█████▍    | 89/164 [00:30\u003c00:24,  3.02it/s, loss=0.7561, acc=0.9646]\r[label_smooth] Stage2 Epoch 72/75:  55%|█████▍    | 90/164 [00:30\u003c00:24,  3.03it/s, loss=0.7561, acc=0.9646]\n"}
,{"stream_name":"stderr","time":5219.889664854,"data":"\r[label_smooth] Stage2 Epoch 72/75:  55%|█████▍    | 90/164 [00:30\u003c00:24,  3.03it/s, loss=0.7561, acc=0.9646]\r[label_smooth] Stage2 Epoch 72/75:  55%|█████▍    | 90/164 [00:30\u003c00:24,  3.03it/s, loss=0.7562, acc=0.9643]\n"}
,{"stream_name":"stderr","time":5219.890715099,"data":"\r[label_smooth] Stage2 Epoch 72/75:  55%|█████▍    | 90/164 [00:30\u003c00:24,  3.03it/s, loss=0.7562, acc=0.9643]\r[label_smooth] Stage2 Epoch 72/75:  55%|█████▌    | 91/164 [00:30\u003c00:24,  3.03it/s, loss=0.7562, acc=0.9643]\n"}
,{"stream_name":"stderr","time":5220.219811549,"data":"\r[label_smooth] Stage2 Epoch 72/75:  55%|█████▌    | 91/164 [00:30\u003c00:24,  3.03it/s, loss=0.7562, acc=0.9643]\r[label_smooth] Stage2 Epoch 72/75:  55%|█████▌    | 91/164 [00:31\u003c00:24,  3.03it/s, loss=0.7562, acc=0.9643]\n"}
,{"stream_name":"stderr","time":5220.220990815,"data":"\r[label_smooth] Stage2 Epoch 72/75:  55%|█████▌    | 91/164 [00:31\u003c00:24,  3.03it/s, loss=0.7562, acc=0.9643]\r[label_smooth] Stage2 Epoch 72/75:  56%|█████▌    | 92/164 [00:31\u003c00:23,  3.03it/s, loss=0.7562, acc=0.9643]\n"}
,{"stream_name":"stderr","time":5220.548422218,"data":"\r[label_smooth] Stage2 Epoch 72/75:  56%|█████▌    | 92/164 [00:31\u003c00:23,  3.03it/s, loss=0.7562, acc=0.9643]\r[label_smooth] Stage2 Epoch 72/75:  56%|█████▌    | 92/164 [00:31\u003c00:23,  3.03it/s, loss=0.7559, acc=0.9644]\n"}
,{"stream_name":"stderr","time":5220.549507297,"data":"\r[label_smooth] Stage2 Epoch 72/75:  56%|█████▌    | 92/164 [00:31\u003c00:23,  3.03it/s, loss=0.7559, acc=0.9644]\r[label_smooth] Stage2 Epoch 72/75:  57%|█████▋    | 93/164 [00:31\u003c00:23,  3.03it/s, loss=0.7559, acc=0.9644]\n"}
,{"stream_name":"stderr","time":5220.879378752,"data":"\r[label_smooth] Stage2 Epoch 72/75:  57%|█████▋    | 93/164 [00:31\u003c00:23,  3.03it/s, loss=0.7559, acc=0.9644]\r[label_smooth] Stage2 Epoch 72/75:  57%|█████▋    | 93/164 [00:31\u003c00:23,  3.03it/s, loss=0.7568, acc=0.9644]\n"}
,{"stream_name":"stderr","time":5220.880687576,"data":"\r[label_smooth] Stage2 Epoch 72/75:  57%|█████▋    | 93/164 [00:31\u003c00:23,  3.03it/s, loss=0.7568, acc=0.9644]\r[label_smooth] Stage2 Epoch 72/75:  57%|█████▋    | 94/164 [00:31\u003c00:23,  3.03it/s, loss=0.7568, acc=0.9644]\n"}
,{"stream_name":"stderr","time":5221.211277395,"data":"\r[label_smooth] Stage2 Epoch 72/75:  57%|█████▋    | 94/164 [00:31\u003c00:23,  3.03it/s, loss=0.7568, acc=0.9644]\r[label_smooth] Stage2 Epoch 72/75:  57%|█████▋    | 94/164 [00:32\u003c00:23,  3.03it/s, loss=0.7581, acc=0.9638]\n"}
,{"stream_name":"stderr","time":5221.212755986,"data":"\r[label_smooth] Stage2 Epoch 72/75:  57%|█████▋    | 94/164 [00:32\u003c00:23,  3.03it/s, loss=0.7581, acc=0.9638]\r[label_smooth] Stage2 Epoch 72/75:  58%|█████▊    | 95/164 [00:32\u003c00:22,  3.02it/s, loss=0.7581, acc=0.9638]\n"}
,{"stream_name":"stderr","time":5221.544666111,"data":"\r[label_smooth] Stage2 Epoch 72/75:  58%|█████▊    | 95/164 [00:32\u003c00:22,  3.02it/s, loss=0.7581, acc=0.9638]\r[label_smooth] Stage2 Epoch 72/75:  58%|█████▊    | 95/164 [00:32\u003c00:22,  3.02it/s, loss=0.7579, acc=0.9639]\n"}
,{"stream_name":"stderr","time":5221.545692043,"data":"\r[label_smooth] Stage2 Epoch 72/75:  58%|█████▊    | 95/164 [00:32\u003c00:22,  3.02it/s, loss=0.7579, acc=0.9639]\r[label_smooth] Stage2 Epoch 72/75:  59%|█████▊    | 96/164 [00:32\u003c00:22,  3.02it/s, loss=0.7579, acc=0.9639]\n"}
,{"stream_name":"stderr","time":5221.874389244,"data":"\r[label_smooth] Stage2 Epoch 72/75:  59%|█████▊    | 96/164 [00:32\u003c00:22,  3.02it/s, loss=0.7579, acc=0.9639]\r[label_smooth] Stage2 Epoch 72/75:  59%|█████▊    | 96/164 [00:32\u003c00:22,  3.02it/s, loss=0.7574, acc=0.9639]\n"}
,{"stream_name":"stderr","time":5221.876388502,"data":"\r[label_smooth] Stage2 Epoch 72/75:  59%|█████▊    | 96/164 [00:32\u003c00:22,  3.02it/s, loss=0.7574, acc=0.9639]\r[label_smooth] Stage2 Epoch 72/75:  59%|█████▉    | 97/164 [00:32\u003c00:22,  3.02it/s, loss=0.7574, acc=0.9639]\n"}
,{"stream_name":"stderr","time":5222.209017284,"data":"\r[label_smooth] Stage2 Epoch 72/75:  59%|█████▉    | 97/164 [00:32\u003c00:22,  3.02it/s, loss=0.7574, acc=0.9639]\r[label_smooth] Stage2 Epoch 72/75:  59%|█████▉    | 97/164 [00:33\u003c00:22,  3.02it/s, loss=0.7575, acc=0.9636]\n"}
,{"stream_name":"stderr","time":5222.210021099,"data":"\r[label_smooth] Stage2 Epoch 72/75:  59%|█████▉    | 97/164 [00:33\u003c00:22,  3.02it/s, loss=0.7575, acc=0.9636]\r[label_smooth] Stage2 Epoch 72/75:  60%|█████▉    | 98/164 [00:33\u003c00:21,  3.01it/s, loss=0.7575, acc=0.9636]\n"}
,{"stream_name":"stderr","time":5222.537318705,"data":"\r[label_smooth] Stage2 Epoch 72/75:  60%|█████▉    | 98/164 [00:33\u003c00:21,  3.01it/s, loss=0.7575, acc=0.9636]\r[label_smooth] Stage2 Epoch 72/75:  60%|█████▉    | 98/164 [00:33\u003c00:21,  3.01it/s, loss=0.7582, acc=0.9631]\n"}
,{"stream_name":"stderr","time":5222.538439959,"data":"\r[label_smooth] Stage2 Epoch 72/75:  60%|█████▉    | 98/164 [00:33\u003c00:21,  3.01it/s, loss=0.7582, acc=0.9631]\r[label_smooth] Stage2 Epoch 72/75:  60%|██████    | 99/164 [00:33\u003c00:21,  3.02it/s, loss=0.7582, acc=0.9631]\n"}
,{"stream_name":"stderr","time":5222.865203211,"data":"\r[label_smooth] Stage2 Epoch 72/75:  60%|██████    | 99/164 [00:33\u003c00:21,  3.02it/s, loss=0.7582, acc=0.9631]\r[label_smooth] Stage2 Epoch 72/75:  60%|██████    | 99/164 [00:33\u003c00:21,  3.02it/s, loss=0.7577, acc=0.9634]\n"}
,{"stream_name":"stderr","time":5222.866213838,"data":"\r[label_smooth] Stage2 Epoch 72/75:  60%|██████    | 99/164 [00:33\u003c00:21,  3.02it/s, loss=0.7577, acc=0.9634]\r[label_smooth] Stage2 Epoch 72/75:  61%|██████    | 100/164 [00:33\u003c00:21,  3.03it/s, loss=0.7577, acc=0.9634]\n"}
,{"stream_name":"stderr","time":5223.196282679,"data":"\r[label_smooth] Stage2 Epoch 72/75:  61%|██████    | 100/164 [00:33\u003c00:21,  3.03it/s, loss=0.7577, acc=0.9634]\r[label_smooth] Stage2 Epoch 72/75:  61%|██████    | 100/164 [00:34\u003c00:21,  3.03it/s, loss=0.7603, acc=0.9626]\n"}
,{"stream_name":"stderr","time":5223.197281566,"data":"\r[label_smooth] Stage2 Epoch 72/75:  61%|██████    | 100/164 [00:34\u003c00:21,  3.03it/s, loss=0.7603, acc=0.9626]\r[label_smooth] Stage2 Epoch 72/75:  62%|██████▏   | 101/164 [00:34\u003c00:20,  3.03it/s, loss=0.7603, acc=0.9626]\n"}
,{"stream_name":"stderr","time":5223.527803646,"data":"\r[label_smooth] Stage2 Epoch 72/75:  62%|██████▏   | 101/164 [00:34\u003c00:20,  3.03it/s, loss=0.7603, acc=0.9626]\r[label_smooth] Stage2 Epoch 72/75:  62%|██████▏   | 101/164 [00:34\u003c00:20,  3.03it/s, loss=0.7595, acc=0.9629]\n"}
,{"stream_name":"stderr","time":5223.528893333,"data":"\r[label_smooth] Stage2 Epoch 72/75:  62%|██████▏   | 101/164 [00:34\u003c00:20,  3.03it/s, loss=0.7595, acc=0.9629]\r[label_smooth] Stage2 Epoch 72/75:  62%|██████▏   | 102/164 [00:34\u003c00:20,  3.02it/s, loss=0.7595, acc=0.9629]\n"}
,{"stream_name":"stderr","time":5223.858297605,"data":"\r[label_smooth] Stage2 Epoch 72/75:  62%|██████▏   | 102/164 [00:34\u003c00:20,  3.02it/s, loss=0.7595, acc=0.9629]\r[label_smooth] Stage2 Epoch 72/75:  62%|██████▏   | 102/164 [00:34\u003c00:20,  3.02it/s, loss=0.7586, acc=0.9633]\n"}
,{"stream_name":"stderr","time":5223.859327571,"data":"\r[label_smooth] Stage2 Epoch 72/75:  62%|██████▏   | 102/164 [00:34\u003c00:20,  3.02it/s, loss=0.7586, acc=0.9633]\r[label_smooth] Stage2 Epoch 72/75:  63%|██████▎   | 103/164 [00:34\u003c00:20,  3.02it/s, loss=0.7586, acc=0.9633]\n"}
,{"stream_name":"stderr","time":5224.189946003,"data":"\r[label_smooth] Stage2 Epoch 72/75:  63%|██████▎   | 103/164 [00:34\u003c00:20,  3.02it/s, loss=0.7586, acc=0.9633]\r[label_smooth] Stage2 Epoch 72/75:  63%|██████▎   | 103/164 [00:35\u003c00:20,  3.02it/s, loss=0.7586, acc=0.9633]\n"}
,{"stream_name":"stderr","time":5224.19115947,"data":"\r[label_smooth] Stage2 Epoch 72/75:  63%|██████▎   | 103/164 [00:35\u003c00:20,  3.02it/s, loss=0.7586, acc=0.9633]\r[label_smooth] Stage2 Epoch 72/75:  63%|██████▎   | 104/164 [00:35\u003c00:19,  3.02it/s, loss=0.7586, acc=0.9633]\n"}
,{"stream_name":"stderr","time":5224.519581747,"data":"\r[label_smooth] Stage2 Epoch 72/75:  63%|██████▎   | 104/164 [00:35\u003c00:19,  3.02it/s, loss=0.7586, acc=0.9633]\r[label_smooth] Stage2 Epoch 72/75:  63%|██████▎   | 104/164 [00:35\u003c00:19,  3.02it/s, loss=0.7583, acc=0.9634]\n"}
,{"stream_name":"stderr","time":5224.521015339,"data":"\r[label_smooth] Stage2 Epoch 72/75:  63%|██████▎   | 104/164 [00:35\u003c00:19,  3.02it/s, loss=0.7583, acc=0.9634]\r[label_smooth] Stage2 Epoch 72/75:  64%|██████▍   | 105/164 [00:35\u003c00:19,  3.03it/s, loss=0.7583, acc=0.9634]\n"}
,{"stream_name":"stderr","time":5224.848825088,"data":"\r[label_smooth] Stage2 Epoch 72/75:  64%|██████▍   | 105/164 [00:35\u003c00:19,  3.03it/s, loss=0.7583, acc=0.9634]\r[label_smooth] Stage2 Epoch 72/75:  64%|██████▍   | 105/164 [00:35\u003c00:19,  3.03it/s, loss=0.7576, acc=0.9637]\n"}
,{"stream_name":"stderr","time":5224.849588454,"data":"\r[label_smooth] Stage2 Epoch 72/75:  64%|██████▍   | 105/164 [00:35\u003c00:19,  3.03it/s, loss=0.7576, acc=0.9637]\r[label_smooth] Stage2 Epoch 72/75:  65%|██████▍   | 106/164 [00:35\u003c00:19,  3.03it/s, loss=0.7576, acc=0.9637]\n"}
,{"stream_name":"stderr","time":5225.179998743,"data":"\r[label_smooth] Stage2 Epoch 72/75:  65%|██████▍   | 106/164 [00:35\u003c00:19,  3.03it/s, loss=0.7576, acc=0.9637]\r[label_smooth] Stage2 Epoch 72/75:  65%|██████▍   | 106/164 [00:36\u003c00:19,  3.03it/s, loss=0.7575, acc=0.9638]\n"}
,{"stream_name":"stderr","time":5225.180946439,"data":"\r[label_smooth] Stage2 Epoch 72/75:  65%|██████▍   | 106/164 [00:36\u003c00:19,  3.03it/s, loss=0.7575, acc=0.9638]\r[label_smooth] Stage2 Epoch 72/75:  65%|██████▌   | 107/164 [00:36\u003c00:18,  3.03it/s, loss=0.7575, acc=0.9638]\n"}
,{"stream_name":"stderr","time":5225.511611904,"data":"\r[label_smooth] Stage2 Epoch 72/75:  65%|██████▌   | 107/164 [00:36\u003c00:18,  3.03it/s, loss=0.7575, acc=0.9638]\r[label_smooth] Stage2 Epoch 72/75:  65%|██████▌   | 107/164 [00:36\u003c00:18,  3.03it/s, loss=0.7575, acc=0.9638]\n"}
,{"stream_name":"stderr","time":5225.512194339,"data":"\r[label_smooth] Stage2 Epoch 72/75:  65%|██████▌   | 107/164 [00:36\u003c00:18,  3.03it/s, loss=0.7575, acc=0.9638]\r[label_smooth] Stage2 Epoch 72/75:  66%|██████▌   | 108/164 [00:36\u003c00:18,  3.02it/s, loss=0.7575, acc=0.9638]\n"}
,{"stream_name":"stderr","time":5225.844167083,"data":"\r[label_smooth] Stage2 Epoch 72/75:  66%|██████▌   | 108/164 [00:36\u003c00:18,  3.02it/s, loss=0.7575, acc=0.9638]\r[label_smooth] Stage2 Epoch 72/75:  66%|██████▌   | 108/164 [00:36\u003c00:18,  3.02it/s, loss=0.7570, acc=0.9642]\n"}
,{"stream_name":"stderr","time":5225.845526386,"data":"\r[label_smooth] Stage2 Epoch 72/75:  66%|██████▌   | 108/164 [00:36\u003c00:18,  3.02it/s, loss=0.7570, acc=0.9642]\r[label_smooth] Stage2 Epoch 72/75:  66%|██████▋   | 109/164 [00:36\u003c00:18,  3.02it/s, loss=0.7570, acc=0.9642]\n"}
,{"stream_name":"stderr","time":5226.179426033,"data":"\r[label_smooth] Stage2 Epoch 72/75:  66%|██████▋   | 109/164 [00:36\u003c00:18,  3.02it/s, loss=0.7570, acc=0.9642]\r[label_smooth] Stage2 Epoch 72/75:  66%|██████▋   | 109/164 [00:37\u003c00:18,  3.02it/s, loss=0.7577, acc=0.9639]\n"}
,{"stream_name":"stderr","time":5226.180376674,"data":"\r[label_smooth] Stage2 Epoch 72/75:  66%|██████▋   | 109/164 [00:37\u003c00:18,  3.02it/s, loss=0.7577, acc=0.9639]\r[label_smooth] Stage2 Epoch 72/75:  67%|██████▋   | 110/164 [00:37\u003c00:17,  3.01it/s, loss=0.7577, acc=0.9639]\n"}
,{"stream_name":"stderr","time":5226.514734891,"data":"\r[label_smooth] Stage2 Epoch 72/75:  67%|██████▋   | 110/164 [00:37\u003c00:17,  3.01it/s, loss=0.7577, acc=0.9639]\r[label_smooth] Stage2 Epoch 72/75:  67%|██████▋   | 110/164 [00:37\u003c00:17,  3.01it/s, loss=0.7573, acc=0.9642]\n"}
,{"stream_name":"stderr","time":5226.51735216,"data":"\r[label_smooth] Stage2 Epoch 72/75:  67%|██████▋   | 110/164 [00:37\u003c00:17,  3.01it/s, loss=0.7573, acc=0.9642]\r[label_smooth] Stage2 Epoch 72/75:  68%|██████▊   | 111/164 [00:37\u003c00:17,  3.00it/s, loss=0.7573, acc=0.9642]\n"}
,{"stream_name":"stderr","time":5226.853009917,"data":"\r[label_smooth] Stage2 Epoch 72/75:  68%|██████▊   | 111/164 [00:37\u003c00:17,  3.00it/s, loss=0.7573, acc=0.9642]\r[label_smooth] Stage2 Epoch 72/75:  68%|██████▊   | 111/164 [00:37\u003c00:17,  3.00it/s, loss=0.7568, acc=0.9646]\n"}
,{"stream_name":"stderr","time":5226.854018673,"data":"\r[label_smooth] Stage2 Epoch 72/75:  68%|██████▊   | 111/164 [00:37\u003c00:17,  3.00it/s, loss=0.7568, acc=0.9646]\r[label_smooth] Stage2 Epoch 72/75:  68%|██████▊   | 112/164 [00:37\u003c00:17,  2.99it/s, loss=0.7568, acc=0.9646]\n"}
,{"stream_name":"stderr","time":5227.187221106,"data":"\r[label_smooth] Stage2 Epoch 72/75:  68%|██████▊   | 112/164 [00:37\u003c00:17,  2.99it/s, loss=0.7568, acc=0.9646]\r[label_smooth] Stage2 Epoch 72/75:  68%|██████▊   | 112/164 [00:38\u003c00:17,  2.99it/s, loss=0.7572, acc=0.9646]\n"}
,{"stream_name":"stderr","time":5227.188467652,"data":"\r[label_smooth] Stage2 Epoch 72/75:  68%|██████▊   | 112/164 [00:38\u003c00:17,  2.99it/s, loss=0.7572, acc=0.9646]\r[label_smooth] Stage2 Epoch 72/75:  69%|██████▉   | 113/164 [00:38\u003c00:17,  2.99it/s, loss=0.7572, acc=0.9646]\n"}
,{"stream_name":"stderr","time":5227.524630057,"data":"\r[label_smooth] Stage2 Epoch 72/75:  69%|██████▉   | 113/164 [00:38\u003c00:17,  2.99it/s, loss=0.7572, acc=0.9646]\r[label_smooth] Stage2 Epoch 72/75:  69%|██████▉   | 113/164 [00:38\u003c00:17,  2.99it/s, loss=0.7569, acc=0.9646]\n"}
,{"stream_name":"stderr","time":5227.526468555,"data":"\r[label_smooth] Stage2 Epoch 72/75:  69%|██████▉   | 113/164 [00:38\u003c00:17,  2.99it/s, loss=0.7569, acc=0.9646]\r[label_smooth] Stage2 Epoch 72/75:  70%|██████▉   | 114/164 [00:38\u003c00:16,  2.98it/s, loss=0.7569, acc=0.9646]\n"}
,{"stream_name":"stderr","time":5227.854785924,"data":"\r[label_smooth] Stage2 Epoch 72/75:  70%|██████▉   | 114/164 [00:38\u003c00:16,  2.98it/s, loss=0.7569, acc=0.9646]\r[label_smooth] Stage2 Epoch 72/75:  70%|██████▉   | 114/164 [00:38\u003c00:16,  2.98it/s, loss=0.7564, acc=0.9649]\n"}
,{"stream_name":"stderr","time":5227.856289034,"data":"\r[label_smooth] Stage2 Epoch 72/75:  70%|██████▉   | 114/164 [00:38\u003c00:16,  2.98it/s, loss=0.7564, acc=0.9649]\r[label_smooth] Stage2 Epoch 72/75:  70%|███████   | 115/164 [00:38\u003c00:16,  2.99it/s, loss=0.7564, acc=0.9649]\n"}
,{"stream_name":"stderr","time":5228.187821773,"data":"\r[label_smooth] Stage2 Epoch 72/75:  70%|███████   | 115/164 [00:38\u003c00:16,  2.99it/s, loss=0.7564, acc=0.9649]\r[label_smooth] Stage2 Epoch 72/75:  70%|███████   | 115/164 [00:39\u003c00:16,  2.99it/s, loss=0.7559, acc=0.9650]\n"}
,{"stream_name":"stderr","time":5228.188778611,"data":"\r[label_smooth] Stage2 Epoch 72/75:  70%|███████   | 115/164 [00:39\u003c00:16,  2.99it/s, loss=0.7559, acc=0.9650]\r[label_smooth] Stage2 Epoch 72/75:  71%|███████   | 116/164 [00:39\u003c00:16,  3.00it/s, loss=0.7559, acc=0.9650]\n"}
,{"stream_name":"stderr","time":5228.516217189,"data":"\r[label_smooth] Stage2 Epoch 72/75:  71%|███████   | 116/164 [00:39\u003c00:16,  3.00it/s, loss=0.7559, acc=0.9650]\r[label_smooth] Stage2 Epoch 72/75:  71%|███████   | 116/164 [00:39\u003c00:16,  3.00it/s, loss=0.7571, acc=0.9645]\n"}
,{"stream_name":"stderr","time":5228.517385352,"data":"\r[label_smooth] Stage2 Epoch 72/75:  71%|███████   | 116/164 [00:39\u003c00:16,  3.00it/s, loss=0.7571, acc=0.9645]\r[label_smooth] Stage2 Epoch 72/75:  71%|███████▏  | 117/164 [00:39\u003c00:15,  3.01it/s, loss=0.7571, acc=0.9645]\n"}
,{"stream_name":"stderr","time":5228.850393493,"data":"\r[label_smooth] Stage2 Epoch 72/75:  71%|███████▏  | 117/164 [00:39\u003c00:15,  3.01it/s, loss=0.7571, acc=0.9645]\r[label_smooth] Stage2 Epoch 72/75:  71%|███████▏  | 117/164 [00:39\u003c00:15,  3.01it/s, loss=0.7563, acc=0.9645]\n"}
,{"stream_name":"stderr","time":5228.850981735,"data":"\r[label_smooth] Stage2 Epoch 72/75:  71%|███████▏  | 117/164 [00:39\u003c00:15,  3.01it/s, loss=0.7563, acc=0.9645]\r[label_smooth] Stage2 Epoch 72/75:  72%|███████▏  | 118/164 [00:39\u003c00:15,  3.01it/s, loss=0.7563, acc=0.9645]\n"}
,{"stream_name":"stderr","time":5229.181156774,"data":"\r[label_smooth] Stage2 Epoch 72/75:  72%|███████▏  | 118/164 [00:39\u003c00:15,  3.01it/s, loss=0.7563, acc=0.9645]\r[label_smooth] Stage2 Epoch 72/75:  72%|███████▏  | 118/164 [00:40\u003c00:15,  3.01it/s, loss=0.7558, acc=0.9645]\n"}
,{"stream_name":"stderr","time":5229.182290606,"data":"\r[label_smooth] Stage2 Epoch 72/75:  72%|███████▏  | 118/164 [00:40\u003c00:15,  3.01it/s, loss=0.7558, acc=0.9645]\r[label_smooth] Stage2 Epoch 72/75:  73%|███████▎  | 119/164 [00:40\u003c00:14,  3.01it/s, loss=0.7558, acc=0.9645]\n"}
,{"stream_name":"stderr","time":5229.510146993,"data":"\r[label_smooth] Stage2 Epoch 72/75:  73%|███████▎  | 119/164 [00:40\u003c00:14,  3.01it/s, loss=0.7558, acc=0.9645]\r[label_smooth] Stage2 Epoch 72/75:  73%|███████▎  | 119/164 [00:40\u003c00:14,  3.01it/s, loss=0.7556, acc=0.9646]\n"}
,{"stream_name":"stderr","time":5229.511584988,"data":"\r[label_smooth] Stage2 Epoch 72/75:  73%|███████▎  | 119/164 [00:40\u003c00:14,  3.01it/s, loss=0.7556, acc=0.9646]\r[label_smooth] Stage2 Epoch 72/75:  73%|███████▎  | 120/164 [00:40\u003c00:14,  3.02it/s, loss=0.7556, acc=0.9646]\n"}
,{"stream_name":"stderr","time":5229.841415366,"data":"\r[label_smooth] Stage2 Epoch 72/75:  73%|███████▎  | 120/164 [00:40\u003c00:14,  3.02it/s, loss=0.7556, acc=0.9646]\r[label_smooth] Stage2 Epoch 72/75:  73%|███████▎  | 120/164 [00:40\u003c00:14,  3.02it/s, loss=0.7559, acc=0.9644]\n"}
,{"stream_name":"stderr","time":5229.846975269,"data":"\r[label_smooth] Stage2 Epoch 72/75:  73%|███████▎  | 120/164 [00:40\u003c00:14,  3.02it/s, loss=0.7559, acc=0.9644]\r[label_smooth] Stage2 Epoch 72/75:  74%|███████▍  | 121/164 [00:40\u003c00:14,  3.02it/s, loss=0.7559, acc=0.9644]\n"}
,{"stream_name":"stderr","time":5230.168302083,"data":"\r[label_smooth] Stage2 Epoch 72/75:  74%|███████▍  | 121/164 [00:40\u003c00:14,  3.02it/s, loss=0.7559, acc=0.9644]\r[label_smooth] Stage2 Epoch 72/75:  74%|███████▍  | 121/164 [00:41\u003c00:14,  3.02it/s, loss=0.7554, acc=0.9644]\n"}
,{"stream_name":"stderr","time":5230.169269673,"data":"\r[label_smooth] Stage2 Epoch 72/75:  74%|███████▍  | 121/164 [00:41\u003c00:14,  3.02it/s, loss=0.7554, acc=0.9644]\r[label_smooth] Stage2 Epoch 72/75:  74%|███████▍  | 122/164 [00:41\u003c00:13,  3.03it/s, loss=0.7554, acc=0.9644]\n"}
,{"stream_name":"stderr","time":5230.49715131,"data":"\r[label_smooth] Stage2 Epoch 72/75:  74%|███████▍  | 122/164 [00:41\u003c00:13,  3.03it/s, loss=0.7554, acc=0.9644]\r[label_smooth] Stage2 Epoch 72/75:  74%|███████▍  | 122/164 [00:41\u003c00:13,  3.03it/s, loss=0.7561, acc=0.9642]\n"}
,{"stream_name":"stderr","time":5230.498411729,"data":"\r[label_smooth] Stage2 Epoch 72/75:  74%|███████▍  | 122/164 [00:41\u003c00:13,  3.03it/s, loss=0.7561, acc=0.9642]\r[label_smooth] Stage2 Epoch 72/75:  75%|███████▌  | 123/164 [00:41\u003c00:13,  3.03it/s, loss=0.7561, acc=0.9642]\n"}
,{"stream_name":"stderr","time":5230.829901945,"data":"\r[label_smooth] Stage2 Epoch 72/75:  75%|███████▌  | 123/164 [00:41\u003c00:13,  3.03it/s, loss=0.7561, acc=0.9642]\r[label_smooth] Stage2 Epoch 72/75:  75%|███████▌  | 123/164 [00:41\u003c00:13,  3.03it/s, loss=0.7566, acc=0.9640]\n"}
,{"stream_name":"stderr","time":5230.832607136,"data":"\r[label_smooth] Stage2 Epoch 72/75:  75%|███████▌  | 123/164 [00:41\u003c00:13,  3.03it/s, loss=0.7566, acc=0.9640]\r[label_smooth] Stage2 Epoch 72/75:  76%|███████▌  | 124/164 [00:41\u003c00:13,  3.03it/s, loss=0.7566, acc=0.9640]\n"}
,{"stream_name":"stderr","time":5231.166319885,"data":"\r[label_smooth] Stage2 Epoch 72/75:  76%|███████▌  | 124/164 [00:41\u003c00:13,  3.03it/s, loss=0.7566, acc=0.9640]\r[label_smooth] Stage2 Epoch 72/75:  76%|███████▌  | 124/164 [00:42\u003c00:13,  3.03it/s, loss=0.7568, acc=0.9637]\n"}
,{"stream_name":"stderr","time":5231.172721644,"data":"\r[label_smooth] Stage2 Epoch 72/75:  76%|███████▌  | 124/164 [00:42\u003c00:13,  3.03it/s, loss=0.7568, acc=0.9637]\r[label_smooth] Stage2 Epoch 72/75:  76%|███████▌  | 125/164 [00:42\u003c00:12,  3.01it/s, loss=0.7568, acc=0.9637]\n"}
,{"stream_name":"stderr","time":5231.496596589,"data":"\r[label_smooth] Stage2 Epoch 72/75:  76%|███████▌  | 125/164 [00:42\u003c00:12,  3.01it/s, loss=0.7568, acc=0.9637]\r[label_smooth] Stage2 Epoch 72/75:  76%|███████▌  | 125/164 [00:42\u003c00:12,  3.01it/s, loss=0.7566, acc=0.9640]\n"}
,{"stream_name":"stderr","time":5231.49746669,"data":"\r[label_smooth] Stage2 Epoch 72/75:  76%|███████▌  | 125/164 [00:42\u003c00:12,  3.01it/s, loss=0.7566, acc=0.9640]\r[label_smooth] Stage2 Epoch 72/75:  77%|███████▋  | 126/164 [00:42\u003c00:12,  3.01it/s, loss=0.7566, acc=0.9640]\n"}
,{"stream_name":"stderr","time":5231.829856259,"data":"\r[label_smooth] Stage2 Epoch 72/75:  77%|███████▋  | 126/164 [00:42\u003c00:12,  3.01it/s, loss=0.7566, acc=0.9640]\r[label_smooth] Stage2 Epoch 72/75:  77%|███████▋  | 126/164 [00:42\u003c00:12,  3.01it/s, loss=0.7561, acc=0.9641]\n"}
,{"stream_name":"stderr","time":5231.831444623,"data":"\r[label_smooth] Stage2 Epoch 72/75:  77%|███████▋  | 126/164 [00:42\u003c00:12,  3.01it/s, loss=0.7561, acc=0.9641]\r[label_smooth] Stage2 Epoch 72/75:  77%|███████▋  | 127/164 [00:42\u003c00:12,  3.01it/s, loss=0.7561, acc=0.9641]\n"}
,{"stream_name":"stderr","time":5232.162771347,"data":"\r[label_smooth] Stage2 Epoch 72/75:  77%|███████▋  | 127/164 [00:42\u003c00:12,  3.01it/s, loss=0.7561, acc=0.9641]\r[label_smooth] Stage2 Epoch 72/75:  77%|███████▋  | 127/164 [00:43\u003c00:12,  3.01it/s, loss=0.7567, acc=0.9636]\n"}
,{"stream_name":"stderr","time":5232.1636263,"data":"\r[label_smooth] Stage2 Epoch 72/75:  77%|███████▋  | 127/164 [00:43\u003c00:12,  3.01it/s, loss=0.7567, acc=0.9636]\r[label_smooth] Stage2 Epoch 72/75:  78%|███████▊  | 128/164 [00:43\u003c00:11,  3.01it/s, loss=0.7567, acc=0.9636]\n"}
,{"stream_name":"stderr","time":5232.492894771,"data":"\r[label_smooth] Stage2 Epoch 72/75:  78%|███████▊  | 128/164 [00:43\u003c00:11,  3.01it/s, loss=0.7567, acc=0.9636]\r[label_smooth] Stage2 Epoch 72/75:  78%|███████▊  | 128/164 [00:43\u003c00:11,  3.01it/s, loss=0.7569, acc=0.9634]\n"}
,{"stream_name":"stderr","time":5232.49356716,"data":"\r[label_smooth] Stage2 Epoch 72/75:  78%|███████▊  | 128/164 [00:43\u003c00:11,  3.01it/s, loss=0.7569, acc=0.9634]\r[label_smooth] Stage2 Epoch 72/75:  79%|███████▊  | 129/164 [00:43\u003c00:11,  3.02it/s, loss=0.7569, acc=0.9634]\n"}
,{"stream_name":"stderr","time":5232.825991096,"data":"\r[label_smooth] Stage2 Epoch 72/75:  79%|███████▊  | 129/164 [00:43\u003c00:11,  3.02it/s, loss=0.7569, acc=0.9634]\r[label_smooth] Stage2 Epoch 72/75:  79%|███████▊  | 129/164 [00:43\u003c00:11,  3.02it/s, loss=0.7569, acc=0.9635]\n"}
,{"stream_name":"stderr","time":5232.826645964,"data":"\r[label_smooth] Stage2 Epoch 72/75:  79%|███████▊  | 129/164 [00:43\u003c00:11,  3.02it/s, loss=0.7569, acc=0.9635]\r[label_smooth] Stage2 Epoch 72/75:  79%|███████▉  | 130/164 [00:43\u003c00:11,  3.01it/s, loss=0.7569, acc=0.9635]\n"}
,{"stream_name":"stderr","time":5233.157412957,"data":"\r[label_smooth] Stage2 Epoch 72/75:  79%|███████▉  | 130/164 [00:43\u003c00:11,  3.01it/s, loss=0.7569, acc=0.9635]\r[label_smooth] Stage2 Epoch 72/75:  79%|███████▉  | 130/164 [00:44\u003c00:11,  3.01it/s, loss=0.7562, acc=0.9637]\n"}
,{"stream_name":"stderr","time":5233.158746317,"data":"\r[label_smooth] Stage2 Epoch 72/75:  79%|███████▉  | 130/164 [00:44\u003c00:11,  3.01it/s, loss=0.7562, acc=0.9637]\r[label_smooth] Stage2 Epoch 72/75:  80%|███████▉  | 131/164 [00:44\u003c00:10,  3.01it/s, loss=0.7562, acc=0.9637]\n"}
,{"stream_name":"stderr","time":5233.488957842,"data":"\r[label_smooth] Stage2 Epoch 72/75:  80%|███████▉  | 131/164 [00:44\u003c00:10,  3.01it/s, loss=0.7562, acc=0.9637]\r[label_smooth] Stage2 Epoch 72/75:  80%|███████▉  | 131/164 [00:44\u003c00:10,  3.01it/s, loss=0.7564, acc=0.9635]\n"}
,{"stream_name":"stderr","time":5233.49036098,"data":"\r[label_smooth] Stage2 Epoch 72/75:  80%|███████▉  | 131/164 [00:44\u003c00:10,  3.01it/s, loss=0.7564, acc=0.9635]\r[label_smooth] Stage2 Epoch 72/75:  80%|████████  | 132/164 [00:44\u003c00:10,  3.01it/s, loss=0.7564, acc=0.9635]\n"}
,{"stream_name":"stderr","time":5233.817369274,"data":"\r[label_smooth] Stage2 Epoch 72/75:  80%|████████  | 132/164 [00:44\u003c00:10,  3.01it/s, loss=0.7564, acc=0.9635]\r[label_smooth] Stage2 Epoch 72/75:  80%|████████  | 132/164 [00:44\u003c00:10,  3.01it/s, loss=0.7564, acc=0.9633]\n"}
,{"stream_name":"stderr","time":5233.819639271,"data":"\r[label_smooth] Stage2 Epoch 72/75:  80%|████████  | 132/164 [00:44\u003c00:10,  3.01it/s, loss=0.7564, acc=0.9633]\r[label_smooth] Stage2 Epoch 72/75:  81%|████████  | 133/164 [00:44\u003c00:10,  3.02it/s, loss=0.7564, acc=0.9633]\n"}
,{"stream_name":"stderr","time":5234.148698821,"data":"\r[label_smooth] Stage2 Epoch 72/75:  81%|████████  | 133/164 [00:44\u003c00:10,  3.02it/s, loss=0.7564, acc=0.9633]\r[label_smooth] Stage2 Epoch 72/75:  81%|████████  | 133/164 [00:45\u003c00:10,  3.02it/s, loss=0.7560, acc=0.9634]\n"}
,{"stream_name":"stderr","time":5234.149880147,"data":"\r[label_smooth] Stage2 Epoch 72/75:  81%|████████  | 133/164 [00:45\u003c00:10,  3.02it/s, loss=0.7560, acc=0.9634]\r[label_smooth] Stage2 Epoch 72/75:  82%|████████▏ | 134/164 [00:45\u003c00:09,  3.02it/s, loss=0.7560, acc=0.9634]\n"}
,{"stream_name":"stderr","time":5234.478335995,"data":"\r[label_smooth] Stage2 Epoch 72/75:  82%|████████▏ | 134/164 [00:45\u003c00:09,  3.02it/s, loss=0.7560, acc=0.9634]\r[label_smooth] Stage2 Epoch 72/75:  82%|████████▏ | 134/164 [00:45\u003c00:09,  3.02it/s, loss=0.7556, acc=0.9637]\n"}
,{"stream_name":"stderr","time":5234.479439106,"data":"\r[label_smooth] Stage2 Epoch 72/75:  82%|████████▏ | 134/164 [00:45\u003c00:09,  3.02it/s, loss=0.7556, acc=0.9637]\r[label_smooth] Stage2 Epoch 72/75:  82%|████████▏ | 135/164 [00:45\u003c00:09,  3.03it/s, loss=0.7556, acc=0.9637]\n"}
,{"stream_name":"stderr","time":5234.809324209,"data":"\r[label_smooth] Stage2 Epoch 72/75:  82%|████████▏ | 135/164 [00:45\u003c00:09,  3.03it/s, loss=0.7556, acc=0.9637]\r[label_smooth] Stage2 Epoch 72/75:  82%|████████▏ | 135/164 [00:45\u003c00:09,  3.03it/s, loss=0.7554, acc=0.9637]\n"}
,{"stream_name":"stderr","time":5234.810453339,"data":"\r[label_smooth] Stage2 Epoch 72/75:  82%|████████▏ | 135/164 [00:45\u003c00:09,  3.03it/s, loss=0.7554, acc=0.9637]\r[label_smooth] Stage2 Epoch 72/75:  83%|████████▎ | 136/164 [00:45\u003c00:09,  3.02it/s, loss=0.7554, acc=0.9637]\n"}
,{"stream_name":"stderr","time":5235.142669942,"data":"\r[label_smooth] Stage2 Epoch 72/75:  83%|████████▎ | 136/164 [00:45\u003c00:09,  3.02it/s, loss=0.7554, acc=0.9637]\r[label_smooth] Stage2 Epoch 72/75:  83%|████████▎ | 136/164 [00:46\u003c00:09,  3.02it/s, loss=0.7563, acc=0.9635]\n"}
,{"stream_name":"stderr","time":5235.14357766,"data":"\r[label_smooth] Stage2 Epoch 72/75:  83%|████████▎ | 136/164 [00:46\u003c00:09,  3.02it/s, loss=0.7563, acc=0.9635]\r[label_smooth] Stage2 Epoch 72/75:  84%|████████▎ | 137/164 [00:46\u003c00:08,  3.02it/s, loss=0.7563, acc=0.9635]\n"}
,{"stream_name":"stderr","time":5237.447996763,"data":"\r[label_smooth] Stage2 Epoch 72/75:  84%|████████▎ | 137/164 [00:46\u003c00:08,  3.02it/s, loss=0.7563, acc=0.9635]\r[label_smooth] Stage2 Epoch 72/75:  84%|████████▎ | 137/164 [00:46\u003c00:08,  3.02it/s, loss=0.7557, acc=0.9638]\n"}
,{"stream_name":"stderr","time":5237.448942081,"data":"\r[label_smooth] Stage2 Epoch 72/75:  84%|████████▎ | 137/164 [00:46\u003c00:08,  3.02it/s, loss=0.7557, acc=0.9638]\r[label_smooth] Stage2 Epoch 72/75:  84%|████████▍ | 138/164 [00:46\u003c00:08,  3.01it/s, loss=0.7557, acc=0.9638]\n"}
,{"stream_name":"stderr","time":5237.449905463,"data":"\r[label_smooth] Stage2 Epoch 72/75:  84%|████████▍ | 138/164 [00:46\u003c00:08,  3.01it/s, loss=0.7557, acc=0.9638]\r[label_smooth] Stage2 Epoch 72/75:  84%|████████▍ | 138/164 [00:46\u003c00:08,  3.01it/s, loss=0.7554, acc=0.9638]\n"}
,{"stream_name":"stderr","time":5237.450704113,"data":"\r[label_smooth] Stage2 Epoch 72/75:  84%|████████▍ | 138/164 [00:46\u003c00:08,  3.01it/s, loss=0.7554, acc=0.9638]\r[label_smooth] Stage2 Epoch 72/75:  85%|████████▍ | 139/164 [00:46\u003c00:08,  3.02it/s, loss=0.7554, acc=0.9638]\n"}
,{"stream_name":"stderr","time":5237.451509187,"data":"\r[label_smooth] Stage2 Epoch 72/75:  85%|████████▍ | 139/164 [00:46\u003c00:08,  3.02it/s, loss=0.7554, acc=0.9638]\r[label_smooth] Stage2 Epoch 72/75:  85%|████████▍ | 139/164 [00:47\u003c00:08,  3.02it/s, loss=0.7557, acc=0.9638]\n"}
,{"stream_name":"stderr","time":5237.452326506,"data":"\r[label_smooth] Stage2 Epoch 72/75:  85%|████████▍ | 139/164 [00:47\u003c00:08,  3.02it/s, loss=0.7557, acc=0.9638]\r[label_smooth] Stage2 Epoch 72/75:  85%|████████▌ | 140/164 [00:47\u003c00:07,  3.01it/s, loss=0.7557, acc=0.9638]\n"}
,{"stream_name":"stderr","time":5237.453169762,"data":"\r[label_smooth] Stage2 Epoch 72/75:  85%|████████▌ | 140/164 [00:47\u003c00:07,  3.01it/s, loss=0.7557, acc=0.9638]\r[label_smooth] Stage2 Epoch 72/75:  85%|████████▌ | 140/164 [00:47\u003c00:07,  3.01it/s, loss=0.7555, acc=0.9639]\n"}
,{"stream_name":"stderr","time":5237.453949035,"data":"\r[label_smooth] Stage2 Epoch 72/75:  85%|████████▌ | 140/164 [00:47\u003c00:07,  3.01it/s, loss=0.7555, acc=0.9639]\r[label_smooth] Stage2 Epoch 72/75:  86%|████████▌ | 141/164 [00:47\u003c00:07,  3.01it/s, loss=0.7555, acc=0.9639]\n"}
,{"stream_name":"stderr","time":5237.454724511,"data":"\r[label_smooth] Stage2 Epoch 72/75:  86%|████████▌ | 141/164 [00:47\u003c00:07,  3.01it/s, loss=0.7555, acc=0.9639]\r[label_smooth] Stage2 Epoch 72/75:  86%|████████▌ | 141/164 [00:47\u003c00:07,  3.01it/s, loss=0.7557, acc=0.9635]\n"}
,{"stream_name":"stderr","time":5237.455518401,"data":"\r[label_smooth] Stage2 Epoch 72/75:  86%|████████▌ | 141/164 [00:47\u003c00:07,  3.01it/s, loss=0.7557, acc=0.9635]\r[label_smooth] Stage2 Epoch 72/75:  87%|████████▋ | 142/164 [00:47\u003c00:07,  3.00it/s, loss=0.7557, acc=0.9635]\n"}
,{"stream_name":"stderr","time":5237.456381206,"data":"\r[label_smooth] Stage2 Epoch 72/75:  87%|████████▋ | 142/164 [00:47\u003c00:07,  3.00it/s, loss=0.7557, acc=0.9635]\r[label_smooth] Stage2 Epoch 72/75:  87%|████████▋ | 142/164 [00:48\u003c00:07,  3.00it/s, loss=0.7551, acc=0.9637]\n"}
,{"stream_name":"stderr","time":5237.457188431,"data":"\r[label_smooth] Stage2 Epoch 72/75:  87%|████████▋ | 142/164 [00:48\u003c00:07,  3.00it/s, loss=0.7551, acc=0.9637]\r[label_smooth] Stage2 Epoch 72/75:  87%|████████▋ | 143/164 [00:48\u003c00:06,  3.01it/s, loss=0.7551, acc=0.9637]\n"}
,{"stream_name":"stderr","time":5237.471353624,"data":"\r[label_smooth] Stage2 Epoch 72/75:  87%|████████▋ | 143/164 [00:48\u003c00:06,  3.01it/s, loss=0.7551, acc=0.9637]\r[label_smooth] Stage2 Epoch 72/75:  87%|████████▋ | 143/164 [00:48\u003c00:06,  3.01it/s, loss=0.7548, acc=0.9640]\n"}
,{"stream_name":"stderr","time":5237.471386769,"data":"\r[label_smooth] Stage2 Epoch 72/75:  87%|████████▋ | 143/164 [00:48\u003c00:06,  3.01it/s, loss=0.7548, acc=0.9640]\r[label_smooth] Stage2 Epoch 72/75:  88%|████████▊ | 144/164 [00:48\u003c00:06,  3.01it/s, loss=0.7548, acc=0.9640]\n"}
,{"stream_name":"stderr","time":5237.803806147,"data":"\r[label_smooth] Stage2 Epoch 72/75:  88%|████████▊ | 144/164 [00:48\u003c00:06,  3.01it/s, loss=0.7548, acc=0.9640]\r[label_smooth] Stage2 Epoch 72/75:  88%|████████▊ | 144/164 [00:48\u003c00:06,  3.01it/s, loss=0.7546, acc=0.9642]\n"}
,{"stream_name":"stderr","time":5237.806176681,"data":"\r[label_smooth] Stage2 Epoch 72/75:  88%|████████▊ | 144/164 [00:48\u003c00:06,  3.01it/s, loss=0.7546, acc=0.9642]\r[label_smooth] Stage2 Epoch 72/75:  88%|████████▊ | 145/164 [00:48\u003c00:06,  3.01it/s, loss=0.7546, acc=0.9642]\n"}
,{"stream_name":"stderr","time":5238.136988654,"data":"\r[label_smooth] Stage2 Epoch 72/75:  88%|████████▊ | 145/164 [00:48\u003c00:06,  3.01it/s, loss=0.7546, acc=0.9642]\r[label_smooth] Stage2 Epoch 72/75:  88%|████████▊ | 145/164 [00:49\u003c00:06,  3.01it/s, loss=0.7544, acc=0.9643]\n"}
,{"stream_name":"stderr","time":5238.137884098,"data":"\r[label_smooth] Stage2 Epoch 72/75:  88%|████████▊ | 145/164 [00:49\u003c00:06,  3.01it/s, loss=0.7544, acc=0.9643]\r[label_smooth] Stage2 Epoch 72/75:  89%|████████▉ | 146/164 [00:49\u003c00:05,  3.00it/s, loss=0.7544, acc=0.9643]\n"}
,{"stream_name":"stderr","time":5238.466242879,"data":"\r[label_smooth] Stage2 Epoch 72/75:  89%|████████▉ | 146/164 [00:49\u003c00:05,  3.00it/s, loss=0.7544, acc=0.9643]\r[label_smooth] Stage2 Epoch 72/75:  89%|████████▉ | 146/164 [00:49\u003c00:05,  3.00it/s, loss=0.7541, acc=0.9643]\n"}
,{"stream_name":"stderr","time":5238.467710321,"data":"\r[label_smooth] Stage2 Epoch 72/75:  89%|████████▉ | 146/164 [00:49\u003c00:05,  3.00it/s, loss=0.7541, acc=0.9643]\r[label_smooth] Stage2 Epoch 72/75:  90%|████████▉ | 147/164 [00:49\u003c00:05,  3.01it/s, loss=0.7541, acc=0.9643]\n"}
,{"stream_name":"stderr","time":5238.797330395,"data":"\r[label_smooth] Stage2 Epoch 72/75:  90%|████████▉ | 147/164 [00:49\u003c00:05,  3.01it/s, loss=0.7541, acc=0.9643]\r[label_smooth] Stage2 Epoch 72/75:  90%|████████▉ | 147/164 [00:49\u003c00:05,  3.01it/s, loss=0.7539, acc=0.9645]\n"}
,{"stream_name":"stderr","time":5238.79831949,"data":"\r[label_smooth] Stage2 Epoch 72/75:  90%|████████▉ | 147/164 [00:49\u003c00:05,  3.01it/s, loss=0.7539, acc=0.9645]\r[label_smooth] Stage2 Epoch 72/75:  90%|█████████ | 148/164 [00:49\u003c00:05,  3.02it/s, loss=0.7539, acc=0.9645]\n"}
,{"stream_name":"stderr","time":5239.124050693,"data":"\r[label_smooth] Stage2 Epoch 72/75:  90%|█████████ | 148/164 [00:49\u003c00:05,  3.02it/s, loss=0.7539, acc=0.9645]\r[label_smooth] Stage2 Epoch 72/75:  90%|█████████ | 148/164 [00:50\u003c00:05,  3.02it/s, loss=0.7553, acc=0.9639]\n"}
,{"stream_name":"stderr","time":5239.125122536,"data":"\r[label_smooth] Stage2 Epoch 72/75:  90%|█████████ | 148/164 [00:50\u003c00:05,  3.02it/s, loss=0.7553, acc=0.9639]\r[label_smooth] Stage2 Epoch 72/75:  91%|█████████ | 149/164 [00:50\u003c00:04,  3.03it/s, loss=0.7553, acc=0.9639]\n"}
,{"stream_name":"stderr","time":5239.455950093,"data":"\r[label_smooth] Stage2 Epoch 72/75:  91%|█████████ | 149/164 [00:50\u003c00:04,  3.03it/s, loss=0.7553, acc=0.9639]\r[label_smooth] Stage2 Epoch 72/75:  91%|█████████ | 149/164 [00:50\u003c00:04,  3.03it/s, loss=0.7554, acc=0.9640]\n"}
,{"stream_name":"stderr","time":5239.45755229,"data":"\r[label_smooth] Stage2 Epoch 72/75:  91%|█████████ | 149/164 [00:50\u003c00:04,  3.03it/s, loss=0.7554, acc=0.9640]\r[label_smooth] Stage2 Epoch 72/75:  91%|█████████▏| 150/164 [00:50\u003c00:04,  3.02it/s, loss=0.7554, acc=0.9640]\n"}
,{"stream_name":"stderr","time":5239.787337,"data":"\r[label_smooth] Stage2 Epoch 72/75:  91%|█████████▏| 150/164 [00:50\u003c00:04,  3.02it/s, loss=0.7554, acc=0.9640]\r[label_smooth] Stage2 Epoch 72/75:  91%|█████████▏| 150/164 [00:50\u003c00:04,  3.02it/s, loss=0.7553, acc=0.9640]\n"}
,{"stream_name":"stderr","time":5239.788270771,"data":"\r[label_smooth] Stage2 Epoch 72/75:  91%|█████████▏| 150/164 [00:50\u003c00:04,  3.02it/s, loss=0.7553, acc=0.9640]\r[label_smooth] Stage2 Epoch 72/75:  92%|█████████▏| 151/164 [00:50\u003c00:04,  3.02it/s, loss=0.7553, acc=0.9640]\n"}
,{"stream_name":"stderr","time":5240.119361003,"data":"\r[label_smooth] Stage2 Epoch 72/75:  92%|█████████▏| 151/164 [00:50\u003c00:04,  3.02it/s, loss=0.7553, acc=0.9640]\r[label_smooth] Stage2 Epoch 72/75:  92%|█████████▏| 151/164 [00:51\u003c00:04,  3.02it/s, loss=0.7552, acc=0.9640]\n"}
,{"stream_name":"stderr","time":5240.12049781,"data":"\r[label_smooth] Stage2 Epoch 72/75:  92%|█████████▏| 151/164 [00:51\u003c00:04,  3.02it/s, loss=0.7552, acc=0.9640]\r[label_smooth] Stage2 Epoch 72/75:  93%|█████████▎| 152/164 [00:51\u003c00:03,  3.02it/s, loss=0.7552, acc=0.9640]\n"}
,{"stream_name":"stderr","time":5240.450222086,"data":"\r[label_smooth] Stage2 Epoch 72/75:  93%|█████████▎| 152/164 [00:51\u003c00:03,  3.02it/s, loss=0.7552, acc=0.9640]\r[label_smooth] Stage2 Epoch 72/75:  93%|█████████▎| 152/164 [00:51\u003c00:03,  3.02it/s, loss=0.7552, acc=0.9641]\n"}
,{"stream_name":"stderr","time":5240.45188478,"data":"\r[label_smooth] Stage2 Epoch 72/75:  93%|█████████▎| 152/164 [00:51\u003c00:03,  3.02it/s, loss=0.7552, acc=0.9641]\r[label_smooth] Stage2 Epoch 72/75:  93%|█████████▎| 153/164 [00:51\u003c00:03,  3.02it/s, loss=0.7552, acc=0.9641]\n"}
,{"stream_name":"stderr","time":5240.783176905,"data":"\r[label_smooth] Stage2 Epoch 72/75:  93%|█████████▎| 153/164 [00:51\u003c00:03,  3.02it/s, loss=0.7552, acc=0.9641]\r[label_smooth] Stage2 Epoch 72/75:  93%|█████████▎| 153/164 [00:51\u003c00:03,  3.02it/s, loss=0.7550, acc=0.9641]\n"}
,{"stream_name":"stderr","time":5240.784682486,"data":"\r[label_smooth] Stage2 Epoch 72/75:  93%|█████████▎| 153/164 [00:51\u003c00:03,  3.02it/s, loss=0.7550, acc=0.9641]\r[label_smooth] Stage2 Epoch 72/75:  94%|█████████▍| 154/164 [00:51\u003c00:03,  3.01it/s, loss=0.7550, acc=0.9641]\n"}
,{"stream_name":"stderr","time":5241.120793673,"data":"\r[label_smooth] Stage2 Epoch 72/75:  94%|█████████▍| 154/164 [00:51\u003c00:03,  3.01it/s, loss=0.7550, acc=0.9641]\r[label_smooth] Stage2 Epoch 72/75:  94%|█████████▍| 154/164 [00:52\u003c00:03,  3.01it/s, loss=0.7548, acc=0.9643]\n"}
,{"stream_name":"stderr","time":5241.123236469,"data":"\r[label_smooth] Stage2 Epoch 72/75:  94%|█████████▍| 154/164 [00:52\u003c00:03,  3.01it/s, loss=0.7548, acc=0.9643]\r[label_smooth] Stage2 Epoch 72/75:  95%|█████████▍| 155/164 [00:52\u003c00:02,  3.00it/s, loss=0.7548, acc=0.9643]\n"}
,{"stream_name":"stderr","time":5241.460558616,"data":"\r[label_smooth] Stage2 Epoch 72/75:  95%|█████████▍| 155/164 [00:52\u003c00:02,  3.00it/s, loss=0.7548, acc=0.9643]\r[label_smooth] Stage2 Epoch 72/75:  95%|█████████▍| 155/164 [00:52\u003c00:02,  3.00it/s, loss=0.7543, acc=0.9645]\n"}
,{"stream_name":"stderr","time":5241.464084742,"data":"\r[label_smooth] Stage2 Epoch 72/75:  95%|█████████▍| 155/164 [00:52\u003c00:02,  3.00it/s, loss=0.7543, acc=0.9645]\r[label_smooth] Stage2 Epoch 72/75:  95%|█████████▌| 156/164 [00:52\u003c00:02,  2.98it/s, loss=0.7543, acc=0.9645]\n"}
,{"stream_name":"stderr","time":5241.79473612,"data":"\r[label_smooth] Stage2 Epoch 72/75:  95%|█████████▌| 156/164 [00:52\u003c00:02,  2.98it/s, loss=0.7543, acc=0.9645]\r[label_smooth] Stage2 Epoch 72/75:  95%|█████████▌| 156/164 [00:52\u003c00:02,  2.98it/s, loss=0.7549, acc=0.9644]\n"}
,{"stream_name":"stderr","time":5241.795636485,"data":"\r[label_smooth] Stage2 Epoch 72/75:  95%|█████████▌| 156/164 [00:52\u003c00:02,  2.98it/s, loss=0.7549, acc=0.9644]\r[label_smooth] Stage2 Epoch 72/75:  96%|█████████▌| 157/164 [00:52\u003c00:02,  2.99it/s, loss=0.7549, acc=0.9644]\n"}
,{"stream_name":"stderr","time":5242.122784531,"data":"\r[label_smooth] Stage2 Epoch 72/75:  96%|█████████▌| 157/164 [00:52\u003c00:02,  2.99it/s, loss=0.7549, acc=0.9644]\r[label_smooth] Stage2 Epoch 72/75:  96%|█████████▌| 157/164 [00:53\u003c00:02,  2.99it/s, loss=0.7551, acc=0.9644]\n"}
,{"stream_name":"stderr","time":5242.123819667,"data":"\r[label_smooth] Stage2 Epoch 72/75:  96%|█████████▌| 157/164 [00:53\u003c00:02,  2.99it/s, loss=0.7551, acc=0.9644]\r[label_smooth] Stage2 Epoch 72/75:  96%|█████████▋| 158/164 [00:53\u003c00:01,  3.00it/s, loss=0.7551, acc=0.9644]\n"}
,{"stream_name":"stderr","time":5242.452018417,"data":"\r[label_smooth] Stage2 Epoch 72/75:  96%|█████████▋| 158/164 [00:53\u003c00:01,  3.00it/s, loss=0.7551, acc=0.9644]\r[label_smooth] Stage2 Epoch 72/75:  96%|█████████▋| 158/164 [00:53\u003c00:01,  3.00it/s, loss=0.7551, acc=0.9644]\n"}
,{"stream_name":"stderr","time":5242.453177615,"data":"\r[label_smooth] Stage2 Epoch 72/75:  96%|█████████▋| 158/164 [00:53\u003c00:01,  3.00it/s, loss=0.7551, acc=0.9644]\r[label_smooth] Stage2 Epoch 72/75:  97%|█████████▋| 159/164 [00:53\u003c00:01,  3.01it/s, loss=0.7551, acc=0.9644]\n"}
,{"stream_name":"stderr","time":5242.777266834,"data":"\r[label_smooth] Stage2 Epoch 72/75:  97%|█████████▋| 159/164 [00:53\u003c00:01,  3.01it/s, loss=0.7551, acc=0.9644]\r[label_smooth] Stage2 Epoch 72/75:  97%|█████████▋| 159/164 [00:53\u003c00:01,  3.01it/s, loss=0.7552, acc=0.9646]\n"}
,{"stream_name":"stderr","time":5242.778263391,"data":"\r[label_smooth] Stage2 Epoch 72/75:  97%|█████████▋| 159/164 [00:53\u003c00:01,  3.01it/s, loss=0.7552, acc=0.9646]\r[label_smooth] Stage2 Epoch 72/75:  98%|█████████▊| 160/164 [00:53\u003c00:01,  3.03it/s, loss=0.7552, acc=0.9646]\n"}
,{"stream_name":"stderr","time":5243.104643903,"data":"\r[label_smooth] Stage2 Epoch 72/75:  98%|█████████▊| 160/164 [00:53\u003c00:01,  3.03it/s, loss=0.7552, acc=0.9646]\r[label_smooth] Stage2 Epoch 72/75:  98%|█████████▊| 160/164 [00:54\u003c00:01,  3.03it/s, loss=0.7548, acc=0.9649]\n"}
,{"stream_name":"stderr","time":5243.105405641,"data":"\r[label_smooth] Stage2 Epoch 72/75:  98%|█████████▊| 160/164 [00:54\u003c00:01,  3.03it/s, loss=0.7548, acc=0.9649]\r[label_smooth] Stage2 Epoch 72/75:  98%|█████████▊| 161/164 [00:54\u003c00:00,  3.04it/s, loss=0.7548, acc=0.9649]\n"}
,{"stream_name":"stderr","time":5243.433412512,"data":"\r[label_smooth] Stage2 Epoch 72/75:  98%|█████████▊| 161/164 [00:54\u003c00:00,  3.04it/s, loss=0.7548, acc=0.9649]\r[label_smooth] Stage2 Epoch 72/75:  98%|█████████▊| 161/164 [00:54\u003c00:00,  3.04it/s, loss=0.7547, acc=0.9651]\n"}
,{"stream_name":"stderr","time":5243.433963566,"data":"\r[label_smooth] Stage2 Epoch 72/75:  98%|█████████▊| 161/164 [00:54\u003c00:00,  3.04it/s, loss=0.7547, acc=0.9651]\r[label_smooth] Stage2 Epoch 72/75:  99%|█████████▉| 162/164 [00:54\u003c00:00,  3.04it/s, loss=0.7547, acc=0.9651]\n"}
,{"stream_name":"stderr","time":5243.758695329,"data":"\r[label_smooth] Stage2 Epoch 72/75:  99%|█████████▉| 162/164 [00:54\u003c00:00,  3.04it/s, loss=0.7547, acc=0.9651]\r[label_smooth] Stage2 Epoch 72/75:  99%|█████████▉| 162/164 [00:54\u003c00:00,  3.04it/s, loss=0.7547, acc=0.9651]\n"}
,{"stream_name":"stderr","time":5243.759499511,"data":"\r[label_smooth] Stage2 Epoch 72/75:  99%|█████████▉| 162/164 [00:54\u003c00:00,  3.04it/s, loss=0.7547, acc=0.9651]\r[label_smooth] Stage2 Epoch 72/75:  99%|█████████▉| 163/164 [00:54\u003c00:00,  3.05it/s, loss=0.7547, acc=0.9651]\n"}
,{"stream_name":"stderr","time":5244.075566706,"data":"\r[label_smooth] Stage2 Epoch 72/75:  99%|█████████▉| 163/164 [00:54\u003c00:00,  3.05it/s, loss=0.7547, acc=0.9651]\r[label_smooth] Stage2 Epoch 72/75:  99%|█████████▉| 163/164 [00:55\u003c00:00,  3.05it/s, loss=0.7555, acc=0.9649]\n"}
,{"stream_name":"stderr","time":5244.076756215,"data":"\r[label_smooth] Stage2 Epoch 72/75:  99%|█████████▉| 163/164 [00:55\u003c00:00,  3.05it/s, loss=0.7555, acc=0.9649]\r[label_smooth] Stage2 Epoch 72/75: 100%|██████████| 164/164 [00:55\u003c00:00,  3.08it/s, loss=0.7555, acc=0.9649]\n"}
,{"stream_name":"stderr","time":5244.139167492,"data":"\r[label_smooth] Stage2 Epoch 72/75: 100%|██████████| 164/164 [00:55\u003c00:00,  3.08it/s, loss=0.7555, acc=0.9649]\r[label_smooth] Stage2 Epoch 72/75: 100%|██████████| 164/164 [00:55\u003c00:00,  2.98it/s, loss=0.7555, acc=0.9649]\n"}
,{"stream_name":"stderr","time":5244.145744131,"data":"\r[label_smooth] Stage2 Epoch 72/75: 100%|██████████| 164/164 [00:55\u003c00:00,  2.98it/s, loss=0.7555, acc=0.9649]\n"}
,{"stream_name":"stderr","time":5244.14576612,"data":"\n"}
,{"stream_name":"stderr","time":5244.145770193,"data":"\n"}
,{"stream_name":"stdout","time":5248.708739306,"data":"  Val Loss: 0.9872 | Val Acc: 0.8750 | Val Macro-F1: 0.7775\n"}
,{"stream_name":"stderr","time":5248.70979978,"data":"\r[label_smooth] Stage2 Epoch 73/75:   0%|          | 0/164 [00:00\u003c?, ?it/s]\n"}
,{"stream_name":"stderr","time":5249.791689997,"data":"\r[label_smooth] Stage2 Epoch 73/75:   0%|          | 0/164 [00:00\u003c?, ?it/s]\r[label_smooth] Stage2 Epoch 73/75:   0%|          | 0/164 [00:01\u003c?, ?it/s, loss=0.7152, acc=0.9375]\n"}
,{"stream_name":"stderr","time":5249.793663683,"data":"\r[label_smooth] Stage2 Epoch 73/75:   0%|          | 0/164 [00:01\u003c?, ?it/s, loss=0.7152, acc=0.9375]\r[label_smooth] Stage2 Epoch 73/75:   1%|          | 1/164 [00:01\u003c02:56,  1.08s/it, loss=0.7152, acc=0.9375]\n"}
,{"stream_name":"stderr","time":5250.174973873,"data":"\r[label_smooth] Stage2 Epoch 73/75:   1%|          | 1/164 [00:01\u003c02:56,  1.08s/it, loss=0.7152, acc=0.9375]\r[label_smooth] Stage2 Epoch 73/75:   1%|          | 1/164 [00:01\u003c02:56,  1.08s/it, loss=0.7457, acc=0.9531]\n"}
,{"stream_name":"stderr","time":5250.175634464,"data":"\r[label_smooth] Stage2 Epoch 73/75:   1%|          | 1/164 [00:01\u003c02:56,  1.08s/it, loss=0.7457, acc=0.9531]\r[label_smooth] Stage2 Epoch 73/75:   1%|          | 2/164 [00:01\u003c01:48,  1.49it/s, loss=0.7457, acc=0.9531]\n"}
,{"stream_name":"stderr","time":5250.503588739,"data":"\r[label_smooth] Stage2 Epoch 73/75:   1%|          | 2/164 [00:01\u003c01:48,  1.49it/s, loss=0.7457, acc=0.9531]\r[label_smooth] Stage2 Epoch 73/75:   1%|          | 2/164 [00:01\u003c01:48,  1.49it/s, loss=0.7304, acc=0.9583]\n"}
,{"stream_name":"stderr","time":5250.504272449,"data":"\r[label_smooth] Stage2 Epoch 73/75:   1%|          | 2/164 [00:01\u003c01:48,  1.49it/s, loss=0.7304, acc=0.9583]\r[label_smooth] Stage2 Epoch 73/75:   2%|▏         | 3/164 [00:01\u003c01:22,  1.94it/s, loss=0.7304, acc=0.9583]\n"}
,{"stream_name":"stderr","time":5250.831829773,"data":"\r[label_smooth] Stage2 Epoch 73/75:   2%|▏         | 3/164 [00:01\u003c01:22,  1.94it/s, loss=0.7304, acc=0.9583]\r[label_smooth] Stage2 Epoch 73/75:   2%|▏         | 3/164 [00:02\u003c01:22,  1.94it/s, loss=0.7450, acc=0.9531]\n"}
,{"stream_name":"stderr","time":5250.838715984,"data":"\r[label_smooth] Stage2 Epoch 73/75:   2%|▏         | 3/164 [00:02\u003c01:22,  1.94it/s, loss=0.7450, acc=0.9531]\r[label_smooth] Stage2 Epoch 73/75:   2%|▏         | 4/164 [00:02\u003c01:10,  2.26it/s, loss=0.7450, acc=0.9531]\n"}
,{"stream_name":"stderr","time":5251.170615741,"data":"\r[label_smooth] Stage2 Epoch 73/75:   2%|▏         | 4/164 [00:02\u003c01:10,  2.26it/s, loss=0.7450, acc=0.9531]\r[label_smooth] Stage2 Epoch 73/75:   2%|▏         | 4/164 [00:02\u003c01:10,  2.26it/s, loss=0.7595, acc=0.9500]\n"}
,{"stream_name":"stderr","time":5251.174750143,"data":"\r[label_smooth] Stage2 Epoch 73/75:   2%|▏         | 4/164 [00:02\u003c01:10,  2.26it/s, loss=0.7595, acc=0.9500]\r[label_smooth] Stage2 Epoch 73/75:   3%|▎         | 5/164 [00:02\u003c01:04,  2.47it/s, loss=0.7595, acc=0.9500]\n"}
,{"stream_name":"stderr","time":5251.517364462,"data":"\r[label_smooth] Stage2 Epoch 73/75:   3%|▎         | 5/164 [00:02\u003c01:04,  2.47it/s, loss=0.7595, acc=0.9500]\r[label_smooth] Stage2 Epoch 73/75:   3%|▎         | 5/164 [00:02\u003c01:04,  2.47it/s, loss=0.7506, acc=0.9583]\n"}
,{"stream_name":"stderr","time":5251.519037139,"data":"\r[label_smooth] Stage2 Epoch 73/75:   3%|▎         | 5/164 [00:02\u003c01:04,  2.47it/s, loss=0.7506, acc=0.9583]\r[label_smooth] Stage2 Epoch 73/75:   4%|▎         | 6/164 [00:02\u003c01:00,  2.60it/s, loss=0.7506, acc=0.9583]\n"}
,{"stream_name":"stderr","time":5251.847531301,"data":"\r[label_smooth] Stage2 Epoch 73/75:   4%|▎         | 6/164 [00:02\u003c01:00,  2.60it/s, loss=0.7506, acc=0.9583]\r[label_smooth] Stage2 Epoch 73/75:   4%|▎         | 6/164 [00:03\u003c01:00,  2.60it/s, loss=0.7460, acc=0.9643]\n"}
,{"stream_name":"stderr","time":5251.850269589,"data":"\r[label_smooth] Stage2 Epoch 73/75:   4%|▎         | 6/164 [00:03\u003c01:00,  2.60it/s, loss=0.7460, acc=0.9643]\r[label_smooth] Stage2 Epoch 73/75:   4%|▍         | 7/164 [00:03\u003c00:57,  2.73it/s, loss=0.7460, acc=0.9643]\n"}
,{"stream_name":"stderr","time":5252.175023688,"data":"\r[label_smooth] Stage2 Epoch 73/75:   4%|▍         | 7/164 [00:03\u003c00:57,  2.73it/s, loss=0.7460, acc=0.9643]\r[label_smooth] Stage2 Epoch 73/75:   4%|▍         | 7/164 [00:03\u003c00:57,  2.73it/s, loss=0.7544, acc=0.9648]\n"}
,{"stream_name":"stderr","time":5252.176507439,"data":"\r[label_smooth] Stage2 Epoch 73/75:   4%|▍         | 7/164 [00:03\u003c00:57,  2.73it/s, loss=0.7544, acc=0.9648]\r[label_smooth] Stage2 Epoch 73/75:   5%|▍         | 8/164 [00:03\u003c00:55,  2.82it/s, loss=0.7544, acc=0.9648]\n"}
,{"stream_name":"stderr","time":5252.5065323,"data":"\r[label_smooth] Stage2 Epoch 73/75:   5%|▍         | 8/164 [00:03\u003c00:55,  2.82it/s, loss=0.7544, acc=0.9648]\r[label_smooth] Stage2 Epoch 73/75:   5%|▍         | 8/164 [00:03\u003c00:55,  2.82it/s, loss=0.7577, acc=0.9618]\n"}
,{"stream_name":"stderr","time":5252.50760908,"data":"\r[label_smooth] Stage2 Epoch 73/75:   5%|▍         | 8/164 [00:03\u003c00:55,  2.82it/s, loss=0.7577, acc=0.9618]\r[label_smooth] Stage2 Epoch 73/75:   5%|▌         | 9/164 [00:03\u003c00:53,  2.88it/s, loss=0.7577, acc=0.9618]\n"}
,{"stream_name":"stderr","time":5252.838758113,"data":"\r[label_smooth] Stage2 Epoch 73/75:   5%|▌         | 9/164 [00:03\u003c00:53,  2.88it/s, loss=0.7577, acc=0.9618]\r[label_smooth] Stage2 Epoch 73/75:   5%|▌         | 9/164 [00:04\u003c00:53,  2.88it/s, loss=0.7593, acc=0.9625]\n"}
,{"stream_name":"stderr","time":5252.84115111,"data":"\r[label_smooth] Stage2 Epoch 73/75:   5%|▌         | 9/164 [00:04\u003c00:53,  2.88it/s, loss=0.7593, acc=0.9625]\r[label_smooth] Stage2 Epoch 73/75:   6%|▌         | 10/164 [00:04\u003c00:52,  2.92it/s, loss=0.7593, acc=0.9625]\n"}
,{"stream_name":"stderr","time":5253.170682309,"data":"\r[label_smooth] Stage2 Epoch 73/75:   6%|▌         | 10/164 [00:04\u003c00:52,  2.92it/s, loss=0.7593, acc=0.9625]\r[label_smooth] Stage2 Epoch 73/75:   6%|▌         | 10/164 [00:04\u003c00:52,  2.92it/s, loss=0.7566, acc=0.9631]\n"}
,{"stream_name":"stderr","time":5253.175198657,"data":"\r[label_smooth] Stage2 Epoch 73/75:   6%|▌         | 10/164 [00:04\u003c00:52,  2.92it/s, loss=0.7566, acc=0.9631]\r[label_smooth] Stage2 Epoch 73/75:   7%|▋         | 11/164 [00:04\u003c00:52,  2.94it/s, loss=0.7566, acc=0.9631]\n"}
,{"stream_name":"stderr","time":5253.505443797,"data":"\r[label_smooth] Stage2 Epoch 73/75:   7%|▋         | 11/164 [00:04\u003c00:52,  2.94it/s, loss=0.7566, acc=0.9631]\r[label_smooth] Stage2 Epoch 73/75:   7%|▋         | 11/164 [00:04\u003c00:52,  2.94it/s, loss=0.7507, acc=0.9661]\n"}
,{"stream_name":"stderr","time":5253.508089762,"data":"\r[label_smooth] Stage2 Epoch 73/75:   7%|▋         | 11/164 [00:04\u003c00:52,  2.94it/s, loss=0.7507, acc=0.9661]\r[label_smooth] Stage2 Epoch 73/75:   7%|▋         | 12/164 [00:04\u003c00:51,  2.96it/s, loss=0.7507, acc=0.9661]\n"}
,{"stream_name":"stderr","time":5253.838761463,"data":"\r[label_smooth] Stage2 Epoch 73/75:   7%|▋         | 12/164 [00:04\u003c00:51,  2.96it/s, loss=0.7507, acc=0.9661]\r[label_smooth] Stage2 Epoch 73/75:   7%|▋         | 12/164 [00:05\u003c00:51,  2.96it/s, loss=0.7501, acc=0.9639]\n"}
,{"stream_name":"stderr","time":5253.844593446,"data":"\r[label_smooth] Stage2 Epoch 73/75:   7%|▋         | 12/164 [00:05\u003c00:51,  2.96it/s, loss=0.7501, acc=0.9639]\r[label_smooth] Stage2 Epoch 73/75:   8%|▊         | 13/164 [00:05\u003c00:50,  2.97it/s, loss=0.7501, acc=0.9639]\n"}
,{"stream_name":"stderr","time":5254.167765822,"data":"\r[label_smooth] Stage2 Epoch 73/75:   8%|▊         | 13/164 [00:05\u003c00:50,  2.97it/s, loss=0.7501, acc=0.9639]\r[label_smooth] Stage2 Epoch 73/75:   8%|▊         | 13/164 [00:05\u003c00:50,  2.97it/s, loss=0.7576, acc=0.9621]\n"}
,{"stream_name":"stderr","time":5254.168694252,"data":"\r[label_smooth] Stage2 Epoch 73/75:   8%|▊         | 13/164 [00:05\u003c00:50,  2.97it/s, loss=0.7576, acc=0.9621]\r[label_smooth] Stage2 Epoch 73/75:   9%|▊         | 14/164 [00:05\u003c00:50,  2.99it/s, loss=0.7576, acc=0.9621]\n"}
,{"stream_name":"stderr","time":5254.49680866,"data":"\r[label_smooth] Stage2 Epoch 73/75:   9%|▊         | 14/164 [00:05\u003c00:50,  2.99it/s, loss=0.7576, acc=0.9621]\r[label_smooth] Stage2 Epoch 73/75:   9%|▊         | 14/164 [00:05\u003c00:50,  2.99it/s, loss=0.7572, acc=0.9625]\n"}
,{"stream_name":"stderr","time":5254.498503776,"data":"\r[label_smooth] Stage2 Epoch 73/75:   9%|▊         | 14/164 [00:05\u003c00:50,  2.99it/s, loss=0.7572, acc=0.9625]\r[label_smooth] Stage2 Epoch 73/75:   9%|▉         | 15/164 [00:05\u003c00:49,  3.01it/s, loss=0.7572, acc=0.9625]\n"}
,{"stream_name":"stderr","time":5254.825551641,"data":"\r[label_smooth] Stage2 Epoch 73/75:   9%|▉         | 15/164 [00:05\u003c00:49,  3.01it/s, loss=0.7572, acc=0.9625]\r[label_smooth] Stage2 Epoch 73/75:   9%|▉         | 15/164 [00:06\u003c00:49,  3.01it/s, loss=0.7514, acc=0.9648]\n"}
,{"stream_name":"stderr","time":5254.826658219,"data":"\r[label_smooth] Stage2 Epoch 73/75:   9%|▉         | 15/164 [00:06\u003c00:49,  3.01it/s, loss=0.7514, acc=0.9648]\r[label_smooth] Stage2 Epoch 73/75:  10%|▉         | 16/164 [00:06\u003c00:49,  3.02it/s, loss=0.7514, acc=0.9648]\n"}
,{"stream_name":"stderr","time":5255.15314027,"data":"\r[label_smooth] Stage2 Epoch 73/75:  10%|▉         | 16/164 [00:06\u003c00:49,  3.02it/s, loss=0.7514, acc=0.9648]\r[label_smooth] Stage2 Epoch 73/75:  10%|▉         | 16/164 [00:06\u003c00:49,  3.02it/s, loss=0.7525, acc=0.9651]\n"}
,{"stream_name":"stderr","time":5255.154263155,"data":"\r[label_smooth] Stage2 Epoch 73/75:  10%|▉         | 16/164 [00:06\u003c00:49,  3.02it/s, loss=0.7525, acc=0.9651]\r[label_smooth] Stage2 Epoch 73/75:  10%|█         | 17/164 [00:06\u003c00:48,  3.03it/s, loss=0.7525, acc=0.9651]\n"}
,{"stream_name":"stderr","time":5255.484571588,"data":"\r[label_smooth] Stage2 Epoch 73/75:  10%|█         | 17/164 [00:06\u003c00:48,  3.03it/s, loss=0.7525, acc=0.9651]\r[label_smooth] Stage2 Epoch 73/75:  10%|█         | 17/164 [00:06\u003c00:48,  3.03it/s, loss=0.7585, acc=0.9635]\n"}
,{"stream_name":"stderr","time":5255.486408586,"data":"\r[label_smooth] Stage2 Epoch 73/75:  10%|█         | 17/164 [00:06\u003c00:48,  3.03it/s, loss=0.7585, acc=0.9635]\r[label_smooth] Stage2 Epoch 73/75:  11%|█         | 18/164 [00:06\u003c00:48,  3.03it/s, loss=0.7585, acc=0.9635]\n"}
,{"stream_name":"stderr","time":5255.811898336,"data":"\r[label_smooth] Stage2 Epoch 73/75:  11%|█         | 18/164 [00:06\u003c00:48,  3.03it/s, loss=0.7585, acc=0.9635]\r[label_smooth] Stage2 Epoch 73/75:  11%|█         | 18/164 [00:07\u003c00:48,  3.03it/s, loss=0.7603, acc=0.9638]\n"}
,{"stream_name":"stderr","time":5255.812741696,"data":"\r[label_smooth] Stage2 Epoch 73/75:  11%|█         | 18/164 [00:07\u003c00:48,  3.03it/s, loss=0.7603, acc=0.9638]\r[label_smooth] Stage2 Epoch 73/75:  12%|█▏        | 19/164 [00:07\u003c00:47,  3.03it/s, loss=0.7603, acc=0.9638]\n"}
,{"stream_name":"stderr","time":5256.140079144,"data":"\r[label_smooth] Stage2 Epoch 73/75:  12%|█▏        | 19/164 [00:07\u003c00:47,  3.03it/s, loss=0.7603, acc=0.9638]\r[label_smooth] Stage2 Epoch 73/75:  12%|█▏        | 19/164 [00:07\u003c00:47,  3.03it/s, loss=0.7598, acc=0.9641]\n"}
,{"stream_name":"stderr","time":5256.142620013,"data":"\r[label_smooth] Stage2 Epoch 73/75:  12%|█▏        | 19/164 [00:07\u003c00:47,  3.03it/s, loss=0.7598, acc=0.9641]\r[label_smooth] Stage2 Epoch 73/75:  12%|█▏        | 20/164 [00:07\u003c00:47,  3.04it/s, loss=0.7598, acc=0.9641]\n"}
,{"stream_name":"stderr","time":5256.473530223,"data":"\r[label_smooth] Stage2 Epoch 73/75:  12%|█▏        | 20/164 [00:07\u003c00:47,  3.04it/s, loss=0.7598, acc=0.9641]\r[label_smooth] Stage2 Epoch 73/75:  12%|█▏        | 20/164 [00:07\u003c00:47,  3.04it/s, loss=0.7570, acc=0.9643]\n"}
,{"stream_name":"stderr","time":5256.474149371,"data":"\r[label_smooth] Stage2 Epoch 73/75:  12%|█▏        | 20/164 [00:07\u003c00:47,  3.04it/s, loss=0.7570, acc=0.9643]\r[label_smooth] Stage2 Epoch 73/75:  13%|█▎        | 21/164 [00:07\u003c00:47,  3.03it/s, loss=0.7570, acc=0.9643]\n"}
,{"stream_name":"stderr","time":5256.801990001,"data":"\r[label_smooth] Stage2 Epoch 73/75:  13%|█▎        | 21/164 [00:07\u003c00:47,  3.03it/s, loss=0.7570, acc=0.9643]\r[label_smooth] Stage2 Epoch 73/75:  13%|█▎        | 21/164 [00:08\u003c00:47,  3.03it/s, loss=0.7534, acc=0.9659]\n"}
,{"stream_name":"stderr","time":5256.802884382,"data":"\r[label_smooth] Stage2 Epoch 73/75:  13%|█▎        | 21/164 [00:08\u003c00:47,  3.03it/s, loss=0.7534, acc=0.9659]\r[label_smooth] Stage2 Epoch 73/75:  13%|█▎        | 22/164 [00:08\u003c00:46,  3.03it/s, loss=0.7534, acc=0.9659]\n"}
,{"stream_name":"stderr","time":5257.129956381,"data":"\r[label_smooth] Stage2 Epoch 73/75:  13%|█▎        | 22/164 [00:08\u003c00:46,  3.03it/s, loss=0.7534, acc=0.9659]\r[label_smooth] Stage2 Epoch 73/75:  13%|█▎        | 22/164 [00:08\u003c00:46,  3.03it/s, loss=0.7565, acc=0.9647]\n"}
,{"stream_name":"stderr","time":5257.13121293,"data":"\r[label_smooth] Stage2 Epoch 73/75:  13%|█▎        | 22/164 [00:08\u003c00:46,  3.03it/s, loss=0.7565, acc=0.9647]\r[label_smooth] Stage2 Epoch 73/75:  14%|█▍        | 23/164 [00:08\u003c00:46,  3.04it/s, loss=0.7565, acc=0.9647]\n"}
,{"stream_name":"stderr","time":5257.460878374,"data":"\r[label_smooth] Stage2 Epoch 73/75:  14%|█▍        | 23/164 [00:08\u003c00:46,  3.04it/s, loss=0.7565, acc=0.9647]\r[label_smooth] Stage2 Epoch 73/75:  14%|█▍        | 23/164 [00:08\u003c00:46,  3.04it/s, loss=0.7527, acc=0.9661]\n"}
,{"stream_name":"stderr","time":5257.461759728,"data":"\r[label_smooth] Stage2 Epoch 73/75:  14%|█▍        | 23/164 [00:08\u003c00:46,  3.04it/s, loss=0.7527, acc=0.9661]\r[label_smooth] Stage2 Epoch 73/75:  15%|█▍        | 24/164 [00:08\u003c00:46,  3.03it/s, loss=0.7527, acc=0.9661]\n"}
,{"stream_name":"stderr","time":5257.790568503,"data":"\r[label_smooth] Stage2 Epoch 73/75:  15%|█▍        | 24/164 [00:08\u003c00:46,  3.03it/s, loss=0.7527, acc=0.9661]\r[label_smooth] Stage2 Epoch 73/75:  15%|█▍        | 24/164 [00:09\u003c00:46,  3.03it/s, loss=0.7501, acc=0.9663]\n"}
,{"stream_name":"stderr","time":5257.791796129,"data":"\r[label_smooth] Stage2 Epoch 73/75:  15%|█▍        | 24/164 [00:09\u003c00:46,  3.03it/s, loss=0.7501, acc=0.9663]\r[label_smooth] Stage2 Epoch 73/75:  15%|█▌        | 25/164 [00:09\u003c00:45,  3.03it/s, loss=0.7501, acc=0.9663]\n"}
,{"stream_name":"stderr","time":5258.123004078,"data":"\r[label_smooth] Stage2 Epoch 73/75:  15%|█▌        | 25/164 [00:09\u003c00:45,  3.03it/s, loss=0.7501, acc=0.9663]\r[label_smooth] Stage2 Epoch 73/75:  15%|█▌        | 25/164 [00:09\u003c00:45,  3.03it/s, loss=0.7541, acc=0.9651]\n"}
,{"stream_name":"stderr","time":5258.126899472,"data":"\r[label_smooth] Stage2 Epoch 73/75:  15%|█▌        | 25/164 [00:09\u003c00:45,  3.03it/s, loss=0.7541, acc=0.9651]\r[label_smooth] Stage2 Epoch 73/75:  16%|█▌        | 26/164 [00:09\u003c00:45,  3.03it/s, loss=0.7541, acc=0.9651]\n"}
,{"stream_name":"stderr","time":5258.455910577,"data":"\r[label_smooth] Stage2 Epoch 73/75:  16%|█▌        | 26/164 [00:09\u003c00:45,  3.03it/s, loss=0.7541, acc=0.9651]\r[label_smooth] Stage2 Epoch 73/75:  16%|█▌        | 26/164 [00:09\u003c00:45,  3.03it/s, loss=0.7545, acc=0.9630]\n"}
,{"stream_name":"stderr","time":5258.457053824,"data":"\r[label_smooth] Stage2 Epoch 73/75:  16%|█▌        | 26/164 [00:09\u003c00:45,  3.03it/s, loss=0.7545, acc=0.9630]\r[label_smooth] Stage2 Epoch 73/75:  16%|█▋        | 27/164 [00:09\u003c00:45,  3.02it/s, loss=0.7545, acc=0.9630]\n"}
,{"stream_name":"stderr","time":5258.788174661,"data":"\r[label_smooth] Stage2 Epoch 73/75:  16%|█▋        | 27/164 [00:09\u003c00:45,  3.02it/s, loss=0.7545, acc=0.9630]\r[label_smooth] Stage2 Epoch 73/75:  16%|█▋        | 27/164 [00:10\u003c00:45,  3.02it/s, loss=0.7553, acc=0.9632]\n"}
,{"stream_name":"stderr","time":5258.78939581,"data":"\r[label_smooth] Stage2 Epoch 73/75:  16%|█▋        | 27/164 [00:10\u003c00:45,  3.02it/s, loss=0.7553, acc=0.9632]\r[label_smooth] Stage2 Epoch 73/75:  17%|█▋        | 28/164 [00:10\u003c00:45,  3.02it/s, loss=0.7553, acc=0.9632]\n"}
,{"stream_name":"stderr","time":5259.124774639,"data":"\r[label_smooth] Stage2 Epoch 73/75:  17%|█▋        | 28/164 [00:10\u003c00:45,  3.02it/s, loss=0.7553, acc=0.9632]\r[label_smooth] Stage2 Epoch 73/75:  17%|█▋        | 28/164 [00:10\u003c00:45,  3.02it/s, loss=0.7536, acc=0.9644]\n"}
,{"stream_name":"stderr","time":5259.125526052,"data":"\r[label_smooth] Stage2 Epoch 73/75:  17%|█▋        | 28/164 [00:10\u003c00:45,  3.02it/s, loss=0.7536, acc=0.9644]\r[label_smooth] Stage2 Epoch 73/75:  18%|█▊        | 29/164 [00:10\u003c00:44,  3.00it/s, loss=0.7536, acc=0.9644]\n"}
,{"stream_name":"stderr","time":5259.453061522,"data":"\r[label_smooth] Stage2 Epoch 73/75:  18%|█▊        | 29/164 [00:10\u003c00:44,  3.00it/s, loss=0.7536, acc=0.9644]\r[label_smooth] Stage2 Epoch 73/75:  18%|█▊        | 29/164 [00:10\u003c00:44,  3.00it/s, loss=0.7548, acc=0.9635]\n"}
,{"stream_name":"stderr","time":5259.45447909,"data":"\r[label_smooth] Stage2 Epoch 73/75:  18%|█▊        | 29/164 [00:10\u003c00:44,  3.00it/s, loss=0.7548, acc=0.9635]\r[label_smooth] Stage2 Epoch 73/75:  18%|█▊        | 30/164 [00:10\u003c00:44,  3.01it/s, loss=0.7548, acc=0.9635]\n"}
,{"stream_name":"stderr","time":5259.784410317,"data":"\r[label_smooth] Stage2 Epoch 73/75:  18%|█▊        | 30/164 [00:10\u003c00:44,  3.01it/s, loss=0.7548, acc=0.9635]\r[label_smooth] Stage2 Epoch 73/75:  18%|█▊        | 30/164 [00:11\u003c00:44,  3.01it/s, loss=0.7524, acc=0.9647]\n"}
,{"stream_name":"stderr","time":5259.785711561,"data":"\r[label_smooth] Stage2 Epoch 73/75:  18%|█▊        | 30/164 [00:11\u003c00:44,  3.01it/s, loss=0.7524, acc=0.9647]\r[label_smooth] Stage2 Epoch 73/75:  19%|█▉        | 31/164 [00:11\u003c00:44,  3.02it/s, loss=0.7524, acc=0.9647]\n"}
,{"stream_name":"stderr","time":5260.118120007,"data":"\r[label_smooth] Stage2 Epoch 73/75:  19%|█▉        | 31/164 [00:11\u003c00:44,  3.02it/s, loss=0.7524, acc=0.9647]\r[label_smooth] Stage2 Epoch 73/75:  19%|█▉        | 31/164 [00:11\u003c00:44,  3.02it/s, loss=0.7545, acc=0.9629]\n"}
,{"stream_name":"stderr","time":5260.119529274,"data":"\r[label_smooth] Stage2 Epoch 73/75:  19%|█▉        | 31/164 [00:11\u003c00:44,  3.02it/s, loss=0.7545, acc=0.9629]\r[label_smooth] Stage2 Epoch 73/75:  20%|█▉        | 32/164 [00:11\u003c00:43,  3.01it/s, loss=0.7545, acc=0.9629]\n"}
,{"stream_name":"stderr","time":5260.451742892,"data":"\r[label_smooth] Stage2 Epoch 73/75:  20%|█▉        | 32/164 [00:11\u003c00:43,  3.01it/s, loss=0.7545, acc=0.9629]\r[label_smooth] Stage2 Epoch 73/75:  20%|█▉        | 32/164 [00:11\u003c00:43,  3.01it/s, loss=0.7552, acc=0.9631]\n"}
,{"stream_name":"stderr","time":5260.452804606,"data":"\r[label_smooth] Stage2 Epoch 73/75:  20%|█▉        | 32/164 [00:11\u003c00:43,  3.01it/s, loss=0.7552, acc=0.9631]\r[label_smooth] Stage2 Epoch 73/75:  20%|██        | 33/164 [00:11\u003c00:43,  3.01it/s, loss=0.7552, acc=0.9631]\n"}
,{"stream_name":"stderr","time":5260.785396051,"data":"\r[label_smooth] Stage2 Epoch 73/75:  20%|██        | 33/164 [00:11\u003c00:43,  3.01it/s, loss=0.7552, acc=0.9631]\r[label_smooth] Stage2 Epoch 73/75:  20%|██        | 33/164 [00:12\u003c00:43,  3.01it/s, loss=0.7558, acc=0.9623]\n"}
,{"stream_name":"stderr","time":5260.786428602,"data":"\r[label_smooth] Stage2 Epoch 73/75:  20%|██        | 33/164 [00:12\u003c00:43,  3.01it/s, loss=0.7558, acc=0.9623]\r[label_smooth] Stage2 Epoch 73/75:  21%|██        | 34/164 [00:12\u003c00:43,  3.00it/s, loss=0.7558, acc=0.9623]\n"}
,{"stream_name":"stderr","time":5261.122604788,"data":"\r[label_smooth] Stage2 Epoch 73/75:  21%|██        | 34/164 [00:12\u003c00:43,  3.00it/s, loss=0.7558, acc=0.9623]\r[label_smooth] Stage2 Epoch 73/75:  21%|██        | 34/164 [00:12\u003c00:43,  3.00it/s, loss=0.7573, acc=0.9616]\n"}
,{"stream_name":"stderr","time":5261.126924399,"data":"\r[label_smooth] Stage2 Epoch 73/75:  21%|██        | 34/164 [00:12\u003c00:43,  3.00it/s, loss=0.7573, acc=0.9616]\r[label_smooth] Stage2 Epoch 73/75:  21%|██▏       | 35/164 [00:12\u003c00:42,  3.00it/s, loss=0.7573, acc=0.9616]\n"}
,{"stream_name":"stderr","time":5261.453087685,"data":"\r[label_smooth] Stage2 Epoch 73/75:  21%|██▏       | 35/164 [00:12\u003c00:42,  3.00it/s, loss=0.7573, acc=0.9616]\r[label_smooth] Stage2 Epoch 73/75:  21%|██▏       | 35/164 [00:12\u003c00:42,  3.00it/s, loss=0.7602, acc=0.9592]\n"}
,{"stream_name":"stderr","time":5261.454302002,"data":"\r[label_smooth] Stage2 Epoch 73/75:  21%|██▏       | 35/164 [00:12\u003c00:42,  3.00it/s, loss=0.7602, acc=0.9592]\r[label_smooth] Stage2 Epoch 73/75:  22%|██▏       | 36/164 [00:12\u003c00:42,  3.00it/s, loss=0.7602, acc=0.9592]\n"}
,{"stream_name":"stderr","time":5261.787182537,"data":"\r[label_smooth] Stage2 Epoch 73/75:  22%|██▏       | 36/164 [00:12\u003c00:42,  3.00it/s, loss=0.7602, acc=0.9592]\r[label_smooth] Stage2 Epoch 73/75:  22%|██▏       | 36/164 [00:13\u003c00:42,  3.00it/s, loss=0.7604, acc=0.9595]\n"}
,{"stream_name":"stderr","time":5261.788278764,"data":"\r[label_smooth] Stage2 Epoch 73/75:  22%|██▏       | 36/164 [00:13\u003c00:42,  3.00it/s, loss=0.7604, acc=0.9595]\r[label_smooth] Stage2 Epoch 73/75:  23%|██▎       | 37/164 [00:13\u003c00:42,  3.00it/s, loss=0.7604, acc=0.9595]\n"}
,{"stream_name":"stderr","time":5262.119678697,"data":"\r[label_smooth] Stage2 Epoch 73/75:  23%|██▎       | 37/164 [00:13\u003c00:42,  3.00it/s, loss=0.7604, acc=0.9595]\r[label_smooth] Stage2 Epoch 73/75:  23%|██▎       | 37/164 [00:13\u003c00:42,  3.00it/s, loss=0.7635, acc=0.9589]\n"}
,{"stream_name":"stderr","time":5262.120574117,"data":"\r[label_smooth] Stage2 Epoch 73/75:  23%|██▎       | 37/164 [00:13\u003c00:42,  3.00it/s, loss=0.7635, acc=0.9589]\r[label_smooth] Stage2 Epoch 73/75:  23%|██▎       | 38/164 [00:13\u003c00:42,  3.00it/s, loss=0.7635, acc=0.9589]\n"}
,{"stream_name":"stderr","time":5262.447659109,"data":"\r[label_smooth] Stage2 Epoch 73/75:  23%|██▎       | 38/164 [00:13\u003c00:42,  3.00it/s, loss=0.7635, acc=0.9589]\r[label_smooth] Stage2 Epoch 73/75:  23%|██▎       | 38/164 [00:13\u003c00:42,  3.00it/s, loss=0.7652, acc=0.9567]\n"}
,{"stream_name":"stderr","time":5262.448956569,"data":"\r[label_smooth] Stage2 Epoch 73/75:  23%|██▎       | 38/164 [00:13\u003c00:42,  3.00it/s, loss=0.7652, acc=0.9567]\r[label_smooth] Stage2 Epoch 73/75:  24%|██▍       | 39/164 [00:13\u003c00:41,  3.02it/s, loss=0.7652, acc=0.9567]\n"}
,{"stream_name":"stderr","time":5262.778024687,"data":"\r[label_smooth] Stage2 Epoch 73/75:  24%|██▍       | 39/164 [00:13\u003c00:41,  3.02it/s, loss=0.7652, acc=0.9567]\r[label_smooth] Stage2 Epoch 73/75:  24%|██▍       | 39/164 [00:14\u003c00:41,  3.02it/s, loss=0.7678, acc=0.9555]\n"}
,{"stream_name":"stderr","time":5262.778884237,"data":"\r[label_smooth] Stage2 Epoch 73/75:  24%|██▍       | 39/164 [00:14\u003c00:41,  3.02it/s, loss=0.7678, acc=0.9555]\r[label_smooth] Stage2 Epoch 73/75:  24%|██▍       | 40/164 [00:14\u003c00:41,  3.02it/s, loss=0.7678, acc=0.9555]\n"}
,{"stream_name":"stderr","time":5263.107358662,"data":"\r[label_smooth] Stage2 Epoch 73/75:  24%|██▍       | 40/164 [00:14\u003c00:41,  3.02it/s, loss=0.7678, acc=0.9555]\r[label_smooth] Stage2 Epoch 73/75:  24%|██▍       | 40/164 [00:14\u003c00:41,  3.02it/s, loss=0.7685, acc=0.9550]\n"}
,{"stream_name":"stderr","time":5263.108665535,"data":"\r[label_smooth] Stage2 Epoch 73/75:  24%|██▍       | 40/164 [00:14\u003c00:41,  3.02it/s, loss=0.7685, acc=0.9550]\r[label_smooth] Stage2 Epoch 73/75:  25%|██▌       | 41/164 [00:14\u003c00:40,  3.02it/s, loss=0.7685, acc=0.9550]\n"}
,{"stream_name":"stderr","time":5263.439258665,"data":"\r[label_smooth] Stage2 Epoch 73/75:  25%|██▌       | 41/164 [00:14\u003c00:40,  3.02it/s, loss=0.7685, acc=0.9550]\r[label_smooth] Stage2 Epoch 73/75:  25%|██▌       | 41/164 [00:14\u003c00:40,  3.02it/s, loss=0.7661, acc=0.9561]\n"}
,{"stream_name":"stderr","time":5263.443897728,"data":"\r[label_smooth] Stage2 Epoch 73/75:  25%|██▌       | 41/164 [00:14\u003c00:40,  3.02it/s, loss=0.7661, acc=0.9561]\r[label_smooth] Stage2 Epoch 73/75:  26%|██▌       | 42/164 [00:14\u003c00:40,  3.02it/s, loss=0.7661, acc=0.9561]\n"}
,{"stream_name":"stderr","time":5263.766491407,"data":"\r[label_smooth] Stage2 Epoch 73/75:  26%|██▌       | 42/164 [00:14\u003c00:40,  3.02it/s, loss=0.7661, acc=0.9561]\r[label_smooth] Stage2 Epoch 73/75:  26%|██▌       | 42/164 [00:15\u003c00:40,  3.02it/s, loss=0.7645, acc=0.9564]\n"}
,{"stream_name":"stderr","time":5263.767700219,"data":"\r[label_smooth] Stage2 Epoch 73/75:  26%|██▌       | 42/164 [00:15\u003c00:40,  3.02it/s, loss=0.7645, acc=0.9564]\r[label_smooth] Stage2 Epoch 73/75:  26%|██▌       | 43/164 [00:15\u003c00:39,  3.03it/s, loss=0.7645, acc=0.9564]\n"}
,{"stream_name":"stderr","time":5264.096940053,"data":"\r[label_smooth] Stage2 Epoch 73/75:  26%|██▌       | 43/164 [00:15\u003c00:39,  3.03it/s, loss=0.7645, acc=0.9564]\r[label_smooth] Stage2 Epoch 73/75:  26%|██▌       | 43/164 [00:15\u003c00:39,  3.03it/s, loss=0.7702, acc=0.9538]\n"}
,{"stream_name":"stderr","time":5264.099377323,"data":"\r[label_smooth] Stage2 Epoch 73/75:  26%|██▌       | 43/164 [00:15\u003c00:39,  3.03it/s, loss=0.7702, acc=0.9538]\r[label_smooth] Stage2 Epoch 73/75:  27%|██▋       | 44/164 [00:15\u003c00:39,  3.03it/s, loss=0.7702, acc=0.9538]\n"}
,{"stream_name":"stderr","time":5264.430883785,"data":"\r[label_smooth] Stage2 Epoch 73/75:  27%|██▋       | 44/164 [00:15\u003c00:39,  3.03it/s, loss=0.7702, acc=0.9538]\r[label_smooth] Stage2 Epoch 73/75:  27%|██▋       | 44/164 [00:15\u003c00:39,  3.03it/s, loss=0.7690, acc=0.9542]\n"}
,{"stream_name":"stderr","time":5264.432365938,"data":"\r[label_smooth] Stage2 Epoch 73/75:  27%|██▋       | 44/164 [00:15\u003c00:39,  3.03it/s, loss=0.7690, acc=0.9542]\r[label_smooth] Stage2 Epoch 73/75:  27%|██▋       | 45/164 [00:15\u003c00:39,  3.02it/s, loss=0.7690, acc=0.9542]\n"}
,{"stream_name":"stderr","time":5264.761678742,"data":"\r[label_smooth] Stage2 Epoch 73/75:  27%|██▋       | 45/164 [00:15\u003c00:39,  3.02it/s, loss=0.7690, acc=0.9542]\r[label_smooth] Stage2 Epoch 73/75:  27%|██▋       | 45/164 [00:16\u003c00:39,  3.02it/s, loss=0.7695, acc=0.9538]\n"}
,{"stream_name":"stderr","time":5264.762799362,"data":"\r[label_smooth] Stage2 Epoch 73/75:  27%|██▋       | 45/164 [00:16\u003c00:39,  3.02it/s, loss=0.7695, acc=0.9538]\r[label_smooth] Stage2 Epoch 73/75:  28%|██▊       | 46/164 [00:16\u003c00:39,  3.02it/s, loss=0.7695, acc=0.9538]\n"}
,{"stream_name":"stderr","time":5265.093411202,"data":"\r[label_smooth] Stage2 Epoch 73/75:  28%|██▊       | 46/164 [00:16\u003c00:39,  3.02it/s, loss=0.7695, acc=0.9538]\r[label_smooth] Stage2 Epoch 73/75:  28%|██▊       | 46/164 [00:16\u003c00:39,  3.02it/s, loss=0.7677, acc=0.9548]\n"}
,{"stream_name":"stderr","time":5265.094287007,"data":"\r[label_smooth] Stage2 Epoch 73/75:  28%|██▊       | 46/164 [00:16\u003c00:39,  3.02it/s, loss=0.7677, acc=0.9548]\r[label_smooth] Stage2 Epoch 73/75:  29%|██▊       | 47/164 [00:16\u003c00:38,  3.02it/s, loss=0.7677, acc=0.9548]\n"}
,{"stream_name":"stderr","time":5265.42703074,"data":"\r[label_smooth] Stage2 Epoch 73/75:  29%|██▊       | 47/164 [00:16\u003c00:38,  3.02it/s, loss=0.7677, acc=0.9548]\r[label_smooth] Stage2 Epoch 73/75:  29%|██▊       | 47/164 [00:16\u003c00:38,  3.02it/s, loss=0.7680, acc=0.9544]\n"}
,{"stream_name":"stderr","time":5265.427876198,"data":"\r[label_smooth] Stage2 Epoch 73/75:  29%|██▊       | 47/164 [00:16\u003c00:38,  3.02it/s, loss=0.7680, acc=0.9544]\r[label_smooth] Stage2 Epoch 73/75:  29%|██▉       | 48/164 [00:16\u003c00:38,  3.01it/s, loss=0.7680, acc=0.9544]\n"}
,{"stream_name":"stderr","time":5265.760457716,"data":"\r[label_smooth] Stage2 Epoch 73/75:  29%|██▉       | 48/164 [00:16\u003c00:38,  3.01it/s, loss=0.7680, acc=0.9544]\r[label_smooth] Stage2 Epoch 73/75:  29%|██▉       | 48/164 [00:17\u003c00:38,  3.01it/s, loss=0.7674, acc=0.9547]\n"}
,{"stream_name":"stderr","time":5265.761370011,"data":"\r[label_smooth] Stage2 Epoch 73/75:  29%|██▉       | 48/164 [00:17\u003c00:38,  3.01it/s, loss=0.7674, acc=0.9547]\r[label_smooth] Stage2 Epoch 73/75:  30%|██▉       | 49/164 [00:17\u003c00:38,  3.01it/s, loss=0.7674, acc=0.9547]\n"}
,{"stream_name":"stderr","time":5266.092140912,"data":"\r[label_smooth] Stage2 Epoch 73/75:  30%|██▉       | 49/164 [00:17\u003c00:38,  3.01it/s, loss=0.7674, acc=0.9547]\r[label_smooth] Stage2 Epoch 73/75:  30%|██▉       | 49/164 [00:17\u003c00:38,  3.01it/s, loss=0.7684, acc=0.9537]\n"}
,{"stream_name":"stderr","time":5266.093180803,"data":"\r[label_smooth] Stage2 Epoch 73/75:  30%|██▉       | 49/164 [00:17\u003c00:38,  3.01it/s, loss=0.7684, acc=0.9537]\r[label_smooth] Stage2 Epoch 73/75:  30%|███       | 50/164 [00:17\u003c00:37,  3.01it/s, loss=0.7684, acc=0.9537]\n"}
,{"stream_name":"stderr","time":5266.423368527,"data":"\r[label_smooth] Stage2 Epoch 73/75:  30%|███       | 50/164 [00:17\u003c00:37,  3.01it/s, loss=0.7684, acc=0.9537]\r[label_smooth] Stage2 Epoch 73/75:  30%|███       | 50/164 [00:17\u003c00:37,  3.01it/s, loss=0.7669, acc=0.9547]\n"}
,{"stream_name":"stderr","time":5266.424286184,"data":"\r[label_smooth] Stage2 Epoch 73/75:  30%|███       | 50/164 [00:17\u003c00:37,  3.01it/s, loss=0.7669, acc=0.9547]\r[label_smooth] Stage2 Epoch 73/75:  31%|███       | 51/164 [00:17\u003c00:37,  3.01it/s, loss=0.7669, acc=0.9547]\n"}
,{"stream_name":"stderr","time":5266.75257085,"data":"\r[label_smooth] Stage2 Epoch 73/75:  31%|███       | 51/164 [00:17\u003c00:37,  3.01it/s, loss=0.7669, acc=0.9547]\r[label_smooth] Stage2 Epoch 73/75:  31%|███       | 51/164 [00:18\u003c00:37,  3.01it/s, loss=0.7682, acc=0.9543]\n"}
,{"stream_name":"stderr","time":5266.753631505,"data":"\r[label_smooth] Stage2 Epoch 73/75:  31%|███       | 51/164 [00:18\u003c00:37,  3.01it/s, loss=0.7682, acc=0.9543]\r[label_smooth] Stage2 Epoch 73/75:  32%|███▏      | 52/164 [00:18\u003c00:37,  3.02it/s, loss=0.7682, acc=0.9543]\n"}
,{"stream_name":"stderr","time":5267.082260153,"data":"\r[label_smooth] Stage2 Epoch 73/75:  32%|███▏      | 52/164 [00:18\u003c00:37,  3.02it/s, loss=0.7682, acc=0.9543]\r[label_smooth] Stage2 Epoch 73/75:  32%|███▏      | 52/164 [00:18\u003c00:37,  3.02it/s, loss=0.7665, acc=0.9552]\n"}
,{"stream_name":"stderr","time":5267.083361691,"data":"\r[label_smooth] Stage2 Epoch 73/75:  32%|███▏      | 52/164 [00:18\u003c00:37,  3.02it/s, loss=0.7665, acc=0.9552]\r[label_smooth] Stage2 Epoch 73/75:  32%|███▏      | 53/164 [00:18\u003c00:36,  3.02it/s, loss=0.7665, acc=0.9552]\n"}
,{"stream_name":"stderr","time":5267.406907834,"data":"\r[label_smooth] Stage2 Epoch 73/75:  32%|███▏      | 53/164 [00:18\u003c00:36,  3.02it/s, loss=0.7665, acc=0.9552]\r[label_smooth] Stage2 Epoch 73/75:  32%|███▏      | 53/164 [00:18\u003c00:36,  3.02it/s, loss=0.7667, acc=0.9554]\n"}
,{"stream_name":"stderr","time":5267.407974839,"data":"\r[label_smooth] Stage2 Epoch 73/75:  32%|███▏      | 53/164 [00:18\u003c00:36,  3.02it/s, loss=0.7667, acc=0.9554]\r[label_smooth] Stage2 Epoch 73/75:  33%|███▎      | 54/164 [00:18\u003c00:36,  3.04it/s, loss=0.7667, acc=0.9554]\n"}
,{"stream_name":"stderr","time":5269.606974972,"data":"\r[label_smooth] Stage2 Epoch 73/75:  33%|███▎      | 54/164 [00:18\u003c00:36,  3.04it/s, loss=0.7667, acc=0.9554]\r[label_smooth] Stage2 Epoch 73/75:  33%|███▎      | 54/164 [00:19\u003c00:36,  3.04it/s, loss=0.7651, acc=0.9563]\n"}
,{"stream_name":"stderr","time":5269.608488185,"data":"\r[label_smooth] Stage2 Epoch 73/75:  33%|███▎      | 54/164 [00:19\u003c00:36,  3.04it/s, loss=0.7651, acc=0.9563]\r[label_smooth] Stage2 Epoch 73/75:  34%|███▎      | 55/164 [00:19\u003c00:35,  3.04it/s, loss=0.7651, acc=0.9563]\n"}
,{"stream_name":"stderr","time":5269.609628938,"data":"\r[label_smooth] Stage2 Epoch 73/75:  34%|███▎      | 55/164 [00:19\u003c00:35,  3.04it/s, loss=0.7651, acc=0.9563]\r[label_smooth] Stage2 Epoch 73/75:  34%|███▎      | 55/164 [00:19\u003c00:35,  3.04it/s, loss=0.7639, acc=0.9565]\n"}
,{"stream_name":"stderr","time":5269.61074847,"data":"\r[label_smooth] Stage2 Epoch 73/75:  34%|███▎      | 55/164 [00:19\u003c00:35,  3.04it/s, loss=0.7639, acc=0.9565]\r[label_smooth] Stage2 Epoch 73/75:  34%|███▍      | 56/164 [00:19\u003c00:35,  3.04it/s, loss=0.7639, acc=0.9565]\n"}
,{"stream_name":"stderr","time":5269.611668238,"data":"\r[label_smooth] Stage2 Epoch 73/75:  34%|███▍      | 56/164 [00:19\u003c00:35,  3.04it/s, loss=0.7639, acc=0.9565]\r[label_smooth] Stage2 Epoch 73/75:  34%|███▍      | 56/164 [00:19\u003c00:35,  3.04it/s, loss=0.7632, acc=0.9567]\n"}
,{"stream_name":"stderr","time":5269.612746355,"data":"\r[label_smooth] Stage2 Epoch 73/75:  34%|███▍      | 56/164 [00:19\u003c00:35,  3.04it/s, loss=0.7632, acc=0.9567]\r[label_smooth] Stage2 Epoch 73/75:  35%|███▍      | 57/164 [00:19\u003c00:35,  3.03it/s, loss=0.7632, acc=0.9567]\n"}
,{"stream_name":"stderr","time":5269.613704491,"data":"\r[label_smooth] Stage2 Epoch 73/75:  35%|███▍      | 57/164 [00:19\u003c00:35,  3.03it/s, loss=0.7632, acc=0.9567]\r[label_smooth] Stage2 Epoch 73/75:  35%|███▍      | 57/164 [00:20\u003c00:35,  3.03it/s, loss=0.7628, acc=0.9569]\n"}
,{"stream_name":"stderr","time":5269.614560302,"data":"\r[label_smooth] Stage2 Epoch 73/75:  35%|███▍      | 57/164 [00:20\u003c00:35,  3.03it/s, loss=0.7628, acc=0.9569]\r[label_smooth] Stage2 Epoch 73/75:  35%|███▌      | 58/164 [00:20\u003c00:34,  3.03it/s, loss=0.7628, acc=0.9569]\n"}
,{"stream_name":"stderr","time":5269.615396491,"data":"\r[label_smooth] Stage2 Epoch 73/75:  35%|███▌      | 58/164 [00:20\u003c00:34,  3.03it/s, loss=0.7628, acc=0.9569]\r[label_smooth] Stage2 Epoch 73/75:  35%|███▌      | 58/164 [00:20\u003c00:34,  3.03it/s, loss=0.7627, acc=0.9571]\n"}
,{"stream_name":"stderr","time":5269.616230651,"data":"\r[label_smooth] Stage2 Epoch 73/75:  35%|███▌      | 58/164 [00:20\u003c00:34,  3.03it/s, loss=0.7627, acc=0.9571]\r[label_smooth] Stage2 Epoch 73/75:  36%|███▌      | 59/164 [00:20\u003c00:34,  3.03it/s, loss=0.7627, acc=0.9571]\n"}
,{"stream_name":"stderr","time":5269.617069024,"data":"\r[label_smooth] Stage2 Epoch 73/75:  36%|███▌      | 59/164 [00:20\u003c00:34,  3.03it/s, loss=0.7627, acc=0.9571]\r[label_smooth] Stage2 Epoch 73/75:  36%|███▌      | 59/164 [00:20\u003c00:34,  3.03it/s, loss=0.7620, acc=0.9578]\n"}
,{"stream_name":"stderr","time":5269.617856697,"data":"\r[label_smooth] Stage2 Epoch 73/75:  36%|███▌      | 59/164 [00:20\u003c00:34,  3.03it/s, loss=0.7620, acc=0.9578]\r[label_smooth] Stage2 Epoch 73/75:  37%|███▋      | 60/164 [00:20\u003c00:34,  3.03it/s, loss=0.7620, acc=0.9578]\n"}
,{"stream_name":"stderr","time":5269.717071308,"data":"\r[label_smooth] Stage2 Epoch 73/75:  37%|███▋      | 60/164 [00:20\u003c00:34,  3.03it/s, loss=0.7620, acc=0.9578]\r[label_smooth] Stage2 Epoch 73/75:  37%|███▋      | 60/164 [00:21\u003c00:34,  3.03it/s, loss=0.7619, acc=0.9580]\n"}
,{"stream_name":"stderr","time":5269.718216606,"data":"\r[label_smooth] Stage2 Epoch 73/75:  37%|███▋      | 60/164 [00:21\u003c00:34,  3.03it/s, loss=0.7619, acc=0.9580]\r[label_smooth] Stage2 Epoch 73/75:  37%|███▋      | 61/164 [00:21\u003c00:34,  3.03it/s, loss=0.7619, acc=0.9580]\n"}
,{"stream_name":"stderr","time":5270.048411002,"data":"\r[label_smooth] Stage2 Epoch 73/75:  37%|███▋      | 61/164 [00:21\u003c00:34,  3.03it/s, loss=0.7619, acc=0.9580]\r[label_smooth] Stage2 Epoch 73/75:  37%|███▋      | 61/164 [00:21\u003c00:34,  3.03it/s, loss=0.7616, acc=0.9582]\n"}
,{"stream_name":"stderr","time":5270.04917318,"data":"\r[label_smooth] Stage2 Epoch 73/75:  37%|███▋      | 61/164 [00:21\u003c00:34,  3.03it/s, loss=0.7616, acc=0.9582]\r[label_smooth] Stage2 Epoch 73/75:  38%|███▊      | 62/164 [00:21\u003c00:33,  3.03it/s, loss=0.7616, acc=0.9582]\n"}
,{"stream_name":"stderr","time":5270.377262419,"data":"\r[label_smooth] Stage2 Epoch 73/75:  38%|███▊      | 62/164 [00:21\u003c00:33,  3.03it/s, loss=0.7616, acc=0.9582]\r[label_smooth] Stage2 Epoch 73/75:  38%|███▊      | 62/164 [00:21\u003c00:33,  3.03it/s, loss=0.7609, acc=0.9588]\n"}
,{"stream_name":"stderr","time":5270.378404407,"data":"\r[label_smooth] Stage2 Epoch 73/75:  38%|███▊      | 62/164 [00:21\u003c00:33,  3.03it/s, loss=0.7609, acc=0.9588]\r[label_smooth] Stage2 Epoch 73/75:  38%|███▊      | 63/164 [00:21\u003c00:33,  3.03it/s, loss=0.7609, acc=0.9588]\n"}
,{"stream_name":"stderr","time":5270.706314172,"data":"\r[label_smooth] Stage2 Epoch 73/75:  38%|███▊      | 63/164 [00:21\u003c00:33,  3.03it/s, loss=0.7609, acc=0.9588]\r[label_smooth] Stage2 Epoch 73/75:  38%|███▊      | 63/164 [00:21\u003c00:33,  3.03it/s, loss=0.7605, acc=0.9585]\n"}
,{"stream_name":"stderr","time":5270.707370924,"data":"\r[label_smooth] Stage2 Epoch 73/75:  38%|███▊      | 63/164 [00:21\u003c00:33,  3.03it/s, loss=0.7605, acc=0.9585]\r[label_smooth] Stage2 Epoch 73/75:  39%|███▉      | 64/164 [00:21\u003c00:32,  3.03it/s, loss=0.7605, acc=0.9585]\n"}
,{"stream_name":"stderr","time":5271.034395867,"data":"\r[label_smooth] Stage2 Epoch 73/75:  39%|███▉      | 64/164 [00:21\u003c00:32,  3.03it/s, loss=0.7605, acc=0.9585]\r[label_smooth] Stage2 Epoch 73/75:  39%|███▉      | 64/164 [00:22\u003c00:32,  3.03it/s, loss=0.7620, acc=0.9572]\n"}
,{"stream_name":"stderr","time":5271.035490451,"data":"\r[label_smooth] Stage2 Epoch 73/75:  39%|███▉      | 64/164 [00:22\u003c00:32,  3.03it/s, loss=0.7620, acc=0.9572]\r[label_smooth] Stage2 Epoch 73/75:  40%|███▉      | 65/164 [00:22\u003c00:32,  3.04it/s, loss=0.7620, acc=0.9572]\n"}
,{"stream_name":"stderr","time":5271.363755224,"data":"\r[label_smooth] Stage2 Epoch 73/75:  40%|███▉      | 65/164 [00:22\u003c00:32,  3.04it/s, loss=0.7620, acc=0.9572]\r[label_smooth] Stage2 Epoch 73/75:  40%|███▉      | 65/164 [00:22\u003c00:32,  3.04it/s, loss=0.7618, acc=0.9574]\n"}
,{"stream_name":"stderr","time":5271.364897627,"data":"\r[label_smooth] Stage2 Epoch 73/75:  40%|███▉      | 65/164 [00:22\u003c00:32,  3.04it/s, loss=0.7618, acc=0.9574]\r[label_smooth] Stage2 Epoch 73/75:  40%|████      | 66/164 [00:22\u003c00:32,  3.04it/s, loss=0.7618, acc=0.9574]\n"}
,{"stream_name":"stderr","time":5271.694519243,"data":"\r[label_smooth] Stage2 Epoch 73/75:  40%|████      | 66/164 [00:22\u003c00:32,  3.04it/s, loss=0.7618, acc=0.9574]\r[label_smooth] Stage2 Epoch 73/75:  40%|████      | 66/164 [00:22\u003c00:32,  3.04it/s, loss=0.7635, acc=0.9571]\n"}
,{"stream_name":"stderr","time":5271.695443666,"data":"\r[label_smooth] Stage2 Epoch 73/75:  40%|████      | 66/164 [00:22\u003c00:32,  3.04it/s, loss=0.7635, acc=0.9571]\r[label_smooth] Stage2 Epoch 73/75:  41%|████      | 67/164 [00:22\u003c00:31,  3.03it/s, loss=0.7635, acc=0.9571]\n"}
,{"stream_name":"stderr","time":5272.026278353,"data":"\r[label_smooth] Stage2 Epoch 73/75:  41%|████      | 67/164 [00:22\u003c00:31,  3.03it/s, loss=0.7635, acc=0.9571]\r[label_smooth] Stage2 Epoch 73/75:  41%|████      | 67/164 [00:23\u003c00:31,  3.03it/s, loss=0.7635, acc=0.9573]\n"}
,{"stream_name":"stderr","time":5272.027585262,"data":"\r[label_smooth] Stage2 Epoch 73/75:  41%|████      | 67/164 [00:23\u003c00:31,  3.03it/s, loss=0.7635, acc=0.9573]\r[label_smooth] Stage2 Epoch 73/75:  41%|████▏     | 68/164 [00:23\u003c00:31,  3.03it/s, loss=0.7635, acc=0.9573]\n"}
,{"stream_name":"stderr","time":5272.359484891,"data":"\r[label_smooth] Stage2 Epoch 73/75:  41%|████▏     | 68/164 [00:23\u003c00:31,  3.03it/s, loss=0.7635, acc=0.9573]\r[label_smooth] Stage2 Epoch 73/75:  41%|████▏     | 68/164 [00:23\u003c00:31,  3.03it/s, loss=0.7629, acc=0.9579]\n"}
,{"stream_name":"stderr","time":5272.360635365,"data":"\r[label_smooth] Stage2 Epoch 73/75:  41%|████▏     | 68/164 [00:23\u003c00:31,  3.03it/s, loss=0.7629, acc=0.9579]\r[label_smooth] Stage2 Epoch 73/75:  42%|████▏     | 69/164 [00:23\u003c00:31,  3.02it/s, loss=0.7629, acc=0.9579]\n"}
,{"stream_name":"stderr","time":5272.692272594,"data":"\r[label_smooth] Stage2 Epoch 73/75:  42%|████▏     | 69/164 [00:23\u003c00:31,  3.02it/s, loss=0.7629, acc=0.9579]\r[label_smooth] Stage2 Epoch 73/75:  42%|████▏     | 69/164 [00:23\u003c00:31,  3.02it/s, loss=0.7644, acc=0.9571]\n"}
,{"stream_name":"stderr","time":5272.69319171,"data":"\r[label_smooth] Stage2 Epoch 73/75:  42%|████▏     | 69/164 [00:23\u003c00:31,  3.02it/s, loss=0.7644, acc=0.9571]\r[label_smooth] Stage2 Epoch 73/75:  43%|████▎     | 70/164 [00:23\u003c00:31,  3.02it/s, loss=0.7644, acc=0.9571]\n"}
,{"stream_name":"stderr","time":5273.020651512,"data":"\r[label_smooth] Stage2 Epoch 73/75:  43%|████▎     | 70/164 [00:23\u003c00:31,  3.02it/s, loss=0.7644, acc=0.9571]\r[label_smooth] Stage2 Epoch 73/75:  43%|████▎     | 70/164 [00:24\u003c00:31,  3.02it/s, loss=0.7643, acc=0.9573]\n"}
,{"stream_name":"stderr","time":5273.02165244,"data":"\r[label_smooth] Stage2 Epoch 73/75:  43%|████▎     | 70/164 [00:24\u003c00:31,  3.02it/s, loss=0.7643, acc=0.9573]\r[label_smooth] Stage2 Epoch 73/75:  43%|████▎     | 71/164 [00:24\u003c00:30,  3.02it/s, loss=0.7643, acc=0.9573]\n"}
,{"stream_name":"stderr","time":5273.350733539,"data":"\r[label_smooth] Stage2 Epoch 73/75:  43%|████▎     | 71/164 [00:24\u003c00:30,  3.02it/s, loss=0.7643, acc=0.9573]\r[label_smooth] Stage2 Epoch 73/75:  43%|████▎     | 71/164 [00:24\u003c00:30,  3.02it/s, loss=0.7646, acc=0.9566]\n"}
,{"stream_name":"stderr","time":5273.351922888,"data":"\r[label_smooth] Stage2 Epoch 73/75:  43%|████▎     | 71/164 [00:24\u003c00:30,  3.02it/s, loss=0.7646, acc=0.9566]\r[label_smooth] Stage2 Epoch 73/75:  44%|████▍     | 72/164 [00:24\u003c00:30,  3.03it/s, loss=0.7646, acc=0.9566]\n"}
,{"stream_name":"stderr","time":5273.680850303,"data":"\r[label_smooth] Stage2 Epoch 73/75:  44%|████▍     | 72/164 [00:24\u003c00:30,  3.03it/s, loss=0.7646, acc=0.9566]\r[label_smooth] Stage2 Epoch 73/75:  44%|████▍     | 72/164 [00:24\u003c00:30,  3.03it/s, loss=0.7631, acc=0.9572]\n"}
,{"stream_name":"stderr","time":5273.681858254,"data":"\r[label_smooth] Stage2 Epoch 73/75:  44%|████▍     | 72/164 [00:24\u003c00:30,  3.03it/s, loss=0.7631, acc=0.9572]\r[label_smooth] Stage2 Epoch 73/75:  45%|████▍     | 73/164 [00:24\u003c00:30,  3.03it/s, loss=0.7631, acc=0.9572]\n"}
,{"stream_name":"stderr","time":5274.012584663,"data":"\r[label_smooth] Stage2 Epoch 73/75:  45%|████▍     | 73/164 [00:24\u003c00:30,  3.03it/s, loss=0.7631, acc=0.9572]\r[label_smooth] Stage2 Epoch 73/75:  45%|████▍     | 73/164 [00:25\u003c00:30,  3.03it/s, loss=0.7642, acc=0.9565]\n"}
,{"stream_name":"stderr","time":5274.013685742,"data":"\r[label_smooth] Stage2 Epoch 73/75:  45%|████▍     | 73/164 [00:25\u003c00:30,  3.03it/s, loss=0.7642, acc=0.9565]\r[label_smooth] Stage2 Epoch 73/75:  45%|████▌     | 74/164 [00:25\u003c00:29,  3.02it/s, loss=0.7642, acc=0.9565]\n"}
,{"stream_name":"stderr","time":5274.3452946,"data":"\r[label_smooth] Stage2 Epoch 73/75:  45%|████▌     | 74/164 [00:25\u003c00:29,  3.02it/s, loss=0.7642, acc=0.9565]\r[label_smooth] Stage2 Epoch 73/75:  45%|████▌     | 74/164 [00:25\u003c00:29,  3.02it/s, loss=0.7641, acc=0.9571]\n"}
,{"stream_name":"stderr","time":5274.347023039,"data":"\r[label_smooth] Stage2 Epoch 73/75:  45%|████▌     | 74/164 [00:25\u003c00:29,  3.02it/s, loss=0.7641, acc=0.9571]\r[label_smooth] Stage2 Epoch 73/75:  46%|████▌     | 75/164 [00:25\u003c00:29,  3.02it/s, loss=0.7641, acc=0.9571]\n"}
,{"stream_name":"stderr","time":5274.679987834,"data":"\r[label_smooth] Stage2 Epoch 73/75:  46%|████▌     | 75/164 [00:25\u003c00:29,  3.02it/s, loss=0.7641, acc=0.9571]\r[label_smooth] Stage2 Epoch 73/75:  46%|████▌     | 75/164 [00:25\u003c00:29,  3.02it/s, loss=0.7656, acc=0.9568]\n"}
,{"stream_name":"stderr","time":5274.681021719,"data":"\r[label_smooth] Stage2 Epoch 73/75:  46%|████▌     | 75/164 [00:25\u003c00:29,  3.02it/s, loss=0.7656, acc=0.9568]\r[label_smooth] Stage2 Epoch 73/75:  46%|████▋     | 76/164 [00:25\u003c00:29,  3.01it/s, loss=0.7656, acc=0.9568]\n"}
,{"stream_name":"stderr","time":5275.007985937,"data":"\r[label_smooth] Stage2 Epoch 73/75:  46%|████▋     | 76/164 [00:25\u003c00:29,  3.01it/s, loss=0.7656, acc=0.9568]\r[label_smooth] Stage2 Epoch 73/75:  46%|████▋     | 76/164 [00:26\u003c00:29,  3.01it/s, loss=0.7647, acc=0.9574]\n"}
,{"stream_name":"stderr","time":5275.009092314,"data":"\r[label_smooth] Stage2 Epoch 73/75:  46%|████▋     | 76/164 [00:26\u003c00:29,  3.01it/s, loss=0.7647, acc=0.9574]\r[label_smooth] Stage2 Epoch 73/75:  47%|████▋     | 77/164 [00:26\u003c00:28,  3.02it/s, loss=0.7647, acc=0.9574]\n"}
,{"stream_name":"stderr","time":5275.338443935,"data":"\r[label_smooth] Stage2 Epoch 73/75:  47%|████▋     | 77/164 [00:26\u003c00:28,  3.02it/s, loss=0.7647, acc=0.9574]\r[label_smooth] Stage2 Epoch 73/75:  47%|████▋     | 77/164 [00:26\u003c00:28,  3.02it/s, loss=0.7646, acc=0.9575]\n"}
,{"stream_name":"stderr","time":5275.339541084,"data":"\r[label_smooth] Stage2 Epoch 73/75:  47%|████▋     | 77/164 [00:26\u003c00:28,  3.02it/s, loss=0.7646, acc=0.9575]\r[label_smooth] Stage2 Epoch 73/75:  48%|████▊     | 78/164 [00:26\u003c00:28,  3.02it/s, loss=0.7646, acc=0.9575]\n"}
,{"stream_name":"stderr","time":5275.670169919,"data":"\r[label_smooth] Stage2 Epoch 73/75:  48%|████▊     | 78/164 [00:26\u003c00:28,  3.02it/s, loss=0.7646, acc=0.9575]\r[label_smooth] Stage2 Epoch 73/75:  48%|████▊     | 78/164 [00:26\u003c00:28,  3.02it/s, loss=0.7659, acc=0.9569]\n"}
,{"stream_name":"stderr","time":5275.671174387,"data":"\r[label_smooth] Stage2 Epoch 73/75:  48%|████▊     | 78/164 [00:26\u003c00:28,  3.02it/s, loss=0.7659, acc=0.9569]\r[label_smooth] Stage2 Epoch 73/75:  48%|████▊     | 79/164 [00:26\u003c00:28,  3.02it/s, loss=0.7659, acc=0.9569]\n"}
,{"stream_name":"stderr","time":5275.999644471,"data":"\r[label_smooth] Stage2 Epoch 73/75:  48%|████▊     | 79/164 [00:26\u003c00:28,  3.02it/s, loss=0.7659, acc=0.9569]\r[label_smooth] Stage2 Epoch 73/75:  48%|████▊     | 79/164 [00:27\u003c00:28,  3.02it/s, loss=0.7656, acc=0.9566]\n"}
,{"stream_name":"stderr","time":5276.000540545,"data":"\r[label_smooth] Stage2 Epoch 73/75:  48%|████▊     | 79/164 [00:27\u003c00:28,  3.02it/s, loss=0.7656, acc=0.9566]\r[label_smooth] Stage2 Epoch 73/75:  49%|████▉     | 80/164 [00:27\u003c00:27,  3.02it/s, loss=0.7656, acc=0.9566]\n"}
,{"stream_name":"stderr","time":5276.333387745,"data":"\r[label_smooth] Stage2 Epoch 73/75:  49%|████▉     | 80/164 [00:27\u003c00:27,  3.02it/s, loss=0.7656, acc=0.9566]\r[label_smooth] Stage2 Epoch 73/75:  49%|████▉     | 80/164 [00:27\u003c00:27,  3.02it/s, loss=0.7672, acc=0.9564]\n"}
,{"stream_name":"stderr","time":5276.335699179,"data":"\r[label_smooth] Stage2 Epoch 73/75:  49%|████▉     | 80/164 [00:27\u003c00:27,  3.02it/s, loss=0.7672, acc=0.9564]\r[label_smooth] Stage2 Epoch 73/75:  49%|████▉     | 81/164 [00:27\u003c00:27,  3.01it/s, loss=0.7672, acc=0.9564]\n"}
,{"stream_name":"stderr","time":5276.664703834,"data":"\r[label_smooth] Stage2 Epoch 73/75:  49%|████▉     | 81/164 [00:27\u003c00:27,  3.01it/s, loss=0.7672, acc=0.9564]\r[label_smooth] Stage2 Epoch 73/75:  49%|████▉     | 81/164 [00:27\u003c00:27,  3.01it/s, loss=0.7678, acc=0.9566]\n"}
,{"stream_name":"stderr","time":5276.667354652,"data":"\r[label_smooth] Stage2 Epoch 73/75:  49%|████▉     | 81/164 [00:27\u003c00:27,  3.01it/s, loss=0.7678, acc=0.9566]\r[label_smooth] Stage2 Epoch 73/75:  50%|█████     | 82/164 [00:27\u003c00:27,  3.02it/s, loss=0.7678, acc=0.9566]\n"}
,{"stream_name":"stderr","time":5276.996088684,"data":"\r[label_smooth] Stage2 Epoch 73/75:  50%|█████     | 82/164 [00:27\u003c00:27,  3.02it/s, loss=0.7678, acc=0.9566]\r[label_smooth] Stage2 Epoch 73/75:  50%|█████     | 82/164 [00:28\u003c00:27,  3.02it/s, loss=0.7668, acc=0.9571]\n"}
,{"stream_name":"stderr","time":5276.997152614,"data":"\r[label_smooth] Stage2 Epoch 73/75:  50%|█████     | 82/164 [00:28\u003c00:27,  3.02it/s, loss=0.7668, acc=0.9571]\r[label_smooth] Stage2 Epoch 73/75:  51%|█████     | 83/164 [00:28\u003c00:26,  3.02it/s, loss=0.7668, acc=0.9571]\n"}
,{"stream_name":"stderr","time":5277.327266348,"data":"\r[label_smooth] Stage2 Epoch 73/75:  51%|█████     | 83/164 [00:28\u003c00:26,  3.02it/s, loss=0.7668, acc=0.9571]\r[label_smooth] Stage2 Epoch 73/75:  51%|█████     | 83/164 [00:28\u003c00:26,  3.02it/s, loss=0.7659, acc=0.9576]\n"}
,{"stream_name":"stderr","time":5277.3281932,"data":"\r[label_smooth] Stage2 Epoch 73/75:  51%|█████     | 83/164 [00:28\u003c00:26,  3.02it/s, loss=0.7659, acc=0.9576]\r[label_smooth] Stage2 Epoch 73/75:  51%|█████     | 84/164 [00:28\u003c00:26,  3.02it/s, loss=0.7659, acc=0.9576]\n"}
,{"stream_name":"stderr","time":5277.658456961,"data":"\r[label_smooth] Stage2 Epoch 73/75:  51%|█████     | 84/164 [00:28\u003c00:26,  3.02it/s, loss=0.7659, acc=0.9576]\r[label_smooth] Stage2 Epoch 73/75:  51%|█████     | 84/164 [00:28\u003c00:26,  3.02it/s, loss=0.7682, acc=0.9566]\n"}
,{"stream_name":"stderr","time":5277.659459083,"data":"\r[label_smooth] Stage2 Epoch 73/75:  51%|█████     | 84/164 [00:28\u003c00:26,  3.02it/s, loss=0.7682, acc=0.9566]\r[label_smooth] Stage2 Epoch 73/75:  52%|█████▏    | 85/164 [00:28\u003c00:26,  3.02it/s, loss=0.7682, acc=0.9566]\n"}
,{"stream_name":"stderr","time":5277.991129715,"data":"\r[label_smooth] Stage2 Epoch 73/75:  52%|█████▏    | 85/164 [00:28\u003c00:26,  3.02it/s, loss=0.7682, acc=0.9566]\r[label_smooth] Stage2 Epoch 73/75:  52%|█████▏    | 85/164 [00:29\u003c00:26,  3.02it/s, loss=0.7677, acc=0.9568]\n"}
,{"stream_name":"stderr","time":5277.992539069,"data":"\r[label_smooth] Stage2 Epoch 73/75:  52%|█████▏    | 85/164 [00:29\u003c00:26,  3.02it/s, loss=0.7677, acc=0.9568]\r[label_smooth] Stage2 Epoch 73/75:  52%|█████▏    | 86/164 [00:29\u003c00:25,  3.02it/s, loss=0.7677, acc=0.9568]\n"}
,{"stream_name":"stderr","time":5278.321617736,"data":"\r[label_smooth] Stage2 Epoch 73/75:  52%|█████▏    | 86/164 [00:29\u003c00:25,  3.02it/s, loss=0.7677, acc=0.9568]\r[label_smooth] Stage2 Epoch 73/75:  52%|█████▏    | 86/164 [00:29\u003c00:25,  3.02it/s, loss=0.7674, acc=0.9569]\n"}
,{"stream_name":"stderr","time":5278.323889108,"data":"\r[label_smooth] Stage2 Epoch 73/75:  52%|█████▏    | 86/164 [00:29\u003c00:25,  3.02it/s, loss=0.7674, acc=0.9569]\r[label_smooth] Stage2 Epoch 73/75:  53%|█████▎    | 87/164 [00:29\u003c00:25,  3.02it/s, loss=0.7674, acc=0.9569]\n"}
,{"stream_name":"stderr","time":5278.651604801,"data":"\r[label_smooth] Stage2 Epoch 73/75:  53%|█████▎    | 87/164 [00:29\u003c00:25,  3.02it/s, loss=0.7674, acc=0.9569]\r[label_smooth] Stage2 Epoch 73/75:  53%|█████▎    | 87/164 [00:29\u003c00:25,  3.02it/s, loss=0.7662, acc=0.9574]\n"}
,{"stream_name":"stderr","time":5278.652624958,"data":"\r[label_smooth] Stage2 Epoch 73/75:  53%|█████▎    | 87/164 [00:29\u003c00:25,  3.02it/s, loss=0.7662, acc=0.9574]\r[label_smooth] Stage2 Epoch 73/75:  54%|█████▎    | 88/164 [00:29\u003c00:25,  3.02it/s, loss=0.7662, acc=0.9574]\n"}
,{"stream_name":"stderr","time":5278.985540061,"data":"\r[label_smooth] Stage2 Epoch 73/75:  54%|█████▎    | 88/164 [00:29\u003c00:25,  3.02it/s, loss=0.7662, acc=0.9574]\r[label_smooth] Stage2 Epoch 73/75:  54%|█████▎    | 88/164 [00:30\u003c00:25,  3.02it/s, loss=0.7656, acc=0.9575]\n"}
,{"stream_name":"stderr","time":5278.986842778,"data":"\r[label_smooth] Stage2 Epoch 73/75:  54%|█████▎    | 88/164 [00:30\u003c00:25,  3.02it/s, loss=0.7656, acc=0.9575]\r[label_smooth] Stage2 Epoch 73/75:  54%|█████▍    | 89/164 [00:30\u003c00:24,  3.01it/s, loss=0.7656, acc=0.9575]\n"}
,{"stream_name":"stderr","time":5279.314992413,"data":"\r[label_smooth] Stage2 Epoch 73/75:  54%|█████▍    | 89/164 [00:30\u003c00:24,  3.01it/s, loss=0.7656, acc=0.9575]\r[label_smooth] Stage2 Epoch 73/75:  54%|█████▍    | 89/164 [00:30\u003c00:24,  3.01it/s, loss=0.7660, acc=0.9573]\n"}
,{"stream_name":"stderr","time":5279.316802457,"data":"\r[label_smooth] Stage2 Epoch 73/75:  54%|█████▍    | 89/164 [00:30\u003c00:24,  3.01it/s, loss=0.7660, acc=0.9573]\r[label_smooth] Stage2 Epoch 73/75:  55%|█████▍    | 90/164 [00:30\u003c00:24,  3.02it/s, loss=0.7660, acc=0.9573]\n"}
,{"stream_name":"stderr","time":5279.644466018,"data":"\r[label_smooth] Stage2 Epoch 73/75:  55%|█████▍    | 90/164 [00:30\u003c00:24,  3.02it/s, loss=0.7660, acc=0.9573]\r[label_smooth] Stage2 Epoch 73/75:  55%|█████▍    | 90/164 [00:30\u003c00:24,  3.02it/s, loss=0.7662, acc=0.9571]\n"}
,{"stream_name":"stderr","time":5279.64553309,"data":"\r[label_smooth] Stage2 Epoch 73/75:  55%|█████▍    | 90/164 [00:30\u003c00:24,  3.02it/s, loss=0.7662, acc=0.9571]\r[label_smooth] Stage2 Epoch 73/75:  55%|█████▌    | 91/164 [00:30\u003c00:24,  3.02it/s, loss=0.7662, acc=0.9571]\n"}
,{"stream_name":"stderr","time":5279.976071227,"data":"\r[label_smooth] Stage2 Epoch 73/75:  55%|█████▌    | 91/164 [00:30\u003c00:24,  3.02it/s, loss=0.7662, acc=0.9571]\r[label_smooth] Stage2 Epoch 73/75:  55%|█████▌    | 91/164 [00:31\u003c00:24,  3.02it/s, loss=0.7661, acc=0.9572]\n"}
,{"stream_name":"stderr","time":5279.981875305,"data":"\r[label_smooth] Stage2 Epoch 73/75:  55%|█████▌    | 91/164 [00:31\u003c00:24,  3.02it/s, loss=0.7661, acc=0.9572]\r[label_smooth] Stage2 Epoch 73/75:  56%|█████▌    | 92/164 [00:31\u003c00:23,  3.02it/s, loss=0.7661, acc=0.9572]\n"}
,{"stream_name":"stderr","time":5280.306177454,"data":"\r[label_smooth] Stage2 Epoch 73/75:  56%|█████▌    | 92/164 [00:31\u003c00:23,  3.02it/s, loss=0.7661, acc=0.9572]\r[label_smooth] Stage2 Epoch 73/75:  56%|█████▌    | 92/164 [00:31\u003c00:23,  3.02it/s, loss=0.7658, acc=0.9570]\n"}
,{"stream_name":"stderr","time":5280.307196401,"data":"\r[label_smooth] Stage2 Epoch 73/75:  56%|█████▌    | 92/164 [00:31\u003c00:23,  3.02it/s, loss=0.7658, acc=0.9570]\r[label_smooth] Stage2 Epoch 73/75:  57%|█████▋    | 93/164 [00:31\u003c00:23,  3.02it/s, loss=0.7658, acc=0.9570]\n"}
,{"stream_name":"stderr","time":5280.637390617,"data":"\r[label_smooth] Stage2 Epoch 73/75:  57%|█████▋    | 93/164 [00:31\u003c00:23,  3.02it/s, loss=0.7658, acc=0.9570]\r[label_smooth] Stage2 Epoch 73/75:  57%|█████▋    | 93/164 [00:31\u003c00:23,  3.02it/s, loss=0.7653, acc=0.9571]\n"}
,{"stream_name":"stderr","time":5280.638307391,"data":"\r[label_smooth] Stage2 Epoch 73/75:  57%|█████▋    | 93/164 [00:31\u003c00:23,  3.02it/s, loss=0.7653, acc=0.9571]\r[label_smooth] Stage2 Epoch 73/75:  57%|█████▋    | 94/164 [00:31\u003c00:23,  3.02it/s, loss=0.7653, acc=0.9571]\n"}
,{"stream_name":"stderr","time":5280.966282149,"data":"\r[label_smooth] Stage2 Epoch 73/75:  57%|█████▋    | 94/164 [00:31\u003c00:23,  3.02it/s, loss=0.7653, acc=0.9571]\r[label_smooth] Stage2 Epoch 73/75:  57%|█████▋    | 94/164 [00:32\u003c00:23,  3.02it/s, loss=0.7644, acc=0.9576]\n"}
,{"stream_name":"stderr","time":5280.967405796,"data":"\r[label_smooth] Stage2 Epoch 73/75:  57%|█████▋    | 94/164 [00:32\u003c00:23,  3.02it/s, loss=0.7644, acc=0.9576]\r[label_smooth] Stage2 Epoch 73/75:  58%|█████▊    | 95/164 [00:32\u003c00:22,  3.03it/s, loss=0.7644, acc=0.9576]\n"}
,{"stream_name":"stderr","time":5281.296745564,"data":"\r[label_smooth] Stage2 Epoch 73/75:  58%|█████▊    | 95/164 [00:32\u003c00:22,  3.03it/s, loss=0.7644, acc=0.9576]\r[label_smooth] Stage2 Epoch 73/75:  58%|█████▊    | 95/164 [00:32\u003c00:22,  3.03it/s, loss=0.7651, acc=0.9577]\n"}
,{"stream_name":"stderr","time":5281.297639691,"data":"\r[label_smooth] Stage2 Epoch 73/75:  58%|█████▊    | 95/164 [00:32\u003c00:22,  3.03it/s, loss=0.7651, acc=0.9577]\r[label_smooth] Stage2 Epoch 73/75:  59%|█████▊    | 96/164 [00:32\u003c00:22,  3.03it/s, loss=0.7651, acc=0.9577]\n"}
,{"stream_name":"stderr","time":5281.628430112,"data":"\r[label_smooth] Stage2 Epoch 73/75:  59%|█████▊    | 96/164 [00:32\u003c00:22,  3.03it/s, loss=0.7651, acc=0.9577]\r[label_smooth] Stage2 Epoch 73/75:  59%|█████▊    | 96/164 [00:32\u003c00:22,  3.03it/s, loss=0.7642, acc=0.9581]\n"}
,{"stream_name":"stderr","time":5281.629413661,"data":"\r[label_smooth] Stage2 Epoch 73/75:  59%|█████▊    | 96/164 [00:32\u003c00:22,  3.03it/s, loss=0.7642, acc=0.9581]\r[label_smooth] Stage2 Epoch 73/75:  59%|█████▉    | 97/164 [00:32\u003c00:22,  3.02it/s, loss=0.7642, acc=0.9581]\n"}
,{"stream_name":"stderr","time":5281.959121838,"data":"\r[label_smooth] Stage2 Epoch 73/75:  59%|█████▉    | 97/164 [00:32\u003c00:22,  3.02it/s, loss=0.7642, acc=0.9581]\r[label_smooth] Stage2 Epoch 73/75:  59%|█████▉    | 97/164 [00:33\u003c00:22,  3.02it/s, loss=0.7634, acc=0.9585]\n"}
,{"stream_name":"stderr","time":5281.960190824,"data":"\r[label_smooth] Stage2 Epoch 73/75:  59%|█████▉    | 97/164 [00:33\u003c00:22,  3.02it/s, loss=0.7634, acc=0.9585]\r[label_smooth] Stage2 Epoch 73/75:  60%|█████▉    | 98/164 [00:33\u003c00:21,  3.02it/s, loss=0.7634, acc=0.9585]\n"}
,{"stream_name":"stderr","time":5282.294221643,"data":"\r[label_smooth] Stage2 Epoch 73/75:  60%|█████▉    | 98/164 [00:33\u003c00:21,  3.02it/s, loss=0.7634, acc=0.9585]\r[label_smooth] Stage2 Epoch 73/75:  60%|█████▉    | 98/164 [00:33\u003c00:21,  3.02it/s, loss=0.7638, acc=0.9583]\n"}
,{"stream_name":"stderr","time":5282.295288047,"data":"\r[label_smooth] Stage2 Epoch 73/75:  60%|█████▉    | 98/164 [00:33\u003c00:21,  3.02it/s, loss=0.7638, acc=0.9583]\r[label_smooth] Stage2 Epoch 73/75:  60%|██████    | 99/164 [00:33\u003c00:21,  3.01it/s, loss=0.7638, acc=0.9583]\n"}
,{"stream_name":"stderr","time":5282.627112074,"data":"\r[label_smooth] Stage2 Epoch 73/75:  60%|██████    | 99/164 [00:33\u003c00:21,  3.01it/s, loss=0.7638, acc=0.9583]\r[label_smooth] Stage2 Epoch 73/75:  60%|██████    | 99/164 [00:33\u003c00:21,  3.01it/s, loss=0.7646, acc=0.9578]\n"}
,{"stream_name":"stderr","time":5282.628218298,"data":"\r[label_smooth] Stage2 Epoch 73/75:  60%|██████    | 99/164 [00:33\u003c00:21,  3.01it/s, loss=0.7646, acc=0.9578]\r[label_smooth] Stage2 Epoch 73/75:  61%|██████    | 100/164 [00:33\u003c00:21,  3.01it/s, loss=0.7646, acc=0.9578]\n"}
,{"stream_name":"stderr","time":5282.958748546,"data":"\r[label_smooth] Stage2 Epoch 73/75:  61%|██████    | 100/164 [00:33\u003c00:21,  3.01it/s, loss=0.7646, acc=0.9578]\r[label_smooth] Stage2 Epoch 73/75:  61%|██████    | 100/164 [00:34\u003c00:21,  3.01it/s, loss=0.7660, acc=0.9573]\n"}
,{"stream_name":"stderr","time":5282.960910389,"data":"\r[label_smooth] Stage2 Epoch 73/75:  61%|██████    | 100/164 [00:34\u003c00:21,  3.01it/s, loss=0.7660, acc=0.9573]\r[label_smooth] Stage2 Epoch 73/75:  62%|██████▏   | 101/164 [00:34\u003c00:20,  3.01it/s, loss=0.7660, acc=0.9573]\n"}
,{"stream_name":"stderr","time":5283.290534031,"data":"\r[label_smooth] Stage2 Epoch 73/75:  62%|██████▏   | 101/164 [00:34\u003c00:20,  3.01it/s, loss=0.7660, acc=0.9573]\r[label_smooth] Stage2 Epoch 73/75:  62%|██████▏   | 101/164 [00:34\u003c00:20,  3.01it/s, loss=0.7665, acc=0.9574]\n"}
,{"stream_name":"stderr","time":5283.291605123,"data":"\r[label_smooth] Stage2 Epoch 73/75:  62%|██████▏   | 101/164 [00:34\u003c00:20,  3.01it/s, loss=0.7665, acc=0.9574]\r[label_smooth] Stage2 Epoch 73/75:  62%|██████▏   | 102/164 [00:34\u003c00:20,  3.01it/s, loss=0.7665, acc=0.9574]\n"}
,{"stream_name":"stderr","time":5283.621538617,"data":"\r[label_smooth] Stage2 Epoch 73/75:  62%|██████▏   | 102/164 [00:34\u003c00:20,  3.01it/s, loss=0.7665, acc=0.9574]\r[label_smooth] Stage2 Epoch 73/75:  62%|██████▏   | 102/164 [00:34\u003c00:20,  3.01it/s, loss=0.7662, acc=0.9575]\n"}
,{"stream_name":"stderr","time":5283.623221038,"data":"\r[label_smooth] Stage2 Epoch 73/75:  62%|██████▏   | 102/164 [00:34\u003c00:20,  3.01it/s, loss=0.7662, acc=0.9575]\r[label_smooth] Stage2 Epoch 73/75:  63%|██████▎   | 103/164 [00:34\u003c00:20,  3.01it/s, loss=0.7662, acc=0.9575]\n"}
,{"stream_name":"stderr","time":5283.951238092,"data":"\r[label_smooth] Stage2 Epoch 73/75:  63%|██████▎   | 103/164 [00:34\u003c00:20,  3.01it/s, loss=0.7662, acc=0.9575]\r[label_smooth] Stage2 Epoch 73/75:  63%|██████▎   | 103/164 [00:35\u003c00:20,  3.01it/s, loss=0.7683, acc=0.9573]\n"}
,{"stream_name":"stderr","time":5283.952468741,"data":"\r[label_smooth] Stage2 Epoch 73/75:  63%|██████▎   | 103/164 [00:35\u003c00:20,  3.01it/s, loss=0.7683, acc=0.9573]\r[label_smooth] Stage2 Epoch 73/75:  63%|██████▎   | 104/164 [00:35\u003c00:19,  3.02it/s, loss=0.7683, acc=0.9573]\n"}
,{"stream_name":"stderr","time":5284.283404254,"data":"\r[label_smooth] Stage2 Epoch 73/75:  63%|██████▎   | 104/164 [00:35\u003c00:19,  3.02it/s, loss=0.7683, acc=0.9573]\r[label_smooth] Stage2 Epoch 73/75:  63%|██████▎   | 104/164 [00:35\u003c00:19,  3.02it/s, loss=0.7694, acc=0.9571]\n"}
,{"stream_name":"stderr","time":5284.284409395,"data":"\r[label_smooth] Stage2 Epoch 73/75:  63%|██████▎   | 104/164 [00:35\u003c00:19,  3.02it/s, loss=0.7694, acc=0.9571]\r[label_smooth] Stage2 Epoch 73/75:  64%|██████▍   | 105/164 [00:35\u003c00:19,  3.02it/s, loss=0.7694, acc=0.9571]\n"}
,{"stream_name":"stderr","time":5284.613106753,"data":"\r[label_smooth] Stage2 Epoch 73/75:  64%|██████▍   | 105/164 [00:35\u003c00:19,  3.02it/s, loss=0.7694, acc=0.9571]\r[label_smooth] Stage2 Epoch 73/75:  64%|██████▍   | 105/164 [00:35\u003c00:19,  3.02it/s, loss=0.7700, acc=0.9570]\n"}
,{"stream_name":"stderr","time":5284.61484594,"data":"\r[label_smooth] Stage2 Epoch 73/75:  64%|██████▍   | 105/164 [00:35\u003c00:19,  3.02it/s, loss=0.7700, acc=0.9570]\r[label_smooth] Stage2 Epoch 73/75:  65%|██████▍   | 106/164 [00:35\u003c00:19,  3.02it/s, loss=0.7700, acc=0.9570]\n"}
,{"stream_name":"stderr","time":5284.94629622,"data":"\r[label_smooth] Stage2 Epoch 73/75:  65%|██████▍   | 106/164 [00:35\u003c00:19,  3.02it/s, loss=0.7700, acc=0.9570]\r[label_smooth] Stage2 Epoch 73/75:  65%|██████▍   | 106/164 [00:36\u003c00:19,  3.02it/s, loss=0.7697, acc=0.9574]\n"}
,{"stream_name":"stderr","time":5284.948263914,"data":"\r[label_smooth] Stage2 Epoch 73/75:  65%|██████▍   | 106/164 [00:36\u003c00:19,  3.02it/s, loss=0.7697, acc=0.9574]\r[label_smooth] Stage2 Epoch 73/75:  65%|██████▌   | 107/164 [00:36\u003c00:18,  3.02it/s, loss=0.7697, acc=0.9574]\n"}
,{"stream_name":"stderr","time":5285.279907196,"data":"\r[label_smooth] Stage2 Epoch 73/75:  65%|██████▌   | 107/164 [00:36\u003c00:18,  3.02it/s, loss=0.7697, acc=0.9574]\r[label_smooth] Stage2 Epoch 73/75:  65%|██████▌   | 107/164 [00:36\u003c00:18,  3.02it/s, loss=0.7693, acc=0.9572]\n"}
,{"stream_name":"stderr","time":5285.281326218,"data":"\r[label_smooth] Stage2 Epoch 73/75:  65%|██████▌   | 107/164 [00:36\u003c00:18,  3.02it/s, loss=0.7693, acc=0.9572]\r[label_smooth] Stage2 Epoch 73/75:  66%|██████▌   | 108/164 [00:36\u003c00:18,  3.01it/s, loss=0.7693, acc=0.9572]\n"}
,{"stream_name":"stderr","time":5285.611345914,"data":"\r[label_smooth] Stage2 Epoch 73/75:  66%|██████▌   | 108/164 [00:36\u003c00:18,  3.01it/s, loss=0.7693, acc=0.9572]\r[label_smooth] Stage2 Epoch 73/75:  66%|██████▌   | 108/164 [00:36\u003c00:18,  3.01it/s, loss=0.7692, acc=0.9570]\n"}
,{"stream_name":"stderr","time":5285.612384107,"data":"\r[label_smooth] Stage2 Epoch 73/75:  66%|██████▌   | 108/164 [00:36\u003c00:18,  3.01it/s, loss=0.7692, acc=0.9570]\r[label_smooth] Stage2 Epoch 73/75:  66%|██████▋   | 109/164 [00:36\u003c00:18,  3.01it/s, loss=0.7692, acc=0.9570]\n"}
,{"stream_name":"stderr","time":5285.939478094,"data":"\r[label_smooth] Stage2 Epoch 73/75:  66%|██████▋   | 109/164 [00:36\u003c00:18,  3.01it/s, loss=0.7692, acc=0.9570]\r[label_smooth] Stage2 Epoch 73/75:  66%|██████▋   | 109/164 [00:37\u003c00:18,  3.01it/s, loss=0.7689, acc=0.9568]\n"}
,{"stream_name":"stderr","time":5285.940715875,"data":"\r[label_smooth] Stage2 Epoch 73/75:  66%|██████▋   | 109/164 [00:37\u003c00:18,  3.01it/s, loss=0.7689, acc=0.9568]\r[label_smooth] Stage2 Epoch 73/75:  67%|██████▋   | 110/164 [00:37\u003c00:17,  3.02it/s, loss=0.7689, acc=0.9568]\n"}
,{"stream_name":"stderr","time":5286.271713693,"data":"\r[label_smooth] Stage2 Epoch 73/75:  67%|██████▋   | 110/164 [00:37\u003c00:17,  3.02it/s, loss=0.7689, acc=0.9568]\r[label_smooth] Stage2 Epoch 73/75:  67%|██████▋   | 110/164 [00:37\u003c00:17,  3.02it/s, loss=0.7696, acc=0.9566]\n"}
,{"stream_name":"stderr","time":5286.273295787,"data":"\r[label_smooth] Stage2 Epoch 73/75:  67%|██████▋   | 110/164 [00:37\u003c00:17,  3.02it/s, loss=0.7696, acc=0.9566]\r[label_smooth] Stage2 Epoch 73/75:  68%|██████▊   | 111/164 [00:37\u003c00:17,  3.02it/s, loss=0.7696, acc=0.9566]\n"}
,{"stream_name":"stderr","time":5286.600232994,"data":"\r[label_smooth] Stage2 Epoch 73/75:  68%|██████▊   | 111/164 [00:37\u003c00:17,  3.02it/s, loss=0.7696, acc=0.9566]\r[label_smooth] Stage2 Epoch 73/75:  68%|██████▊   | 111/164 [00:37\u003c00:17,  3.02it/s, loss=0.7691, acc=0.9568]\n"}
,{"stream_name":"stderr","time":5286.601186099,"data":"\r[label_smooth] Stage2 Epoch 73/75:  68%|██████▊   | 111/164 [00:37\u003c00:17,  3.02it/s, loss=0.7691, acc=0.9568]\r[label_smooth] Stage2 Epoch 73/75:  68%|██████▊   | 112/164 [00:37\u003c00:17,  3.02it/s, loss=0.7691, acc=0.9568]\n"}
,{"stream_name":"stderr","time":5286.929486705,"data":"\r[label_smooth] Stage2 Epoch 73/75:  68%|██████▊   | 112/164 [00:37\u003c00:17,  3.02it/s, loss=0.7691, acc=0.9568]\r[label_smooth] Stage2 Epoch 73/75:  68%|██████▊   | 112/164 [00:38\u003c00:17,  3.02it/s, loss=0.7690, acc=0.9571]\n"}
,{"stream_name":"stderr","time":5286.930817472,"data":"\r[label_smooth] Stage2 Epoch 73/75:  68%|██████▊   | 112/164 [00:38\u003c00:17,  3.02it/s, loss=0.7690, acc=0.9571]\r[label_smooth] Stage2 Epoch 73/75:  69%|██████▉   | 113/164 [00:38\u003c00:16,  3.03it/s, loss=0.7690, acc=0.9571]\n"}
,{"stream_name":"stderr","time":5287.263585638,"data":"\r[label_smooth] Stage2 Epoch 73/75:  69%|██████▉   | 113/164 [00:38\u003c00:16,  3.03it/s, loss=0.7690, acc=0.9571]\r[label_smooth] Stage2 Epoch 73/75:  69%|██████▉   | 113/164 [00:38\u003c00:16,  3.03it/s, loss=0.7693, acc=0.9570]\n"}
,{"stream_name":"stderr","time":5287.264625088,"data":"\r[label_smooth] Stage2 Epoch 73/75:  69%|██████▉   | 113/164 [00:38\u003c00:16,  3.03it/s, loss=0.7693, acc=0.9570]\r[label_smooth] Stage2 Epoch 73/75:  70%|██████▉   | 114/164 [00:38\u003c00:16,  3.02it/s, loss=0.7693, acc=0.9570]\n"}
,{"stream_name":"stderr","time":5287.594219994,"data":"\r[label_smooth] Stage2 Epoch 73/75:  70%|██████▉   | 114/164 [00:38\u003c00:16,  3.02it/s, loss=0.7693, acc=0.9570]\r[label_smooth] Stage2 Epoch 73/75:  70%|██████▉   | 114/164 [00:38\u003c00:16,  3.02it/s, loss=0.7702, acc=0.9563]\n"}
,{"stream_name":"stderr","time":5287.595264299,"data":"\r[label_smooth] Stage2 Epoch 73/75:  70%|██████▉   | 114/164 [00:38\u003c00:16,  3.02it/s, loss=0.7702, acc=0.9563]\r[label_smooth] Stage2 Epoch 73/75:  70%|███████   | 115/164 [00:38\u003c00:16,  3.02it/s, loss=0.7702, acc=0.9563]\n"}
,{"stream_name":"stderr","time":5287.925755502,"data":"\r[label_smooth] Stage2 Epoch 73/75:  70%|███████   | 115/164 [00:38\u003c00:16,  3.02it/s, loss=0.7702, acc=0.9563]\r[label_smooth] Stage2 Epoch 73/75:  70%|███████   | 115/164 [00:39\u003c00:16,  3.02it/s, loss=0.7708, acc=0.9558]\n"}
,{"stream_name":"stderr","time":5287.927172294,"data":"\r[label_smooth] Stage2 Epoch 73/75:  70%|███████   | 115/164 [00:39\u003c00:16,  3.02it/s, loss=0.7708, acc=0.9558]\r[label_smooth] Stage2 Epoch 73/75:  71%|███████   | 116/164 [00:39\u003c00:15,  3.02it/s, loss=0.7708, acc=0.9558]\n"}
,{"stream_name":"stderr","time":5288.257514922,"data":"\r[label_smooth] Stage2 Epoch 73/75:  71%|███████   | 116/164 [00:39\u003c00:15,  3.02it/s, loss=0.7708, acc=0.9558]\r[label_smooth] Stage2 Epoch 73/75:  71%|███████   | 116/164 [00:39\u003c00:15,  3.02it/s, loss=0.7699, acc=0.9562]\n"}
,{"stream_name":"stderr","time":5288.259356374,"data":"\r[label_smooth] Stage2 Epoch 73/75:  71%|███████   | 116/164 [00:39\u003c00:15,  3.02it/s, loss=0.7699, acc=0.9562]\r[label_smooth] Stage2 Epoch 73/75:  71%|███████▏  | 117/164 [00:39\u003c00:15,  3.02it/s, loss=0.7699, acc=0.9562]\n"}
,{"stream_name":"stderr","time":5288.589798534,"data":"\r[label_smooth] Stage2 Epoch 73/75:  71%|███████▏  | 117/164 [00:39\u003c00:15,  3.02it/s, loss=0.7699, acc=0.9562]\r[label_smooth] Stage2 Epoch 73/75:  71%|███████▏  | 117/164 [00:39\u003c00:15,  3.02it/s, loss=0.7691, acc=0.9566]\n"}
,{"stream_name":"stderr","time":5288.590822901,"data":"\r[label_smooth] Stage2 Epoch 73/75:  71%|███████▏  | 117/164 [00:39\u003c00:15,  3.02it/s, loss=0.7691, acc=0.9566]\r[label_smooth] Stage2 Epoch 73/75:  72%|███████▏  | 118/164 [00:39\u003c00:15,  3.01it/s, loss=0.7691, acc=0.9566]\n"}
,{"stream_name":"stderr","time":5288.923551238,"data":"\r[label_smooth] Stage2 Epoch 73/75:  72%|███████▏  | 118/164 [00:39\u003c00:15,  3.01it/s, loss=0.7691, acc=0.9566]\r[label_smooth] Stage2 Epoch 73/75:  72%|███████▏  | 118/164 [00:40\u003c00:15,  3.01it/s, loss=0.7694, acc=0.9561]\n"}
,{"stream_name":"stderr","time":5288.92465867,"data":"\r[label_smooth] Stage2 Epoch 73/75:  72%|███████▏  | 118/164 [00:40\u003c00:15,  3.01it/s, loss=0.7694, acc=0.9561]\r[label_smooth] Stage2 Epoch 73/75:  73%|███████▎  | 119/164 [00:40\u003c00:14,  3.01it/s, loss=0.7694, acc=0.9561]\n"}
,{"stream_name":"stderr","time":5289.257400836,"data":"\r[label_smooth] Stage2 Epoch 73/75:  73%|███████▎  | 119/164 [00:40\u003c00:14,  3.01it/s, loss=0.7694, acc=0.9561]\r[label_smooth] Stage2 Epoch 73/75:  73%|███████▎  | 119/164 [00:40\u003c00:14,  3.01it/s, loss=0.7692, acc=0.9563]\n"}
,{"stream_name":"stderr","time":5289.257904102,"data":"\r[label_smooth] Stage2 Epoch 73/75:  73%|███████▎  | 119/164 [00:40\u003c00:14,  3.01it/s, loss=0.7692, acc=0.9563]\r[label_smooth] Stage2 Epoch 73/75:  73%|███████▎  | 120/164 [00:40\u003c00:14,  3.01it/s, loss=0.7692, acc=0.9563]\n"}
,{"stream_name":"stderr","time":5289.586757075,"data":"\r[label_smooth] Stage2 Epoch 73/75:  73%|███████▎  | 120/164 [00:40\u003c00:14,  3.01it/s, loss=0.7692, acc=0.9563]\r[label_smooth] Stage2 Epoch 73/75:  73%|███████▎  | 120/164 [00:40\u003c00:14,  3.01it/s, loss=0.7687, acc=0.9566]\n"}
,{"stream_name":"stderr","time":5289.587972687,"data":"\r[label_smooth] Stage2 Epoch 73/75:  73%|███████▎  | 120/164 [00:40\u003c00:14,  3.01it/s, loss=0.7687, acc=0.9566]\r[label_smooth] Stage2 Epoch 73/75:  74%|███████▍  | 121/164 [00:40\u003c00:14,  3.01it/s, loss=0.7687, acc=0.9566]\n"}
,{"stream_name":"stderr","time":5289.917526563,"data":"\r[label_smooth] Stage2 Epoch 73/75:  74%|███████▍  | 121/164 [00:40\u003c00:14,  3.01it/s, loss=0.7687, acc=0.9566]\r[label_smooth] Stage2 Epoch 73/75:  74%|███████▍  | 121/164 [00:41\u003c00:14,  3.01it/s, loss=0.7686, acc=0.9567]\n"}
,{"stream_name":"stderr","time":5289.920219334,"data":"\r[label_smooth] Stage2 Epoch 73/75:  74%|███████▍  | 121/164 [00:41\u003c00:14,  3.01it/s, loss=0.7686, acc=0.9567]\r[label_smooth] Stage2 Epoch 73/75:  74%|███████▍  | 122/164 [00:41\u003c00:13,  3.02it/s, loss=0.7686, acc=0.9567]\n"}
,{"stream_name":"stderr","time":5290.251712559,"data":"\r[label_smooth] Stage2 Epoch 73/75:  74%|███████▍  | 122/164 [00:41\u003c00:13,  3.02it/s, loss=0.7686, acc=0.9567]\r[label_smooth] Stage2 Epoch 73/75:  74%|███████▍  | 122/164 [00:41\u003c00:13,  3.02it/s, loss=0.7683, acc=0.9568]\n"}
,{"stream_name":"stderr","time":5290.252570683,"data":"\r[label_smooth] Stage2 Epoch 73/75:  74%|███████▍  | 122/164 [00:41\u003c00:13,  3.02it/s, loss=0.7683, acc=0.9568]\r[label_smooth] Stage2 Epoch 73/75:  75%|███████▌  | 123/164 [00:41\u003c00:13,  3.01it/s, loss=0.7683, acc=0.9568]\n"}
,{"stream_name":"stderr","time":5290.583909983,"data":"\r[label_smooth] Stage2 Epoch 73/75:  75%|███████▌  | 123/164 [00:41\u003c00:13,  3.01it/s, loss=0.7683, acc=0.9568]\r[label_smooth] Stage2 Epoch 73/75:  75%|███████▌  | 123/164 [00:41\u003c00:13,  3.01it/s, loss=0.7681, acc=0.9569]\n"}
,{"stream_name":"stderr","time":5290.584386575,"data":"\r[label_smooth] Stage2 Epoch 73/75:  75%|███████▌  | 123/164 [00:41\u003c00:13,  3.01it/s, loss=0.7681, acc=0.9569]\r[label_smooth] Stage2 Epoch 73/75:  76%|███████▌  | 124/164 [00:41\u003c00:13,  3.01it/s, loss=0.7681, acc=0.9569]\n"}
,{"stream_name":"stderr","time":5290.916479153,"data":"\r[label_smooth] Stage2 Epoch 73/75:  76%|███████▌  | 124/164 [00:41\u003c00:13,  3.01it/s, loss=0.7681, acc=0.9569]\r[label_smooth] Stage2 Epoch 73/75:  76%|███████▌  | 124/164 [00:42\u003c00:13,  3.01it/s, loss=0.7678, acc=0.9570]\n"}
,{"stream_name":"stderr","time":5290.917571645,"data":"\r[label_smooth] Stage2 Epoch 73/75:  76%|███████▌  | 124/164 [00:42\u003c00:13,  3.01it/s, loss=0.7678, acc=0.9570]\r[label_smooth] Stage2 Epoch 73/75:  76%|███████▌  | 125/164 [00:42\u003c00:12,  3.01it/s, loss=0.7678, acc=0.9570]\n"}
,{"stream_name":"stderr","time":5291.248944142,"data":"\r[label_smooth] Stage2 Epoch 73/75:  76%|███████▌  | 125/164 [00:42\u003c00:12,  3.01it/s, loss=0.7678, acc=0.9570]\r[label_smooth] Stage2 Epoch 73/75:  76%|███████▌  | 125/164 [00:42\u003c00:12,  3.01it/s, loss=0.7677, acc=0.9568]\n"}
,{"stream_name":"stderr","time":5291.250581352,"data":"\r[label_smooth] Stage2 Epoch 73/75:  76%|███████▌  | 125/164 [00:42\u003c00:12,  3.01it/s, loss=0.7677, acc=0.9568]\r[label_smooth] Stage2 Epoch 73/75:  77%|███████▋  | 126/164 [00:42\u003c00:12,  3.01it/s, loss=0.7677, acc=0.9568]\n"}
,{"stream_name":"stderr","time":5291.580935821,"data":"\r[label_smooth] Stage2 Epoch 73/75:  77%|███████▋  | 126/164 [00:42\u003c00:12,  3.01it/s, loss=0.7677, acc=0.9568]\r[label_smooth] Stage2 Epoch 73/75:  77%|███████▋  | 126/164 [00:42\u003c00:12,  3.01it/s, loss=0.7675, acc=0.9569]\n"}
,{"stream_name":"stderr","time":5291.581990802,"data":"\r[label_smooth] Stage2 Epoch 73/75:  77%|███████▋  | 126/164 [00:42\u003c00:12,  3.01it/s, loss=0.7675, acc=0.9569]\r[label_smooth] Stage2 Epoch 73/75:  77%|███████▋  | 127/164 [00:42\u003c00:12,  3.01it/s, loss=0.7675, acc=0.9569]\n"}
,{"stream_name":"stderr","time":5291.912402456,"data":"\r[label_smooth] Stage2 Epoch 73/75:  77%|███████▋  | 127/164 [00:42\u003c00:12,  3.01it/s, loss=0.7675, acc=0.9569]\r[label_smooth] Stage2 Epoch 73/75:  77%|███████▋  | 127/164 [00:43\u003c00:12,  3.01it/s, loss=0.7671, acc=0.9570]\n"}
,{"stream_name":"stderr","time":5291.913301839,"data":"\r[label_smooth] Stage2 Epoch 73/75:  77%|███████▋  | 127/164 [00:43\u003c00:12,  3.01it/s, loss=0.7671, acc=0.9570]\r[label_smooth] Stage2 Epoch 73/75:  78%|███████▊  | 128/164 [00:43\u003c00:11,  3.01it/s, loss=0.7671, acc=0.9570]\n"}
,{"stream_name":"stderr","time":5292.240097976,"data":"\r[label_smooth] Stage2 Epoch 73/75:  78%|███████▊  | 128/164 [00:43\u003c00:11,  3.01it/s, loss=0.7671, acc=0.9570]\r[label_smooth] Stage2 Epoch 73/75:  78%|███████▊  | 128/164 [00:43\u003c00:11,  3.01it/s, loss=0.7667, acc=0.9571]\n"}
,{"stream_name":"stderr","time":5292.241245128,"data":"\r[label_smooth] Stage2 Epoch 73/75:  78%|███████▊  | 128/164 [00:43\u003c00:11,  3.01it/s, loss=0.7667, acc=0.9571]\r[label_smooth] Stage2 Epoch 73/75:  79%|███████▊  | 129/164 [00:43\u003c00:11,  3.02it/s, loss=0.7667, acc=0.9571]\n"}
,{"stream_name":"stderr","time":5292.567787099,"data":"\r[label_smooth] Stage2 Epoch 73/75:  79%|███████▊  | 129/164 [00:43\u003c00:11,  3.02it/s, loss=0.7667, acc=0.9571]\r[label_smooth] Stage2 Epoch 73/75:  79%|███████▊  | 129/164 [00:43\u003c00:11,  3.02it/s, loss=0.7665, acc=0.9572]\n"}
,{"stream_name":"stderr","time":5292.568873728,"data":"\r[label_smooth] Stage2 Epoch 73/75:  79%|███████▊  | 129/164 [00:43\u003c00:11,  3.02it/s, loss=0.7665, acc=0.9572]\r[label_smooth] Stage2 Epoch 73/75:  79%|███████▉  | 130/164 [00:43\u003c00:11,  3.03it/s, loss=0.7665, acc=0.9572]\n"}
,{"stream_name":"stderr","time":5292.898110666,"data":"\r[label_smooth] Stage2 Epoch 73/75:  79%|███████▉  | 130/164 [00:43\u003c00:11,  3.03it/s, loss=0.7665, acc=0.9572]\r[label_smooth] Stage2 Epoch 73/75:  79%|███████▉  | 130/164 [00:44\u003c00:11,  3.03it/s, loss=0.7673, acc=0.9571]\n"}
,{"stream_name":"stderr","time":5292.899170026,"data":"\r[label_smooth] Stage2 Epoch 73/75:  79%|███████▉  | 130/164 [00:44\u003c00:11,  3.03it/s, loss=0.7673, acc=0.9571]\r[label_smooth] Stage2 Epoch 73/75:  80%|███████▉  | 131/164 [00:44\u003c00:10,  3.03it/s, loss=0.7673, acc=0.9571]\n"}
,{"stream_name":"stderr","time":5293.226985822,"data":"\r[label_smooth] Stage2 Epoch 73/75:  80%|███████▉  | 131/164 [00:44\u003c00:10,  3.03it/s, loss=0.7673, acc=0.9571]\r[label_smooth] Stage2 Epoch 73/75:  80%|███████▉  | 131/164 [00:44\u003c00:10,  3.03it/s, loss=0.7686, acc=0.9564]\n"}
,{"stream_name":"stderr","time":5293.228070857,"data":"\r[label_smooth] Stage2 Epoch 73/75:  80%|███████▉  | 131/164 [00:44\u003c00:10,  3.03it/s, loss=0.7686, acc=0.9564]\r[label_smooth] Stage2 Epoch 73/75:  80%|████████  | 132/164 [00:44\u003c00:10,  3.03it/s, loss=0.7686, acc=0.9564]\n"}
,{"stream_name":"stderr","time":5293.556489067,"data":"\r[label_smooth] Stage2 Epoch 73/75:  80%|████████  | 132/164 [00:44\u003c00:10,  3.03it/s, loss=0.7686, acc=0.9564]\r[label_smooth] Stage2 Epoch 73/75:  80%|████████  | 132/164 [00:44\u003c00:10,  3.03it/s, loss=0.7682, acc=0.9565]\n"}
,{"stream_name":"stderr","time":5293.559337751,"data":"\r[label_smooth] Stage2 Epoch 73/75:  80%|████████  | 132/164 [00:44\u003c00:10,  3.03it/s, loss=0.7682, acc=0.9565]\r[label_smooth] Stage2 Epoch 73/75:  81%|████████  | 133/164 [00:44\u003c00:10,  3.03it/s, loss=0.7682, acc=0.9565]\n"}
,{"stream_name":"stderr","time":5293.890972914,"data":"\r[label_smooth] Stage2 Epoch 73/75:  81%|████████  | 133/164 [00:44\u003c00:10,  3.03it/s, loss=0.7682, acc=0.9565]\r[label_smooth] Stage2 Epoch 73/75:  81%|████████  | 133/164 [00:45\u003c00:10,  3.03it/s, loss=0.7676, acc=0.9569]\n"}
,{"stream_name":"stderr","time":5293.892649459,"data":"\r[label_smooth] Stage2 Epoch 73/75:  81%|████████  | 133/164 [00:45\u003c00:10,  3.03it/s, loss=0.7676, acc=0.9569]\r[label_smooth] Stage2 Epoch 73/75:  82%|████████▏ | 134/164 [00:45\u003c00:09,  3.02it/s, loss=0.7676, acc=0.9569]\n"}
,{"stream_name":"stderr","time":5294.220988573,"data":"\r[label_smooth] Stage2 Epoch 73/75:  82%|████████▏ | 134/164 [00:45\u003c00:09,  3.02it/s, loss=0.7676, acc=0.9569]\r[label_smooth] Stage2 Epoch 73/75:  82%|████████▏ | 134/164 [00:45\u003c00:09,  3.02it/s, loss=0.7669, acc=0.9572]\n"}
,{"stream_name":"stderr","time":5294.222432152,"data":"\r[label_smooth] Stage2 Epoch 73/75:  82%|████████▏ | 134/164 [00:45\u003c00:09,  3.02it/s, loss=0.7669, acc=0.9572]\r[label_smooth] Stage2 Epoch 73/75:  82%|████████▏ | 135/164 [00:45\u003c00:09,  3.02it/s, loss=0.7669, acc=0.9572]\n"}
,{"stream_name":"stderr","time":5294.548082642,"data":"\r[label_smooth] Stage2 Epoch 73/75:  82%|████████▏ | 135/164 [00:45\u003c00:09,  3.02it/s, loss=0.7669, acc=0.9572]\r[label_smooth] Stage2 Epoch 73/75:  82%|████████▏ | 135/164 [00:45\u003c00:09,  3.02it/s, loss=0.7671, acc=0.9570]\n"}
,{"stream_name":"stderr","time":5294.54977261,"data":"\r[label_smooth] Stage2 Epoch 73/75:  82%|████████▏ | 135/164 [00:45\u003c00:09,  3.02it/s, loss=0.7671, acc=0.9570]\r[label_smooth] Stage2 Epoch 73/75:  83%|████████▎ | 136/164 [00:45\u003c00:09,  3.03it/s, loss=0.7671, acc=0.9570]\n"}
,{"stream_name":"stderr","time":5294.883164087,"data":"\r[label_smooth] Stage2 Epoch 73/75:  83%|████████▎ | 136/164 [00:45\u003c00:09,  3.03it/s, loss=0.7671, acc=0.9570]\r[label_smooth] Stage2 Epoch 73/75:  83%|████████▎ | 136/164 [00:46\u003c00:09,  3.03it/s, loss=0.7676, acc=0.9569]\n"}
,{"stream_name":"stderr","time":5294.884239472,"data":"\r[label_smooth] Stage2 Epoch 73/75:  83%|████████▎ | 136/164 [00:46\u003c00:09,  3.03it/s, loss=0.7676, acc=0.9569]\r[label_smooth] Stage2 Epoch 73/75:  84%|████████▎ | 137/164 [00:46\u003c00:08,  3.02it/s, loss=0.7676, acc=0.9569]\n"}
,{"stream_name":"stderr","time":5295.213678965,"data":"\r[label_smooth] Stage2 Epoch 73/75:  84%|████████▎ | 137/164 [00:46\u003c00:08,  3.02it/s, loss=0.7676, acc=0.9569]\r[label_smooth] Stage2 Epoch 73/75:  84%|████████▎ | 137/164 [00:46\u003c00:08,  3.02it/s, loss=0.7686, acc=0.9565]\n"}
,{"stream_name":"stderr","time":5295.215822769,"data":"\r[label_smooth] Stage2 Epoch 73/75:  84%|████████▎ | 137/164 [00:46\u003c00:08,  3.02it/s, loss=0.7686, acc=0.9565]\r[label_smooth] Stage2 Epoch 73/75:  84%|████████▍ | 138/164 [00:46\u003c00:08,  3.02it/s, loss=0.7686, acc=0.9565]\n"}
,{"stream_name":"stderr","time":5295.54844885,"data":"\r[label_smooth] Stage2 Epoch 73/75:  84%|████████▍ | 138/164 [00:46\u003c00:08,  3.02it/s, loss=0.7686, acc=0.9565]\r[label_smooth] Stage2 Epoch 73/75:  84%|████████▍ | 138/164 [00:46\u003c00:08,  3.02it/s, loss=0.7681, acc=0.9566]\n"}
,{"stream_name":"stderr","time":5295.549563581,"data":"\r[label_smooth] Stage2 Epoch 73/75:  84%|████████▍ | 138/164 [00:46\u003c00:08,  3.02it/s, loss=0.7681, acc=0.9566]\r[label_smooth] Stage2 Epoch 73/75:  85%|████████▍ | 139/164 [00:46\u003c00:08,  3.01it/s, loss=0.7681, acc=0.9566]\n"}
,{"stream_name":"stderr","time":5295.877911781,"data":"\r[label_smooth] Stage2 Epoch 73/75:  85%|████████▍ | 139/164 [00:46\u003c00:08,  3.01it/s, loss=0.7681, acc=0.9566]\r[label_smooth] Stage2 Epoch 73/75:  85%|████████▍ | 139/164 [00:47\u003c00:08,  3.01it/s, loss=0.7679, acc=0.9567]\n"}
,{"stream_name":"stderr","time":5295.878977744,"data":"\r[label_smooth] Stage2 Epoch 73/75:  85%|████████▍ | 139/164 [00:47\u003c00:08,  3.01it/s, loss=0.7679, acc=0.9567]\r[label_smooth] Stage2 Epoch 73/75:  85%|████████▌ | 140/164 [00:47\u003c00:07,  3.02it/s, loss=0.7679, acc=0.9567]\n"}
,{"stream_name":"stderr","time":5296.209976001,"data":"\r[label_smooth] Stage2 Epoch 73/75:  85%|████████▌ | 140/164 [00:47\u003c00:07,  3.02it/s, loss=0.7679, acc=0.9567]\r[label_smooth] Stage2 Epoch 73/75:  85%|████████▌ | 140/164 [00:47\u003c00:07,  3.02it/s, loss=0.7686, acc=0.9563]\n"}
,{"stream_name":"stderr","time":5296.210952286,"data":"\r[label_smooth] Stage2 Epoch 73/75:  85%|████████▌ | 140/164 [00:47\u003c00:07,  3.02it/s, loss=0.7686, acc=0.9563]\r[label_smooth] Stage2 Epoch 73/75:  86%|████████▌ | 141/164 [00:47\u003c00:07,  3.02it/s, loss=0.7686, acc=0.9563]\n"}
,{"stream_name":"stderr","time":5296.545920765,"data":"\r[label_smooth] Stage2 Epoch 73/75:  86%|████████▌ | 141/164 [00:47\u003c00:07,  3.02it/s, loss=0.7686, acc=0.9563]\r[label_smooth] Stage2 Epoch 73/75:  86%|████████▌ | 141/164 [00:47\u003c00:07,  3.02it/s, loss=0.7680, acc=0.9566]\n"}
,{"stream_name":"stderr","time":5296.546336842,"data":"\r[label_smooth] Stage2 Epoch 73/75:  86%|████████▌ | 141/164 [00:47\u003c00:07,  3.02it/s, loss=0.7680, acc=0.9566]\r[label_smooth] Stage2 Epoch 73/75:  87%|████████▋ | 142/164 [00:47\u003c00:07,  3.01it/s, loss=0.7680, acc=0.9566]\n"}
,{"stream_name":"stderr","time":5296.876845807,"data":"\r[label_smooth] Stage2 Epoch 73/75:  87%|████████▋ | 142/164 [00:47\u003c00:07,  3.01it/s, loss=0.7680, acc=0.9566]\r[label_smooth] Stage2 Epoch 73/75:  87%|████████▋ | 142/164 [00:48\u003c00:07,  3.01it/s, loss=0.7679, acc=0.9567]\n"}
,{"stream_name":"stderr","time":5296.879578569,"data":"\r[label_smooth] Stage2 Epoch 73/75:  87%|████████▋ | 142/164 [00:48\u003c00:07,  3.01it/s, loss=0.7679, acc=0.9567]\r[label_smooth] Stage2 Epoch 73/75:  87%|████████▋ | 143/164 [00:48\u003c00:06,  3.01it/s, loss=0.7679, acc=0.9567]\n"}
,{"stream_name":"stderr","time":5297.20912952,"data":"\r[label_smooth] Stage2 Epoch 73/75:  87%|████████▋ | 143/164 [00:48\u003c00:06,  3.01it/s, loss=0.7679, acc=0.9567]\r[label_smooth] Stage2 Epoch 73/75:  87%|████████▋ | 143/164 [00:48\u003c00:06,  3.01it/s, loss=0.7688, acc=0.9564]\n"}
,{"stream_name":"stderr","time":5297.210296033,"data":"\r[label_smooth] Stage2 Epoch 73/75:  87%|████████▋ | 143/164 [00:48\u003c00:06,  3.01it/s, loss=0.7688, acc=0.9564]\r[label_smooth] Stage2 Epoch 73/75:  88%|████████▊ | 144/164 [00:48\u003c00:06,  3.01it/s, loss=0.7688, acc=0.9564]\n"}
,{"stream_name":"stderr","time":5297.540140099,"data":"\r[label_smooth] Stage2 Epoch 73/75:  88%|████████▊ | 144/164 [00:48\u003c00:06,  3.01it/s, loss=0.7688, acc=0.9564]\r[label_smooth] Stage2 Epoch 73/75:  88%|████████▊ | 144/164 [00:48\u003c00:06,  3.01it/s, loss=0.7694, acc=0.9563]\n"}
,{"stream_name":"stderr","time":5297.5416728,"data":"\r[label_smooth] Stage2 Epoch 73/75:  88%|████████▊ | 144/164 [00:48\u003c00:06,  3.01it/s, loss=0.7694, acc=0.9563]\r[label_smooth] Stage2 Epoch 73/75:  88%|████████▊ | 145/164 [00:48\u003c00:06,  3.01it/s, loss=0.7694, acc=0.9563]\n"}
,{"stream_name":"stderr","time":5297.873816757,"data":"\r[label_smooth] Stage2 Epoch 73/75:  88%|████████▊ | 145/164 [00:48\u003c00:06,  3.01it/s, loss=0.7694, acc=0.9563]\r[label_smooth] Stage2 Epoch 73/75:  88%|████████▊ | 145/164 [00:49\u003c00:06,  3.01it/s, loss=0.7700, acc=0.9559]\n"}
,{"stream_name":"stderr","time":5297.876750117,"data":"\r[label_smooth] Stage2 Epoch 73/75:  88%|████████▊ | 145/164 [00:49\u003c00:06,  3.01it/s, loss=0.7700, acc=0.9559]\r[label_smooth] Stage2 Epoch 73/75:  89%|████████▉ | 146/164 [00:49\u003c00:05,  3.00it/s, loss=0.7700, acc=0.9559]\n"}
,{"stream_name":"stderr","time":5298.207090155,"data":"\r[label_smooth] Stage2 Epoch 73/75:  89%|████████▉ | 146/164 [00:49\u003c00:05,  3.00it/s, loss=0.7700, acc=0.9559]\r[label_smooth] Stage2 Epoch 73/75:  89%|████████▉ | 146/164 [00:49\u003c00:05,  3.00it/s, loss=0.7704, acc=0.9556]\n"}
,{"stream_name":"stderr","time":5298.208398344,"data":"\r[label_smooth] Stage2 Epoch 73/75:  89%|████████▉ | 146/164 [00:49\u003c00:05,  3.00it/s, loss=0.7704, acc=0.9556]\r[label_smooth] Stage2 Epoch 73/75:  90%|████████▉ | 147/164 [00:49\u003c00:05,  3.01it/s, loss=0.7704, acc=0.9556]\n"}
,{"stream_name":"stderr","time":5298.540863205,"data":"\r[label_smooth] Stage2 Epoch 73/75:  90%|████████▉ | 147/164 [00:49\u003c00:05,  3.01it/s, loss=0.7704, acc=0.9556]\r[label_smooth] Stage2 Epoch 73/75:  90%|████████▉ | 147/164 [00:49\u003c00:05,  3.01it/s, loss=0.7698, acc=0.9559]\n"}
,{"stream_name":"stderr","time":5298.542422324,"data":"\r[label_smooth] Stage2 Epoch 73/75:  90%|████████▉ | 147/164 [00:49\u003c00:05,  3.01it/s, loss=0.7698, acc=0.9559]\r[label_smooth] Stage2 Epoch 73/75:  90%|█████████ | 148/164 [00:49\u003c00:05,  3.01it/s, loss=0.7698, acc=0.9559]\n"}
,{"stream_name":"stderr","time":5298.876889331,"data":"\r[label_smooth] Stage2 Epoch 73/75:  90%|█████████ | 148/164 [00:49\u003c00:05,  3.01it/s, loss=0.7698, acc=0.9559]\r[label_smooth] Stage2 Epoch 73/75:  90%|█████████ | 148/164 [00:50\u003c00:05,  3.01it/s, loss=0.7701, acc=0.9560]\n"}
,{"stream_name":"stderr","time":5298.878517891,"data":"\r[label_smooth] Stage2 Epoch 73/75:  90%|█████████ | 148/164 [00:50\u003c00:05,  3.01it/s, loss=0.7701, acc=0.9560]\r[label_smooth] Stage2 Epoch 73/75:  91%|█████████ | 149/164 [00:50\u003c00:05,  3.00it/s, loss=0.7701, acc=0.9560]\n"}
,{"stream_name":"stderr","time":5299.209445759,"data":"\r[label_smooth] Stage2 Epoch 73/75:  91%|█████████ | 149/164 [00:50\u003c00:05,  3.00it/s, loss=0.7701, acc=0.9560]\r[label_smooth] Stage2 Epoch 73/75:  91%|█████████ | 149/164 [00:50\u003c00:05,  3.00it/s, loss=0.7697, acc=0.9560]\n"}
,{"stream_name":"stderr","time":5299.21096442,"data":"\r[label_smooth] Stage2 Epoch 73/75:  91%|█████████ | 149/164 [00:50\u003c00:05,  3.00it/s, loss=0.7697, acc=0.9560]\r[label_smooth] Stage2 Epoch 73/75:  91%|█████████▏| 150/164 [00:50\u003c00:04,  3.00it/s, loss=0.7697, acc=0.9560]\n"}
,{"stream_name":"stderr","time":5299.540590623,"data":"\r[label_smooth] Stage2 Epoch 73/75:  91%|█████████▏| 150/164 [00:50\u003c00:04,  3.00it/s, loss=0.7697, acc=0.9560]\r[label_smooth] Stage2 Epoch 73/75:  91%|█████████▏| 150/164 [00:50\u003c00:04,  3.00it/s, loss=0.7706, acc=0.9555]\n"}
,{"stream_name":"stderr","time":5299.54148035,"data":"\r[label_smooth] Stage2 Epoch 73/75:  91%|█████████▏| 150/164 [00:50\u003c00:04,  3.00it/s, loss=0.7706, acc=0.9555]\r[label_smooth] Stage2 Epoch 73/75:  92%|█████████▏| 151/164 [00:50\u003c00:04,  3.00it/s, loss=0.7706, acc=0.9555]\n"}
,{"stream_name":"stderr","time":5301.910050899,"data":"\r[label_smooth] Stage2 Epoch 73/75:  92%|█████████▏| 151/164 [00:50\u003c00:04,  3.00it/s, loss=0.7706, acc=0.9555]\r[label_smooth] Stage2 Epoch 73/75:  92%|█████████▏| 151/164 [00:51\u003c00:04,  3.00it/s, loss=0.7705, acc=0.9556]\n"}
,{"stream_name":"stderr","time":5301.911231173,"data":"\r[label_smooth] Stage2 Epoch 73/75:  92%|█████████▏| 151/164 [00:51\u003c00:04,  3.00it/s, loss=0.7705, acc=0.9556]\r[label_smooth] Stage2 Epoch 73/75:  93%|█████████▎| 152/164 [00:51\u003c00:03,  3.01it/s, loss=0.7705, acc=0.9556]\n"}
,{"stream_name":"stderr","time":5301.912139783,"data":"\r[label_smooth] Stage2 Epoch 73/75:  93%|█████████▎| 152/164 [00:51\u003c00:03,  3.01it/s, loss=0.7705, acc=0.9556]\r[label_smooth] Stage2 Epoch 73/75:  93%|█████████▎| 152/164 [00:51\u003c00:03,  3.01it/s, loss=0.7699, acc=0.9559]\n"}
,{"stream_name":"stderr","time":5301.91291437,"data":"\r[label_smooth] Stage2 Epoch 73/75:  93%|█████████▎| 152/164 [00:51\u003c00:03,  3.01it/s, loss=0.7699, acc=0.9559]\r[label_smooth] Stage2 Epoch 73/75:  93%|█████████▎| 153/164 [00:51\u003c00:03,  3.01it/s, loss=0.7699, acc=0.9559]\n"}
,{"stream_name":"stderr","time":5301.913687204,"data":"\r[label_smooth] Stage2 Epoch 73/75:  93%|█████████▎| 153/164 [00:51\u003c00:03,  3.01it/s, loss=0.7699, acc=0.9559]\r[label_smooth] Stage2 Epoch 73/75:  93%|█████████▎| 153/164 [00:51\u003c00:03,  3.01it/s, loss=0.7696, acc=0.9560]\n"}
,{"stream_name":"stderr","time":5301.914464174,"data":"\r[label_smooth] Stage2 Epoch 73/75:  93%|█████████▎| 153/164 [00:51\u003c00:03,  3.01it/s, loss=0.7696, acc=0.9560]\r[label_smooth] Stage2 Epoch 73/75:  94%|█████████▍| 154/164 [00:51\u003c00:03,  3.02it/s, loss=0.7696, acc=0.9560]\n"}
,{"stream_name":"stderr","time":5301.915242836,"data":"\r[label_smooth] Stage2 Epoch 73/75:  94%|█████████▍| 154/164 [00:51\u003c00:03,  3.02it/s, loss=0.7696, acc=0.9560]\r[label_smooth] Stage2 Epoch 73/75:  94%|█████████▍| 154/164 [00:52\u003c00:03,  3.02it/s, loss=0.7699, acc=0.9556]\n"}
,{"stream_name":"stderr","time":5301.91607417,"data":"\r[label_smooth] Stage2 Epoch 73/75:  94%|█████████▍| 154/164 [00:52\u003c00:03,  3.02it/s, loss=0.7699, acc=0.9556]\r[label_smooth] Stage2 Epoch 73/75:  95%|█████████▍| 155/164 [00:52\u003c00:02,  3.01it/s, loss=0.7699, acc=0.9556]\n"}
,{"stream_name":"stderr","time":5301.916873883,"data":"\r[label_smooth] Stage2 Epoch 73/75:  95%|█████████▍| 155/164 [00:52\u003c00:02,  3.01it/s, loss=0.7699, acc=0.9556]\r[label_smooth] Stage2 Epoch 73/75:  95%|█████████▍| 155/164 [00:52\u003c00:02,  3.01it/s, loss=0.7695, acc=0.9557]\n"}
,{"stream_name":"stderr","time":5301.917619434,"data":"\r[label_smooth] Stage2 Epoch 73/75:  95%|█████████▍| 155/164 [00:52\u003c00:02,  3.01it/s, loss=0.7695, acc=0.9557]\r[label_smooth] Stage2 Epoch 73/75:  95%|█████████▌| 156/164 [00:52\u003c00:02,  3.01it/s, loss=0.7695, acc=0.9557]\n"}
,{"stream_name":"stderr","time":5301.918449799,"data":"\r[label_smooth] Stage2 Epoch 73/75:  95%|█████████▌| 156/164 [00:52\u003c00:02,  3.01it/s, loss=0.7695, acc=0.9557]\r[label_smooth] Stage2 Epoch 73/75:  95%|█████████▌| 156/164 [00:52\u003c00:02,  3.01it/s, loss=0.7698, acc=0.9556]\n"}
,{"stream_name":"stderr","time":5301.919285145,"data":"\r[label_smooth] Stage2 Epoch 73/75:  95%|█████████▌| 156/164 [00:52\u003c00:02,  3.01it/s, loss=0.7698, acc=0.9556]\r[label_smooth] Stage2 Epoch 73/75:  96%|█████████▌| 157/164 [00:52\u003c00:02,  3.02it/s, loss=0.7698, acc=0.9556]\n"}
,{"stream_name":"stderr","time":5301.920138679,"data":"\r[label_smooth] Stage2 Epoch 73/75:  96%|█████████▌| 157/164 [00:52\u003c00:02,  3.02it/s, loss=0.7698, acc=0.9556]\r[label_smooth] Stage2 Epoch 73/75:  96%|█████████▌| 157/164 [00:53\u003c00:02,  3.02it/s, loss=0.7695, acc=0.9557]\n"}
,{"stream_name":"stderr","time":5301.921005876,"data":"\r[label_smooth] Stage2 Epoch 73/75:  96%|█████████▌| 157/164 [00:53\u003c00:02,  3.02it/s, loss=0.7695, acc=0.9557]\r[label_smooth] Stage2 Epoch 73/75:  96%|█████████▋| 158/164 [00:53\u003c00:01,  3.02it/s, loss=0.7695, acc=0.9557]\n"}
,{"stream_name":"stderr","time":5302.187179512,"data":"\r[label_smooth] Stage2 Epoch 73/75:  96%|█████████▋| 158/164 [00:53\u003c00:01,  3.02it/s, loss=0.7695, acc=0.9557]\r[label_smooth] Stage2 Epoch 73/75:  96%|█████████▋| 158/164 [00:53\u003c00:01,  3.02it/s, loss=0.7695, acc=0.9556]\n"}
,{"stream_name":"stderr","time":5302.188164137,"data":"\r[label_smooth] Stage2 Epoch 73/75:  96%|█████████▋| 158/164 [00:53\u003c00:01,  3.02it/s, loss=0.7695, acc=0.9556]\r[label_smooth] Stage2 Epoch 73/75:  97%|█████████▋| 159/164 [00:53\u003c00:01,  3.03it/s, loss=0.7695, acc=0.9556]\n"}
,{"stream_name":"stderr","time":5302.516709357,"data":"\r[label_smooth] Stage2 Epoch 73/75:  97%|█████████▋| 159/164 [00:53\u003c00:01,  3.03it/s, loss=0.7695, acc=0.9556]\r[label_smooth] Stage2 Epoch 73/75:  97%|█████████▋| 159/164 [00:53\u003c00:01,  3.03it/s, loss=0.7697, acc=0.9555]\n"}
,{"stream_name":"stderr","time":5302.517590611,"data":"\r[label_smooth] Stage2 Epoch 73/75:  97%|█████████▋| 159/164 [00:53\u003c00:01,  3.03it/s, loss=0.7697, acc=0.9555]\r[label_smooth] Stage2 Epoch 73/75:  98%|█████████▊| 160/164 [00:53\u003c00:01,  3.03it/s, loss=0.7697, acc=0.9555]\n"}
,{"stream_name":"stderr","time":5302.844374556,"data":"\r[label_smooth] Stage2 Epoch 73/75:  98%|█████████▊| 160/164 [00:53\u003c00:01,  3.03it/s, loss=0.7697, acc=0.9555]\r[label_smooth] Stage2 Epoch 73/75:  98%|█████████▊| 160/164 [00:54\u003c00:01,  3.03it/s, loss=0.7693, acc=0.9557]\n"}
,{"stream_name":"stderr","time":5302.845454666,"data":"\r[label_smooth] Stage2 Epoch 73/75:  98%|█████████▊| 160/164 [00:54\u003c00:01,  3.03it/s, loss=0.7693, acc=0.9557]\r[label_smooth] Stage2 Epoch 73/75:  98%|█████████▊| 161/164 [00:54\u003c00:00,  3.04it/s, loss=0.7693, acc=0.9557]\n"}
,{"stream_name":"stderr","time":5303.17469165,"data":"\r[label_smooth] Stage2 Epoch 73/75:  98%|█████████▊| 161/164 [00:54\u003c00:00,  3.04it/s, loss=0.7693, acc=0.9557]\r[label_smooth] Stage2 Epoch 73/75:  98%|█████████▊| 161/164 [00:54\u003c00:00,  3.04it/s, loss=0.7694, acc=0.9556]\n"}
,{"stream_name":"stderr","time":5303.175538743,"data":"\r[label_smooth] Stage2 Epoch 73/75:  98%|█████████▊| 161/164 [00:54\u003c00:00,  3.04it/s, loss=0.7694, acc=0.9556]\r[label_smooth] Stage2 Epoch 73/75:  99%|█████████▉| 162/164 [00:54\u003c00:00,  3.03it/s, loss=0.7694, acc=0.9556]\n"}
,{"stream_name":"stderr","time":5303.502407952,"data":"\r[label_smooth] Stage2 Epoch 73/75:  99%|█████████▉| 162/164 [00:54\u003c00:00,  3.03it/s, loss=0.7694, acc=0.9556]\r[label_smooth] Stage2 Epoch 73/75:  99%|█████████▉| 162/164 [00:54\u003c00:00,  3.03it/s, loss=0.7688, acc=0.9559]\n"}
,{"stream_name":"stderr","time":5303.503442174,"data":"\r[label_smooth] Stage2 Epoch 73/75:  99%|█████████▉| 162/164 [00:54\u003c00:00,  3.03it/s, loss=0.7688, acc=0.9559]\r[label_smooth] Stage2 Epoch 73/75:  99%|█████████▉| 163/164 [00:54\u003c00:00,  3.04it/s, loss=0.7688, acc=0.9559]\n"}
,{"stream_name":"stderr","time":5303.823903261,"data":"\r[label_smooth] Stage2 Epoch 73/75:  99%|█████████▉| 163/164 [00:54\u003c00:00,  3.04it/s, loss=0.7688, acc=0.9559]\r[label_smooth] Stage2 Epoch 73/75:  99%|█████████▉| 163/164 [00:55\u003c00:00,  3.04it/s, loss=0.7688, acc=0.9560]\n"}
,{"stream_name":"stderr","time":5303.825317019,"data":"\r[label_smooth] Stage2 Epoch 73/75:  99%|█████████▉| 163/164 [00:55\u003c00:00,  3.04it/s, loss=0.7688, acc=0.9560]\r[label_smooth] Stage2 Epoch 73/75: 100%|██████████| 164/164 [00:55\u003c00:00,  3.06it/s, loss=0.7688, acc=0.9560]\n"}
,{"stream_name":"stderr","time":5303.893268263,"data":"\r[label_smooth] Stage2 Epoch 73/75: 100%|██████████| 164/164 [00:55\u003c00:00,  3.06it/s, loss=0.7688, acc=0.9560]\r[label_smooth] Stage2 Epoch 73/75: 100%|██████████| 164/164 [00:55\u003c00:00,  2.97it/s, loss=0.7688, acc=0.9560]\n"}
,{"stream_name":"stderr","time":5303.896405766,"data":"\r[label_smooth] Stage2 Epoch 73/75: 100%|██████████| 164/164 [00:55\u003c00:00,  2.97it/s, loss=0.7688, acc=0.9560]\n"}
,{"stream_name":"stderr","time":5303.896433109,"data":"\n"}
,{"stream_name":"stderr","time":5303.896438031,"data":"\n"}
,{"stream_name":"stdout","time":5308.447963302,"data":"  Val Loss: 0.9867 | Val Acc: 0.8788 | Val Macro-F1: 0.7864\n"}
,{"stream_name":"stderr","time":5308.449299621,"data":"\r[label_smooth] Stage2 Epoch 74/75:   0%|          | 0/164 [00:00\u003c?, ?it/s]\n"}
,{"stream_name":"stderr","time":5309.348000551,"data":"\r[label_smooth] Stage2 Epoch 74/75:   0%|          | 0/164 [00:00\u003c?, ?it/s]\r[label_smooth] Stage2 Epoch 74/75:   0%|          | 0/164 [00:00\u003c?, ?it/s, loss=0.7658, acc=0.9688]\n"}
,{"stream_name":"stderr","time":5309.352185224,"data":"\r[label_smooth] Stage2 Epoch 74/75:   0%|          | 0/164 [00:00\u003c?, ?it/s, loss=0.7658, acc=0.9688]\r[label_smooth] Stage2 Epoch 74/75:   1%|          | 1/164 [00:00\u003c02:26,  1.11it/s, loss=0.7658, acc=0.9688]\n"}
,{"stream_name":"stderr","time":5309.681331486,"data":"\r[label_smooth] Stage2 Epoch 74/75:   1%|          | 1/164 [00:00\u003c02:26,  1.11it/s, loss=0.7658, acc=0.9688]\r[label_smooth] Stage2 Epoch 74/75:   1%|          | 1/164 [00:01\u003c02:26,  1.11it/s, loss=0.7895, acc=0.9688]\n"}
,{"stream_name":"stderr","time":5309.682886192,"data":"\r[label_smooth] Stage2 Epoch 74/75:   1%|          | 1/164 [00:01\u003c02:26,  1.11it/s, loss=0.7895, acc=0.9688]\r[label_smooth] Stage2 Epoch 74/75:   1%|          | 2/164 [00:01\u003c01:31,  1.77it/s, loss=0.7895, acc=0.9688]\n"}
,{"stream_name":"stderr","time":5310.015876039,"data":"\r[label_smooth] Stage2 Epoch 74/75:   1%|          | 2/164 [00:01\u003c01:31,  1.77it/s, loss=0.7895, acc=0.9688]\r[label_smooth] Stage2 Epoch 74/75:   1%|          | 2/164 [00:01\u003c01:31,  1.77it/s, loss=0.7740, acc=0.9688]\n"}
,{"stream_name":"stderr","time":5310.019877144,"data":"\r[label_smooth] Stage2 Epoch 74/75:   1%|          | 2/164 [00:01\u003c01:31,  1.77it/s, loss=0.7740, acc=0.9688]\r[label_smooth] Stage2 Epoch 74/75:   2%|▏         | 3/164 [00:01\u003c01:13,  2.18it/s, loss=0.7740, acc=0.9688]\n"}
,{"stream_name":"stderr","time":5310.373439007,"data":"\r[label_smooth] Stage2 Epoch 74/75:   2%|▏         | 3/164 [00:01\u003c01:13,  2.18it/s, loss=0.7740, acc=0.9688]\r[label_smooth] Stage2 Epoch 74/75:   2%|▏         | 3/164 [00:01\u003c01:13,  2.18it/s, loss=0.7664, acc=0.9688]\n"}
,{"stream_name":"stderr","time":5310.377268118,"data":"\r[label_smooth] Stage2 Epoch 74/75:   2%|▏         | 3/164 [00:01\u003c01:13,  2.18it/s, loss=0.7664, acc=0.9688]\r[label_smooth] Stage2 Epoch 74/75:   2%|▏         | 4/164 [00:01\u003c01:07,  2.38it/s, loss=0.7664, acc=0.9688]\n"}
,{"stream_name":"stderr","time":5310.706641876,"data":"\r[label_smooth] Stage2 Epoch 74/75:   2%|▏         | 4/164 [00:01\u003c01:07,  2.38it/s, loss=0.7664, acc=0.9688]\r[label_smooth] Stage2 Epoch 74/75:   2%|▏         | 4/164 [00:02\u003c01:07,  2.38it/s, loss=0.7493, acc=0.9750]\n"}
,{"stream_name":"stderr","time":5310.707604264,"data":"\r[label_smooth] Stage2 Epoch 74/75:   2%|▏         | 4/164 [00:02\u003c01:07,  2.38it/s, loss=0.7493, acc=0.9750]\r[label_smooth] Stage2 Epoch 74/75:   3%|▎         | 5/164 [00:02\u003c01:01,  2.57it/s, loss=0.7493, acc=0.9750]\n"}
,{"stream_name":"stderr","time":5311.034639757,"data":"\r[label_smooth] Stage2 Epoch 74/75:   3%|▎         | 5/164 [00:02\u003c01:01,  2.57it/s, loss=0.7493, acc=0.9750]\r[label_smooth] Stage2 Epoch 74/75:   3%|▎         | 5/164 [00:02\u003c01:01,  2.57it/s, loss=0.7439, acc=0.9740]\n"}
,{"stream_name":"stderr","time":5311.040487822,"data":"\r[label_smooth] Stage2 Epoch 74/75:   3%|▎         | 5/164 [00:02\u003c01:01,  2.57it/s, loss=0.7439, acc=0.9740]\r[label_smooth] Stage2 Epoch 74/75:   4%|▎         | 6/164 [00:02\u003c00:58,  2.72it/s, loss=0.7439, acc=0.9740]\n"}
,{"stream_name":"stderr","time":5311.363407531,"data":"\r[label_smooth] Stage2 Epoch 74/75:   4%|▎         | 6/164 [00:02\u003c00:58,  2.72it/s, loss=0.7439, acc=0.9740]\r[label_smooth] Stage2 Epoch 74/75:   4%|▎         | 6/164 [00:02\u003c00:58,  2.72it/s, loss=0.7429, acc=0.9732]\n"}
,{"stream_name":"stderr","time":5311.364495751,"data":"\r[label_smooth] Stage2 Epoch 74/75:   4%|▎         | 6/164 [00:02\u003c00:58,  2.72it/s, loss=0.7429, acc=0.9732]\r[label_smooth] Stage2 Epoch 74/75:   4%|▍         | 7/164 [00:02\u003c00:55,  2.81it/s, loss=0.7429, acc=0.9732]\n"}
,{"stream_name":"stderr","time":5311.694223396,"data":"\r[label_smooth] Stage2 Epoch 74/75:   4%|▍         | 7/164 [00:02\u003c00:55,  2.81it/s, loss=0.7429, acc=0.9732]\r[label_smooth] Stage2 Epoch 74/75:   4%|▍         | 7/164 [00:03\u003c00:55,  2.81it/s, loss=0.7515, acc=0.9688]\n"}
,{"stream_name":"stderr","time":5311.695170575,"data":"\r[label_smooth] Stage2 Epoch 74/75:   4%|▍         | 7/164 [00:03\u003c00:55,  2.81it/s, loss=0.7515, acc=0.9688]\r[label_smooth] Stage2 Epoch 74/75:   5%|▍         | 8/164 [00:03\u003c00:54,  2.88it/s, loss=0.7515, acc=0.9688]\n"}
,{"stream_name":"stderr","time":5312.023024491,"data":"\r[label_smooth] Stage2 Epoch 74/75:   5%|▍         | 8/164 [00:03\u003c00:54,  2.88it/s, loss=0.7515, acc=0.9688]\r[label_smooth] Stage2 Epoch 74/75:   5%|▍         | 8/164 [00:03\u003c00:54,  2.88it/s, loss=0.7455, acc=0.9722]\n"}
,{"stream_name":"stderr","time":5312.02412558,"data":"\r[label_smooth] Stage2 Epoch 74/75:   5%|▍         | 8/164 [00:03\u003c00:54,  2.88it/s, loss=0.7455, acc=0.9722]\r[label_smooth] Stage2 Epoch 74/75:   5%|▌         | 9/164 [00:03\u003c00:52,  2.93it/s, loss=0.7455, acc=0.9722]\n"}
,{"stream_name":"stderr","time":5312.354969916,"data":"\r[label_smooth] Stage2 Epoch 74/75:   5%|▌         | 9/164 [00:03\u003c00:52,  2.93it/s, loss=0.7455, acc=0.9722]\r[label_smooth] Stage2 Epoch 74/75:   5%|▌         | 9/164 [00:03\u003c00:52,  2.93it/s, loss=0.7583, acc=0.9688]\n"}
,{"stream_name":"stderr","time":5312.35669384,"data":"\r[label_smooth] Stage2 Epoch 74/75:   5%|▌         | 9/164 [00:03\u003c00:52,  2.93it/s, loss=0.7583, acc=0.9688]\r[label_smooth] Stage2 Epoch 74/75:   6%|▌         | 10/164 [00:03\u003c00:52,  2.95it/s, loss=0.7583, acc=0.9688]\n"}
,{"stream_name":"stderr","time":5312.683363591,"data":"\r[label_smooth] Stage2 Epoch 74/75:   6%|▌         | 10/164 [00:03\u003c00:52,  2.95it/s, loss=0.7583, acc=0.9688]\r[label_smooth] Stage2 Epoch 74/75:   6%|▌         | 10/164 [00:04\u003c00:52,  2.95it/s, loss=0.7534, acc=0.9716]\n"}
,{"stream_name":"stderr","time":5312.684496149,"data":"\r[label_smooth] Stage2 Epoch 74/75:   6%|▌         | 10/164 [00:04\u003c00:52,  2.95it/s, loss=0.7534, acc=0.9716]\r[label_smooth] Stage2 Epoch 74/75:   7%|▋         | 11/164 [00:04\u003c00:51,  2.98it/s, loss=0.7534, acc=0.9716]\n"}
,{"stream_name":"stderr","time":5313.012458442,"data":"\r[label_smooth] Stage2 Epoch 74/75:   7%|▋         | 11/164 [00:04\u003c00:51,  2.98it/s, loss=0.7534, acc=0.9716]\r[label_smooth] Stage2 Epoch 74/75:   7%|▋         | 11/164 [00:04\u003c00:51,  2.98it/s, loss=0.7569, acc=0.9688]\n"}
,{"stream_name":"stderr","time":5313.013782235,"data":"\r[label_smooth] Stage2 Epoch 74/75:   7%|▋         | 11/164 [00:04\u003c00:51,  2.98it/s, loss=0.7569, acc=0.9688]\r[label_smooth] Stage2 Epoch 74/75:   7%|▋         | 12/164 [00:04\u003c00:50,  3.00it/s, loss=0.7569, acc=0.9688]\n"}
,{"stream_name":"stderr","time":5313.341982677,"data":"\r[label_smooth] Stage2 Epoch 74/75:   7%|▋         | 12/164 [00:04\u003c00:50,  3.00it/s, loss=0.7569, acc=0.9688]\r[label_smooth] Stage2 Epoch 74/75:   7%|▋         | 12/164 [00:04\u003c00:50,  3.00it/s, loss=0.7546, acc=0.9688]\n"}
,{"stream_name":"stderr","time":5313.3431544,"data":"\r[label_smooth] Stage2 Epoch 74/75:   7%|▋         | 12/164 [00:04\u003c00:50,  3.00it/s, loss=0.7546, acc=0.9688]\r[label_smooth] Stage2 Epoch 74/75:   8%|▊         | 13/164 [00:04\u003c00:50,  3.01it/s, loss=0.7546, acc=0.9688]\n"}
,{"stream_name":"stderr","time":5313.671960661,"data":"\r[label_smooth] Stage2 Epoch 74/75:   8%|▊         | 13/164 [00:04\u003c00:50,  3.01it/s, loss=0.7546, acc=0.9688]\r[label_smooth] Stage2 Epoch 74/75:   8%|▊         | 13/164 [00:05\u003c00:50,  3.01it/s, loss=0.7587, acc=0.9643]\n"}
,{"stream_name":"stderr","time":5313.673231473,"data":"\r[label_smooth] Stage2 Epoch 74/75:   8%|▊         | 13/164 [00:05\u003c00:50,  3.01it/s, loss=0.7587, acc=0.9643]\r[label_smooth] Stage2 Epoch 74/75:   9%|▊         | 14/164 [00:05\u003c00:49,  3.02it/s, loss=0.7587, acc=0.9643]\n"}
,{"stream_name":"stderr","time":5314.001305991,"data":"\r[label_smooth] Stage2 Epoch 74/75:   9%|▊         | 14/164 [00:05\u003c00:49,  3.02it/s, loss=0.7587, acc=0.9643]\r[label_smooth] Stage2 Epoch 74/75:   9%|▊         | 14/164 [00:05\u003c00:49,  3.02it/s, loss=0.7557, acc=0.9646]\n"}
,{"stream_name":"stderr","time":5314.002447534,"data":"\r[label_smooth] Stage2 Epoch 74/75:   9%|▊         | 14/164 [00:05\u003c00:49,  3.02it/s, loss=0.7557, acc=0.9646]\r[label_smooth] Stage2 Epoch 74/75:   9%|▉         | 15/164 [00:05\u003c00:49,  3.02it/s, loss=0.7557, acc=0.9646]\n"}
,{"stream_name":"stderr","time":5314.334641158,"data":"\r[label_smooth] Stage2 Epoch 74/75:   9%|▉         | 15/164 [00:05\u003c00:49,  3.02it/s, loss=0.7557, acc=0.9646]\r[label_smooth] Stage2 Epoch 74/75:   9%|▉         | 15/164 [00:05\u003c00:49,  3.02it/s, loss=0.7565, acc=0.9648]\n"}
,{"stream_name":"stderr","time":5314.33486576,"data":"\r[label_smooth] Stage2 Epoch 74/75:   9%|▉         | 15/164 [00:05\u003c00:49,  3.02it/s, loss=0.7565, acc=0.9648]\r[label_smooth] Stage2 Epoch 74/75:  10%|▉         | 16/164 [00:05\u003c00:49,  3.02it/s, loss=0.7565, acc=0.9648]\n"}
,{"stream_name":"stderr","time":5314.669566163,"data":"\r[label_smooth] Stage2 Epoch 74/75:  10%|▉         | 16/164 [00:05\u003c00:49,  3.02it/s, loss=0.7565, acc=0.9648]\r[label_smooth] Stage2 Epoch 74/75:  10%|▉         | 16/164 [00:06\u003c00:49,  3.02it/s, loss=0.7543, acc=0.9651]\n"}
,{"stream_name":"stderr","time":5314.671877102,"data":"\r[label_smooth] Stage2 Epoch 74/75:  10%|▉         | 16/164 [00:06\u003c00:49,  3.02it/s, loss=0.7543, acc=0.9651]\r[label_smooth] Stage2 Epoch 74/75:  10%|█         | 17/164 [00:06\u003c00:48,  3.01it/s, loss=0.7543, acc=0.9651]\n"}
,{"stream_name":"stderr","time":5315.001542901,"data":"\r[label_smooth] Stage2 Epoch 74/75:  10%|█         | 17/164 [00:06\u003c00:48,  3.01it/s, loss=0.7543, acc=0.9651]\r[label_smooth] Stage2 Epoch 74/75:  10%|█         | 17/164 [00:06\u003c00:48,  3.01it/s, loss=0.7583, acc=0.9618]\n"}
,{"stream_name":"stderr","time":5315.002658089,"data":"\r[label_smooth] Stage2 Epoch 74/75:  10%|█         | 17/164 [00:06\u003c00:48,  3.01it/s, loss=0.7583, acc=0.9618]\r[label_smooth] Stage2 Epoch 74/75:  11%|█         | 18/164 [00:06\u003c00:48,  3.01it/s, loss=0.7583, acc=0.9618]\n"}
,{"stream_name":"stderr","time":5315.330996691,"data":"\r[label_smooth] Stage2 Epoch 74/75:  11%|█         | 18/164 [00:06\u003c00:48,  3.01it/s, loss=0.7583, acc=0.9618]\r[label_smooth] Stage2 Epoch 74/75:  11%|█         | 18/164 [00:06\u003c00:48,  3.01it/s, loss=0.7534, acc=0.9638]\n"}
,{"stream_name":"stderr","time":5315.33211496,"data":"\r[label_smooth] Stage2 Epoch 74/75:  11%|█         | 18/164 [00:06\u003c00:48,  3.01it/s, loss=0.7534, acc=0.9638]\r[label_smooth] Stage2 Epoch 74/75:  12%|█▏        | 19/164 [00:06\u003c00:48,  3.02it/s, loss=0.7534, acc=0.9638]\n"}
,{"stream_name":"stderr","time":5315.661328903,"data":"\r[label_smooth] Stage2 Epoch 74/75:  12%|█▏        | 19/164 [00:06\u003c00:48,  3.02it/s, loss=0.7534, acc=0.9638]\r[label_smooth] Stage2 Epoch 74/75:  12%|█▏        | 19/164 [00:07\u003c00:48,  3.02it/s, loss=0.7509, acc=0.9656]\n"}
,{"stream_name":"stderr","time":5315.662424029,"data":"\r[label_smooth] Stage2 Epoch 74/75:  12%|█▏        | 19/164 [00:07\u003c00:48,  3.02it/s, loss=0.7509, acc=0.9656]\r[label_smooth] Stage2 Epoch 74/75:  12%|█▏        | 20/164 [00:07\u003c00:47,  3.02it/s, loss=0.7509, acc=0.9656]\n"}
,{"stream_name":"stderr","time":5315.992604477,"data":"\r[label_smooth] Stage2 Epoch 74/75:  12%|█▏        | 20/164 [00:07\u003c00:47,  3.02it/s, loss=0.7509, acc=0.9656]\r[label_smooth] Stage2 Epoch 74/75:  12%|█▏        | 20/164 [00:07\u003c00:47,  3.02it/s, loss=0.7508, acc=0.9643]\n"}
,{"stream_name":"stderr","time":5315.993663611,"data":"\r[label_smooth] Stage2 Epoch 74/75:  12%|█▏        | 20/164 [00:07\u003c00:47,  3.02it/s, loss=0.7508, acc=0.9643]\r[label_smooth] Stage2 Epoch 74/75:  13%|█▎        | 21/164 [00:07\u003c00:47,  3.02it/s, loss=0.7508, acc=0.9643]\n"}
,{"stream_name":"stderr","time":5316.321506034,"data":"\r[label_smooth] Stage2 Epoch 74/75:  13%|█▎        | 21/164 [00:07\u003c00:47,  3.02it/s, loss=0.7508, acc=0.9643]\r[label_smooth] Stage2 Epoch 74/75:  13%|█▎        | 21/164 [00:07\u003c00:47,  3.02it/s, loss=0.7480, acc=0.9659]\n"}
,{"stream_name":"stderr","time":5316.32236468,"data":"\r[label_smooth] Stage2 Epoch 74/75:  13%|█▎        | 21/164 [00:07\u003c00:47,  3.02it/s, loss=0.7480, acc=0.9659]\r[label_smooth] Stage2 Epoch 74/75:  13%|█▎        | 22/164 [00:07\u003c00:46,  3.03it/s, loss=0.7480, acc=0.9659]\n"}
,{"stream_name":"stderr","time":5316.65340359,"data":"\r[label_smooth] Stage2 Epoch 74/75:  13%|█▎        | 22/164 [00:07\u003c00:46,  3.03it/s, loss=0.7480, acc=0.9659]\r[label_smooth] Stage2 Epoch 74/75:  13%|█▎        | 22/164 [00:08\u003c00:46,  3.03it/s, loss=0.7466, acc=0.9674]\n"}
,{"stream_name":"stderr","time":5316.655783852,"data":"\r[label_smooth] Stage2 Epoch 74/75:  13%|█▎        | 22/164 [00:08\u003c00:46,  3.03it/s, loss=0.7466, acc=0.9674]\r[label_smooth] Stage2 Epoch 74/75:  14%|█▍        | 23/164 [00:08\u003c00:46,  3.02it/s, loss=0.7466, acc=0.9674]\n"}
,{"stream_name":"stderr","time":5316.986551885,"data":"\r[label_smooth] Stage2 Epoch 74/75:  14%|█▍        | 23/164 [00:08\u003c00:46,  3.02it/s, loss=0.7466, acc=0.9674]\r[label_smooth] Stage2 Epoch 74/75:  14%|█▍        | 23/164 [00:08\u003c00:46,  3.02it/s, loss=0.7436, acc=0.9688]\n"}
,{"stream_name":"stderr","time":5316.987613993,"data":"\r[label_smooth] Stage2 Epoch 74/75:  14%|█▍        | 23/164 [00:08\u003c00:46,  3.02it/s, loss=0.7436, acc=0.9688]\r[label_smooth] Stage2 Epoch 74/75:  15%|█▍        | 24/164 [00:08\u003c00:46,  3.02it/s, loss=0.7436, acc=0.9688]\n"}
,{"stream_name":"stderr","time":5317.317936328,"data":"\r[label_smooth] Stage2 Epoch 74/75:  15%|█▍        | 24/164 [00:08\u003c00:46,  3.02it/s, loss=0.7436, acc=0.9688]\r[label_smooth] Stage2 Epoch 74/75:  15%|█▍        | 24/164 [00:08\u003c00:46,  3.02it/s, loss=0.7442, acc=0.9675]\n"}
,{"stream_name":"stderr","time":5317.31914947,"data":"\r[label_smooth] Stage2 Epoch 74/75:  15%|█▍        | 24/164 [00:08\u003c00:46,  3.02it/s, loss=0.7442, acc=0.9675]\r[label_smooth] Stage2 Epoch 74/75:  15%|█▌        | 25/164 [00:08\u003c00:46,  3.02it/s, loss=0.7442, acc=0.9675]\n"}
,{"stream_name":"stderr","time":5317.647902413,"data":"\r[label_smooth] Stage2 Epoch 74/75:  15%|█▌        | 25/164 [00:08\u003c00:46,  3.02it/s, loss=0.7442, acc=0.9675]\r[label_smooth] Stage2 Epoch 74/75:  15%|█▌        | 25/164 [00:09\u003c00:46,  3.02it/s, loss=0.7461, acc=0.9675]\n"}
,{"stream_name":"stderr","time":5317.648929401,"data":"\r[label_smooth] Stage2 Epoch 74/75:  15%|█▌        | 25/164 [00:09\u003c00:46,  3.02it/s, loss=0.7461, acc=0.9675]\r[label_smooth] Stage2 Epoch 74/75:  16%|█▌        | 26/164 [00:09\u003c00:45,  3.02it/s, loss=0.7461, acc=0.9675]\n"}
,{"stream_name":"stderr","time":5317.979266916,"data":"\r[label_smooth] Stage2 Epoch 74/75:  16%|█▌        | 26/164 [00:09\u003c00:45,  3.02it/s, loss=0.7461, acc=0.9675]\r[label_smooth] Stage2 Epoch 74/75:  16%|█▌        | 26/164 [00:09\u003c00:45,  3.02it/s, loss=0.7465, acc=0.9676]\n"}
,{"stream_name":"stderr","time":5317.980433847,"data":"\r[label_smooth] Stage2 Epoch 74/75:  16%|█▌        | 26/164 [00:09\u003c00:45,  3.02it/s, loss=0.7465, acc=0.9676]\r[label_smooth] Stage2 Epoch 74/75:  16%|█▋        | 27/164 [00:09\u003c00:45,  3.02it/s, loss=0.7465, acc=0.9676]\n"}
,{"stream_name":"stderr","time":5318.314010472,"data":"\r[label_smooth] Stage2 Epoch 74/75:  16%|█▋        | 27/164 [00:09\u003c00:45,  3.02it/s, loss=0.7465, acc=0.9676]\r[label_smooth] Stage2 Epoch 74/75:  16%|█▋        | 27/164 [00:09\u003c00:45,  3.02it/s, loss=0.7484, acc=0.9665]\n"}
,{"stream_name":"stderr","time":5318.31539893,"data":"\r[label_smooth] Stage2 Epoch 74/75:  16%|█▋        | 27/164 [00:09\u003c00:45,  3.02it/s, loss=0.7484, acc=0.9665]\r[label_smooth] Stage2 Epoch 74/75:  17%|█▋        | 28/164 [00:09\u003c00:45,  3.01it/s, loss=0.7484, acc=0.9665]\n"}
,{"stream_name":"stderr","time":5318.646589808,"data":"\r[label_smooth] Stage2 Epoch 74/75:  17%|█▋        | 28/164 [00:09\u003c00:45,  3.01it/s, loss=0.7484, acc=0.9665]\r[label_smooth] Stage2 Epoch 74/75:  17%|█▋        | 28/164 [00:10\u003c00:45,  3.01it/s, loss=0.7462, acc=0.9677]\n"}
,{"stream_name":"stderr","time":5318.648126356,"data":"\r[label_smooth] Stage2 Epoch 74/75:  17%|█▋        | 28/164 [00:10\u003c00:45,  3.01it/s, loss=0.7462, acc=0.9677]\r[label_smooth] Stage2 Epoch 74/75:  18%|█▊        | 29/164 [00:10\u003c00:44,  3.01it/s, loss=0.7462, acc=0.9677]\n"}
,{"stream_name":"stderr","time":5318.982794182,"data":"\r[label_smooth] Stage2 Epoch 74/75:  18%|█▊        | 29/164 [00:10\u003c00:44,  3.01it/s, loss=0.7462, acc=0.9677]\r[label_smooth] Stage2 Epoch 74/75:  18%|█▊        | 29/164 [00:10\u003c00:44,  3.01it/s, loss=0.7457, acc=0.9677]\n"}
,{"stream_name":"stderr","time":5318.98381782,"data":"\r[label_smooth] Stage2 Epoch 74/75:  18%|█▊        | 29/164 [00:10\u003c00:44,  3.01it/s, loss=0.7457, acc=0.9677]\r[label_smooth] Stage2 Epoch 74/75:  18%|█▊        | 30/164 [00:10\u003c00:44,  3.00it/s, loss=0.7457, acc=0.9677]\n"}
,{"stream_name":"stderr","time":5319.316547546,"data":"\r[label_smooth] Stage2 Epoch 74/75:  18%|█▊        | 30/164 [00:10\u003c00:44,  3.00it/s, loss=0.7457, acc=0.9677]\r[label_smooth] Stage2 Epoch 74/75:  18%|█▊        | 30/164 [00:10\u003c00:44,  3.00it/s, loss=0.7445, acc=0.9677]\n"}
,{"stream_name":"stderr","time":5319.316602448,"data":"\r[label_smooth] Stage2 Epoch 74/75:  18%|█▊        | 30/164 [00:10\u003c00:44,  3.00it/s, loss=0.7445, acc=0.9677]\r[label_smooth] Stage2 Epoch 74/75:  19%|█▉        | 31/164 [00:10\u003c00:44,  3.00it/s, loss=0.7445, acc=0.9677]\n"}
,{"stream_name":"stderr","time":5319.646893572,"data":"\r[label_smooth] Stage2 Epoch 74/75:  19%|█▉        | 31/164 [00:10\u003c00:44,  3.00it/s, loss=0.7445, acc=0.9677]\r[label_smooth] Stage2 Epoch 74/75:  19%|█▉        | 31/164 [00:11\u003c00:44,  3.00it/s, loss=0.7423, acc=0.9688]\n"}
,{"stream_name":"stderr","time":5319.647905513,"data":"\r[label_smooth] Stage2 Epoch 74/75:  19%|█▉        | 31/164 [00:11\u003c00:44,  3.00it/s, loss=0.7423, acc=0.9688]\r[label_smooth] Stage2 Epoch 74/75:  20%|█▉        | 32/164 [00:11\u003c00:43,  3.00it/s, loss=0.7423, acc=0.9688]\n"}
,{"stream_name":"stderr","time":5319.976237034,"data":"\r[label_smooth] Stage2 Epoch 74/75:  20%|█▉        | 32/164 [00:11\u003c00:43,  3.00it/s, loss=0.7423, acc=0.9688]\r[label_smooth] Stage2 Epoch 74/75:  20%|█▉        | 32/164 [00:11\u003c00:43,  3.00it/s, loss=0.7448, acc=0.9669]\n"}
,{"stream_name":"stderr","time":5319.977395414,"data":"\r[label_smooth] Stage2 Epoch 74/75:  20%|█▉        | 32/164 [00:11\u003c00:43,  3.00it/s, loss=0.7448, acc=0.9669]\r[label_smooth] Stage2 Epoch 74/75:  20%|██        | 33/164 [00:11\u003c00:43,  3.02it/s, loss=0.7448, acc=0.9669]\n"}
,{"stream_name":"stderr","time":5320.305281339,"data":"\r[label_smooth] Stage2 Epoch 74/75:  20%|██        | 33/164 [00:11\u003c00:43,  3.02it/s, loss=0.7448, acc=0.9669]\r[label_smooth] Stage2 Epoch 74/75:  20%|██        | 33/164 [00:11\u003c00:43,  3.02it/s, loss=0.7458, acc=0.9669]\n"}
,{"stream_name":"stderr","time":5320.306721736,"data":"\r[label_smooth] Stage2 Epoch 74/75:  20%|██        | 33/164 [00:11\u003c00:43,  3.02it/s, loss=0.7458, acc=0.9669]\r[label_smooth] Stage2 Epoch 74/75:  21%|██        | 34/164 [00:11\u003c00:42,  3.02it/s, loss=0.7458, acc=0.9669]\n"}
,{"stream_name":"stderr","time":5320.636524566,"data":"\r[label_smooth] Stage2 Epoch 74/75:  21%|██        | 34/164 [00:11\u003c00:42,  3.02it/s, loss=0.7458, acc=0.9669]\r[label_smooth] Stage2 Epoch 74/75:  21%|██        | 34/164 [00:12\u003c00:42,  3.02it/s, loss=0.7452, acc=0.9679]\n"}
,{"stream_name":"stderr","time":5320.642775541,"data":"\r[label_smooth] Stage2 Epoch 74/75:  21%|██        | 34/164 [00:12\u003c00:42,  3.02it/s, loss=0.7452, acc=0.9679]\r[label_smooth] Stage2 Epoch 74/75:  21%|██▏       | 35/164 [00:12\u003c00:42,  3.02it/s, loss=0.7452, acc=0.9679]\n"}
,{"stream_name":"stderr","time":5320.968253788,"data":"\r[label_smooth] Stage2 Epoch 74/75:  21%|██▏       | 35/164 [00:12\u003c00:42,  3.02it/s, loss=0.7452, acc=0.9679]\r[label_smooth] Stage2 Epoch 74/75:  21%|██▏       | 35/164 [00:12\u003c00:42,  3.02it/s, loss=0.7433, acc=0.9688]\n"}
,{"stream_name":"stderr","time":5320.969220905,"data":"\r[label_smooth] Stage2 Epoch 74/75:  21%|██▏       | 35/164 [00:12\u003c00:42,  3.02it/s, loss=0.7433, acc=0.9688]\r[label_smooth] Stage2 Epoch 74/75:  22%|██▏       | 36/164 [00:12\u003c00:42,  3.02it/s, loss=0.7433, acc=0.9688]\n"}
,{"stream_name":"stderr","time":5321.302736413,"data":"\r[label_smooth] Stage2 Epoch 74/75:  22%|██▏       | 36/164 [00:12\u003c00:42,  3.02it/s, loss=0.7433, acc=0.9688]\r[label_smooth] Stage2 Epoch 74/75:  22%|██▏       | 36/164 [00:12\u003c00:42,  3.02it/s, loss=0.7421, acc=0.9696]\n"}
,{"stream_name":"stderr","time":5321.304079085,"data":"\r[label_smooth] Stage2 Epoch 74/75:  22%|██▏       | 36/164 [00:12\u003c00:42,  3.02it/s, loss=0.7421, acc=0.9696]\r[label_smooth] Stage2 Epoch 74/75:  23%|██▎       | 37/164 [00:12\u003c00:42,  3.01it/s, loss=0.7421, acc=0.9696]\n"}
,{"stream_name":"stderr","time":5321.637185741,"data":"\r[label_smooth] Stage2 Epoch 74/75:  23%|██▎       | 37/164 [00:12\u003c00:42,  3.01it/s, loss=0.7421, acc=0.9696]\r[label_smooth] Stage2 Epoch 74/75:  23%|██▎       | 37/164 [00:13\u003c00:42,  3.01it/s, loss=0.7426, acc=0.9696]\n"}
,{"stream_name":"stderr","time":5321.638592295,"data":"\r[label_smooth] Stage2 Epoch 74/75:  23%|██▎       | 37/164 [00:13\u003c00:42,  3.01it/s, loss=0.7426, acc=0.9696]\r[label_smooth] Stage2 Epoch 74/75:  23%|██▎       | 38/164 [00:13\u003c00:41,  3.01it/s, loss=0.7426, acc=0.9696]\n"}
,{"stream_name":"stderr","time":5321.971057018,"data":"\r[label_smooth] Stage2 Epoch 74/75:  23%|██▎       | 38/164 [00:13\u003c00:41,  3.01it/s, loss=0.7426, acc=0.9696]\r[label_smooth] Stage2 Epoch 74/75:  23%|██▎       | 38/164 [00:13\u003c00:41,  3.01it/s, loss=0.7450, acc=0.9679]\n"}
,{"stream_name":"stderr","time":5321.977512849,"data":"\r[label_smooth] Stage2 Epoch 74/75:  23%|██▎       | 38/164 [00:13\u003c00:41,  3.01it/s, loss=0.7450, acc=0.9679]\r[label_smooth] Stage2 Epoch 74/75:  24%|██▍       | 39/164 [00:13\u003c00:41,  3.00it/s, loss=0.7450, acc=0.9679]\n"}
,{"stream_name":"stderr","time":5322.311311348,"data":"\r[label_smooth] Stage2 Epoch 74/75:  24%|██▍       | 39/164 [00:13\u003c00:41,  3.00it/s, loss=0.7450, acc=0.9679]\r[label_smooth] Stage2 Epoch 74/75:  24%|██▍       | 39/164 [00:13\u003c00:41,  3.00it/s, loss=0.7437, acc=0.9688]\n"}
,{"stream_name":"stderr","time":5322.312712806,"data":"\r[label_smooth] Stage2 Epoch 74/75:  24%|██▍       | 39/164 [00:13\u003c00:41,  3.00it/s, loss=0.7437, acc=0.9688]\r[label_smooth] Stage2 Epoch 74/75:  24%|██▍       | 40/164 [00:13\u003c00:41,  2.98it/s, loss=0.7437, acc=0.9688]\n"}
,{"stream_name":"stderr","time":5322.641338907,"data":"\r[label_smooth] Stage2 Epoch 74/75:  24%|██▍       | 40/164 [00:13\u003c00:41,  2.98it/s, loss=0.7437, acc=0.9688]\r[label_smooth] Stage2 Epoch 74/75:  24%|██▍       | 40/164 [00:14\u003c00:41,  2.98it/s, loss=0.7452, acc=0.9680]\n"}
,{"stream_name":"stderr","time":5322.643539561,"data":"\r[label_smooth] Stage2 Epoch 74/75:  24%|██▍       | 40/164 [00:14\u003c00:41,  2.98it/s, loss=0.7452, acc=0.9680]\r[label_smooth] Stage2 Epoch 74/75:  25%|██▌       | 41/164 [00:14\u003c00:41,  2.99it/s, loss=0.7452, acc=0.9680]\n"}
,{"stream_name":"stderr","time":5322.969888763,"data":"\r[label_smooth] Stage2 Epoch 74/75:  25%|██▌       | 41/164 [00:14\u003c00:41,  2.99it/s, loss=0.7452, acc=0.9680]\r[label_smooth] Stage2 Epoch 74/75:  25%|██▌       | 41/164 [00:14\u003c00:41,  2.99it/s, loss=0.7442, acc=0.9680]\n"}
,{"stream_name":"stderr","time":5322.971124931,"data":"\r[label_smooth] Stage2 Epoch 74/75:  25%|██▌       | 41/164 [00:14\u003c00:41,  2.99it/s, loss=0.7442, acc=0.9680]\r[label_smooth] Stage2 Epoch 74/75:  26%|██▌       | 42/164 [00:14\u003c00:40,  3.01it/s, loss=0.7442, acc=0.9680]\n"}
,{"stream_name":"stderr","time":5323.301739956,"data":"\r[label_smooth] Stage2 Epoch 74/75:  26%|██▌       | 42/164 [00:14\u003c00:40,  3.01it/s, loss=0.7442, acc=0.9680]\r[label_smooth] Stage2 Epoch 74/75:  26%|██▌       | 42/164 [00:14\u003c00:40,  3.01it/s, loss=0.7434, acc=0.9688]\n"}
,{"stream_name":"stderr","time":5323.302114923,"data":"\r[label_smooth] Stage2 Epoch 74/75:  26%|██▌       | 42/164 [00:14\u003c00:40,  3.01it/s, loss=0.7434, acc=0.9688]\r[label_smooth] Stage2 Epoch 74/75:  26%|██▌       | 43/164 [00:14\u003c00:40,  3.01it/s, loss=0.7434, acc=0.9688]\n"}
,{"stream_name":"stderr","time":5323.632388046,"data":"\r[label_smooth] Stage2 Epoch 74/75:  26%|██▌       | 43/164 [00:14\u003c00:40,  3.01it/s, loss=0.7434, acc=0.9688]\r[label_smooth] Stage2 Epoch 74/75:  26%|██▌       | 43/164 [00:15\u003c00:40,  3.01it/s, loss=0.7418, acc=0.9695]\n"}
,{"stream_name":"stderr","time":5323.633879299,"data":"\r[label_smooth] Stage2 Epoch 74/75:  26%|██▌       | 43/164 [00:15\u003c00:40,  3.01it/s, loss=0.7418, acc=0.9695]\r[label_smooth] Stage2 Epoch 74/75:  27%|██▋       | 44/164 [00:15\u003c00:39,  3.02it/s, loss=0.7418, acc=0.9695]\n"}
,{"stream_name":"stderr","time":5323.95809269,"data":"\r[label_smooth] Stage2 Epoch 74/75:  27%|██▋       | 44/164 [00:15\u003c00:39,  3.02it/s, loss=0.7418, acc=0.9695]\r[label_smooth] Stage2 Epoch 74/75:  27%|██▋       | 44/164 [00:15\u003c00:39,  3.02it/s, loss=0.7406, acc=0.9701]\n"}
,{"stream_name":"stderr","time":5323.959093113,"data":"\r[label_smooth] Stage2 Epoch 74/75:  27%|██▋       | 44/164 [00:15\u003c00:39,  3.02it/s, loss=0.7406, acc=0.9701]\r[label_smooth] Stage2 Epoch 74/75:  27%|██▋       | 45/164 [00:15\u003c00:39,  3.03it/s, loss=0.7406, acc=0.9701]\n"}
,{"stream_name":"stderr","time":5324.294009167,"data":"\r[label_smooth] Stage2 Epoch 74/75:  27%|██▋       | 45/164 [00:15\u003c00:39,  3.03it/s, loss=0.7406, acc=0.9701]\r[label_smooth] Stage2 Epoch 74/75:  27%|██▋       | 45/164 [00:15\u003c00:39,  3.03it/s, loss=0.7416, acc=0.9694]\n"}
,{"stream_name":"stderr","time":5324.29478279,"data":"\r[label_smooth] Stage2 Epoch 74/75:  27%|██▋       | 45/164 [00:15\u003c00:39,  3.03it/s, loss=0.7416, acc=0.9694]\r[label_smooth] Stage2 Epoch 74/75:  28%|██▊       | 46/164 [00:15\u003c00:39,  3.02it/s, loss=0.7416, acc=0.9694]\n"}
,{"stream_name":"stderr","time":5324.61862485,"data":"\r[label_smooth] Stage2 Epoch 74/75:  28%|██▊       | 46/164 [00:15\u003c00:39,  3.02it/s, loss=0.7416, acc=0.9694]\r[label_smooth] Stage2 Epoch 74/75:  28%|██▊       | 46/164 [00:16\u003c00:39,  3.02it/s, loss=0.7425, acc=0.9694]\n"}
,{"stream_name":"stderr","time":5324.62019697,"data":"\r[label_smooth] Stage2 Epoch 74/75:  28%|██▊       | 46/164 [00:16\u003c00:39,  3.02it/s, loss=0.7425, acc=0.9694]\r[label_smooth] Stage2 Epoch 74/75:  29%|██▊       | 47/164 [00:16\u003c00:38,  3.03it/s, loss=0.7425, acc=0.9694]\n"}
,{"stream_name":"stderr","time":5324.949325366,"data":"\r[label_smooth] Stage2 Epoch 74/75:  29%|██▊       | 47/164 [00:16\u003c00:38,  3.03it/s, loss=0.7425, acc=0.9694]\r[label_smooth] Stage2 Epoch 74/75:  29%|██▊       | 47/164 [00:16\u003c00:38,  3.03it/s, loss=0.7449, acc=0.9681]\n"}
,{"stream_name":"stderr","time":5324.950997627,"data":"\r[label_smooth] Stage2 Epoch 74/75:  29%|██▊       | 47/164 [00:16\u003c00:38,  3.03it/s, loss=0.7449, acc=0.9681]\r[label_smooth] Stage2 Epoch 74/75:  29%|██▉       | 48/164 [00:16\u003c00:38,  3.03it/s, loss=0.7449, acc=0.9681]\n"}
,{"stream_name":"stderr","time":5325.27948638,"data":"\r[label_smooth] Stage2 Epoch 74/75:  29%|██▉       | 48/164 [00:16\u003c00:38,  3.03it/s, loss=0.7449, acc=0.9681]\r[label_smooth] Stage2 Epoch 74/75:  29%|██▉       | 48/164 [00:16\u003c00:38,  3.03it/s, loss=0.7463, acc=0.9675]\n"}
,{"stream_name":"stderr","time":5325.280860452,"data":"\r[label_smooth] Stage2 Epoch 74/75:  29%|██▉       | 48/164 [00:16\u003c00:38,  3.03it/s, loss=0.7463, acc=0.9675]\r[label_smooth] Stage2 Epoch 74/75:  30%|██▉       | 49/164 [00:16\u003c00:37,  3.03it/s, loss=0.7463, acc=0.9675]\n"}
,{"stream_name":"stderr","time":5325.612330077,"data":"\r[label_smooth] Stage2 Epoch 74/75:  30%|██▉       | 49/164 [00:16\u003c00:37,  3.03it/s, loss=0.7463, acc=0.9675]\r[label_smooth] Stage2 Epoch 74/75:  30%|██▉       | 49/164 [00:17\u003c00:37,  3.03it/s, loss=0.7462, acc=0.9681]\n"}
,{"stream_name":"stderr","time":5325.613316565,"data":"\r[label_smooth] Stage2 Epoch 74/75:  30%|██▉       | 49/164 [00:17\u003c00:37,  3.03it/s, loss=0.7462, acc=0.9681]\r[label_smooth] Stage2 Epoch 74/75:  30%|███       | 50/164 [00:17\u003c00:37,  3.02it/s, loss=0.7462, acc=0.9681]\n"}
,{"stream_name":"stderr","time":5325.941442225,"data":"\r[label_smooth] Stage2 Epoch 74/75:  30%|███       | 50/164 [00:17\u003c00:37,  3.02it/s, loss=0.7462, acc=0.9681]\r[label_smooth] Stage2 Epoch 74/75:  30%|███       | 50/164 [00:17\u003c00:37,  3.02it/s, loss=0.7487, acc=0.9681]\n"}
,{"stream_name":"stderr","time":5325.942487262,"data":"\r[label_smooth] Stage2 Epoch 74/75:  30%|███       | 50/164 [00:17\u003c00:37,  3.02it/s, loss=0.7487, acc=0.9681]\r[label_smooth] Stage2 Epoch 74/75:  31%|███       | 51/164 [00:17\u003c00:37,  3.03it/s, loss=0.7487, acc=0.9681]\n"}
,{"stream_name":"stderr","time":5326.269998592,"data":"\r[label_smooth] Stage2 Epoch 74/75:  31%|███       | 51/164 [00:17\u003c00:37,  3.03it/s, loss=0.7487, acc=0.9681]\r[label_smooth] Stage2 Epoch 74/75:  31%|███       | 51/164 [00:17\u003c00:37,  3.03it/s, loss=0.7489, acc=0.9681]\n"}
,{"stream_name":"stderr","time":5326.271011299,"data":"\r[label_smooth] Stage2 Epoch 74/75:  31%|███       | 51/164 [00:17\u003c00:37,  3.03it/s, loss=0.7489, acc=0.9681]\r[label_smooth] Stage2 Epoch 74/75:  32%|███▏      | 52/164 [00:17\u003c00:36,  3.03it/s, loss=0.7489, acc=0.9681]\n"}
,{"stream_name":"stderr","time":5326.599964729,"data":"\r[label_smooth] Stage2 Epoch 74/75:  32%|███▏      | 52/164 [00:17\u003c00:36,  3.03it/s, loss=0.7489, acc=0.9681]\r[label_smooth] Stage2 Epoch 74/75:  32%|███▏      | 52/164 [00:18\u003c00:36,  3.03it/s, loss=0.7498, acc=0.9676]\n"}
,{"stream_name":"stderr","time":5326.604854894,"data":"\r[label_smooth] Stage2 Epoch 74/75:  32%|███▏      | 52/164 [00:18\u003c00:36,  3.03it/s, loss=0.7498, acc=0.9676]\r[label_smooth] Stage2 Epoch 74/75:  32%|███▏      | 53/164 [00:18\u003c00:36,  3.03it/s, loss=0.7498, acc=0.9676]\n"}
,{"stream_name":"stderr","time":5326.926151263,"data":"\r[label_smooth] Stage2 Epoch 74/75:  32%|███▏      | 53/164 [00:18\u003c00:36,  3.03it/s, loss=0.7498, acc=0.9676]\r[label_smooth] Stage2 Epoch 74/75:  32%|███▏      | 53/164 [00:18\u003c00:36,  3.03it/s, loss=0.7511, acc=0.9670]\n"}
,{"stream_name":"stderr","time":5326.92722501,"data":"\r[label_smooth] Stage2 Epoch 74/75:  32%|███▏      | 53/164 [00:18\u003c00:36,  3.03it/s, loss=0.7511, acc=0.9670]\r[label_smooth] Stage2 Epoch 74/75:  33%|███▎      | 54/164 [00:18\u003c00:36,  3.04it/s, loss=0.7511, acc=0.9670]\n"}
,{"stream_name":"stderr","time":5327.255697687,"data":"\r[label_smooth] Stage2 Epoch 74/75:  33%|███▎      | 54/164 [00:18\u003c00:36,  3.04it/s, loss=0.7511, acc=0.9670]\r[label_smooth] Stage2 Epoch 74/75:  33%|███▎      | 54/164 [00:18\u003c00:36,  3.04it/s, loss=0.7521, acc=0.9665]\n"}
,{"stream_name":"stderr","time":5327.256715669,"data":"\r[label_smooth] Stage2 Epoch 74/75:  33%|███▎      | 54/164 [00:18\u003c00:36,  3.04it/s, loss=0.7521, acc=0.9665]\r[label_smooth] Stage2 Epoch 74/75:  34%|███▎      | 55/164 [00:18\u003c00:35,  3.04it/s, loss=0.7521, acc=0.9665]\n"}
,{"stream_name":"stderr","time":5327.586106126,"data":"\r[label_smooth] Stage2 Epoch 74/75:  34%|███▎      | 55/164 [00:18\u003c00:35,  3.04it/s, loss=0.7521, acc=0.9665]\r[label_smooth] Stage2 Epoch 74/75:  34%|███▎      | 55/164 [00:19\u003c00:35,  3.04it/s, loss=0.7512, acc=0.9671]\n"}
,{"stream_name":"stderr","time":5327.587179188,"data":"\r[label_smooth] Stage2 Epoch 74/75:  34%|███▎      | 55/164 [00:19\u003c00:35,  3.04it/s, loss=0.7512, acc=0.9671]\r[label_smooth] Stage2 Epoch 74/75:  34%|███▍      | 56/164 [00:19\u003c00:35,  3.04it/s, loss=0.7512, acc=0.9671]\n"}
,{"stream_name":"stderr","time":5327.917723213,"data":"\r[label_smooth] Stage2 Epoch 74/75:  34%|███▍      | 56/164 [00:19\u003c00:35,  3.04it/s, loss=0.7512, acc=0.9671]\r[label_smooth] Stage2 Epoch 74/75:  34%|███▍      | 56/164 [00:19\u003c00:35,  3.04it/s, loss=0.7498, acc=0.9677]\n"}
,{"stream_name":"stderr","time":5327.918857113,"data":"\r[label_smooth] Stage2 Epoch 74/75:  34%|███▍      | 56/164 [00:19\u003c00:35,  3.04it/s, loss=0.7498, acc=0.9677]\r[label_smooth] Stage2 Epoch 74/75:  35%|███▍      | 57/164 [00:19\u003c00:35,  3.03it/s, loss=0.7498, acc=0.9677]\n"}
,{"stream_name":"stderr","time":5328.246566959,"data":"\r[label_smooth] Stage2 Epoch 74/75:  35%|███▍      | 57/164 [00:19\u003c00:35,  3.03it/s, loss=0.7498, acc=0.9677]\r[label_smooth] Stage2 Epoch 74/75:  35%|███▍      | 57/164 [00:19\u003c00:35,  3.03it/s, loss=0.7493, acc=0.9677]\n"}
,{"stream_name":"stderr","time":5328.248290888,"data":"\r[label_smooth] Stage2 Epoch 74/75:  35%|███▍      | 57/164 [00:19\u003c00:35,  3.03it/s, loss=0.7493, acc=0.9677]\r[label_smooth] Stage2 Epoch 74/75:  35%|███▌      | 58/164 [00:19\u003c00:34,  3.04it/s, loss=0.7493, acc=0.9677]\n"}
,{"stream_name":"stderr","time":5328.578088269,"data":"\r[label_smooth] Stage2 Epoch 74/75:  35%|███▌      | 58/164 [00:19\u003c00:34,  3.04it/s, loss=0.7493, acc=0.9677]\r[label_smooth] Stage2 Epoch 74/75:  35%|███▌      | 58/164 [00:20\u003c00:34,  3.04it/s, loss=0.7508, acc=0.9677]\n"}
,{"stream_name":"stderr","time":5328.579095137,"data":"\r[label_smooth] Stage2 Epoch 74/75:  35%|███▌      | 58/164 [00:20\u003c00:34,  3.04it/s, loss=0.7508, acc=0.9677]\r[label_smooth] Stage2 Epoch 74/75:  36%|███▌      | 59/164 [00:20\u003c00:34,  3.03it/s, loss=0.7508, acc=0.9677]\n"}
,{"stream_name":"stderr","time":5328.910476932,"data":"\r[label_smooth] Stage2 Epoch 74/75:  36%|███▌      | 59/164 [00:20\u003c00:34,  3.03it/s, loss=0.7508, acc=0.9677]\r[label_smooth] Stage2 Epoch 74/75:  36%|███▌      | 59/164 [00:20\u003c00:34,  3.03it/s, loss=0.7503, acc=0.9677]\n"}
,{"stream_name":"stderr","time":5328.910777793,"data":"\r[label_smooth] Stage2 Epoch 74/75:  36%|███▌      | 59/164 [00:20\u003c00:34,  3.03it/s, loss=0.7503, acc=0.9677]\r[label_smooth] Stage2 Epoch 74/75:  37%|███▋      | 60/164 [00:20\u003c00:34,  3.02it/s, loss=0.7503, acc=0.9677]\n"}
,{"stream_name":"stderr","time":5329.238311478,"data":"\r[label_smooth] Stage2 Epoch 74/75:  37%|███▋      | 60/164 [00:20\u003c00:34,  3.02it/s, loss=0.7503, acc=0.9677]\r[label_smooth] Stage2 Epoch 74/75:  37%|███▋      | 60/164 [00:20\u003c00:34,  3.02it/s, loss=0.7507, acc=0.9677]\n"}
,{"stream_name":"stderr","time":5329.239979557,"data":"\r[label_smooth] Stage2 Epoch 74/75:  37%|███▋      | 60/164 [00:20\u003c00:34,  3.02it/s, loss=0.7507, acc=0.9677]\r[label_smooth] Stage2 Epoch 74/75:  37%|███▋      | 61/164 [00:20\u003c00:33,  3.03it/s, loss=0.7507, acc=0.9677]\n"}
,{"stream_name":"stderr","time":5329.569778629,"data":"\r[label_smooth] Stage2 Epoch 74/75:  37%|███▋      | 61/164 [00:20\u003c00:33,  3.03it/s, loss=0.7507, acc=0.9677]\r[label_smooth] Stage2 Epoch 74/75:  37%|███▋      | 61/164 [00:21\u003c00:33,  3.03it/s, loss=0.7493, acc=0.9682]\n"}
,{"stream_name":"stderr","time":5329.571211236,"data":"\r[label_smooth] Stage2 Epoch 74/75:  37%|███▋      | 61/164 [00:21\u003c00:33,  3.03it/s, loss=0.7493, acc=0.9682]\r[label_smooth] Stage2 Epoch 74/75:  38%|███▊      | 62/164 [00:21\u003c00:33,  3.02it/s, loss=0.7493, acc=0.9682]\n"}
,{"stream_name":"stderr","time":5329.897940075,"data":"\r[label_smooth] Stage2 Epoch 74/75:  38%|███▊      | 62/164 [00:21\u003c00:33,  3.02it/s, loss=0.7493, acc=0.9682]\r[label_smooth] Stage2 Epoch 74/75:  38%|███▊      | 62/164 [00:21\u003c00:33,  3.02it/s, loss=0.7480, acc=0.9688]\n"}
,{"stream_name":"stderr","time":5329.900134821,"data":"\r[label_smooth] Stage2 Epoch 74/75:  38%|███▊      | 62/164 [00:21\u003c00:33,  3.02it/s, loss=0.7480, acc=0.9688]\r[label_smooth] Stage2 Epoch 74/75:  38%|███▊      | 63/164 [00:21\u003c00:33,  3.03it/s, loss=0.7480, acc=0.9688]\n"}
,{"stream_name":"stderr","time":5330.229345538,"data":"\r[label_smooth] Stage2 Epoch 74/75:  38%|███▊      | 63/164 [00:21\u003c00:33,  3.03it/s, loss=0.7480, acc=0.9688]\r[label_smooth] Stage2 Epoch 74/75:  38%|███▊      | 63/164 [00:21\u003c00:33,  3.03it/s, loss=0.7473, acc=0.9688]\n"}
,{"stream_name":"stderr","time":5330.230672816,"data":"\r[label_smooth] Stage2 Epoch 74/75:  38%|███▊      | 63/164 [00:21\u003c00:33,  3.03it/s, loss=0.7473, acc=0.9688]\r[label_smooth] Stage2 Epoch 74/75:  39%|███▉      | 64/164 [00:21\u003c00:32,  3.03it/s, loss=0.7473, acc=0.9688]\n"}
,{"stream_name":"stderr","time":5330.565060645,"data":"\r[label_smooth] Stage2 Epoch 74/75:  39%|███▉      | 64/164 [00:21\u003c00:32,  3.03it/s, loss=0.7473, acc=0.9688]\r[label_smooth] Stage2 Epoch 74/75:  39%|███▉      | 64/164 [00:22\u003c00:32,  3.03it/s, loss=0.7469, acc=0.9692]\n"}
,{"stream_name":"stderr","time":5330.567561014,"data":"\r[label_smooth] Stage2 Epoch 74/75:  39%|███▉      | 64/164 [00:22\u003c00:32,  3.03it/s, loss=0.7469, acc=0.9692]\r[label_smooth] Stage2 Epoch 74/75:  40%|███▉      | 65/164 [00:22\u003c00:32,  3.01it/s, loss=0.7469, acc=0.9692]\n"}
,{"stream_name":"stderr","time":5330.90218397,"data":"\r[label_smooth] Stage2 Epoch 74/75:  40%|███▉      | 65/164 [00:22\u003c00:32,  3.01it/s, loss=0.7469, acc=0.9692]\r[label_smooth] Stage2 Epoch 74/75:  40%|███▉      | 65/164 [00:22\u003c00:32,  3.01it/s, loss=0.7470, acc=0.9688]\n"}
,{"stream_name":"stderr","time":5330.904607498,"data":"\r[label_smooth] Stage2 Epoch 74/75:  40%|███▉      | 65/164 [00:22\u003c00:32,  3.01it/s, loss=0.7470, acc=0.9688]\r[label_smooth] Stage2 Epoch 74/75:  40%|████      | 66/164 [00:22\u003c00:32,  2.99it/s, loss=0.7470, acc=0.9688]\n"}
,{"stream_name":"stderr","time":5331.23531223,"data":"\r[label_smooth] Stage2 Epoch 74/75:  40%|████      | 66/164 [00:22\u003c00:32,  2.99it/s, loss=0.7470, acc=0.9688]\r[label_smooth] Stage2 Epoch 74/75:  40%|████      | 66/164 [00:22\u003c00:32,  2.99it/s, loss=0.7478, acc=0.9688]\n"}
,{"stream_name":"stderr","time":5331.236924005,"data":"\r[label_smooth] Stage2 Epoch 74/75:  40%|████      | 66/164 [00:22\u003c00:32,  2.99it/s, loss=0.7478, acc=0.9688]\r[label_smooth] Stage2 Epoch 74/75:  41%|████      | 67/164 [00:22\u003c00:32,  3.00it/s, loss=0.7478, acc=0.9688]\n"}
,{"stream_name":"stderr","time":5331.567289097,"data":"\r[label_smooth] Stage2 Epoch 74/75:  41%|████      | 67/164 [00:22\u003c00:32,  3.00it/s, loss=0.7478, acc=0.9688]\r[label_smooth] Stage2 Epoch 74/75:  41%|████      | 67/164 [00:23\u003c00:32,  3.00it/s, loss=0.7480, acc=0.9683]\n"}
,{"stream_name":"stderr","time":5331.568262031,"data":"\r[label_smooth] Stage2 Epoch 74/75:  41%|████      | 67/164 [00:23\u003c00:32,  3.00it/s, loss=0.7480, acc=0.9683]\r[label_smooth] Stage2 Epoch 74/75:  41%|████▏     | 68/164 [00:23\u003c00:31,  3.01it/s, loss=0.7480, acc=0.9683]\n"}
,{"stream_name":"stderr","time":5331.895521314,"data":"\r[label_smooth] Stage2 Epoch 74/75:  41%|████▏     | 68/164 [00:23\u003c00:31,  3.01it/s, loss=0.7480, acc=0.9683]\r[label_smooth] Stage2 Epoch 74/75:  41%|████▏     | 68/164 [00:23\u003c00:31,  3.01it/s, loss=0.7473, acc=0.9683]\n"}
,{"stream_name":"stderr","time":5331.896883125,"data":"\r[label_smooth] Stage2 Epoch 74/75:  41%|████▏     | 68/164 [00:23\u003c00:31,  3.01it/s, loss=0.7473, acc=0.9683]\r[label_smooth] Stage2 Epoch 74/75:  42%|████▏     | 69/164 [00:23\u003c00:31,  3.02it/s, loss=0.7473, acc=0.9683]\n"}
,{"stream_name":"stderr","time":5334.492239812,"data":"\r[label_smooth] Stage2 Epoch 74/75:  42%|████▏     | 69/164 [00:23\u003c00:31,  3.02it/s, loss=0.7473, acc=0.9683]\r[label_smooth] Stage2 Epoch 74/75:  42%|████▏     | 69/164 [00:23\u003c00:31,  3.02it/s, loss=0.7478, acc=0.9683]\n"}
,{"stream_name":"stderr","time":5334.493625657,"data":"\r[label_smooth] Stage2 Epoch 74/75:  42%|████▏     | 69/164 [00:23\u003c00:31,  3.02it/s, loss=0.7478, acc=0.9683]\r[label_smooth] Stage2 Epoch 74/75:  43%|████▎     | 70/164 [00:23\u003c00:31,  3.02it/s, loss=0.7478, acc=0.9683]\n"}
,{"stream_name":"stderr","time":5334.495072056,"data":"\r[label_smooth] Stage2 Epoch 74/75:  43%|████▎     | 70/164 [00:23\u003c00:31,  3.02it/s, loss=0.7478, acc=0.9683]\r[label_smooth] Stage2 Epoch 74/75:  43%|████▎     | 70/164 [00:24\u003c00:31,  3.02it/s, loss=0.7476, acc=0.9683]\n"}
,{"stream_name":"stderr","time":5334.496192728,"data":"\r[label_smooth] Stage2 Epoch 74/75:  43%|████▎     | 70/164 [00:24\u003c00:31,  3.02it/s, loss=0.7476, acc=0.9683]\r[label_smooth] Stage2 Epoch 74/75:  43%|████▎     | 71/164 [00:24\u003c00:30,  3.02it/s, loss=0.7476, acc=0.9683]\n"}
,{"stream_name":"stderr","time":5334.497262454,"data":"\r[label_smooth] Stage2 Epoch 74/75:  43%|████▎     | 71/164 [00:24\u003c00:30,  3.02it/s, loss=0.7476, acc=0.9683]\r[label_smooth] Stage2 Epoch 74/75:  43%|████▎     | 71/164 [00:24\u003c00:30,  3.02it/s, loss=0.7477, acc=0.9683]\n"}
,{"stream_name":"stderr","time":5334.498560547,"data":"\r[label_smooth] Stage2 Epoch 74/75:  43%|████▎     | 71/164 [00:24\u003c00:30,  3.02it/s, loss=0.7477, acc=0.9683]\r[label_smooth] Stage2 Epoch 74/75:  44%|████▍     | 72/164 [00:24\u003c00:30,  3.02it/s, loss=0.7477, acc=0.9683]\n"}
,{"stream_name":"stderr","time":5334.499568575,"data":"\r[label_smooth] Stage2 Epoch 74/75:  44%|████▍     | 72/164 [00:24\u003c00:30,  3.02it/s, loss=0.7477, acc=0.9683]\r[label_smooth] Stage2 Epoch 74/75:  44%|████▍     | 72/164 [00:24\u003c00:30,  3.02it/s, loss=0.7483, acc=0.9679]\n"}
,{"stream_name":"stderr","time":5334.50060003,"data":"\r[label_smooth] Stage2 Epoch 74/75:  44%|████▍     | 72/164 [00:24\u003c00:30,  3.02it/s, loss=0.7483, acc=0.9679]\r[label_smooth] Stage2 Epoch 74/75:  45%|████▍     | 73/164 [00:24\u003c00:30,  3.02it/s, loss=0.7483, acc=0.9679]\n"}
,{"stream_name":"stderr","time":5334.501671159,"data":"\r[label_smooth] Stage2 Epoch 74/75:  45%|████▍     | 73/164 [00:24\u003c00:30,  3.02it/s, loss=0.7483, acc=0.9679]\r[label_smooth] Stage2 Epoch 74/75:  45%|████▍     | 73/164 [00:25\u003c00:30,  3.02it/s, loss=0.7491, acc=0.9679]\n"}
,{"stream_name":"stderr","time":5334.502870921,"data":"\r[label_smooth] Stage2 Epoch 74/75:  45%|████▍     | 73/164 [00:25\u003c00:30,  3.02it/s, loss=0.7491, acc=0.9679]\r[label_smooth] Stage2 Epoch 74/75:  45%|████▌     | 74/164 [00:25\u003c00:29,  3.03it/s, loss=0.7491, acc=0.9679]\n"}
,{"stream_name":"stderr","time":5334.50488807,"data":"\r[label_smooth] Stage2 Epoch 74/75:  45%|████▌     | 74/164 [00:25\u003c00:29,  3.03it/s, loss=0.7491, acc=0.9679]\r[label_smooth] Stage2 Epoch 74/75:  45%|████▌     | 74/164 [00:25\u003c00:29,  3.03it/s, loss=0.7484, acc=0.9683]\n"}
,{"stream_name":"stderr","time":5334.50490853,"data":"\r[label_smooth] Stage2 Epoch 74/75:  45%|████▌     | 74/164 [00:25\u003c00:29,  3.03it/s, loss=0.7484, acc=0.9683]\r[label_smooth] Stage2 Epoch 74/75:  46%|████▌     | 75/164 [00:25\u003c00:29,  3.02it/s, loss=0.7484, acc=0.9683]\n"}
,{"stream_name":"stderr","time":5334.50593324,"data":"\r[label_smooth] Stage2 Epoch 74/75:  46%|████▌     | 75/164 [00:25\u003c00:29,  3.02it/s, loss=0.7484, acc=0.9683]\r[label_smooth] Stage2 Epoch 74/75:  46%|████▌     | 75/164 [00:25\u003c00:29,  3.02it/s, loss=0.7495, acc=0.9679]\n"}
,{"stream_name":"stderr","time":5334.506787812,"data":"\r[label_smooth] Stage2 Epoch 74/75:  46%|████▌     | 75/164 [00:25\u003c00:29,  3.02it/s, loss=0.7495, acc=0.9679]\r[label_smooth] Stage2 Epoch 74/75:  46%|████▋     | 76/164 [00:25\u003c00:29,  3.02it/s, loss=0.7495, acc=0.9679]\n"}
,{"stream_name":"stderr","time":5334.541251934,"data":"\r[label_smooth] Stage2 Epoch 74/75:  46%|████▋     | 76/164 [00:25\u003c00:29,  3.02it/s, loss=0.7495, acc=0.9679]\r[label_smooth] Stage2 Epoch 74/75:  46%|████▋     | 76/164 [00:26\u003c00:29,  3.02it/s, loss=0.7486, acc=0.9683]\n"}
,{"stream_name":"stderr","time":5334.542279869,"data":"\r[label_smooth] Stage2 Epoch 74/75:  46%|████▋     | 76/164 [00:26\u003c00:29,  3.02it/s, loss=0.7486, acc=0.9683]\r[label_smooth] Stage2 Epoch 74/75:  47%|████▋     | 77/164 [00:26\u003c00:28,  3.02it/s, loss=0.7486, acc=0.9683]\n"}
,{"stream_name":"stderr","time":5334.875466494,"data":"\r[label_smooth] Stage2 Epoch 74/75:  47%|████▋     | 77/164 [00:26\u003c00:28,  3.02it/s, loss=0.7486, acc=0.9683]\r[label_smooth] Stage2 Epoch 74/75:  47%|████▋     | 77/164 [00:26\u003c00:28,  3.02it/s, loss=0.7485, acc=0.9683]\n"}
,{"stream_name":"stderr","time":5334.877564625,"data":"\r[label_smooth] Stage2 Epoch 74/75:  47%|████▋     | 77/164 [00:26\u003c00:28,  3.02it/s, loss=0.7485, acc=0.9683]\r[label_smooth] Stage2 Epoch 74/75:  48%|████▊     | 78/164 [00:26\u003c00:28,  3.01it/s, loss=0.7485, acc=0.9683]\n"}
,{"stream_name":"stderr","time":5335.204442933,"data":"\r[label_smooth] Stage2 Epoch 74/75:  48%|████▊     | 78/164 [00:26\u003c00:28,  3.01it/s, loss=0.7485, acc=0.9683]\r[label_smooth] Stage2 Epoch 74/75:  48%|████▊     | 78/164 [00:26\u003c00:28,  3.01it/s, loss=0.7507, acc=0.9672]\n"}
,{"stream_name":"stderr","time":5335.206636613,"data":"\r[label_smooth] Stage2 Epoch 74/75:  48%|████▊     | 78/164 [00:26\u003c00:28,  3.01it/s, loss=0.7507, acc=0.9672]\r[label_smooth] Stage2 Epoch 74/75:  48%|████▊     | 79/164 [00:26\u003c00:28,  3.02it/s, loss=0.7507, acc=0.9672]\n"}
,{"stream_name":"stderr","time":5335.535507555,"data":"\r[label_smooth] Stage2 Epoch 74/75:  48%|████▊     | 79/164 [00:26\u003c00:28,  3.02it/s, loss=0.7507, acc=0.9672]\r[label_smooth] Stage2 Epoch 74/75:  48%|████▊     | 79/164 [00:27\u003c00:28,  3.02it/s, loss=0.7519, acc=0.9660]\n"}
,{"stream_name":"stderr","time":5335.536912604,"data":"\r[label_smooth] Stage2 Epoch 74/75:  48%|████▊     | 79/164 [00:27\u003c00:28,  3.02it/s, loss=0.7519, acc=0.9660]\r[label_smooth] Stage2 Epoch 74/75:  49%|████▉     | 80/164 [00:27\u003c00:27,  3.02it/s, loss=0.7519, acc=0.9660]\n"}
,{"stream_name":"stderr","time":5335.86667144,"data":"\r[label_smooth] Stage2 Epoch 74/75:  49%|████▉     | 80/164 [00:27\u003c00:27,  3.02it/s, loss=0.7519, acc=0.9660]\r[label_smooth] Stage2 Epoch 74/75:  49%|████▉     | 80/164 [00:27\u003c00:27,  3.02it/s, loss=0.7535, acc=0.9657]\n"}
,{"stream_name":"stderr","time":5335.867558641,"data":"\r[label_smooth] Stage2 Epoch 74/75:  49%|████▉     | 80/164 [00:27\u003c00:27,  3.02it/s, loss=0.7535, acc=0.9657]\r[label_smooth] Stage2 Epoch 74/75:  49%|████▉     | 81/164 [00:27\u003c00:27,  3.02it/s, loss=0.7535, acc=0.9657]\n"}
,{"stream_name":"stderr","time":5336.197570506,"data":"\r[label_smooth] Stage2 Epoch 74/75:  49%|████▉     | 81/164 [00:27\u003c00:27,  3.02it/s, loss=0.7535, acc=0.9657]\r[label_smooth] Stage2 Epoch 74/75:  49%|████▉     | 81/164 [00:27\u003c00:27,  3.02it/s, loss=0.7538, acc=0.9653]\n"}
,{"stream_name":"stderr","time":5336.198626847,"data":"\r[label_smooth] Stage2 Epoch 74/75:  49%|████▉     | 81/164 [00:27\u003c00:27,  3.02it/s, loss=0.7538, acc=0.9653]\r[label_smooth] Stage2 Epoch 74/75:  50%|█████     | 82/164 [00:27\u003c00:27,  3.02it/s, loss=0.7538, acc=0.9653]\n"}
,{"stream_name":"stderr","time":5336.525413332,"data":"\r[label_smooth] Stage2 Epoch 74/75:  50%|█████     | 82/164 [00:27\u003c00:27,  3.02it/s, loss=0.7538, acc=0.9653]\r[label_smooth] Stage2 Epoch 74/75:  50%|█████     | 82/164 [00:28\u003c00:27,  3.02it/s, loss=0.7548, acc=0.9650]\n"}
,{"stream_name":"stderr","time":5336.530949163,"data":"\r[label_smooth] Stage2 Epoch 74/75:  50%|█████     | 82/164 [00:28\u003c00:27,  3.02it/s, loss=0.7548, acc=0.9650]\r[label_smooth] Stage2 Epoch 74/75:  51%|█████     | 83/164 [00:28\u003c00:26,  3.03it/s, loss=0.7548, acc=0.9650]\n"}
,{"stream_name":"stderr","time":5336.856712018,"data":"\r[label_smooth] Stage2 Epoch 74/75:  51%|█████     | 83/164 [00:28\u003c00:26,  3.03it/s, loss=0.7548, acc=0.9650]\r[label_smooth] Stage2 Epoch 74/75:  51%|█████     | 83/164 [00:28\u003c00:26,  3.03it/s, loss=0.7546, acc=0.9650]\n"}
,{"stream_name":"stderr","time":5336.857881454,"data":"\r[label_smooth] Stage2 Epoch 74/75:  51%|█████     | 83/164 [00:28\u003c00:26,  3.03it/s, loss=0.7546, acc=0.9650]\r[label_smooth] Stage2 Epoch 74/75:  51%|█████     | 84/164 [00:28\u003c00:26,  3.03it/s, loss=0.7546, acc=0.9650]\n"}
,{"stream_name":"stderr","time":5337.190095889,"data":"\r[label_smooth] Stage2 Epoch 74/75:  51%|█████     | 84/164 [00:28\u003c00:26,  3.03it/s, loss=0.7546, acc=0.9650]\r[label_smooth] Stage2 Epoch 74/75:  51%|█████     | 84/164 [00:28\u003c00:26,  3.03it/s, loss=0.7545, acc=0.9654]\n"}
,{"stream_name":"stderr","time":5337.19123423,"data":"\r[label_smooth] Stage2 Epoch 74/75:  51%|█████     | 84/164 [00:28\u003c00:26,  3.03it/s, loss=0.7545, acc=0.9654]\r[label_smooth] Stage2 Epoch 74/75:  52%|█████▏    | 85/164 [00:28\u003c00:26,  3.02it/s, loss=0.7545, acc=0.9654]\n"}
,{"stream_name":"stderr","time":5337.516821036,"data":"\r[label_smooth] Stage2 Epoch 74/75:  52%|█████▏    | 85/164 [00:28\u003c00:26,  3.02it/s, loss=0.7545, acc=0.9654]\r[label_smooth] Stage2 Epoch 74/75:  52%|█████▏    | 85/164 [00:29\u003c00:26,  3.02it/s, loss=0.7547, acc=0.9651]\n"}
,{"stream_name":"stderr","time":5337.517683545,"data":"\r[label_smooth] Stage2 Epoch 74/75:  52%|█████▏    | 85/164 [00:29\u003c00:26,  3.02it/s, loss=0.7547, acc=0.9651]\r[label_smooth] Stage2 Epoch 74/75:  52%|█████▏    | 86/164 [00:29\u003c00:25,  3.03it/s, loss=0.7547, acc=0.9651]\n"}
,{"stream_name":"stderr","time":5337.849555274,"data":"\r[label_smooth] Stage2 Epoch 74/75:  52%|█████▏    | 86/164 [00:29\u003c00:25,  3.03it/s, loss=0.7547, acc=0.9651]\r[label_smooth] Stage2 Epoch 74/75:  52%|█████▏    | 86/164 [00:29\u003c00:25,  3.03it/s, loss=0.7538, acc=0.9655]\n"}
,{"stream_name":"stderr","time":5337.850875656,"data":"\r[label_smooth] Stage2 Epoch 74/75:  52%|█████▏    | 86/164 [00:29\u003c00:25,  3.03it/s, loss=0.7538, acc=0.9655]\r[label_smooth] Stage2 Epoch 74/75:  53%|█████▎    | 87/164 [00:29\u003c00:25,  3.02it/s, loss=0.7538, acc=0.9655]\n"}
,{"stream_name":"stderr","time":5338.178228164,"data":"\r[label_smooth] Stage2 Epoch 74/75:  53%|█████▎    | 87/164 [00:29\u003c00:25,  3.02it/s, loss=0.7538, acc=0.9655]\r[label_smooth] Stage2 Epoch 74/75:  53%|█████▎    | 87/164 [00:29\u003c00:25,  3.02it/s, loss=0.7558, acc=0.9648]\n"}
,{"stream_name":"stderr","time":5338.179891733,"data":"\r[label_smooth] Stage2 Epoch 74/75:  53%|█████▎    | 87/164 [00:29\u003c00:25,  3.02it/s, loss=0.7558, acc=0.9648]\r[label_smooth] Stage2 Epoch 74/75:  54%|█████▎    | 88/164 [00:29\u003c00:25,  3.03it/s, loss=0.7558, acc=0.9648]\n"}
,{"stream_name":"stderr","time":5338.50890475,"data":"\r[label_smooth] Stage2 Epoch 74/75:  54%|█████▎    | 88/164 [00:29\u003c00:25,  3.03it/s, loss=0.7558, acc=0.9648]\r[label_smooth] Stage2 Epoch 74/75:  54%|█████▎    | 88/164 [00:30\u003c00:25,  3.03it/s, loss=0.7571, acc=0.9642]\n"}
,{"stream_name":"stderr","time":5338.509777211,"data":"\r[label_smooth] Stage2 Epoch 74/75:  54%|█████▎    | 88/164 [00:30\u003c00:25,  3.03it/s, loss=0.7571, acc=0.9642]\r[label_smooth] Stage2 Epoch 74/75:  54%|█████▍    | 89/164 [00:30\u003c00:24,  3.03it/s, loss=0.7571, acc=0.9642]\n"}
,{"stream_name":"stderr","time":5338.838804843,"data":"\r[label_smooth] Stage2 Epoch 74/75:  54%|█████▍    | 89/164 [00:30\u003c00:24,  3.03it/s, loss=0.7571, acc=0.9642]\r[label_smooth] Stage2 Epoch 74/75:  54%|█████▍    | 89/164 [00:30\u003c00:24,  3.03it/s, loss=0.7562, acc=0.9646]\n"}
,{"stream_name":"stderr","time":5338.840166415,"data":"\r[label_smooth] Stage2 Epoch 74/75:  54%|█████▍    | 89/164 [00:30\u003c00:24,  3.03it/s, loss=0.7562, acc=0.9646]\r[label_smooth] Stage2 Epoch 74/75:  55%|█████▍    | 90/164 [00:30\u003c00:24,  3.03it/s, loss=0.7562, acc=0.9646]\n"}
,{"stream_name":"stderr","time":5339.166704739,"data":"\r[label_smooth] Stage2 Epoch 74/75:  55%|█████▍    | 90/164 [00:30\u003c00:24,  3.03it/s, loss=0.7562, acc=0.9646]\r[label_smooth] Stage2 Epoch 74/75:  55%|█████▍    | 90/164 [00:30\u003c00:24,  3.03it/s, loss=0.7554, acc=0.9650]\n"}
,{"stream_name":"stderr","time":5339.167713544,"data":"\r[label_smooth] Stage2 Epoch 74/75:  55%|█████▍    | 90/164 [00:30\u003c00:24,  3.03it/s, loss=0.7554, acc=0.9650]\r[label_smooth] Stage2 Epoch 74/75:  55%|█████▌    | 91/164 [00:30\u003c00:24,  3.03it/s, loss=0.7554, acc=0.9650]\n"}
,{"stream_name":"stderr","time":5339.497637084,"data":"\r[label_smooth] Stage2 Epoch 74/75:  55%|█████▌    | 91/164 [00:30\u003c00:24,  3.03it/s, loss=0.7554, acc=0.9650]\r[label_smooth] Stage2 Epoch 74/75:  55%|█████▌    | 91/164 [00:31\u003c00:24,  3.03it/s, loss=0.7547, acc=0.9650]\n"}
,{"stream_name":"stderr","time":5339.499897098,"data":"\r[label_smooth] Stage2 Epoch 74/75:  55%|█████▌    | 91/164 [00:31\u003c00:24,  3.03it/s, loss=0.7547, acc=0.9650]\r[label_smooth] Stage2 Epoch 74/75:  56%|█████▌    | 92/164 [00:31\u003c00:23,  3.03it/s, loss=0.7547, acc=0.9650]\n"}
,{"stream_name":"stderr","time":5339.830439588,"data":"\r[label_smooth] Stage2 Epoch 74/75:  56%|█████▌    | 92/164 [00:31\u003c00:23,  3.03it/s, loss=0.7547, acc=0.9650]\r[label_smooth] Stage2 Epoch 74/75:  56%|█████▌    | 92/164 [00:31\u003c00:23,  3.03it/s, loss=0.7550, acc=0.9647]\n"}
,{"stream_name":"stderr","time":5339.831748604,"data":"\r[label_smooth] Stage2 Epoch 74/75:  56%|█████▌    | 92/164 [00:31\u003c00:23,  3.03it/s, loss=0.7550, acc=0.9647]\r[label_smooth] Stage2 Epoch 74/75:  57%|█████▋    | 93/164 [00:31\u003c00:23,  3.02it/s, loss=0.7550, acc=0.9647]\n"}
,{"stream_name":"stderr","time":5340.160969293,"data":"\r[label_smooth] Stage2 Epoch 74/75:  57%|█████▋    | 93/164 [00:31\u003c00:23,  3.02it/s, loss=0.7550, acc=0.9647]\r[label_smooth] Stage2 Epoch 74/75:  57%|█████▋    | 93/164 [00:31\u003c00:23,  3.02it/s, loss=0.7549, acc=0.9651]\n"}
,{"stream_name":"stderr","time":5340.162671823,"data":"\r[label_smooth] Stage2 Epoch 74/75:  57%|█████▋    | 93/164 [00:31\u003c00:23,  3.02it/s, loss=0.7549, acc=0.9651]\r[label_smooth] Stage2 Epoch 74/75:  57%|█████▋    | 94/164 [00:31\u003c00:23,  3.02it/s, loss=0.7549, acc=0.9651]\n"}
,{"stream_name":"stderr","time":5340.494504533,"data":"\r[label_smooth] Stage2 Epoch 74/75:  57%|█████▋    | 94/164 [00:31\u003c00:23,  3.02it/s, loss=0.7549, acc=0.9651]\r[label_smooth] Stage2 Epoch 74/75:  57%|█████▋    | 94/164 [00:32\u003c00:23,  3.02it/s, loss=0.7553, acc=0.9648]\n"}
,{"stream_name":"stderr","time":5340.495459113,"data":"\r[label_smooth] Stage2 Epoch 74/75:  57%|█████▋    | 94/164 [00:32\u003c00:23,  3.02it/s, loss=0.7553, acc=0.9648]\r[label_smooth] Stage2 Epoch 74/75:  58%|█████▊    | 95/164 [00:32\u003c00:22,  3.02it/s, loss=0.7553, acc=0.9648]\n"}
,{"stream_name":"stderr","time":5340.834226417,"data":"\r[label_smooth] Stage2 Epoch 74/75:  58%|█████▊    | 95/164 [00:32\u003c00:22,  3.02it/s, loss=0.7553, acc=0.9648]\r[label_smooth] Stage2 Epoch 74/75:  58%|█████▊    | 95/164 [00:32\u003c00:22,  3.02it/s, loss=0.7558, acc=0.9645]\n"}
,{"stream_name":"stderr","time":5340.839927552,"data":"\r[label_smooth] Stage2 Epoch 74/75:  58%|█████▊    | 95/164 [00:32\u003c00:22,  3.02it/s, loss=0.7558, acc=0.9645]\r[label_smooth] Stage2 Epoch 74/75:  59%|█████▊    | 96/164 [00:32\u003c00:22,  3.00it/s, loss=0.7558, acc=0.9645]\n"}
,{"stream_name":"stderr","time":5341.168913517,"data":"\r[label_smooth] Stage2 Epoch 74/75:  59%|█████▊    | 96/164 [00:32\u003c00:22,  3.00it/s, loss=0.7558, acc=0.9645]\r[label_smooth] Stage2 Epoch 74/75:  59%|█████▊    | 96/164 [00:32\u003c00:22,  3.00it/s, loss=0.7581, acc=0.9639]\n"}
,{"stream_name":"stderr","time":5341.172783438,"data":"\r[label_smooth] Stage2 Epoch 74/75:  59%|█████▊    | 96/164 [00:32\u003c00:22,  3.00it/s, loss=0.7581, acc=0.9639]\r[label_smooth] Stage2 Epoch 74/75:  59%|█████▉    | 97/164 [00:32\u003c00:22,  2.99it/s, loss=0.7581, acc=0.9639]\n"}
,{"stream_name":"stderr","time":5341.503725394,"data":"\r[label_smooth] Stage2 Epoch 74/75:  59%|█████▉    | 97/164 [00:32\u003c00:22,  2.99it/s, loss=0.7581, acc=0.9639]\r[label_smooth] Stage2 Epoch 74/75:  59%|█████▉    | 97/164 [00:33\u003c00:22,  2.99it/s, loss=0.7576, acc=0.9640]\n"}
,{"stream_name":"stderr","time":5341.506367529,"data":"\r[label_smooth] Stage2 Epoch 74/75:  59%|█████▉    | 97/164 [00:33\u003c00:22,  2.99it/s, loss=0.7576, acc=0.9640]\r[label_smooth] Stage2 Epoch 74/75:  60%|█████▉    | 98/164 [00:33\u003c00:22,  2.98it/s, loss=0.7576, acc=0.9640]\n"}
,{"stream_name":"stderr","time":5341.836966707,"data":"\r[label_smooth] Stage2 Epoch 74/75:  60%|█████▉    | 98/164 [00:33\u003c00:22,  2.98it/s, loss=0.7576, acc=0.9640]\r[label_smooth] Stage2 Epoch 74/75:  60%|█████▉    | 98/164 [00:33\u003c00:22,  2.98it/s, loss=0.7568, acc=0.9643]\n"}
,{"stream_name":"stderr","time":5341.839097343,"data":"\r[label_smooth] Stage2 Epoch 74/75:  60%|█████▉    | 98/164 [00:33\u003c00:22,  2.98it/s, loss=0.7568, acc=0.9643]\r[label_smooth] Stage2 Epoch 74/75:  60%|██████    | 99/164 [00:33\u003c00:21,  2.99it/s, loss=0.7568, acc=0.9643]\n"}
,{"stream_name":"stderr","time":5342.17267516,"data":"\r[label_smooth] Stage2 Epoch 74/75:  60%|██████    | 99/164 [00:33\u003c00:21,  2.99it/s, loss=0.7568, acc=0.9643]\r[label_smooth] Stage2 Epoch 74/75:  60%|██████    | 99/164 [00:33\u003c00:21,  2.99it/s, loss=0.7571, acc=0.9641]\n"}
,{"stream_name":"stderr","time":5342.173635118,"data":"\r[label_smooth] Stage2 Epoch 74/75:  60%|██████    | 99/164 [00:33\u003c00:21,  2.99it/s, loss=0.7571, acc=0.9641]\r[label_smooth] Stage2 Epoch 74/75:  61%|██████    | 100/164 [00:33\u003c00:21,  2.99it/s, loss=0.7571, acc=0.9641]\n"}
,{"stream_name":"stderr","time":5342.501039581,"data":"\r[label_smooth] Stage2 Epoch 74/75:  61%|██████    | 100/164 [00:33\u003c00:21,  2.99it/s, loss=0.7571, acc=0.9641]\r[label_smooth] Stage2 Epoch 74/75:  61%|██████    | 100/164 [00:34\u003c00:21,  2.99it/s, loss=0.7582, acc=0.9632]\n"}
,{"stream_name":"stderr","time":5342.502149049,"data":"\r[label_smooth] Stage2 Epoch 74/75:  61%|██████    | 100/164 [00:34\u003c00:21,  2.99it/s, loss=0.7582, acc=0.9632]\r[label_smooth] Stage2 Epoch 74/75:  62%|██████▏   | 101/164 [00:34\u003c00:20,  3.01it/s, loss=0.7582, acc=0.9632]\n"}
,{"stream_name":"stderr","time":5342.829754812,"data":"\r[label_smooth] Stage2 Epoch 74/75:  62%|██████▏   | 101/164 [00:34\u003c00:20,  3.01it/s, loss=0.7582, acc=0.9632]\r[label_smooth] Stage2 Epoch 74/75:  62%|██████▏   | 101/164 [00:34\u003c00:20,  3.01it/s, loss=0.7576, acc=0.9632]\n"}
,{"stream_name":"stderr","time":5342.831154431,"data":"\r[label_smooth] Stage2 Epoch 74/75:  62%|██████▏   | 101/164 [00:34\u003c00:20,  3.01it/s, loss=0.7576, acc=0.9632]\r[label_smooth] Stage2 Epoch 74/75:  62%|██████▏   | 102/164 [00:34\u003c00:20,  3.02it/s, loss=0.7576, acc=0.9632]\n"}
,{"stream_name":"stderr","time":5343.161467455,"data":"\r[label_smooth] Stage2 Epoch 74/75:  62%|██████▏   | 102/164 [00:34\u003c00:20,  3.02it/s, loss=0.7576, acc=0.9632]\r[label_smooth] Stage2 Epoch 74/75:  62%|██████▏   | 102/164 [00:34\u003c00:20,  3.02it/s, loss=0.7578, acc=0.9630]\n"}
,{"stream_name":"stderr","time":5343.166477639,"data":"\r[label_smooth] Stage2 Epoch 74/75:  62%|██████▏   | 102/164 [00:34\u003c00:20,  3.02it/s, loss=0.7578, acc=0.9630]\r[label_smooth] Stage2 Epoch 74/75:  63%|██████▎   | 103/164 [00:34\u003c00:20,  3.02it/s, loss=0.7578, acc=0.9630]\n"}
,{"stream_name":"stderr","time":5343.490178565,"data":"\r[label_smooth] Stage2 Epoch 74/75:  63%|██████▎   | 103/164 [00:34\u003c00:20,  3.02it/s, loss=0.7578, acc=0.9630]\r[label_smooth] Stage2 Epoch 74/75:  63%|██████▎   | 103/164 [00:35\u003c00:20,  3.02it/s, loss=0.7603, acc=0.9615]\n"}
,{"stream_name":"stderr","time":5343.49139302,"data":"\r[label_smooth] Stage2 Epoch 74/75:  63%|██████▎   | 103/164 [00:35\u003c00:20,  3.02it/s, loss=0.7603, acc=0.9615]\r[label_smooth] Stage2 Epoch 74/75:  63%|██████▎   | 104/164 [00:35\u003c00:19,  3.02it/s, loss=0.7603, acc=0.9615]\n"}
,{"stream_name":"stderr","time":5343.821919296,"data":"\r[label_smooth] Stage2 Epoch 74/75:  63%|██████▎   | 104/164 [00:35\u003c00:19,  3.02it/s, loss=0.7603, acc=0.9615]\r[label_smooth] Stage2 Epoch 74/75:  63%|██████▎   | 104/164 [00:35\u003c00:19,  3.02it/s, loss=0.7595, acc=0.9619]\n"}
,{"stream_name":"stderr","time":5343.823004776,"data":"\r[label_smooth] Stage2 Epoch 74/75:  63%|██████▎   | 104/164 [00:35\u003c00:19,  3.02it/s, loss=0.7595, acc=0.9619]\r[label_smooth] Stage2 Epoch 74/75:  64%|██████▍   | 105/164 [00:35\u003c00:19,  3.02it/s, loss=0.7595, acc=0.9619]\n"}
,{"stream_name":"stderr","time":5344.155119451,"data":"\r[label_smooth] Stage2 Epoch 74/75:  64%|██████▍   | 105/164 [00:35\u003c00:19,  3.02it/s, loss=0.7595, acc=0.9619]\r[label_smooth] Stage2 Epoch 74/75:  64%|██████▍   | 105/164 [00:35\u003c00:19,  3.02it/s, loss=0.7593, acc=0.9620]\n"}
,{"stream_name":"stderr","time":5344.157511488,"data":"\r[label_smooth] Stage2 Epoch 74/75:  64%|██████▍   | 105/164 [00:35\u003c00:19,  3.02it/s, loss=0.7593, acc=0.9620]\r[label_smooth] Stage2 Epoch 74/75:  65%|██████▍   | 106/164 [00:35\u003c00:19,  3.01it/s, loss=0.7593, acc=0.9620]\n"}
,{"stream_name":"stderr","time":5344.490074987,"data":"\r[label_smooth] Stage2 Epoch 74/75:  65%|██████▍   | 106/164 [00:35\u003c00:19,  3.01it/s, loss=0.7593, acc=0.9620]\r[label_smooth] Stage2 Epoch 74/75:  65%|██████▍   | 106/164 [00:36\u003c00:19,  3.01it/s, loss=0.7584, acc=0.9623]\n"}
,{"stream_name":"stderr","time":5344.491198157,"data":"\r[label_smooth] Stage2 Epoch 74/75:  65%|██████▍   | 106/164 [00:36\u003c00:19,  3.01it/s, loss=0.7584, acc=0.9623]\r[label_smooth] Stage2 Epoch 74/75:  65%|██████▌   | 107/164 [00:36\u003c00:18,  3.01it/s, loss=0.7584, acc=0.9623]\n"}
,{"stream_name":"stderr","time":5344.823774419,"data":"\r[label_smooth] Stage2 Epoch 74/75:  65%|██████▌   | 107/164 [00:36\u003c00:18,  3.01it/s, loss=0.7584, acc=0.9623]\r[label_smooth] Stage2 Epoch 74/75:  65%|██████▌   | 107/164 [00:36\u003c00:18,  3.01it/s, loss=0.7581, acc=0.9627]\n"}
,{"stream_name":"stderr","time":5344.825114789,"data":"\r[label_smooth] Stage2 Epoch 74/75:  65%|██████▌   | 107/164 [00:36\u003c00:18,  3.01it/s, loss=0.7581, acc=0.9627]\r[label_smooth] Stage2 Epoch 74/75:  66%|██████▌   | 108/164 [00:36\u003c00:18,  3.00it/s, loss=0.7581, acc=0.9627]\n"}
,{"stream_name":"stderr","time":5345.152375611,"data":"\r[label_smooth] Stage2 Epoch 74/75:  66%|██████▌   | 108/164 [00:36\u003c00:18,  3.00it/s, loss=0.7581, acc=0.9627]\r[label_smooth] Stage2 Epoch 74/75:  66%|██████▌   | 108/164 [00:36\u003c00:18,  3.00it/s, loss=0.7576, acc=0.9630]\n"}
,{"stream_name":"stderr","time":5345.153452206,"data":"\r[label_smooth] Stage2 Epoch 74/75:  66%|██████▌   | 108/164 [00:36\u003c00:18,  3.00it/s, loss=0.7576, acc=0.9630]\r[label_smooth] Stage2 Epoch 74/75:  66%|██████▋   | 109/164 [00:36\u003c00:18,  3.02it/s, loss=0.7576, acc=0.9630]\n"}
,{"stream_name":"stderr","time":5345.480914541,"data":"\r[label_smooth] Stage2 Epoch 74/75:  66%|██████▋   | 109/164 [00:36\u003c00:18,  3.02it/s, loss=0.7576, acc=0.9630]\r[label_smooth] Stage2 Epoch 74/75:  66%|██████▋   | 109/164 [00:37\u003c00:18,  3.02it/s, loss=0.7575, acc=0.9628]\n"}
,{"stream_name":"stderr","time":5345.482147657,"data":"\r[label_smooth] Stage2 Epoch 74/75:  66%|██████▋   | 109/164 [00:37\u003c00:18,  3.02it/s, loss=0.7575, acc=0.9628]\r[label_smooth] Stage2 Epoch 74/75:  67%|██████▋   | 110/164 [00:37\u003c00:17,  3.02it/s, loss=0.7575, acc=0.9628]\n"}
,{"stream_name":"stderr","time":5345.812675412,"data":"\r[label_smooth] Stage2 Epoch 74/75:  67%|██████▋   | 110/164 [00:37\u003c00:17,  3.02it/s, loss=0.7575, acc=0.9628]\r[label_smooth] Stage2 Epoch 74/75:  67%|██████▋   | 110/164 [00:37\u003c00:17,  3.02it/s, loss=0.7573, acc=0.9628]\n"}
,{"stream_name":"stderr","time":5345.814128019,"data":"\r[label_smooth] Stage2 Epoch 74/75:  67%|██████▋   | 110/164 [00:37\u003c00:17,  3.02it/s, loss=0.7573, acc=0.9628]\r[label_smooth] Stage2 Epoch 74/75:  68%|██████▊   | 111/164 [00:37\u003c00:17,  3.02it/s, loss=0.7573, acc=0.9628]\n"}
,{"stream_name":"stderr","time":5346.140998155,"data":"\r[label_smooth] Stage2 Epoch 74/75:  68%|██████▊   | 111/164 [00:37\u003c00:17,  3.02it/s, loss=0.7573, acc=0.9628]\r[label_smooth] Stage2 Epoch 74/75:  68%|██████▊   | 111/164 [00:37\u003c00:17,  3.02it/s, loss=0.7580, acc=0.9623]\n"}
,{"stream_name":"stderr","time":5346.142476251,"data":"\r[label_smooth] Stage2 Epoch 74/75:  68%|██████▊   | 111/164 [00:37\u003c00:17,  3.02it/s, loss=0.7580, acc=0.9623]\r[label_smooth] Stage2 Epoch 74/75:  68%|██████▊   | 112/164 [00:37\u003c00:17,  3.03it/s, loss=0.7580, acc=0.9623]\n"}
,{"stream_name":"stderr","time":5346.471161173,"data":"\r[label_smooth] Stage2 Epoch 74/75:  68%|██████▊   | 112/164 [00:37\u003c00:17,  3.03it/s, loss=0.7580, acc=0.9623]\r[label_smooth] Stage2 Epoch 74/75:  68%|██████▊   | 112/164 [00:38\u003c00:17,  3.03it/s, loss=0.7578, acc=0.9624]\n"}
,{"stream_name":"stderr","time":5346.472554261,"data":"\r[label_smooth] Stage2 Epoch 74/75:  68%|██████▊   | 112/164 [00:38\u003c00:17,  3.03it/s, loss=0.7578, acc=0.9624]\r[label_smooth] Stage2 Epoch 74/75:  69%|██████▉   | 113/164 [00:38\u003c00:16,  3.03it/s, loss=0.7578, acc=0.9624]\n"}
,{"stream_name":"stderr","time":5346.801967043,"data":"\r[label_smooth] Stage2 Epoch 74/75:  69%|██████▉   | 113/164 [00:38\u003c00:16,  3.03it/s, loss=0.7578, acc=0.9624]\r[label_smooth] Stage2 Epoch 74/75:  69%|██████▉   | 113/164 [00:38\u003c00:16,  3.03it/s, loss=0.7576, acc=0.9624]\n"}
,{"stream_name":"stderr","time":5346.803639306,"data":"\r[label_smooth] Stage2 Epoch 74/75:  69%|██████▉   | 113/164 [00:38\u003c00:16,  3.03it/s, loss=0.7576, acc=0.9624]\r[label_smooth] Stage2 Epoch 74/75:  70%|██████▉   | 114/164 [00:38\u003c00:16,  3.03it/s, loss=0.7576, acc=0.9624]\n"}
,{"stream_name":"stderr","time":5347.134030261,"data":"\r[label_smooth] Stage2 Epoch 74/75:  70%|██████▉   | 114/164 [00:38\u003c00:16,  3.03it/s, loss=0.7576, acc=0.9624]\r[label_smooth] Stage2 Epoch 74/75:  70%|██████▉   | 114/164 [00:38\u003c00:16,  3.03it/s, loss=0.7581, acc=0.9622]\n"}
,{"stream_name":"stderr","time":5347.134550788,"data":"\r[label_smooth] Stage2 Epoch 74/75:  70%|██████▉   | 114/164 [00:38\u003c00:16,  3.03it/s, loss=0.7581, acc=0.9622]\r[label_smooth] Stage2 Epoch 74/75:  70%|███████   | 115/164 [00:38\u003c00:16,  3.02it/s, loss=0.7581, acc=0.9622]\n"}
,{"stream_name":"stderr","time":5347.467161905,"data":"\r[label_smooth] Stage2 Epoch 74/75:  70%|███████   | 115/164 [00:38\u003c00:16,  3.02it/s, loss=0.7581, acc=0.9622]\r[label_smooth] Stage2 Epoch 74/75:  70%|███████   | 115/164 [00:39\u003c00:16,  3.02it/s, loss=0.7588, acc=0.9617]\n"}
,{"stream_name":"stderr","time":5347.468669187,"data":"\r[label_smooth] Stage2 Epoch 74/75:  70%|███████   | 115/164 [00:39\u003c00:16,  3.02it/s, loss=0.7588, acc=0.9617]\r[label_smooth] Stage2 Epoch 74/75:  71%|███████   | 116/164 [00:39\u003c00:15,  3.02it/s, loss=0.7588, acc=0.9617]\n"}
,{"stream_name":"stderr","time":5347.79879158,"data":"\r[label_smooth] Stage2 Epoch 74/75:  71%|███████   | 116/164 [00:39\u003c00:15,  3.02it/s, loss=0.7588, acc=0.9617]\r[label_smooth] Stage2 Epoch 74/75:  71%|███████   | 116/164 [00:39\u003c00:15,  3.02it/s, loss=0.7587, acc=0.9618]\n"}
,{"stream_name":"stderr","time":5347.801911622,"data":"\r[label_smooth] Stage2 Epoch 74/75:  71%|███████   | 116/164 [00:39\u003c00:15,  3.02it/s, loss=0.7587, acc=0.9618]\r[label_smooth] Stage2 Epoch 74/75:  71%|███████▏  | 117/164 [00:39\u003c00:15,  3.02it/s, loss=0.7587, acc=0.9618]\n"}
,{"stream_name":"stderr","time":5348.131121561,"data":"\r[label_smooth] Stage2 Epoch 74/75:  71%|███████▏  | 117/164 [00:39\u003c00:15,  3.02it/s, loss=0.7587, acc=0.9618]\r[label_smooth] Stage2 Epoch 74/75:  71%|███████▏  | 117/164 [00:39\u003c00:15,  3.02it/s, loss=0.7584, acc=0.9621]\n"}
,{"stream_name":"stderr","time":5348.132568809,"data":"\r[label_smooth] Stage2 Epoch 74/75:  71%|███████▏  | 117/164 [00:39\u003c00:15,  3.02it/s, loss=0.7584, acc=0.9621]\r[label_smooth] Stage2 Epoch 74/75:  72%|███████▏  | 118/164 [00:39\u003c00:15,  3.01it/s, loss=0.7584, acc=0.9621]\n"}
,{"stream_name":"stderr","time":5348.460600423,"data":"\r[label_smooth] Stage2 Epoch 74/75:  72%|███████▏  | 118/164 [00:39\u003c00:15,  3.01it/s, loss=0.7584, acc=0.9621]\r[label_smooth] Stage2 Epoch 74/75:  72%|███████▏  | 118/164 [00:40\u003c00:15,  3.01it/s, loss=0.7583, acc=0.9622]\n"}
,{"stream_name":"stderr","time":5348.463057121,"data":"\r[label_smooth] Stage2 Epoch 74/75:  72%|███████▏  | 118/164 [00:40\u003c00:15,  3.01it/s, loss=0.7583, acc=0.9622]\r[label_smooth] Stage2 Epoch 74/75:  73%|███████▎  | 119/164 [00:40\u003c00:14,  3.01it/s, loss=0.7583, acc=0.9622]\n"}
,{"stream_name":"stderr","time":5348.792414259,"data":"\r[label_smooth] Stage2 Epoch 74/75:  73%|███████▎  | 119/164 [00:40\u003c00:14,  3.01it/s, loss=0.7583, acc=0.9622]\r[label_smooth] Stage2 Epoch 74/75:  73%|███████▎  | 119/164 [00:40\u003c00:14,  3.01it/s, loss=0.7584, acc=0.9620]\n"}
,{"stream_name":"stderr","time":5348.793516802,"data":"\r[label_smooth] Stage2 Epoch 74/75:  73%|███████▎  | 119/164 [00:40\u003c00:14,  3.01it/s, loss=0.7584, acc=0.9620]\r[label_smooth] Stage2 Epoch 74/75:  73%|███████▎  | 120/164 [00:40\u003c00:14,  3.02it/s, loss=0.7584, acc=0.9620]\n"}
,{"stream_name":"stderr","time":5349.122009891,"data":"\r[label_smooth] Stage2 Epoch 74/75:  73%|███████▎  | 120/164 [00:40\u003c00:14,  3.02it/s, loss=0.7584, acc=0.9620]\r[label_smooth] Stage2 Epoch 74/75:  73%|███████▎  | 120/164 [00:40\u003c00:14,  3.02it/s, loss=0.7581, acc=0.9615]\n"}
,{"stream_name":"stderr","time":5349.122927554,"data":"\r[label_smooth] Stage2 Epoch 74/75:  73%|███████▎  | 120/164 [00:40\u003c00:14,  3.02it/s, loss=0.7581, acc=0.9615]\r[label_smooth] Stage2 Epoch 74/75:  74%|███████▍  | 121/164 [00:40\u003c00:14,  3.02it/s, loss=0.7581, acc=0.9615]\n"}
,{"stream_name":"stderr","time":5349.453282973,"data":"\r[label_smooth] Stage2 Epoch 74/75:  74%|███████▍  | 121/164 [00:40\u003c00:14,  3.02it/s, loss=0.7581, acc=0.9615]\r[label_smooth] Stage2 Epoch 74/75:  74%|███████▍  | 121/164 [00:41\u003c00:14,  3.02it/s, loss=0.7584, acc=0.9613]\n"}
,{"stream_name":"stderr","time":5349.454260496,"data":"\r[label_smooth] Stage2 Epoch 74/75:  74%|███████▍  | 121/164 [00:41\u003c00:14,  3.02it/s, loss=0.7584, acc=0.9613]\r[label_smooth] Stage2 Epoch 74/75:  74%|███████▍  | 122/164 [00:41\u003c00:13,  3.02it/s, loss=0.7584, acc=0.9613]\n"}
,{"stream_name":"stderr","time":5349.783349854,"data":"\r[label_smooth] Stage2 Epoch 74/75:  74%|███████▍  | 122/164 [00:41\u003c00:13,  3.02it/s, loss=0.7584, acc=0.9613]\r[label_smooth] Stage2 Epoch 74/75:  74%|███████▍  | 122/164 [00:41\u003c00:13,  3.02it/s, loss=0.7577, acc=0.9616]\n"}
,{"stream_name":"stderr","time":5349.790260804,"data":"\r[label_smooth] Stage2 Epoch 74/75:  74%|███████▍  | 122/164 [00:41\u003c00:13,  3.02it/s, loss=0.7577, acc=0.9616]\r[label_smooth] Stage2 Epoch 74/75:  75%|███████▌  | 123/164 [00:41\u003c00:13,  3.03it/s, loss=0.7577, acc=0.9616]\n"}
,{"stream_name":"stderr","time":5350.112930916,"data":"\r[label_smooth] Stage2 Epoch 74/75:  75%|███████▌  | 123/164 [00:41\u003c00:13,  3.03it/s, loss=0.7577, acc=0.9616]\r[label_smooth] Stage2 Epoch 74/75:  75%|███████▌  | 123/164 [00:41\u003c00:13,  3.03it/s, loss=0.7581, acc=0.9614]\n"}
,{"stream_name":"stderr","time":5350.113751712,"data":"\r[label_smooth] Stage2 Epoch 74/75:  75%|███████▌  | 123/164 [00:41\u003c00:13,  3.03it/s, loss=0.7581, acc=0.9614]\r[label_smooth] Stage2 Epoch 74/75:  76%|███████▌  | 124/164 [00:41\u003c00:13,  3.03it/s, loss=0.7581, acc=0.9614]\n"}
,{"stream_name":"stderr","time":5350.439885174,"data":"\r[label_smooth] Stage2 Epoch 74/75:  76%|███████▌  | 124/164 [00:41\u003c00:13,  3.03it/s, loss=0.7581, acc=0.9614]\r[label_smooth] Stage2 Epoch 74/75:  76%|███████▌  | 124/164 [00:41\u003c00:13,  3.03it/s, loss=0.7587, acc=0.9613]\n"}
,{"stream_name":"stderr","time":5350.441077693,"data":"\r[label_smooth] Stage2 Epoch 74/75:  76%|███████▌  | 124/164 [00:41\u003c00:13,  3.03it/s, loss=0.7587, acc=0.9613]\r[label_smooth] Stage2 Epoch 74/75:  76%|███████▌  | 125/164 [00:41\u003c00:12,  3.04it/s, loss=0.7587, acc=0.9613]\n"}
,{"stream_name":"stderr","time":5350.769100156,"data":"\r[label_smooth] Stage2 Epoch 74/75:  76%|███████▌  | 125/164 [00:41\u003c00:12,  3.04it/s, loss=0.7587, acc=0.9613]\r[label_smooth] Stage2 Epoch 74/75:  76%|███████▌  | 125/164 [00:42\u003c00:12,  3.04it/s, loss=0.7592, acc=0.9613]\n"}
,{"stream_name":"stderr","time":5350.769886401,"data":"\r[label_smooth] Stage2 Epoch 74/75:  76%|███████▌  | 125/164 [00:42\u003c00:12,  3.04it/s, loss=0.7592, acc=0.9613]\r[label_smooth] Stage2 Epoch 74/75:  77%|███████▋  | 126/164 [00:42\u003c00:12,  3.04it/s, loss=0.7592, acc=0.9613]\n"}
,{"stream_name":"stderr","time":5351.104418459,"data":"\r[label_smooth] Stage2 Epoch 74/75:  77%|███████▋  | 126/164 [00:42\u003c00:12,  3.04it/s, loss=0.7592, acc=0.9613]\r[label_smooth] Stage2 Epoch 74/75:  77%|███████▋  | 126/164 [00:42\u003c00:12,  3.04it/s, loss=0.7590, acc=0.9614]\n"}
,{"stream_name":"stderr","time":5351.105549571,"data":"\r[label_smooth] Stage2 Epoch 74/75:  77%|███████▋  | 126/164 [00:42\u003c00:12,  3.04it/s, loss=0.7590, acc=0.9614]\r[label_smooth] Stage2 Epoch 74/75:  77%|███████▋  | 127/164 [00:42\u003c00:12,  3.02it/s, loss=0.7590, acc=0.9614]\n"}
,{"stream_name":"stderr","time":5351.433359767,"data":"\r[label_smooth] Stage2 Epoch 74/75:  77%|███████▋  | 127/164 [00:42\u003c00:12,  3.02it/s, loss=0.7590, acc=0.9614]\r[label_smooth] Stage2 Epoch 74/75:  77%|███████▋  | 127/164 [00:42\u003c00:12,  3.02it/s, loss=0.7587, acc=0.9617]\n"}
,{"stream_name":"stderr","time":5351.435592377,"data":"\r[label_smooth] Stage2 Epoch 74/75:  77%|███████▋  | 127/164 [00:42\u003c00:12,  3.02it/s, loss=0.7587, acc=0.9617]\r[label_smooth] Stage2 Epoch 74/75:  78%|███████▊  | 128/164 [00:42\u003c00:11,  3.03it/s, loss=0.7587, acc=0.9617]\n"}
,{"stream_name":"stderr","time":5351.765980626,"data":"\r[label_smooth] Stage2 Epoch 74/75:  78%|███████▊  | 128/164 [00:42\u003c00:11,  3.03it/s, loss=0.7587, acc=0.9617]\r[label_smooth] Stage2 Epoch 74/75:  78%|███████▊  | 128/164 [00:43\u003c00:11,  3.03it/s, loss=0.7587, acc=0.9617]\n"}
,{"stream_name":"stderr","time":5351.767000663,"data":"\r[label_smooth] Stage2 Epoch 74/75:  78%|███████▊  | 128/164 [00:43\u003c00:11,  3.03it/s, loss=0.7587, acc=0.9617]\r[label_smooth] Stage2 Epoch 74/75:  79%|███████▊  | 129/164 [00:43\u003c00:11,  3.02it/s, loss=0.7587, acc=0.9617]\n"}
,{"stream_name":"stderr","time":5352.100908088,"data":"\r[label_smooth] Stage2 Epoch 74/75:  79%|███████▊  | 129/164 [00:43\u003c00:11,  3.02it/s, loss=0.7587, acc=0.9617]\r[label_smooth] Stage2 Epoch 74/75:  79%|███████▊  | 129/164 [00:43\u003c00:11,  3.02it/s, loss=0.7582, acc=0.9620]\n"}
,{"stream_name":"stderr","time":5352.101759523,"data":"\r[label_smooth] Stage2 Epoch 74/75:  79%|███████▊  | 129/164 [00:43\u003c00:11,  3.02it/s, loss=0.7582, acc=0.9620]\r[label_smooth] Stage2 Epoch 74/75:  79%|███████▉  | 130/164 [00:43\u003c00:11,  3.01it/s, loss=0.7582, acc=0.9620]\n"}
,{"stream_name":"stderr","time":5352.430615137,"data":"\r[label_smooth] Stage2 Epoch 74/75:  79%|███████▉  | 130/164 [00:43\u003c00:11,  3.01it/s, loss=0.7582, acc=0.9620]\r[label_smooth] Stage2 Epoch 74/75:  79%|███████▉  | 130/164 [00:43\u003c00:11,  3.01it/s, loss=0.7585, acc=0.9618]\n"}
,{"stream_name":"stderr","time":5352.431786048,"data":"\r[label_smooth] Stage2 Epoch 74/75:  79%|███████▉  | 130/164 [00:43\u003c00:11,  3.01it/s, loss=0.7585, acc=0.9618]\r[label_smooth] Stage2 Epoch 74/75:  80%|███████▉  | 131/164 [00:43\u003c00:10,  3.02it/s, loss=0.7585, acc=0.9618]\n"}
,{"stream_name":"stderr","time":5352.761618223,"data":"\r[label_smooth] Stage2 Epoch 74/75:  80%|███████▉  | 131/164 [00:43\u003c00:10,  3.02it/s, loss=0.7585, acc=0.9618]\r[label_smooth] Stage2 Epoch 74/75:  80%|███████▉  | 131/164 [00:44\u003c00:10,  3.02it/s, loss=0.7587, acc=0.9619]\n"}
,{"stream_name":"stderr","time":5352.76346158,"data":"\r[label_smooth] Stage2 Epoch 74/75:  80%|███████▉  | 131/164 [00:44\u003c00:10,  3.02it/s, loss=0.7587, acc=0.9619]\r[label_smooth] Stage2 Epoch 74/75:  80%|████████  | 132/164 [00:44\u003c00:10,  3.02it/s, loss=0.7587, acc=0.9619]\n"}
,{"stream_name":"stderr","time":5353.092699152,"data":"\r[label_smooth] Stage2 Epoch 74/75:  80%|████████  | 132/164 [00:44\u003c00:10,  3.02it/s, loss=0.7587, acc=0.9619]\r[label_smooth] Stage2 Epoch 74/75:  80%|████████  | 132/164 [00:44\u003c00:10,  3.02it/s, loss=0.7587, acc=0.9619]\n"}
,{"stream_name":"stderr","time":5353.095016327,"data":"\r[label_smooth] Stage2 Epoch 74/75:  80%|████████  | 132/164 [00:44\u003c00:10,  3.02it/s, loss=0.7587, acc=0.9619]\r[label_smooth] Stage2 Epoch 74/75:  81%|████████  | 133/164 [00:44\u003c00:10,  3.02it/s, loss=0.7587, acc=0.9619]\n"}
,{"stream_name":"stderr","time":5353.425057248,"data":"\r[label_smooth] Stage2 Epoch 74/75:  81%|████████  | 133/164 [00:44\u003c00:10,  3.02it/s, loss=0.7587, acc=0.9619]\r[label_smooth] Stage2 Epoch 74/75:  81%|████████  | 133/164 [00:44\u003c00:10,  3.02it/s, loss=0.7582, acc=0.9622]\n"}
,{"stream_name":"stderr","time":5353.42608696,"data":"\r[label_smooth] Stage2 Epoch 74/75:  81%|████████  | 133/164 [00:44\u003c00:10,  3.02it/s, loss=0.7582, acc=0.9622]\r[label_smooth] Stage2 Epoch 74/75:  82%|████████▏ | 134/164 [00:44\u003c00:09,  3.01it/s, loss=0.7582, acc=0.9622]\n"}
,{"stream_name":"stderr","time":5353.756833785,"data":"\r[label_smooth] Stage2 Epoch 74/75:  82%|████████▏ | 134/164 [00:44\u003c00:09,  3.01it/s, loss=0.7582, acc=0.9622]\r[label_smooth] Stage2 Epoch 74/75:  82%|████████▏ | 134/164 [00:45\u003c00:09,  3.01it/s, loss=0.7583, acc=0.9623]\n"}
,{"stream_name":"stderr","time":5353.761673637,"data":"\r[label_smooth] Stage2 Epoch 74/75:  82%|████████▏ | 134/164 [00:45\u003c00:09,  3.01it/s, loss=0.7583, acc=0.9623]\r[label_smooth] Stage2 Epoch 74/75:  82%|████████▏ | 135/164 [00:45\u003c00:09,  3.02it/s, loss=0.7583, acc=0.9623]\n"}
,{"stream_name":"stderr","time":5354.081522899,"data":"\r[label_smooth] Stage2 Epoch 74/75:  82%|████████▏ | 135/164 [00:45\u003c00:09,  3.02it/s, loss=0.7583, acc=0.9623]\r[label_smooth] Stage2 Epoch 74/75:  82%|████████▏ | 135/164 [00:45\u003c00:09,  3.02it/s, loss=0.7581, acc=0.9623]\n"}
,{"stream_name":"stderr","time":5354.082448651,"data":"\r[label_smooth] Stage2 Epoch 74/75:  82%|████████▏ | 135/164 [00:45\u003c00:09,  3.02it/s, loss=0.7581, acc=0.9623]\r[label_smooth] Stage2 Epoch 74/75:  83%|████████▎ | 136/164 [00:45\u003c00:09,  3.03it/s, loss=0.7581, acc=0.9623]\n"}
,{"stream_name":"stderr","time":5354.411264073,"data":"\r[label_smooth] Stage2 Epoch 74/75:  83%|████████▎ | 136/164 [00:45\u003c00:09,  3.03it/s, loss=0.7581, acc=0.9623]\r[label_smooth] Stage2 Epoch 74/75:  83%|████████▎ | 136/164 [00:45\u003c00:09,  3.03it/s, loss=0.7581, acc=0.9624]\n"}
,{"stream_name":"stderr","time":5354.412439421,"data":"\r[label_smooth] Stage2 Epoch 74/75:  83%|████████▎ | 136/164 [00:45\u003c00:09,  3.03it/s, loss=0.7581, acc=0.9624]\r[label_smooth] Stage2 Epoch 74/75:  84%|████████▎ | 137/164 [00:45\u003c00:08,  3.03it/s, loss=0.7581, acc=0.9624]\n"}
,{"stream_name":"stderr","time":5354.739223223,"data":"\r[label_smooth] Stage2 Epoch 74/75:  84%|████████▎ | 137/164 [00:45\u003c00:08,  3.03it/s, loss=0.7581, acc=0.9624]\r[label_smooth] Stage2 Epoch 74/75:  84%|████████▎ | 137/164 [00:46\u003c00:08,  3.03it/s, loss=0.7587, acc=0.9620]\n"}
,{"stream_name":"stderr","time":5354.740206896,"data":"\r[label_smooth] Stage2 Epoch 74/75:  84%|████████▎ | 137/164 [00:46\u003c00:08,  3.03it/s, loss=0.7587, acc=0.9620]\r[label_smooth] Stage2 Epoch 74/75:  84%|████████▍ | 138/164 [00:46\u003c00:08,  3.04it/s, loss=0.7587, acc=0.9620]\n"}
,{"stream_name":"stderr","time":5355.067756512,"data":"\r[label_smooth] Stage2 Epoch 74/75:  84%|████████▍ | 138/164 [00:46\u003c00:08,  3.04it/s, loss=0.7587, acc=0.9620]\r[label_smooth] Stage2 Epoch 74/75:  84%|████████▍ | 138/164 [00:46\u003c00:08,  3.04it/s, loss=0.7584, acc=0.9622]\n"}
,{"stream_name":"stderr","time":5355.068818317,"data":"\r[label_smooth] Stage2 Epoch 74/75:  84%|████████▍ | 138/164 [00:46\u003c00:08,  3.04it/s, loss=0.7584, acc=0.9622]\r[label_smooth] Stage2 Epoch 74/75:  85%|████████▍ | 139/164 [00:46\u003c00:08,  3.04it/s, loss=0.7584, acc=0.9622]\n"}
,{"stream_name":"stderr","time":5355.399150657,"data":"\r[label_smooth] Stage2 Epoch 74/75:  85%|████████▍ | 139/164 [00:46\u003c00:08,  3.04it/s, loss=0.7584, acc=0.9622]\r[label_smooth] Stage2 Epoch 74/75:  85%|████████▍ | 139/164 [00:46\u003c00:08,  3.04it/s, loss=0.7580, acc=0.9625]\n"}
,{"stream_name":"stderr","time":5355.400373468,"data":"\r[label_smooth] Stage2 Epoch 74/75:  85%|████████▍ | 139/164 [00:46\u003c00:08,  3.04it/s, loss=0.7580, acc=0.9625]\r[label_smooth] Stage2 Epoch 74/75:  85%|████████▌ | 140/164 [00:46\u003c00:07,  3.03it/s, loss=0.7580, acc=0.9625]\n"}
,{"stream_name":"stderr","time":5355.732354545,"data":"\r[label_smooth] Stage2 Epoch 74/75:  85%|████████▌ | 140/164 [00:46\u003c00:07,  3.03it/s, loss=0.7580, acc=0.9625]\r[label_smooth] Stage2 Epoch 74/75:  85%|████████▌ | 140/164 [00:47\u003c00:07,  3.03it/s, loss=0.7581, acc=0.9625]\n"}
,{"stream_name":"stderr","time":5355.735425751,"data":"\r[label_smooth] Stage2 Epoch 74/75:  85%|████████▌ | 140/164 [00:47\u003c00:07,  3.03it/s, loss=0.7581, acc=0.9625]\r[label_smooth] Stage2 Epoch 74/75:  86%|████████▌ | 141/164 [00:47\u003c00:07,  3.03it/s, loss=0.7581, acc=0.9625]\n"}
,{"stream_name":"stderr","time":5356.067529561,"data":"\r[label_smooth] Stage2 Epoch 74/75:  86%|████████▌ | 141/164 [00:47\u003c00:07,  3.03it/s, loss=0.7581, acc=0.9625]\r[label_smooth] Stage2 Epoch 74/75:  86%|████████▌ | 141/164 [00:47\u003c00:07,  3.03it/s, loss=0.7577, acc=0.9628]\n"}
,{"stream_name":"stderr","time":5356.068441149,"data":"\r[label_smooth] Stage2 Epoch 74/75:  86%|████████▌ | 141/164 [00:47\u003c00:07,  3.03it/s, loss=0.7577, acc=0.9628]\r[label_smooth] Stage2 Epoch 74/75:  87%|████████▋ | 142/164 [00:47\u003c00:07,  3.01it/s, loss=0.7577, acc=0.9628]\n"}
,{"stream_name":"stderr","time":5356.398868513,"data":"\r[label_smooth] Stage2 Epoch 74/75:  87%|████████▋ | 142/164 [00:47\u003c00:07,  3.01it/s, loss=0.7577, acc=0.9628]\r[label_smooth] Stage2 Epoch 74/75:  87%|████████▋ | 142/164 [00:47\u003c00:07,  3.01it/s, loss=0.7579, acc=0.9628]\n"}
,{"stream_name":"stderr","time":5356.399788648,"data":"\r[label_smooth] Stage2 Epoch 74/75:  87%|████████▋ | 142/164 [00:47\u003c00:07,  3.01it/s, loss=0.7579, acc=0.9628]\r[label_smooth] Stage2 Epoch 74/75:  87%|████████▋ | 143/164 [00:47\u003c00:06,  3.01it/s, loss=0.7579, acc=0.9628]\n"}
,{"stream_name":"stderr","time":5356.725794024,"data":"\r[label_smooth] Stage2 Epoch 74/75:  87%|████████▋ | 143/164 [00:47\u003c00:06,  3.01it/s, loss=0.7579, acc=0.9628]\r[label_smooth] Stage2 Epoch 74/75:  87%|████████▋ | 143/164 [00:48\u003c00:06,  3.01it/s, loss=0.7573, acc=0.9631]\n"}
,{"stream_name":"stderr","time":5356.726683616,"data":"\r[label_smooth] Stage2 Epoch 74/75:  87%|████████▋ | 143/164 [00:48\u003c00:06,  3.01it/s, loss=0.7573, acc=0.9631]\r[label_smooth] Stage2 Epoch 74/75:  88%|████████▊ | 144/164 [00:48\u003c00:06,  3.02it/s, loss=0.7573, acc=0.9631]\n"}
,{"stream_name":"stderr","time":5357.0558957,"data":"\r[label_smooth] Stage2 Epoch 74/75:  88%|████████▊ | 144/164 [00:48\u003c00:06,  3.02it/s, loss=0.7573, acc=0.9631]\r[label_smooth] Stage2 Epoch 74/75:  88%|████████▊ | 144/164 [00:48\u003c00:06,  3.02it/s, loss=0.7578, acc=0.9629]\n"}
,{"stream_name":"stderr","time":5357.056602658,"data":"\r[label_smooth] Stage2 Epoch 74/75:  88%|████████▊ | 144/164 [00:48\u003c00:06,  3.02it/s, loss=0.7578, acc=0.9629]\r[label_smooth] Stage2 Epoch 74/75:  88%|████████▊ | 145/164 [00:48\u003c00:06,  3.03it/s, loss=0.7578, acc=0.9629]\n"}
,{"stream_name":"stderr","time":5357.387130397,"data":"\r[label_smooth] Stage2 Epoch 74/75:  88%|████████▊ | 145/164 [00:48\u003c00:06,  3.03it/s, loss=0.7578, acc=0.9629]\r[label_smooth] Stage2 Epoch 74/75:  88%|████████▊ | 145/164 [00:48\u003c00:06,  3.03it/s, loss=0.7580, acc=0.9625]\n"}
,{"stream_name":"stderr","time":5357.388516048,"data":"\r[label_smooth] Stage2 Epoch 74/75:  88%|████████▊ | 145/164 [00:48\u003c00:06,  3.03it/s, loss=0.7580, acc=0.9625]\r[label_smooth] Stage2 Epoch 74/75:  89%|████████▉ | 146/164 [00:48\u003c00:05,  3.03it/s, loss=0.7580, acc=0.9625]\n"}
,{"stream_name":"stderr","time":5357.717600066,"data":"\r[label_smooth] Stage2 Epoch 74/75:  89%|████████▉ | 146/164 [00:48\u003c00:05,  3.03it/s, loss=0.7580, acc=0.9625]\r[label_smooth] Stage2 Epoch 74/75:  89%|████████▉ | 146/164 [00:49\u003c00:05,  3.03it/s, loss=0.7580, acc=0.9628]\n"}
,{"stream_name":"stderr","time":5357.718745813,"data":"\r[label_smooth] Stage2 Epoch 74/75:  89%|████████▉ | 146/164 [00:49\u003c00:05,  3.03it/s, loss=0.7580, acc=0.9628]\r[label_smooth] Stage2 Epoch 74/75:  90%|████████▉ | 147/164 [00:49\u003c00:05,  3.02it/s, loss=0.7580, acc=0.9628]\n"}
,{"stream_name":"stderr","time":5358.048971112,"data":"\r[label_smooth] Stage2 Epoch 74/75:  90%|████████▉ | 147/164 [00:49\u003c00:05,  3.02it/s, loss=0.7580, acc=0.9628]\r[label_smooth] Stage2 Epoch 74/75:  90%|████████▉ | 147/164 [00:49\u003c00:05,  3.02it/s, loss=0.7583, acc=0.9628]\n"}
,{"stream_name":"stderr","time":5358.05001578,"data":"\r[label_smooth] Stage2 Epoch 74/75:  90%|████████▉ | 147/164 [00:49\u003c00:05,  3.02it/s, loss=0.7583, acc=0.9628]\r[label_smooth] Stage2 Epoch 74/75:  90%|█████████ | 148/164 [00:49\u003c00:05,  3.02it/s, loss=0.7583, acc=0.9628]\n"}
,{"stream_name":"stderr","time":5358.382312968,"data":"\r[label_smooth] Stage2 Epoch 74/75:  90%|█████████ | 148/164 [00:49\u003c00:05,  3.02it/s, loss=0.7583, acc=0.9628]\r[label_smooth] Stage2 Epoch 74/75:  90%|█████████ | 148/164 [00:49\u003c00:05,  3.02it/s, loss=0.7578, acc=0.9631]\n"}
,{"stream_name":"stderr","time":5358.383295382,"data":"\r[label_smooth] Stage2 Epoch 74/75:  90%|█████████ | 148/164 [00:49\u003c00:05,  3.02it/s, loss=0.7578, acc=0.9631]\r[label_smooth] Stage2 Epoch 74/75:  91%|█████████ | 149/164 [00:49\u003c00:04,  3.02it/s, loss=0.7578, acc=0.9631]\n"}
,{"stream_name":"stderr","time":5358.71034197,"data":"\r[label_smooth] Stage2 Epoch 74/75:  91%|█████████ | 149/164 [00:49\u003c00:04,  3.02it/s, loss=0.7578, acc=0.9631]\r[label_smooth] Stage2 Epoch 74/75:  91%|█████████ | 149/164 [00:50\u003c00:04,  3.02it/s, loss=0.7578, acc=0.9629]\n"}
,{"stream_name":"stderr","time":5358.711468189,"data":"\r[label_smooth] Stage2 Epoch 74/75:  91%|█████████ | 149/164 [00:50\u003c00:04,  3.02it/s, loss=0.7578, acc=0.9629]\r[label_smooth] Stage2 Epoch 74/75:  91%|█████████▏| 150/164 [00:50\u003c00:04,  3.02it/s, loss=0.7578, acc=0.9629]\n"}
,{"stream_name":"stderr","time":5359.041882736,"data":"\r[label_smooth] Stage2 Epoch 74/75:  91%|█████████▏| 150/164 [00:50\u003c00:04,  3.02it/s, loss=0.7578, acc=0.9629]\r[label_smooth] Stage2 Epoch 74/75:  91%|█████████▏| 150/164 [00:50\u003c00:04,  3.02it/s, loss=0.7573, acc=0.9632]\n"}
,{"stream_name":"stderr","time":5359.043913355,"data":"\r[label_smooth] Stage2 Epoch 74/75:  91%|█████████▏| 150/164 [00:50\u003c00:04,  3.02it/s, loss=0.7573, acc=0.9632]\r[label_smooth] Stage2 Epoch 74/75:  92%|█████████▏| 151/164 [00:50\u003c00:04,  3.03it/s, loss=0.7573, acc=0.9632]\n"}
,{"stream_name":"stderr","time":5359.371598401,"data":"\r[label_smooth] Stage2 Epoch 74/75:  92%|█████████▏| 151/164 [00:50\u003c00:04,  3.03it/s, loss=0.7573, acc=0.9632]\r[label_smooth] Stage2 Epoch 74/75:  92%|█████████▏| 151/164 [00:50\u003c00:04,  3.03it/s, loss=0.7569, acc=0.9634]\n"}
,{"stream_name":"stderr","time":5359.372928718,"data":"\r[label_smooth] Stage2 Epoch 74/75:  92%|█████████▏| 151/164 [00:50\u003c00:04,  3.03it/s, loss=0.7569, acc=0.9634]\r[label_smooth] Stage2 Epoch 74/75:  93%|█████████▎| 152/164 [00:50\u003c00:03,  3.03it/s, loss=0.7569, acc=0.9634]\n"}
,{"stream_name":"stderr","time":5359.701975616,"data":"\r[label_smooth] Stage2 Epoch 74/75:  93%|█████████▎| 152/164 [00:50\u003c00:03,  3.03it/s, loss=0.7569, acc=0.9634]\r[label_smooth] Stage2 Epoch 74/75:  93%|█████████▎| 152/164 [00:51\u003c00:03,  3.03it/s, loss=0.7572, acc=0.9632]\n"}
,{"stream_name":"stderr","time":5359.703278461,"data":"\r[label_smooth] Stage2 Epoch 74/75:  93%|█████████▎| 152/164 [00:51\u003c00:03,  3.03it/s, loss=0.7572, acc=0.9632]\r[label_smooth] Stage2 Epoch 74/75:  93%|█████████▎| 153/164 [00:51\u003c00:03,  3.03it/s, loss=0.7572, acc=0.9632]\n"}
,{"stream_name":"stderr","time":5360.033662825,"data":"\r[label_smooth] Stage2 Epoch 74/75:  93%|█████████▎| 153/164 [00:51\u003c00:03,  3.03it/s, loss=0.7572, acc=0.9632]\r[label_smooth] Stage2 Epoch 74/75:  93%|█████████▎| 153/164 [00:51\u003c00:03,  3.03it/s, loss=0.7576, acc=0.9631]\n"}
,{"stream_name":"stderr","time":5360.036623646,"data":"\r[label_smooth] Stage2 Epoch 74/75:  93%|█████████▎| 153/164 [00:51\u003c00:03,  3.03it/s, loss=0.7576, acc=0.9631]\r[label_smooth] Stage2 Epoch 74/75:  94%|█████████▍| 154/164 [00:51\u003c00:03,  3.02it/s, loss=0.7576, acc=0.9631]\n"}
,{"stream_name":"stderr","time":5360.366821782,"data":"\r[label_smooth] Stage2 Epoch 74/75:  94%|█████████▍| 154/164 [00:51\u003c00:03,  3.02it/s, loss=0.7576, acc=0.9631]\r[label_smooth] Stage2 Epoch 74/75:  94%|█████████▍| 154/164 [00:51\u003c00:03,  3.02it/s, loss=0.7582, acc=0.9629]\n"}
,{"stream_name":"stderr","time":5360.369814936,"data":"\r[label_smooth] Stage2 Epoch 74/75:  94%|█████████▍| 154/164 [00:51\u003c00:03,  3.02it/s, loss=0.7582, acc=0.9629]\r[label_smooth] Stage2 Epoch 74/75:  95%|█████████▍| 155/164 [00:51\u003c00:02,  3.02it/s, loss=0.7582, acc=0.9629]\n"}
,{"stream_name":"stderr","time":5360.700959553,"data":"\r[label_smooth] Stage2 Epoch 74/75:  95%|█████████▍| 155/164 [00:51\u003c00:02,  3.02it/s, loss=0.7582, acc=0.9629]\r[label_smooth] Stage2 Epoch 74/75:  95%|█████████▍| 155/164 [00:52\u003c00:02,  3.02it/s, loss=0.7581, acc=0.9627]\n"}
,{"stream_name":"stderr","time":5360.702119369,"data":"\r[label_smooth] Stage2 Epoch 74/75:  95%|█████████▍| 155/164 [00:52\u003c00:02,  3.02it/s, loss=0.7581, acc=0.9627]\r[label_smooth] Stage2 Epoch 74/75:  95%|█████████▌| 156/164 [00:52\u003c00:02,  3.01it/s, loss=0.7581, acc=0.9627]\n"}
,{"stream_name":"stderr","time":5361.03053475,"data":"\r[label_smooth] Stage2 Epoch 74/75:  95%|█████████▌| 156/164 [00:52\u003c00:02,  3.01it/s, loss=0.7581, acc=0.9627]\r[label_smooth] Stage2 Epoch 74/75:  95%|█████████▌| 156/164 [00:52\u003c00:02,  3.01it/s, loss=0.7578, acc=0.9630]\n"}
,{"stream_name":"stderr","time":5361.031726094,"data":"\r[label_smooth] Stage2 Epoch 74/75:  95%|█████████▌| 156/164 [00:52\u003c00:02,  3.01it/s, loss=0.7578, acc=0.9630]\r[label_smooth] Stage2 Epoch 74/75:  96%|█████████▌| 157/164 [00:52\u003c00:02,  3.02it/s, loss=0.7578, acc=0.9630]\n"}
,{"stream_name":"stderr","time":5361.359164687,"data":"\r[label_smooth] Stage2 Epoch 74/75:  96%|█████████▌| 157/164 [00:52\u003c00:02,  3.02it/s, loss=0.7578, acc=0.9630]\r[label_smooth] Stage2 Epoch 74/75:  96%|█████████▌| 157/164 [00:52\u003c00:02,  3.02it/s, loss=0.7580, acc=0.9630]\n"}
,{"stream_name":"stderr","time":5361.360231267,"data":"\r[label_smooth] Stage2 Epoch 74/75:  96%|█████████▌| 157/164 [00:52\u003c00:02,  3.02it/s, loss=0.7580, acc=0.9630]\r[label_smooth] Stage2 Epoch 74/75:  96%|█████████▋| 158/164 [00:52\u003c00:01,  3.02it/s, loss=0.7580, acc=0.9630]\n"}
,{"stream_name":"stderr","time":5361.686870098,"data":"\r[label_smooth] Stage2 Epoch 74/75:  96%|█████████▋| 158/164 [00:52\u003c00:01,  3.02it/s, loss=0.7580, acc=0.9630]\r[label_smooth] Stage2 Epoch 74/75:  96%|█████████▋| 158/164 [00:53\u003c00:01,  3.02it/s, loss=0.7589, acc=0.9625]\n"}
,{"stream_name":"stderr","time":5361.688008424,"data":"\r[label_smooth] Stage2 Epoch 74/75:  96%|█████████▋| 158/164 [00:53\u003c00:01,  3.02it/s, loss=0.7589, acc=0.9625]\r[label_smooth] Stage2 Epoch 74/75:  97%|█████████▋| 159/164 [00:53\u003c00:01,  3.03it/s, loss=0.7589, acc=0.9625]\n"}
,{"stream_name":"stderr","time":5362.015270707,"data":"\r[label_smooth] Stage2 Epoch 74/75:  97%|█████████▋| 159/164 [00:53\u003c00:01,  3.03it/s, loss=0.7589, acc=0.9625]\r[label_smooth] Stage2 Epoch 74/75:  97%|█████████▋| 159/164 [00:53\u003c00:01,  3.03it/s, loss=0.7584, acc=0.9627]\n"}
,{"stream_name":"stderr","time":5362.0198171,"data":"\r[label_smooth] Stage2 Epoch 74/75:  97%|█████████▋| 159/164 [00:53\u003c00:01,  3.03it/s, loss=0.7584, acc=0.9627]\r[label_smooth] Stage2 Epoch 74/75:  98%|█████████▊| 160/164 [00:53\u003c00:01,  3.04it/s, loss=0.7584, acc=0.9627]\n"}
,{"stream_name":"stderr","time":5362.340473631,"data":"\r[label_smooth] Stage2 Epoch 74/75:  98%|█████████▊| 160/164 [00:53\u003c00:01,  3.04it/s, loss=0.7584, acc=0.9627]\r[label_smooth] Stage2 Epoch 74/75:  98%|█████████▊| 160/164 [00:53\u003c00:01,  3.04it/s, loss=0.7588, acc=0.9627]\n"}
,{"stream_name":"stderr","time":5362.345207769,"data":"\r[label_smooth] Stage2 Epoch 74/75:  98%|█████████▊| 160/164 [00:53\u003c00:01,  3.04it/s, loss=0.7588, acc=0.9627]\r[label_smooth] Stage2 Epoch 74/75:  98%|█████████▊| 161/164 [00:53\u003c00:00,  3.05it/s, loss=0.7588, acc=0.9627]\n"}
,{"stream_name":"stderr","time":5362.666569863,"data":"\r[label_smooth] Stage2 Epoch 74/75:  98%|█████████▊| 161/164 [00:53\u003c00:00,  3.05it/s, loss=0.7588, acc=0.9627]\r[label_smooth] Stage2 Epoch 74/75:  98%|█████████▊| 161/164 [00:54\u003c00:00,  3.05it/s, loss=0.7594, acc=0.9626]\n"}
,{"stream_name":"stderr","time":5362.667378758,"data":"\r[label_smooth] Stage2 Epoch 74/75:  98%|█████████▊| 161/164 [00:54\u003c00:00,  3.05it/s, loss=0.7594, acc=0.9626]\r[label_smooth] Stage2 Epoch 74/75:  99%|█████████▉| 162/164 [00:54\u003c00:00,  3.05it/s, loss=0.7594, acc=0.9626]\n"}
,{"stream_name":"stderr","time":5362.994725453,"data":"\r[label_smooth] Stage2 Epoch 74/75:  99%|█████████▉| 162/164 [00:54\u003c00:00,  3.05it/s, loss=0.7594, acc=0.9626]\r[label_smooth] Stage2 Epoch 74/75:  99%|█████████▉| 162/164 [00:54\u003c00:00,  3.05it/s, loss=0.7600, acc=0.9624]\n"}
,{"stream_name":"stderr","time":5362.995777136,"data":"\r[label_smooth] Stage2 Epoch 74/75:  99%|█████████▉| 162/164 [00:54\u003c00:00,  3.05it/s, loss=0.7600, acc=0.9624]\r[label_smooth] Stage2 Epoch 74/75:  99%|█████████▉| 163/164 [00:54\u003c00:00,  3.05it/s, loss=0.7600, acc=0.9624]\n"}
,{"stream_name":"stderr","time":5363.312439184,"data":"\r[label_smooth] Stage2 Epoch 74/75:  99%|█████████▉| 163/164 [00:54\u003c00:00,  3.05it/s, loss=0.7600, acc=0.9624]\r[label_smooth] Stage2 Epoch 74/75:  99%|█████████▉| 163/164 [00:54\u003c00:00,  3.05it/s, loss=0.7597, acc=0.9625]\n"}
,{"stream_name":"stderr","time":5363.315548628,"data":"\r[label_smooth] Stage2 Epoch 74/75:  99%|█████████▉| 163/164 [00:54\u003c00:00,  3.05it/s, loss=0.7597, acc=0.9625]\r[label_smooth] Stage2 Epoch 74/75: 100%|██████████| 164/164 [00:54\u003c00:00,  3.08it/s, loss=0.7597, acc=0.9625]\n"}
,{"stream_name":"stderr","time":5363.38293781,"data":"\r[label_smooth] Stage2 Epoch 74/75: 100%|██████████| 164/164 [00:54\u003c00:00,  3.08it/s, loss=0.7597, acc=0.9625]\r[label_smooth] Stage2 Epoch 74/75: 100%|██████████| 164/164 [00:54\u003c00:00,  2.99it/s, loss=0.7597, acc=0.9625]\n"}
,{"stream_name":"stderr","time":5363.403625418,"data":"\r[label_smooth] Stage2 Epoch 74/75: 100%|██████████| 164/164 [00:54\u003c00:00,  2.99it/s, loss=0.7597, acc=0.9625]\n"}
,{"stream_name":"stderr","time":5363.403654674,"data":"\n"}
,{"stream_name":"stderr","time":5363.403660378,"data":"\n"}
,{"stream_name":"stdout","time":5370.762400558,"data":"  Val Loss: 0.9851 | Val Acc: 0.8803 | Val Macro-F1: 0.7817\n"}
,{"stream_name":"stderr","time":5370.764266087,"data":"\r[label_smooth] Stage2 Epoch 75/75:   0%|          | 0/164 [00:00\u003c?, ?it/s]\n"}
,{"stream_name":"stderr","time":5370.765692195,"data":"\r[label_smooth] Stage2 Epoch 75/75:   0%|          | 0/164 [00:00\u003c?, ?it/s]\r[label_smooth] Stage2 Epoch 75/75:   0%|          | 0/164 [00:01\u003c?, ?it/s, loss=0.8234, acc=0.9688]\n"}
,{"stream_name":"stderr","time":5370.767011609,"data":"\r[label_smooth] Stage2 Epoch 75/75:   0%|          | 0/164 [00:01\u003c?, ?it/s, loss=0.8234, acc=0.9688]\r[label_smooth] Stage2 Epoch 75/75:   1%|          | 1/164 [00:01\u003c03:34,  1.32s/it, loss=0.8234, acc=0.9688]\n"}
,{"stream_name":"stderr","time":5370.768276704,"data":"\r[label_smooth] Stage2 Epoch 75/75:   1%|          | 1/164 [00:01\u003c03:34,  1.32s/it, loss=0.8234, acc=0.9688]\r[label_smooth] Stage2 Epoch 75/75:   1%|          | 1/164 [00:01\u003c03:34,  1.32s/it, loss=0.7634, acc=0.9688]\n"}
,{"stream_name":"stderr","time":5370.769591547,"data":"\r[label_smooth] Stage2 Epoch 75/75:   1%|          | 1/164 [00:01\u003c03:34,  1.32s/it, loss=0.7634, acc=0.9688]\r[label_smooth] Stage2 Epoch 75/75:   1%|          | 2/164 [00:01\u003c02:04,  1.30it/s, loss=0.7634, acc=0.9688]\n"}
,{"stream_name":"stderr","time":5370.770846386,"data":"\r[label_smooth] Stage2 Epoch 75/75:   1%|          | 2/164 [00:01\u003c02:04,  1.30it/s, loss=0.7634, acc=0.9688]\r[label_smooth] Stage2 Epoch 75/75:   1%|          | 2/164 [00:02\u003c02:04,  1.30it/s, loss=0.7823, acc=0.9583]\n"}
,{"stream_name":"stderr","time":5370.77229368,"data":"\r[label_smooth] Stage2 Epoch 75/75:   1%|          | 2/164 [00:02\u003c02:04,  1.30it/s, loss=0.7823, acc=0.9583]\r[label_smooth] Stage2 Epoch 75/75:   2%|▏         | 3/164 [00:02\u003c01:31,  1.76it/s, loss=0.7823, acc=0.9583]\n"}
,{"stream_name":"stderr","time":5370.773372995,"data":"\r[label_smooth] Stage2 Epoch 75/75:   2%|▏         | 3/164 [00:02\u003c01:31,  1.76it/s, loss=0.7823, acc=0.9583]\r[label_smooth] Stage2 Epoch 75/75:   2%|▏         | 3/164 [00:02\u003c01:31,  1.76it/s, loss=0.7695, acc=0.9609]\n"}
,{"stream_name":"stderr","time":5370.774692049,"data":"\r[label_smooth] Stage2 Epoch 75/75:   2%|▏         | 3/164 [00:02\u003c01:31,  1.76it/s, loss=0.7695, acc=0.9609]\r[label_smooth] Stage2 Epoch 75/75:   2%|▏         | 4/164 [00:02\u003c01:16,  2.09it/s, loss=0.7695, acc=0.9609]\n"}
,{"stream_name":"stderr","time":5370.776012403,"data":"\r[label_smooth] Stage2 Epoch 75/75:   2%|▏         | 4/164 [00:02\u003c01:16,  2.09it/s, loss=0.7695, acc=0.9609]\r[label_smooth] Stage2 Epoch 75/75:   2%|▏         | 4/164 [00:02\u003c01:16,  2.09it/s, loss=0.7857, acc=0.9563]\n"}
,{"stream_name":"stderr","time":5370.777294926,"data":"\r[label_smooth] Stage2 Epoch 75/75:   2%|▏         | 4/164 [00:02\u003c01:16,  2.09it/s, loss=0.7857, acc=0.9563]\r[label_smooth] Stage2 Epoch 75/75:   3%|▎         | 5/164 [00:02\u003c01:08,  2.31it/s, loss=0.7857, acc=0.9563]\n"}
,{"stream_name":"stderr","time":5371.011048335,"data":"\r[label_smooth] Stage2 Epoch 75/75:   3%|▎         | 5/164 [00:02\u003c01:08,  2.31it/s, loss=0.7857, acc=0.9563]\r[label_smooth] Stage2 Epoch 75/75:   3%|▎         | 5/164 [00:03\u003c01:08,  2.31it/s, loss=0.7990, acc=0.9479]\n"}
,{"stream_name":"stderr","time":5371.011979584,"data":"\r[label_smooth] Stage2 Epoch 75/75:   3%|▎         | 5/164 [00:03\u003c01:08,  2.31it/s, loss=0.7990, acc=0.9479]\r[label_smooth] Stage2 Epoch 75/75:   4%|▎         | 6/164 [00:03\u003c01:02,  2.52it/s, loss=0.7990, acc=0.9479]\n"}
,{"stream_name":"stderr","time":5371.340406633,"data":"\r[label_smooth] Stage2 Epoch 75/75:   4%|▎         | 6/164 [00:03\u003c01:02,  2.52it/s, loss=0.7990, acc=0.9479]\r[label_smooth] Stage2 Epoch 75/75:   4%|▎         | 6/164 [00:03\u003c01:02,  2.52it/s, loss=0.7990, acc=0.9464]\n"}
,{"stream_name":"stderr","time":5371.341723126,"data":"\r[label_smooth] Stage2 Epoch 75/75:   4%|▎         | 6/164 [00:03\u003c01:02,  2.52it/s, loss=0.7990, acc=0.9464]\r[label_smooth] Stage2 Epoch 75/75:   4%|▍         | 7/164 [00:03\u003c00:58,  2.67it/s, loss=0.7990, acc=0.9464]\n"}
,{"stream_name":"stderr","time":5371.671094025,"data":"\r[label_smooth] Stage2 Epoch 75/75:   4%|▍         | 7/164 [00:03\u003c00:58,  2.67it/s, loss=0.7990, acc=0.9464]\r[label_smooth] Stage2 Epoch 75/75:   4%|▍         | 7/164 [00:03\u003c00:58,  2.67it/s, loss=0.7862, acc=0.9531]\n"}
,{"stream_name":"stderr","time":5371.672678858,"data":"\r[label_smooth] Stage2 Epoch 75/75:   4%|▍         | 7/164 [00:03\u003c00:58,  2.67it/s, loss=0.7862, acc=0.9531]\r[label_smooth] Stage2 Epoch 75/75:   5%|▍         | 8/164 [00:03\u003c00:56,  2.77it/s, loss=0.7862, acc=0.9531]\n"}
,{"stream_name":"stderr","time":5372.004975506,"data":"\r[label_smooth] Stage2 Epoch 75/75:   5%|▍         | 8/164 [00:03\u003c00:56,  2.77it/s, loss=0.7862, acc=0.9531]\r[label_smooth] Stage2 Epoch 75/75:   5%|▍         | 8/164 [00:04\u003c00:56,  2.77it/s, loss=0.7735, acc=0.9583]\n"}
,{"stream_name":"stderr","time":5372.013256562,"data":"\r[label_smooth] Stage2 Epoch 75/75:   5%|▍         | 8/164 [00:04\u003c00:56,  2.77it/s, loss=0.7735, acc=0.9583]\r[label_smooth] Stage2 Epoch 75/75:   5%|▌         | 9/164 [00:04\u003c00:54,  2.83it/s, loss=0.7735, acc=0.9583]\n"}
,{"stream_name":"stderr","time":5372.334821622,"data":"\r[label_smooth] Stage2 Epoch 75/75:   5%|▌         | 9/164 [00:04\u003c00:54,  2.83it/s, loss=0.7735, acc=0.9583]\r[label_smooth] Stage2 Epoch 75/75:   5%|▌         | 9/164 [00:04\u003c00:54,  2.83it/s, loss=0.7696, acc=0.9594]\n"}
,{"stream_name":"stderr","time":5372.340182237,"data":"\r[label_smooth] Stage2 Epoch 75/75:   5%|▌         | 9/164 [00:04\u003c00:54,  2.83it/s, loss=0.7696, acc=0.9594]\r[label_smooth] Stage2 Epoch 75/75:   6%|▌         | 10/164 [00:04\u003c00:53,  2.89it/s, loss=0.7696, acc=0.9594]\n"}
,{"stream_name":"stderr","time":5372.666593206,"data":"\r[label_smooth] Stage2 Epoch 75/75:   6%|▌         | 10/164 [00:04\u003c00:53,  2.89it/s, loss=0.7696, acc=0.9594]\r[label_smooth] Stage2 Epoch 75/75:   6%|▌         | 10/164 [00:04\u003c00:53,  2.89it/s, loss=0.7642, acc=0.9631]\n"}
,{"stream_name":"stderr","time":5372.670131112,"data":"\r[label_smooth] Stage2 Epoch 75/75:   6%|▌         | 10/164 [00:04\u003c00:53,  2.89it/s, loss=0.7642, acc=0.9631]\r[label_smooth] Stage2 Epoch 75/75:   7%|▋         | 11/164 [00:04\u003c00:52,  2.92it/s, loss=0.7642, acc=0.9631]\n"}
,{"stream_name":"stderr","time":5372.997892281,"data":"\r[label_smooth] Stage2 Epoch 75/75:   7%|▋         | 11/164 [00:04\u003c00:52,  2.92it/s, loss=0.7642, acc=0.9631]\r[label_smooth] Stage2 Epoch 75/75:   7%|▋         | 11/164 [00:05\u003c00:52,  2.92it/s, loss=0.7670, acc=0.9609]\n"}
,{"stream_name":"stderr","time":5372.999705256,"data":"\r[label_smooth] Stage2 Epoch 75/75:   7%|▋         | 11/164 [00:05\u003c00:52,  2.92it/s, loss=0.7670, acc=0.9609]\r[label_smooth] Stage2 Epoch 75/75:   7%|▋         | 12/164 [00:05\u003c00:51,  2.96it/s, loss=0.7670, acc=0.9609]\n"}
,{"stream_name":"stderr","time":5373.330057422,"data":"\r[label_smooth] Stage2 Epoch 75/75:   7%|▋         | 12/164 [00:05\u003c00:51,  2.96it/s, loss=0.7670, acc=0.9609]\r[label_smooth] Stage2 Epoch 75/75:   7%|▋         | 12/164 [00:05\u003c00:51,  2.96it/s, loss=0.7626, acc=0.9615]\n"}
,{"stream_name":"stderr","time":5373.337912391,"data":"\r[label_smooth] Stage2 Epoch 75/75:   7%|▋         | 12/164 [00:05\u003c00:51,  2.96it/s, loss=0.7626, acc=0.9615]\r[label_smooth] Stage2 Epoch 75/75:   8%|▊         | 13/164 [00:05\u003c00:50,  2.98it/s, loss=0.7626, acc=0.9615]\n"}
,{"stream_name":"stderr","time":5373.65861443,"data":"\r[label_smooth] Stage2 Epoch 75/75:   8%|▊         | 13/164 [00:05\u003c00:50,  2.98it/s, loss=0.7626, acc=0.9615]\r[label_smooth] Stage2 Epoch 75/75:   8%|▊         | 13/164 [00:05\u003c00:50,  2.98it/s, loss=0.7580, acc=0.9643]\n"}
,{"stream_name":"stderr","time":5373.66007965,"data":"\r[label_smooth] Stage2 Epoch 75/75:   8%|▊         | 13/164 [00:05\u003c00:50,  2.98it/s, loss=0.7580, acc=0.9643]\r[label_smooth] Stage2 Epoch 75/75:   9%|▊         | 14/164 [00:05\u003c00:50,  3.00it/s, loss=0.7580, acc=0.9643]\n"}
,{"stream_name":"stderr","time":5373.986468752,"data":"\r[label_smooth] Stage2 Epoch 75/75:   9%|▊         | 14/164 [00:05\u003c00:50,  3.00it/s, loss=0.7580, acc=0.9643]\r[label_smooth] Stage2 Epoch 75/75:   9%|▊         | 14/164 [00:06\u003c00:50,  3.00it/s, loss=0.7542, acc=0.9667]\n"}
,{"stream_name":"stderr","time":5373.987415172,"data":"\r[label_smooth] Stage2 Epoch 75/75:   9%|▊         | 14/164 [00:06\u003c00:50,  3.00it/s, loss=0.7542, acc=0.9667]\r[label_smooth] Stage2 Epoch 75/75:   9%|▉         | 15/164 [00:06\u003c00:49,  3.01it/s, loss=0.7542, acc=0.9667]\n"}
,{"stream_name":"stderr","time":5374.315936131,"data":"\r[label_smooth] Stage2 Epoch 75/75:   9%|▉         | 15/164 [00:06\u003c00:49,  3.01it/s, loss=0.7542, acc=0.9667]\r[label_smooth] Stage2 Epoch 75/75:   9%|▉         | 15/164 [00:06\u003c00:49,  3.01it/s, loss=0.7517, acc=0.9688]\n"}
,{"stream_name":"stderr","time":5374.325300859,"data":"\r[label_smooth] Stage2 Epoch 75/75:   9%|▉         | 15/164 [00:06\u003c00:49,  3.01it/s, loss=0.7517, acc=0.9688]\r[label_smooth] Stage2 Epoch 75/75:  10%|▉         | 16/164 [00:06\u003c00:49,  3.02it/s, loss=0.7517, acc=0.9688]\n"}
,{"stream_name":"stderr","time":5374.648021342,"data":"\r[label_smooth] Stage2 Epoch 75/75:  10%|▉         | 16/164 [00:06\u003c00:49,  3.02it/s, loss=0.7517, acc=0.9688]\r[label_smooth] Stage2 Epoch 75/75:  10%|▉         | 16/164 [00:06\u003c00:49,  3.02it/s, loss=0.7532, acc=0.9669]\n"}
,{"stream_name":"stderr","time":5374.649055796,"data":"\r[label_smooth] Stage2 Epoch 75/75:  10%|▉         | 16/164 [00:06\u003c00:49,  3.02it/s, loss=0.7532, acc=0.9669]\r[label_smooth] Stage2 Epoch 75/75:  10%|█         | 17/164 [00:06\u003c00:48,  3.02it/s, loss=0.7532, acc=0.9669]\n"}
,{"stream_name":"stderr","time":5374.979310943,"data":"\r[label_smooth] Stage2 Epoch 75/75:  10%|█         | 17/164 [00:06\u003c00:48,  3.02it/s, loss=0.7532, acc=0.9669]\r[label_smooth] Stage2 Epoch 75/75:  10%|█         | 17/164 [00:07\u003c00:48,  3.02it/s, loss=0.7498, acc=0.9688]\n"}
,{"stream_name":"stderr","time":5374.980401151,"data":"\r[label_smooth] Stage2 Epoch 75/75:  10%|█         | 17/164 [00:07\u003c00:48,  3.02it/s, loss=0.7498, acc=0.9688]\r[label_smooth] Stage2 Epoch 75/75:  11%|█         | 18/164 [00:07\u003c00:48,  3.02it/s, loss=0.7498, acc=0.9688]\n"}
,{"stream_name":"stderr","time":5375.308353886,"data":"\r[label_smooth] Stage2 Epoch 75/75:  11%|█         | 18/164 [00:07\u003c00:48,  3.02it/s, loss=0.7498, acc=0.9688]\r[label_smooth] Stage2 Epoch 75/75:  11%|█         | 18/164 [00:07\u003c00:48,  3.02it/s, loss=0.7566, acc=0.9655]\n"}
,{"stream_name":"stderr","time":5375.309362649,"data":"\r[label_smooth] Stage2 Epoch 75/75:  11%|█         | 18/164 [00:07\u003c00:48,  3.02it/s, loss=0.7566, acc=0.9655]\r[label_smooth] Stage2 Epoch 75/75:  12%|█▏        | 19/164 [00:07\u003c00:47,  3.02it/s, loss=0.7566, acc=0.9655]\n"}
,{"stream_name":"stderr","time":5375.636339879,"data":"\r[label_smooth] Stage2 Epoch 75/75:  12%|█▏        | 19/164 [00:07\u003c00:47,  3.02it/s, loss=0.7566, acc=0.9655]\r[label_smooth] Stage2 Epoch 75/75:  12%|█▏        | 19/164 [00:07\u003c00:47,  3.02it/s, loss=0.7537, acc=0.9672]\n"}
,{"stream_name":"stderr","time":5375.637279084,"data":"\r[label_smooth] Stage2 Epoch 75/75:  12%|█▏        | 19/164 [00:07\u003c00:47,  3.02it/s, loss=0.7537, acc=0.9672]\r[label_smooth] Stage2 Epoch 75/75:  12%|█▏        | 20/164 [00:07\u003c00:47,  3.03it/s, loss=0.7537, acc=0.9672]\n"}
,{"stream_name":"stderr","time":5375.97001997,"data":"\r[label_smooth] Stage2 Epoch 75/75:  12%|█▏        | 20/164 [00:07\u003c00:47,  3.03it/s, loss=0.7537, acc=0.9672]\r[label_smooth] Stage2 Epoch 75/75:  12%|█▏        | 20/164 [00:08\u003c00:47,  3.03it/s, loss=0.7654, acc=0.9613]\n"}
,{"stream_name":"stderr","time":5375.972938113,"data":"\r[label_smooth] Stage2 Epoch 75/75:  12%|█▏        | 20/164 [00:08\u003c00:47,  3.03it/s, loss=0.7654, acc=0.9613]\r[label_smooth] Stage2 Epoch 75/75:  13%|█▎        | 21/164 [00:08\u003c00:47,  3.02it/s, loss=0.7654, acc=0.9613]\n"}
,{"stream_name":"stderr","time":5376.304401426,"data":"\r[label_smooth] Stage2 Epoch 75/75:  13%|█▎        | 21/164 [00:08\u003c00:47,  3.02it/s, loss=0.7654, acc=0.9613]\r[label_smooth] Stage2 Epoch 75/75:  13%|█▎        | 21/164 [00:08\u003c00:47,  3.02it/s, loss=0.7635, acc=0.9631]\n"}
,{"stream_name":"stderr","time":5376.305625834,"data":"\r[label_smooth] Stage2 Epoch 75/75:  13%|█▎        | 21/164 [00:08\u003c00:47,  3.02it/s, loss=0.7635, acc=0.9631]\r[label_smooth] Stage2 Epoch 75/75:  13%|█▎        | 22/164 [00:08\u003c00:47,  3.01it/s, loss=0.7635, acc=0.9631]\n"}
,{"stream_name":"stderr","time":5376.632657119,"data":"\r[label_smooth] Stage2 Epoch 75/75:  13%|█▎        | 22/164 [00:08\u003c00:47,  3.01it/s, loss=0.7635, acc=0.9631]\r[label_smooth] Stage2 Epoch 75/75:  13%|█▎        | 22/164 [00:08\u003c00:47,  3.01it/s, loss=0.7636, acc=0.9620]\n"}
,{"stream_name":"stderr","time":5376.633850847,"data":"\r[label_smooth] Stage2 Epoch 75/75:  13%|█▎        | 22/164 [00:08\u003c00:47,  3.01it/s, loss=0.7636, acc=0.9620]\r[label_smooth] Stage2 Epoch 75/75:  14%|█▍        | 23/164 [00:08\u003c00:46,  3.02it/s, loss=0.7636, acc=0.9620]\n"}
,{"stream_name":"stderr","time":5376.964455651,"data":"\r[label_smooth] Stage2 Epoch 75/75:  14%|█▍        | 23/164 [00:08\u003c00:46,  3.02it/s, loss=0.7636, acc=0.9620]\r[label_smooth] Stage2 Epoch 75/75:  14%|█▍        | 23/164 [00:09\u003c00:46,  3.02it/s, loss=0.7623, acc=0.9609]\n"}
,{"stream_name":"stderr","time":5376.965812712,"data":"\r[label_smooth] Stage2 Epoch 75/75:  14%|█▍        | 23/164 [00:09\u003c00:46,  3.02it/s, loss=0.7623, acc=0.9609]\r[label_smooth] Stage2 Epoch 75/75:  15%|█▍        | 24/164 [00:09\u003c00:46,  3.02it/s, loss=0.7623, acc=0.9609]\n"}
,{"stream_name":"stderr","time":5377.297988014,"data":"\r[label_smooth] Stage2 Epoch 75/75:  15%|█▍        | 24/164 [00:09\u003c00:46,  3.02it/s, loss=0.7623, acc=0.9609]\r[label_smooth] Stage2 Epoch 75/75:  15%|█▍        | 24/164 [00:09\u003c00:46,  3.02it/s, loss=0.7601, acc=0.9613]\n"}
,{"stream_name":"stderr","time":5377.299036371,"data":"\r[label_smooth] Stage2 Epoch 75/75:  15%|█▍        | 24/164 [00:09\u003c00:46,  3.02it/s, loss=0.7601, acc=0.9613]\r[label_smooth] Stage2 Epoch 75/75:  15%|█▌        | 25/164 [00:09\u003c00:46,  3.01it/s, loss=0.7601, acc=0.9613]\n"}
,{"stream_name":"stderr","time":5377.630952346,"data":"\r[label_smooth] Stage2 Epoch 75/75:  15%|█▌        | 25/164 [00:09\u003c00:46,  3.01it/s, loss=0.7601, acc=0.9613]\r[label_smooth] Stage2 Epoch 75/75:  15%|█▌        | 25/164 [00:09\u003c00:46,  3.01it/s, loss=0.7577, acc=0.9627]\n"}
,{"stream_name":"stderr","time":5377.632166641,"data":"\r[label_smooth] Stage2 Epoch 75/75:  15%|█▌        | 25/164 [00:09\u003c00:46,  3.01it/s, loss=0.7577, acc=0.9627]\r[label_smooth] Stage2 Epoch 75/75:  16%|█▌        | 26/164 [00:09\u003c00:45,  3.01it/s, loss=0.7577, acc=0.9627]\n"}
,{"stream_name":"stderr","time":5377.961346468,"data":"\r[label_smooth] Stage2 Epoch 75/75:  16%|█▌        | 26/164 [00:09\u003c00:45,  3.01it/s, loss=0.7577, acc=0.9627]\r[label_smooth] Stage2 Epoch 75/75:  16%|█▌        | 26/164 [00:10\u003c00:45,  3.01it/s, loss=0.7564, acc=0.9630]\n"}
,{"stream_name":"stderr","time":5377.962391426,"data":"\r[label_smooth] Stage2 Epoch 75/75:  16%|█▌        | 26/164 [00:10\u003c00:45,  3.01it/s, loss=0.7564, acc=0.9630]\r[label_smooth] Stage2 Epoch 75/75:  16%|█▋        | 27/164 [00:10\u003c00:45,  3.02it/s, loss=0.7564, acc=0.9630]\n"}
,{"stream_name":"stderr","time":5378.295346304,"data":"\r[label_smooth] Stage2 Epoch 75/75:  16%|█▋        | 27/164 [00:10\u003c00:45,  3.02it/s, loss=0.7564, acc=0.9630]\r[label_smooth] Stage2 Epoch 75/75:  16%|█▋        | 27/164 [00:10\u003c00:45,  3.02it/s, loss=0.7564, acc=0.9632]\n"}
,{"stream_name":"stderr","time":5378.296533707,"data":"\r[label_smooth] Stage2 Epoch 75/75:  16%|█▋        | 27/164 [00:10\u003c00:45,  3.02it/s, loss=0.7564, acc=0.9632]\r[label_smooth] Stage2 Epoch 75/75:  17%|█▋        | 28/164 [00:10\u003c00:45,  3.01it/s, loss=0.7564, acc=0.9632]\n"}
,{"stream_name":"stderr","time":5378.626981445,"data":"\r[label_smooth] Stage2 Epoch 75/75:  17%|█▋        | 28/164 [00:10\u003c00:45,  3.01it/s, loss=0.7564, acc=0.9632]\r[label_smooth] Stage2 Epoch 75/75:  17%|█▋        | 28/164 [00:10\u003c00:45,  3.01it/s, loss=0.7547, acc=0.9644]\n"}
,{"stream_name":"stderr","time":5378.629213816,"data":"\r[label_smooth] Stage2 Epoch 75/75:  17%|█▋        | 28/164 [00:10\u003c00:45,  3.01it/s, loss=0.7547, acc=0.9644]\r[label_smooth] Stage2 Epoch 75/75:  18%|█▊        | 29/164 [00:10\u003c00:44,  3.01it/s, loss=0.7547, acc=0.9644]\n"}
,{"stream_name":"stderr","time":5378.959621521,"data":"\r[label_smooth] Stage2 Epoch 75/75:  18%|█▊        | 29/164 [00:10\u003c00:44,  3.01it/s, loss=0.7547, acc=0.9644]\r[label_smooth] Stage2 Epoch 75/75:  18%|█▊        | 29/164 [00:11\u003c00:44,  3.01it/s, loss=0.7558, acc=0.9635]\n"}
,{"stream_name":"stderr","time":5378.960670291,"data":"\r[label_smooth] Stage2 Epoch 75/75:  18%|█▊        | 29/164 [00:11\u003c00:44,  3.01it/s, loss=0.7558, acc=0.9635]\r[label_smooth] Stage2 Epoch 75/75:  18%|█▊        | 30/164 [00:11\u003c00:44,  3.01it/s, loss=0.7558, acc=0.9635]\n"}
,{"stream_name":"stderr","time":5379.288379419,"data":"\r[label_smooth] Stage2 Epoch 75/75:  18%|█▊        | 30/164 [00:11\u003c00:44,  3.01it/s, loss=0.7558, acc=0.9635]\r[label_smooth] Stage2 Epoch 75/75:  18%|█▊        | 30/164 [00:11\u003c00:44,  3.01it/s, loss=0.7592, acc=0.9607]\n"}
,{"stream_name":"stderr","time":5379.289332073,"data":"\r[label_smooth] Stage2 Epoch 75/75:  18%|█▊        | 30/164 [00:11\u003c00:44,  3.01it/s, loss=0.7592, acc=0.9607]\r[label_smooth] Stage2 Epoch 75/75:  19%|█▉        | 31/164 [00:11\u003c00:44,  3.02it/s, loss=0.7592, acc=0.9607]\n"}
,{"stream_name":"stderr","time":5379.61770736,"data":"\r[label_smooth] Stage2 Epoch 75/75:  19%|█▉        | 31/164 [00:11\u003c00:44,  3.02it/s, loss=0.7592, acc=0.9607]\r[label_smooth] Stage2 Epoch 75/75:  19%|█▉        | 31/164 [00:11\u003c00:44,  3.02it/s, loss=0.7571, acc=0.9619]\n"}
,{"stream_name":"stderr","time":5379.618934603,"data":"\r[label_smooth] Stage2 Epoch 75/75:  19%|█▉        | 31/164 [00:11\u003c00:44,  3.02it/s, loss=0.7571, acc=0.9619]\r[label_smooth] Stage2 Epoch 75/75:  20%|█▉        | 32/164 [00:11\u003c00:43,  3.03it/s, loss=0.7571, acc=0.9619]\n"}
,{"stream_name":"stderr","time":5379.946609444,"data":"\r[label_smooth] Stage2 Epoch 75/75:  20%|█▉        | 32/164 [00:11\u003c00:43,  3.03it/s, loss=0.7571, acc=0.9619]\r[label_smooth] Stage2 Epoch 75/75:  20%|█▉        | 32/164 [00:11\u003c00:43,  3.03it/s, loss=0.7560, acc=0.9621]\n"}
,{"stream_name":"stderr","time":5379.947645912,"data":"\r[label_smooth] Stage2 Epoch 75/75:  20%|█▉        | 32/164 [00:11\u003c00:43,  3.03it/s, loss=0.7560, acc=0.9621]\r[label_smooth] Stage2 Epoch 75/75:  20%|██        | 33/164 [00:11\u003c00:43,  3.03it/s, loss=0.7560, acc=0.9621]\n"}
,{"stream_name":"stderr","time":5380.284365245,"data":"\r[label_smooth] Stage2 Epoch 75/75:  20%|██        | 33/164 [00:11\u003c00:43,  3.03it/s, loss=0.7560, acc=0.9621]\r[label_smooth] Stage2 Epoch 75/75:  20%|██        | 33/164 [00:12\u003c00:43,  3.03it/s, loss=0.7577, acc=0.9614]\n"}
,{"stream_name":"stderr","time":5380.286238867,"data":"\r[label_smooth] Stage2 Epoch 75/75:  20%|██        | 33/164 [00:12\u003c00:43,  3.03it/s, loss=0.7577, acc=0.9614]\r[label_smooth] Stage2 Epoch 75/75:  21%|██        | 34/164 [00:12\u003c00:43,  3.01it/s, loss=0.7577, acc=0.9614]\n"}
,{"stream_name":"stderr","time":5380.621952356,"data":"\r[label_smooth] Stage2 Epoch 75/75:  21%|██        | 34/164 [00:12\u003c00:43,  3.01it/s, loss=0.7577, acc=0.9614]\r[label_smooth] Stage2 Epoch 75/75:  21%|██        | 34/164 [00:12\u003c00:43,  3.01it/s, loss=0.7578, acc=0.9616]\n"}
,{"stream_name":"stderr","time":5380.623044623,"data":"\r[label_smooth] Stage2 Epoch 75/75:  21%|██        | 34/164 [00:12\u003c00:43,  3.01it/s, loss=0.7578, acc=0.9616]\r[label_smooth] Stage2 Epoch 75/75:  21%|██▏       | 35/164 [00:12\u003c00:43,  2.99it/s, loss=0.7578, acc=0.9616]\n"}
,{"stream_name":"stderr","time":5380.952896351,"data":"\r[label_smooth] Stage2 Epoch 75/75:  21%|██▏       | 35/164 [00:12\u003c00:43,  2.99it/s, loss=0.7578, acc=0.9616]\r[label_smooth] Stage2 Epoch 75/75:  21%|██▏       | 35/164 [00:12\u003c00:43,  2.99it/s, loss=0.7557, acc=0.9627]\n"}
,{"stream_name":"stderr","time":5380.954173713,"data":"\r[label_smooth] Stage2 Epoch 75/75:  21%|██▏       | 35/164 [00:12\u003c00:43,  2.99it/s, loss=0.7557, acc=0.9627]\r[label_smooth] Stage2 Epoch 75/75:  22%|██▏       | 36/164 [00:12\u003c00:42,  3.00it/s, loss=0.7557, acc=0.9627]\n"}
,{"stream_name":"stderr","time":5381.28496204,"data":"\r[label_smooth] Stage2 Epoch 75/75:  22%|██▏       | 36/164 [00:12\u003c00:42,  3.00it/s, loss=0.7557, acc=0.9627]\r[label_smooth] Stage2 Epoch 75/75:  22%|██▏       | 36/164 [00:13\u003c00:42,  3.00it/s, loss=0.7551, acc=0.9628]\n"}
,{"stream_name":"stderr","time":5381.286149349,"data":"\r[label_smooth] Stage2 Epoch 75/75:  22%|██▏       | 36/164 [00:13\u003c00:42,  3.00it/s, loss=0.7551, acc=0.9628]\r[label_smooth] Stage2 Epoch 75/75:  23%|██▎       | 37/164 [00:13\u003c00:42,  3.01it/s, loss=0.7551, acc=0.9628]\n"}
,{"stream_name":"stderr","time":5381.620675798,"data":"\r[label_smooth] Stage2 Epoch 75/75:  23%|██▎       | 37/164 [00:13\u003c00:42,  3.01it/s, loss=0.7551, acc=0.9628]\r[label_smooth] Stage2 Epoch 75/75:  23%|██▎       | 37/164 [00:13\u003c00:42,  3.01it/s, loss=0.7561, acc=0.9630]\n"}
,{"stream_name":"stderr","time":5381.629129735,"data":"\r[label_smooth] Stage2 Epoch 75/75:  23%|██▎       | 37/164 [00:13\u003c00:42,  3.01it/s, loss=0.7561, acc=0.9630]\r[label_smooth] Stage2 Epoch 75/75:  23%|██▎       | 38/164 [00:13\u003c00:42,  2.99it/s, loss=0.7561, acc=0.9630]\n"}
,{"stream_name":"stderr","time":5381.952002833,"data":"\r[label_smooth] Stage2 Epoch 75/75:  23%|██▎       | 38/164 [00:13\u003c00:42,  2.99it/s, loss=0.7561, acc=0.9630]\r[label_smooth] Stage2 Epoch 75/75:  23%|██▎       | 38/164 [00:13\u003c00:42,  2.99it/s, loss=0.7580, acc=0.9623]\n"}
,{"stream_name":"stderr","time":5381.952036846,"data":"\r[label_smooth] Stage2 Epoch 75/75:  23%|██▎       | 38/164 [00:13\u003c00:42,  2.99it/s, loss=0.7580, acc=0.9623]\r[label_smooth] Stage2 Epoch 75/75:  24%|██▍       | 39/164 [00:13\u003c00:41,  3.01it/s, loss=0.7580, acc=0.9623]\n"}
,{"stream_name":"stderr","time":5382.281904482,"data":"\r[label_smooth] Stage2 Epoch 75/75:  24%|██▍       | 39/164 [00:13\u003c00:41,  3.01it/s, loss=0.7580, acc=0.9623]\r[label_smooth] Stage2 Epoch 75/75:  24%|██▍       | 39/164 [00:14\u003c00:41,  3.01it/s, loss=0.7566, acc=0.9625]\n"}
,{"stream_name":"stderr","time":5382.282323224,"data":"\r[label_smooth] Stage2 Epoch 75/75:  24%|██▍       | 39/164 [00:14\u003c00:41,  3.01it/s, loss=0.7566, acc=0.9625]\r[label_smooth] Stage2 Epoch 75/75:  24%|██▍       | 40/164 [00:14\u003c00:41,  3.01it/s, loss=0.7566, acc=0.9625]\n"}
,{"stream_name":"stderr","time":5382.612638939,"data":"\r[label_smooth] Stage2 Epoch 75/75:  24%|██▍       | 40/164 [00:14\u003c00:41,  3.01it/s, loss=0.7566, acc=0.9625]\r[label_smooth] Stage2 Epoch 75/75:  24%|██▍       | 40/164 [00:14\u003c00:41,  3.01it/s, loss=0.7549, acc=0.9634]\n"}
,{"stream_name":"stderr","time":5382.613531494,"data":"\r[label_smooth] Stage2 Epoch 75/75:  24%|██▍       | 40/164 [00:14\u003c00:41,  3.01it/s, loss=0.7549, acc=0.9634]\r[label_smooth] Stage2 Epoch 75/75:  25%|██▌       | 41/164 [00:14\u003c00:40,  3.01it/s, loss=0.7549, acc=0.9634]\n"}
,{"stream_name":"stderr","time":5382.943268357,"data":"\r[label_smooth] Stage2 Epoch 75/75:  25%|██▌       | 41/164 [00:14\u003c00:40,  3.01it/s, loss=0.7549, acc=0.9634]\r[label_smooth] Stage2 Epoch 75/75:  25%|██▌       | 41/164 [00:14\u003c00:40,  3.01it/s, loss=0.7559, acc=0.9628]\n"}
,{"stream_name":"stderr","time":5382.944798691,"data":"\r[label_smooth] Stage2 Epoch 75/75:  25%|██▌       | 41/164 [00:14\u003c00:40,  3.01it/s, loss=0.7559, acc=0.9628]\r[label_smooth] Stage2 Epoch 75/75:  26%|██▌       | 42/164 [00:14\u003c00:40,  3.02it/s, loss=0.7559, acc=0.9628]\n"}
,{"stream_name":"stderr","time":5383.278846021,"data":"\r[label_smooth] Stage2 Epoch 75/75:  26%|██▌       | 42/164 [00:14\u003c00:40,  3.02it/s, loss=0.7559, acc=0.9628]\r[label_smooth] Stage2 Epoch 75/75:  26%|██▌       | 42/164 [00:15\u003c00:40,  3.02it/s, loss=0.7541, acc=0.9629]\n"}
,{"stream_name":"stderr","time":5383.280630999,"data":"\r[label_smooth] Stage2 Epoch 75/75:  26%|██▌       | 42/164 [00:15\u003c00:40,  3.02it/s, loss=0.7541, acc=0.9629]\r[label_smooth] Stage2 Epoch 75/75:  26%|██▌       | 43/164 [00:15\u003c00:40,  3.00it/s, loss=0.7541, acc=0.9629]\n"}
,{"stream_name":"stderr","time":5383.60919112,"data":"\r[label_smooth] Stage2 Epoch 75/75:  26%|██▌       | 43/164 [00:15\u003c00:40,  3.00it/s, loss=0.7541, acc=0.9629]\r[label_smooth] Stage2 Epoch 75/75:  26%|██▌       | 43/164 [00:15\u003c00:40,  3.00it/s, loss=0.7549, acc=0.9624]\n"}
,{"stream_name":"stderr","time":5383.610934557,"data":"\r[label_smooth] Stage2 Epoch 75/75:  26%|██▌       | 43/164 [00:15\u003c00:40,  3.00it/s, loss=0.7549, acc=0.9624]\r[label_smooth] Stage2 Epoch 75/75:  27%|██▋       | 44/164 [00:15\u003c00:39,  3.01it/s, loss=0.7549, acc=0.9624]\n"}
,{"stream_name":"stderr","time":5383.945523967,"data":"\r[label_smooth] Stage2 Epoch 75/75:  27%|██▋       | 44/164 [00:15\u003c00:39,  3.01it/s, loss=0.7549, acc=0.9624]\r[label_smooth] Stage2 Epoch 75/75:  27%|██▋       | 44/164 [00:15\u003c00:39,  3.01it/s, loss=0.7547, acc=0.9625]\n"}
,{"stream_name":"stderr","time":5383.951901071,"data":"\r[label_smooth] Stage2 Epoch 75/75:  27%|██▋       | 44/164 [00:15\u003c00:39,  3.01it/s, loss=0.7547, acc=0.9625]\r[label_smooth] Stage2 Epoch 75/75:  27%|██▋       | 45/164 [00:15\u003c00:39,  3.00it/s, loss=0.7547, acc=0.9625]\n"}
,{"stream_name":"stderr","time":5384.273990519,"data":"\r[label_smooth] Stage2 Epoch 75/75:  27%|██▋       | 45/164 [00:15\u003c00:39,  3.00it/s, loss=0.7547, acc=0.9625]\r[label_smooth] Stage2 Epoch 75/75:  27%|██▋       | 45/164 [00:16\u003c00:39,  3.00it/s, loss=0.7551, acc=0.9620]\n"}
,{"stream_name":"stderr","time":5384.275559948,"data":"\r[label_smooth] Stage2 Epoch 75/75:  27%|██▋       | 45/164 [00:16\u003c00:39,  3.00it/s, loss=0.7551, acc=0.9620]\r[label_smooth] Stage2 Epoch 75/75:  28%|██▊       | 46/164 [00:16\u003c00:39,  3.01it/s, loss=0.7551, acc=0.9620]\n"}
,{"stream_name":"stderr","time":5384.605713973,"data":"\r[label_smooth] Stage2 Epoch 75/75:  28%|██▊       | 46/164 [00:16\u003c00:39,  3.01it/s, loss=0.7551, acc=0.9620]\r[label_smooth] Stage2 Epoch 75/75:  28%|██▊       | 46/164 [00:16\u003c00:39,  3.01it/s, loss=0.7540, acc=0.9628]\n"}
,{"stream_name":"stderr","time":5384.610730294,"data":"\r[label_smooth] Stage2 Epoch 75/75:  28%|██▊       | 46/164 [00:16\u003c00:39,  3.01it/s, loss=0.7540, acc=0.9628]\r[label_smooth] Stage2 Epoch 75/75:  29%|██▊       | 47/164 [00:16\u003c00:38,  3.01it/s, loss=0.7540, acc=0.9628]\n"}
,{"stream_name":"stderr","time":5384.933720309,"data":"\r[label_smooth] Stage2 Epoch 75/75:  29%|██▊       | 47/164 [00:16\u003c00:38,  3.01it/s, loss=0.7540, acc=0.9628]\r[label_smooth] Stage2 Epoch 75/75:  29%|██▊       | 47/164 [00:16\u003c00:38,  3.01it/s, loss=0.7555, acc=0.9629]\n"}
,{"stream_name":"stderr","time":5384.934439662,"data":"\r[label_smooth] Stage2 Epoch 75/75:  29%|██▊       | 47/164 [00:16\u003c00:38,  3.01it/s, loss=0.7555, acc=0.9629]\r[label_smooth] Stage2 Epoch 75/75:  29%|██▉       | 48/164 [00:16\u003c00:38,  3.03it/s, loss=0.7555, acc=0.9629]\n"}
,{"stream_name":"stderr","time":5385.265531728,"data":"\r[label_smooth] Stage2 Epoch 75/75:  29%|██▉       | 48/164 [00:16\u003c00:38,  3.03it/s, loss=0.7555, acc=0.9629]\r[label_smooth] Stage2 Epoch 75/75:  29%|██▉       | 48/164 [00:17\u003c00:38,  3.03it/s, loss=0.7597, acc=0.9611]\n"}
,{"stream_name":"stderr","time":5385.266899067,"data":"\r[label_smooth] Stage2 Epoch 75/75:  29%|██▉       | 48/164 [00:17\u003c00:38,  3.03it/s, loss=0.7597, acc=0.9611]\r[label_smooth] Stage2 Epoch 75/75:  30%|██▉       | 49/164 [00:17\u003c00:38,  3.02it/s, loss=0.7597, acc=0.9611]\n"}
,{"stream_name":"stderr","time":5385.599926439,"data":"\r[label_smooth] Stage2 Epoch 75/75:  30%|██▉       | 49/164 [00:17\u003c00:38,  3.02it/s, loss=0.7597, acc=0.9611]\r[label_smooth] Stage2 Epoch 75/75:  30%|██▉       | 49/164 [00:17\u003c00:38,  3.02it/s, loss=0.7603, acc=0.9613]\n"}
,{"stream_name":"stderr","time":5385.600670377,"data":"\r[label_smooth] Stage2 Epoch 75/75:  30%|██▉       | 49/164 [00:17\u003c00:38,  3.02it/s, loss=0.7603, acc=0.9613]\r[label_smooth] Stage2 Epoch 75/75:  30%|███       | 50/164 [00:17\u003c00:37,  3.01it/s, loss=0.7603, acc=0.9613]\n"}
,{"stream_name":"stderr","time":5385.927099856,"data":"\r[label_smooth] Stage2 Epoch 75/75:  30%|███       | 50/164 [00:17\u003c00:37,  3.01it/s, loss=0.7603, acc=0.9613]\r[label_smooth] Stage2 Epoch 75/75:  30%|███       | 50/164 [00:17\u003c00:37,  3.01it/s, loss=0.7620, acc=0.9602]\n"}
,{"stream_name":"stderr","time":5385.928814022,"data":"\r[label_smooth] Stage2 Epoch 75/75:  30%|███       | 50/164 [00:17\u003c00:37,  3.01it/s, loss=0.7620, acc=0.9602]\r[label_smooth] Stage2 Epoch 75/75:  31%|███       | 51/164 [00:17\u003c00:37,  3.03it/s, loss=0.7620, acc=0.9602]\n"}
,{"stream_name":"stderr","time":5386.255784154,"data":"\r[label_smooth] Stage2 Epoch 75/75:  31%|███       | 51/164 [00:17\u003c00:37,  3.03it/s, loss=0.7620, acc=0.9602]\r[label_smooth] Stage2 Epoch 75/75:  31%|███       | 51/164 [00:18\u003c00:37,  3.03it/s, loss=0.7641, acc=0.9597]\n"}
,{"stream_name":"stderr","time":5386.258634193,"data":"\r[label_smooth] Stage2 Epoch 75/75:  31%|███       | 51/164 [00:18\u003c00:37,  3.03it/s, loss=0.7641, acc=0.9597]\r[label_smooth] Stage2 Epoch 75/75:  32%|███▏      | 52/164 [00:18\u003c00:36,  3.03it/s, loss=0.7641, acc=0.9597]\n"}
,{"stream_name":"stderr","time":5386.588732139,"data":"\r[label_smooth] Stage2 Epoch 75/75:  32%|███▏      | 52/164 [00:18\u003c00:36,  3.03it/s, loss=0.7641, acc=0.9597]\r[label_smooth] Stage2 Epoch 75/75:  32%|███▏      | 52/164 [00:18\u003c00:36,  3.03it/s, loss=0.7628, acc=0.9605]\n"}
,{"stream_name":"stderr","time":5386.590211276,"data":"\r[label_smooth] Stage2 Epoch 75/75:  32%|███▏      | 52/164 [00:18\u003c00:36,  3.03it/s, loss=0.7628, acc=0.9605]\r[label_smooth] Stage2 Epoch 75/75:  32%|███▏      | 53/164 [00:18\u003c00:36,  3.02it/s, loss=0.7628, acc=0.9605]\n"}
,{"stream_name":"stderr","time":5386.920405005,"data":"\r[label_smooth] Stage2 Epoch 75/75:  32%|███▏      | 53/164 [00:18\u003c00:36,  3.02it/s, loss=0.7628, acc=0.9605]\r[label_smooth] Stage2 Epoch 75/75:  32%|███▏      | 53/164 [00:18\u003c00:36,  3.02it/s, loss=0.7630, acc=0.9606]\n"}
,{"stream_name":"stderr","time":5386.922459599,"data":"\r[label_smooth] Stage2 Epoch 75/75:  32%|███▏      | 53/164 [00:18\u003c00:36,  3.02it/s, loss=0.7630, acc=0.9606]\r[label_smooth] Stage2 Epoch 75/75:  33%|███▎      | 54/164 [00:18\u003c00:36,  3.02it/s, loss=0.7630, acc=0.9606]\n"}
,{"stream_name":"stderr","time":5387.249896564,"data":"\r[label_smooth] Stage2 Epoch 75/75:  33%|███▎      | 54/164 [00:18\u003c00:36,  3.02it/s, loss=0.7630, acc=0.9606]\r[label_smooth] Stage2 Epoch 75/75:  33%|███▎      | 54/164 [00:19\u003c00:36,  3.02it/s, loss=0.7640, acc=0.9608]\n"}
,{"stream_name":"stderr","time":5387.250937278,"data":"\r[label_smooth] Stage2 Epoch 75/75:  33%|███▎      | 54/164 [00:19\u003c00:36,  3.02it/s, loss=0.7640, acc=0.9608]\r[label_smooth] Stage2 Epoch 75/75:  34%|███▎      | 55/164 [00:19\u003c00:36,  3.02it/s, loss=0.7640, acc=0.9608]\n"}
,{"stream_name":"stderr","time":5387.585398959,"data":"\r[label_smooth] Stage2 Epoch 75/75:  34%|███▎      | 55/164 [00:19\u003c00:36,  3.02it/s, loss=0.7640, acc=0.9608]\r[label_smooth] Stage2 Epoch 75/75:  34%|███▎      | 55/164 [00:19\u003c00:36,  3.02it/s, loss=0.7646, acc=0.9609]\n"}
,{"stream_name":"stderr","time":5387.587675468,"data":"\r[label_smooth] Stage2 Epoch 75/75:  34%|███▎      | 55/164 [00:19\u003c00:36,  3.02it/s, loss=0.7646, acc=0.9609]\r[label_smooth] Stage2 Epoch 75/75:  34%|███▍      | 56/164 [00:19\u003c00:35,  3.01it/s, loss=0.7646, acc=0.9609]\n"}
,{"stream_name":"stderr","time":5387.919967058,"data":"\r[label_smooth] Stage2 Epoch 75/75:  34%|███▍      | 56/164 [00:19\u003c00:35,  3.01it/s, loss=0.7646, acc=0.9609]\r[label_smooth] Stage2 Epoch 75/75:  34%|███▍      | 56/164 [00:19\u003c00:35,  3.01it/s, loss=0.7659, acc=0.9605]\n"}
,{"stream_name":"stderr","time":5387.921219693,"data":"\r[label_smooth] Stage2 Epoch 75/75:  34%|███▍      | 56/164 [00:19\u003c00:35,  3.01it/s, loss=0.7659, acc=0.9605]\r[label_smooth] Stage2 Epoch 75/75:  35%|███▍      | 57/164 [00:19\u003c00:35,  3.00it/s, loss=0.7659, acc=0.9605]\n"}
,{"stream_name":"stderr","time":5388.254151841,"data":"\r[label_smooth] Stage2 Epoch 75/75:  35%|███▍      | 57/164 [00:19\u003c00:35,  3.00it/s, loss=0.7659, acc=0.9605]\r[label_smooth] Stage2 Epoch 75/75:  35%|███▍      | 57/164 [00:20\u003c00:35,  3.00it/s, loss=0.7667, acc=0.9601]\n"}
,{"stream_name":"stderr","time":5388.254932071,"data":"\r[label_smooth] Stage2 Epoch 75/75:  35%|███▍      | 57/164 [00:20\u003c00:35,  3.00it/s, loss=0.7667, acc=0.9601]\r[label_smooth] Stage2 Epoch 75/75:  35%|███▌      | 58/164 [00:20\u003c00:35,  3.00it/s, loss=0.7667, acc=0.9601]\n"}
,{"stream_name":"stderr","time":5388.583869969,"data":"\r[label_smooth] Stage2 Epoch 75/75:  35%|███▌      | 58/164 [00:20\u003c00:35,  3.00it/s, loss=0.7667, acc=0.9601]\r[label_smooth] Stage2 Epoch 75/75:  35%|███▌      | 58/164 [00:20\u003c00:35,  3.00it/s, loss=0.7663, acc=0.9608]\n"}
,{"stream_name":"stderr","time":5388.584883158,"data":"\r[label_smooth] Stage2 Epoch 75/75:  35%|███▌      | 58/164 [00:20\u003c00:35,  3.00it/s, loss=0.7663, acc=0.9608]\r[label_smooth] Stage2 Epoch 75/75:  36%|███▌      | 59/164 [00:20\u003c00:34,  3.01it/s, loss=0.7663, acc=0.9608]\n"}
,{"stream_name":"stderr","time":5388.915304227,"data":"\r[label_smooth] Stage2 Epoch 75/75:  36%|███▌      | 59/164 [00:20\u003c00:34,  3.01it/s, loss=0.7663, acc=0.9608]\r[label_smooth] Stage2 Epoch 75/75:  36%|███▌      | 59/164 [00:20\u003c00:34,  3.01it/s, loss=0.7650, acc=0.9615]\n"}
,{"stream_name":"stderr","time":5388.916771344,"data":"\r[label_smooth] Stage2 Epoch 75/75:  36%|███▌      | 59/164 [00:20\u003c00:34,  3.01it/s, loss=0.7650, acc=0.9615]\r[label_smooth] Stage2 Epoch 75/75:  37%|███▋      | 60/164 [00:20\u003c00:34,  3.01it/s, loss=0.7650, acc=0.9615]\n"}
,{"stream_name":"stderr","time":5389.24698785,"data":"\r[label_smooth] Stage2 Epoch 75/75:  37%|███▋      | 60/164 [00:20\u003c00:34,  3.01it/s, loss=0.7650, acc=0.9615]\r[label_smooth] Stage2 Epoch 75/75:  37%|███▋      | 60/164 [00:21\u003c00:34,  3.01it/s, loss=0.7647, acc=0.9616]\n"}
,{"stream_name":"stderr","time":5389.24725572,"data":"\r[label_smooth] Stage2 Epoch 75/75:  37%|███▋      | 60/164 [00:21\u003c00:34,  3.01it/s, loss=0.7647, acc=0.9616]\r[label_smooth] Stage2 Epoch 75/75:  37%|███▋      | 61/164 [00:21\u003c00:34,  3.02it/s, loss=0.7647, acc=0.9616]\n"}
,{"stream_name":"stderr","time":5389.575017969,"data":"\r[label_smooth] Stage2 Epoch 75/75:  37%|███▋      | 61/164 [00:21\u003c00:34,  3.02it/s, loss=0.7647, acc=0.9616]\r[label_smooth] Stage2 Epoch 75/75:  37%|███▋      | 61/164 [00:21\u003c00:34,  3.02it/s, loss=0.7644, acc=0.9622]\n"}
,{"stream_name":"stderr","time":5389.57562111,"data":"\r[label_smooth] Stage2 Epoch 75/75:  37%|███▋      | 61/164 [00:21\u003c00:34,  3.02it/s, loss=0.7644, acc=0.9622]\r[label_smooth] Stage2 Epoch 75/75:  38%|███▊      | 62/164 [00:21\u003c00:33,  3.03it/s, loss=0.7644, acc=0.9622]\n"}
,{"stream_name":"stderr","time":5389.900908687,"data":"\r[label_smooth] Stage2 Epoch 75/75:  38%|███▊      | 62/164 [00:21\u003c00:33,  3.03it/s, loss=0.7644, acc=0.9622]\r[label_smooth] Stage2 Epoch 75/75:  38%|███▊      | 62/164 [00:21\u003c00:33,  3.03it/s, loss=0.7638, acc=0.9628]\n"}
,{"stream_name":"stderr","time":5389.902219613,"data":"\r[label_smooth] Stage2 Epoch 75/75:  38%|███▊      | 62/164 [00:21\u003c00:33,  3.03it/s, loss=0.7638, acc=0.9628]\r[label_smooth] Stage2 Epoch 75/75:  38%|███▊      | 63/164 [00:21\u003c00:33,  3.04it/s, loss=0.7638, acc=0.9628]\n"}
,{"stream_name":"stderr","time":5390.234075568,"data":"\r[label_smooth] Stage2 Epoch 75/75:  38%|███▊      | 63/164 [00:21\u003c00:33,  3.04it/s, loss=0.7638, acc=0.9628]\r[label_smooth] Stage2 Epoch 75/75:  38%|███▊      | 63/164 [00:22\u003c00:33,  3.04it/s, loss=0.7664, acc=0.9609]\n"}
,{"stream_name":"stderr","time":5390.235253906,"data":"\r[label_smooth] Stage2 Epoch 75/75:  38%|███▊      | 63/164 [00:22\u003c00:33,  3.04it/s, loss=0.7664, acc=0.9609]\r[label_smooth] Stage2 Epoch 75/75:  39%|███▉      | 64/164 [00:22\u003c00:33,  3.02it/s, loss=0.7664, acc=0.9609]\n"}
,{"stream_name":"stderr","time":5390.561201577,"data":"\r[label_smooth] Stage2 Epoch 75/75:  39%|███▉      | 64/164 [00:22\u003c00:33,  3.02it/s, loss=0.7664, acc=0.9609]\r[label_smooth] Stage2 Epoch 75/75:  39%|███▉      | 64/164 [00:22\u003c00:33,  3.02it/s, loss=0.7653, acc=0.9615]\n"}
,{"stream_name":"stderr","time":5390.562251654,"data":"\r[label_smooth] Stage2 Epoch 75/75:  39%|███▉      | 64/164 [00:22\u003c00:33,  3.02it/s, loss=0.7653, acc=0.9615]\r[label_smooth] Stage2 Epoch 75/75:  40%|███▉      | 65/164 [00:22\u003c00:32,  3.03it/s, loss=0.7653, acc=0.9615]\n"}
,{"stream_name":"stderr","time":5390.89141185,"data":"\r[label_smooth] Stage2 Epoch 75/75:  40%|███▉      | 65/164 [00:22\u003c00:32,  3.03it/s, loss=0.7653, acc=0.9615]\r[label_smooth] Stage2 Epoch 75/75:  40%|███▉      | 65/164 [00:22\u003c00:32,  3.03it/s, loss=0.7650, acc=0.9616]\n"}
,{"stream_name":"stderr","time":5390.892867456,"data":"\r[label_smooth] Stage2 Epoch 75/75:  40%|███▉      | 65/164 [00:22\u003c00:32,  3.03it/s, loss=0.7650, acc=0.9616]\r[label_smooth] Stage2 Epoch 75/75:  40%|████      | 66/164 [00:22\u003c00:32,  3.03it/s, loss=0.7650, acc=0.9616]\n"}
,{"stream_name":"stderr","time":5391.222752979,"data":"\r[label_smooth] Stage2 Epoch 75/75:  40%|████      | 66/164 [00:22\u003c00:32,  3.03it/s, loss=0.7650, acc=0.9616]\r[label_smooth] Stage2 Epoch 75/75:  40%|████      | 66/164 [00:23\u003c00:32,  3.03it/s, loss=0.7651, acc=0.9613]\n"}
,{"stream_name":"stderr","time":5391.224457363,"data":"\r[label_smooth] Stage2 Epoch 75/75:  40%|████      | 66/164 [00:23\u003c00:32,  3.03it/s, loss=0.7651, acc=0.9613]\r[label_smooth] Stage2 Epoch 75/75:  41%|████      | 67/164 [00:23\u003c00:32,  3.03it/s, loss=0.7651, acc=0.9613]\n"}
,{"stream_name":"stderr","time":5391.556020183,"data":"\r[label_smooth] Stage2 Epoch 75/75:  41%|████      | 67/164 [00:23\u003c00:32,  3.03it/s, loss=0.7651, acc=0.9613]\r[label_smooth] Stage2 Epoch 75/75:  41%|████      | 67/164 [00:23\u003c00:32,  3.03it/s, loss=0.7655, acc=0.9614]\n"}
,{"stream_name":"stderr","time":5391.556617014,"data":"\r[label_smooth] Stage2 Epoch 75/75:  41%|████      | 67/164 [00:23\u003c00:32,  3.03it/s, loss=0.7655, acc=0.9614]\r[label_smooth] Stage2 Epoch 75/75:  41%|████▏     | 68/164 [00:23\u003c00:31,  3.02it/s, loss=0.7655, acc=0.9614]\n"}
,{"stream_name":"stderr","time":5391.888311854,"data":"\r[label_smooth] Stage2 Epoch 75/75:  41%|████▏     | 68/164 [00:23\u003c00:31,  3.02it/s, loss=0.7655, acc=0.9614]\r[label_smooth] Stage2 Epoch 75/75:  41%|████▏     | 68/164 [00:23\u003c00:31,  3.02it/s, loss=0.7648, acc=0.9615]\n"}
,{"stream_name":"stderr","time":5391.889346525,"data":"\r[label_smooth] Stage2 Epoch 75/75:  41%|████▏     | 68/164 [00:23\u003c00:31,  3.02it/s, loss=0.7648, acc=0.9615]\r[label_smooth] Stage2 Epoch 75/75:  42%|████▏     | 69/164 [00:23\u003c00:31,  3.02it/s, loss=0.7648, acc=0.9615]\n"}
,{"stream_name":"stderr","time":5392.218947788,"data":"\r[label_smooth] Stage2 Epoch 75/75:  42%|████▏     | 69/164 [00:23\u003c00:31,  3.02it/s, loss=0.7648, acc=0.9615]\r[label_smooth] Stage2 Epoch 75/75:  42%|████▏     | 69/164 [00:24\u003c00:31,  3.02it/s, loss=0.7645, acc=0.9616]\n"}
,{"stream_name":"stderr","time":5392.219993762,"data":"\r[label_smooth] Stage2 Epoch 75/75:  42%|████▏     | 69/164 [00:24\u003c00:31,  3.02it/s, loss=0.7645, acc=0.9616]\r[label_smooth] Stage2 Epoch 75/75:  43%|████▎     | 70/164 [00:24\u003c00:31,  3.02it/s, loss=0.7645, acc=0.9616]\n"}
,{"stream_name":"stderr","time":5392.54827492,"data":"\r[label_smooth] Stage2 Epoch 75/75:  43%|████▎     | 70/164 [00:24\u003c00:31,  3.02it/s, loss=0.7645, acc=0.9616]\r[label_smooth] Stage2 Epoch 75/75:  43%|████▎     | 70/164 [00:24\u003c00:31,  3.02it/s, loss=0.7642, acc=0.9613]\n"}
,{"stream_name":"stderr","time":5392.549941504,"data":"\r[label_smooth] Stage2 Epoch 75/75:  43%|████▎     | 70/164 [00:24\u003c00:31,  3.02it/s, loss=0.7642, acc=0.9613]\r[label_smooth] Stage2 Epoch 75/75:  43%|████▎     | 71/164 [00:24\u003c00:30,  3.02it/s, loss=0.7642, acc=0.9613]\n"}
,{"stream_name":"stderr","time":5392.878762672,"data":"\r[label_smooth] Stage2 Epoch 75/75:  43%|████▎     | 71/164 [00:24\u003c00:30,  3.02it/s, loss=0.7642, acc=0.9613]\r[label_smooth] Stage2 Epoch 75/75:  43%|████▎     | 71/164 [00:24\u003c00:30,  3.02it/s, loss=0.7657, acc=0.9605]\n"}
,{"stream_name":"stderr","time":5392.879821189,"data":"\r[label_smooth] Stage2 Epoch 75/75:  43%|████▎     | 71/164 [00:24\u003c00:30,  3.02it/s, loss=0.7657, acc=0.9605]\r[label_smooth] Stage2 Epoch 75/75:  44%|████▍     | 72/164 [00:24\u003c00:30,  3.02it/s, loss=0.7657, acc=0.9605]\n"}
,{"stream_name":"stderr","time":5393.207866319,"data":"\r[label_smooth] Stage2 Epoch 75/75:  44%|████▍     | 72/164 [00:24\u003c00:30,  3.02it/s, loss=0.7657, acc=0.9605]\r[label_smooth] Stage2 Epoch 75/75:  44%|████▍     | 72/164 [00:25\u003c00:30,  3.02it/s, loss=0.7677, acc=0.9598]\n"}
,{"stream_name":"stderr","time":5393.210018964,"data":"\r[label_smooth] Stage2 Epoch 75/75:  44%|████▍     | 72/164 [00:25\u003c00:30,  3.02it/s, loss=0.7677, acc=0.9598]\r[label_smooth] Stage2 Epoch 75/75:  45%|████▍     | 73/164 [00:25\u003c00:30,  3.03it/s, loss=0.7677, acc=0.9598]\n"}
,{"stream_name":"stderr","time":5393.539652376,"data":"\r[label_smooth] Stage2 Epoch 75/75:  45%|████▍     | 73/164 [00:25\u003c00:30,  3.03it/s, loss=0.7677, acc=0.9598]\r[label_smooth] Stage2 Epoch 75/75:  45%|████▍     | 73/164 [00:25\u003c00:30,  3.03it/s, loss=0.7679, acc=0.9595]\n"}
,{"stream_name":"stderr","time":5393.540754213,"data":"\r[label_smooth] Stage2 Epoch 75/75:  45%|████▍     | 73/164 [00:25\u003c00:30,  3.03it/s, loss=0.7679, acc=0.9595]\r[label_smooth] Stage2 Epoch 75/75:  45%|████▌     | 74/164 [00:25\u003c00:29,  3.03it/s, loss=0.7679, acc=0.9595]\n"}
,{"stream_name":"stderr","time":5393.874925963,"data":"\r[label_smooth] Stage2 Epoch 75/75:  45%|████▌     | 74/164 [00:25\u003c00:29,  3.03it/s, loss=0.7679, acc=0.9595]\r[label_smooth] Stage2 Epoch 75/75:  45%|████▌     | 74/164 [00:25\u003c00:29,  3.03it/s, loss=0.7671, acc=0.9600]\n"}
,{"stream_name":"stderr","time":5393.874962114,"data":"\r[label_smooth] Stage2 Epoch 75/75:  45%|████▌     | 74/164 [00:25\u003c00:29,  3.03it/s, loss=0.7671, acc=0.9600]\r[label_smooth] Stage2 Epoch 75/75:  46%|████▌     | 75/164 [00:25\u003c00:29,  3.02it/s, loss=0.7671, acc=0.9600]\n"}
,{"stream_name":"stderr","time":5394.205184251,"data":"\r[label_smooth] Stage2 Epoch 75/75:  46%|████▌     | 75/164 [00:25\u003c00:29,  3.02it/s, loss=0.7671, acc=0.9600]\r[label_smooth] Stage2 Epoch 75/75:  46%|████▌     | 75/164 [00:26\u003c00:29,  3.02it/s, loss=0.7658, acc=0.9605]\n"}
,{"stream_name":"stderr","time":5394.206465104,"data":"\r[label_smooth] Stage2 Epoch 75/75:  46%|████▌     | 75/164 [00:26\u003c00:29,  3.02it/s, loss=0.7658, acc=0.9605]\r[label_smooth] Stage2 Epoch 75/75:  46%|████▋     | 76/164 [00:26\u003c00:29,  3.01it/s, loss=0.7658, acc=0.9605]\n"}
,{"stream_name":"stderr","time":5394.536752774,"data":"\r[label_smooth] Stage2 Epoch 75/75:  46%|████▋     | 76/164 [00:26\u003c00:29,  3.01it/s, loss=0.7658, acc=0.9605]\r[label_smooth] Stage2 Epoch 75/75:  46%|████▋     | 76/164 [00:26\u003c00:29,  3.01it/s, loss=0.7654, acc=0.9602]\n"}
,{"stream_name":"stderr","time":5394.537691947,"data":"\r[label_smooth] Stage2 Epoch 75/75:  46%|████▋     | 76/164 [00:26\u003c00:29,  3.01it/s, loss=0.7654, acc=0.9602]\r[label_smooth] Stage2 Epoch 75/75:  47%|████▋     | 77/164 [00:26\u003c00:28,  3.02it/s, loss=0.7654, acc=0.9602]\n"}
,{"stream_name":"stderr","time":5394.865200387,"data":"\r[label_smooth] Stage2 Epoch 75/75:  47%|████▋     | 77/164 [00:26\u003c00:28,  3.02it/s, loss=0.7654, acc=0.9602]\r[label_smooth] Stage2 Epoch 75/75:  47%|████▋     | 77/164 [00:26\u003c00:28,  3.02it/s, loss=0.7653, acc=0.9603]\n"}
,{"stream_name":"stderr","time":5394.866104511,"data":"\r[label_smooth] Stage2 Epoch 75/75:  47%|████▋     | 77/164 [00:26\u003c00:28,  3.02it/s, loss=0.7653, acc=0.9603]\r[label_smooth] Stage2 Epoch 75/75:  48%|████▊     | 78/164 [00:26\u003c00:28,  3.02it/s, loss=0.7653, acc=0.9603]\n"}
,{"stream_name":"stderr","time":5395.192978124,"data":"\r[label_smooth] Stage2 Epoch 75/75:  48%|████▊     | 78/164 [00:26\u003c00:28,  3.02it/s, loss=0.7653, acc=0.9603]\r[label_smooth] Stage2 Epoch 75/75:  48%|████▊     | 78/164 [00:27\u003c00:28,  3.02it/s, loss=0.7651, acc=0.9608]\n"}
,{"stream_name":"stderr","time":5395.194016163,"data":"\r[label_smooth] Stage2 Epoch 75/75:  48%|████▊     | 78/164 [00:27\u003c00:28,  3.02it/s, loss=0.7651, acc=0.9608]\r[label_smooth] Stage2 Epoch 75/75:  48%|████▊     | 79/164 [00:27\u003c00:28,  3.03it/s, loss=0.7651, acc=0.9608]\n"}
,{"stream_name":"stderr","time":5395.526313692,"data":"\r[label_smooth] Stage2 Epoch 75/75:  48%|████▊     | 79/164 [00:27\u003c00:28,  3.03it/s, loss=0.7651, acc=0.9608]\r[label_smooth] Stage2 Epoch 75/75:  48%|████▊     | 79/164 [00:27\u003c00:28,  3.03it/s, loss=0.7643, acc=0.9609]\n"}
,{"stream_name":"stderr","time":5395.527796258,"data":"\r[label_smooth] Stage2 Epoch 75/75:  48%|████▊     | 79/164 [00:27\u003c00:28,  3.03it/s, loss=0.7643, acc=0.9609]\r[label_smooth] Stage2 Epoch 75/75:  49%|████▉     | 80/164 [00:27\u003c00:27,  3.02it/s, loss=0.7643, acc=0.9609]\n"}
,{"stream_name":"stderr","time":5395.858243426,"data":"\r[label_smooth] Stage2 Epoch 75/75:  49%|████▉     | 80/164 [00:27\u003c00:27,  3.02it/s, loss=0.7643, acc=0.9609]\r[label_smooth] Stage2 Epoch 75/75:  49%|████▉     | 80/164 [00:27\u003c00:27,  3.02it/s, loss=0.7657, acc=0.9606]\n"}
,{"stream_name":"stderr","time":5395.859344531,"data":"\r[label_smooth] Stage2 Epoch 75/75:  49%|████▉     | 80/164 [00:27\u003c00:27,  3.02it/s, loss=0.7657, acc=0.9606]\r[label_smooth] Stage2 Epoch 75/75:  49%|████▉     | 81/164 [00:27\u003c00:27,  3.02it/s, loss=0.7657, acc=0.9606]\n"}
,{"stream_name":"stderr","time":5396.191166267,"data":"\r[label_smooth] Stage2 Epoch 75/75:  49%|████▉     | 81/164 [00:27\u003c00:27,  3.02it/s, loss=0.7657, acc=0.9606]\r[label_smooth] Stage2 Epoch 75/75:  49%|████▉     | 81/164 [00:28\u003c00:27,  3.02it/s, loss=0.7666, acc=0.9604]\n"}
,{"stream_name":"stderr","time":5396.195824714,"data":"\r[label_smooth] Stage2 Epoch 75/75:  49%|████▉     | 81/164 [00:28\u003c00:27,  3.02it/s, loss=0.7666, acc=0.9604]\r[label_smooth] Stage2 Epoch 75/75:  50%|█████     | 82/164 [00:28\u003c00:27,  3.01it/s, loss=0.7666, acc=0.9604]\n"}
,{"stream_name":"stderr","time":5396.521412831,"data":"\r[label_smooth] Stage2 Epoch 75/75:  50%|█████     | 82/164 [00:28\u003c00:27,  3.01it/s, loss=0.7666, acc=0.9604]\r[label_smooth] Stage2 Epoch 75/75:  50%|█████     | 82/164 [00:28\u003c00:27,  3.01it/s, loss=0.7655, acc=0.9608]\n"}
,{"stream_name":"stderr","time":5396.523662298,"data":"\r[label_smooth] Stage2 Epoch 75/75:  50%|█████     | 82/164 [00:28\u003c00:27,  3.01it/s, loss=0.7655, acc=0.9608]\r[label_smooth] Stage2 Epoch 75/75:  51%|█████     | 83/164 [00:28\u003c00:26,  3.02it/s, loss=0.7655, acc=0.9608]\n"}
,{"stream_name":"stderr","time":5396.855737731,"data":"\r[label_smooth] Stage2 Epoch 75/75:  51%|█████     | 83/164 [00:28\u003c00:26,  3.02it/s, loss=0.7655, acc=0.9608]\r[label_smooth] Stage2 Epoch 75/75:  51%|█████     | 83/164 [00:28\u003c00:26,  3.02it/s, loss=0.7658, acc=0.9606]\n"}
,{"stream_name":"stderr","time":5396.856770451,"data":"\r[label_smooth] Stage2 Epoch 75/75:  51%|█████     | 83/164 [00:28\u003c00:26,  3.02it/s, loss=0.7658, acc=0.9606]\r[label_smooth] Stage2 Epoch 75/75:  51%|█████     | 84/164 [00:28\u003c00:26,  3.01it/s, loss=0.7658, acc=0.9606]\n"}
,{"stream_name":"stderr","time":5397.184798503,"data":"\r[label_smooth] Stage2 Epoch 75/75:  51%|█████     | 84/164 [00:28\u003c00:26,  3.01it/s, loss=0.7658, acc=0.9606]\r[label_smooth] Stage2 Epoch 75/75:  51%|█████     | 84/164 [00:29\u003c00:26,  3.01it/s, loss=0.7648, acc=0.9610]\n"}
,{"stream_name":"stderr","time":5397.185933961,"data":"\r[label_smooth] Stage2 Epoch 75/75:  51%|█████     | 84/164 [00:29\u003c00:26,  3.01it/s, loss=0.7648, acc=0.9610]\r[label_smooth] Stage2 Epoch 75/75:  52%|█████▏    | 85/164 [00:29\u003c00:26,  3.02it/s, loss=0.7648, acc=0.9610]\n"}
,{"stream_name":"stderr","time":5397.516312701,"data":"\r[label_smooth] Stage2 Epoch 75/75:  52%|█████▏    | 85/164 [00:29\u003c00:26,  3.02it/s, loss=0.7648, acc=0.9610]\r[label_smooth] Stage2 Epoch 75/75:  52%|█████▏    | 85/164 [00:29\u003c00:26,  3.02it/s, loss=0.7642, acc=0.9615]\n"}
,{"stream_name":"stderr","time":5397.523206496,"data":"\r[label_smooth] Stage2 Epoch 75/75:  52%|█████▏    | 85/164 [00:29\u003c00:26,  3.02it/s, loss=0.7642, acc=0.9615]\r[label_smooth] Stage2 Epoch 75/75:  52%|█████▏    | 86/164 [00:29\u003c00:25,  3.02it/s, loss=0.7642, acc=0.9615]\n"}
,{"stream_name":"stderr","time":5397.844961618,"data":"\r[label_smooth] Stage2 Epoch 75/75:  52%|█████▏    | 86/164 [00:29\u003c00:25,  3.02it/s, loss=0.7642, acc=0.9615]\r[label_smooth] Stage2 Epoch 75/75:  52%|█████▏    | 86/164 [00:29\u003c00:25,  3.02it/s, loss=0.7639, acc=0.9616]\n"}
,{"stream_name":"stderr","time":5397.846222748,"data":"\r[label_smooth] Stage2 Epoch 75/75:  52%|█████▏    | 86/164 [00:29\u003c00:25,  3.02it/s, loss=0.7639, acc=0.9616]\r[label_smooth] Stage2 Epoch 75/75:  53%|█████▎    | 87/164 [00:29\u003c00:25,  3.03it/s, loss=0.7639, acc=0.9616]\n"}
,{"stream_name":"stderr","time":5398.177432814,"data":"\r[label_smooth] Stage2 Epoch 75/75:  53%|█████▎    | 87/164 [00:29\u003c00:25,  3.03it/s, loss=0.7639, acc=0.9616]\r[label_smooth] Stage2 Epoch 75/75:  53%|█████▎    | 87/164 [00:30\u003c00:25,  3.03it/s, loss=0.7630, acc=0.9620]\n"}
,{"stream_name":"stderr","time":5398.178449165,"data":"\r[label_smooth] Stage2 Epoch 75/75:  53%|█████▎    | 87/164 [00:30\u003c00:25,  3.03it/s, loss=0.7630, acc=0.9620]\r[label_smooth] Stage2 Epoch 75/75:  54%|█████▎    | 88/164 [00:30\u003c00:25,  3.02it/s, loss=0.7630, acc=0.9620]\n"}
,{"stream_name":"stderr","time":5398.505419326,"data":"\r[label_smooth] Stage2 Epoch 75/75:  54%|█████▎    | 88/164 [00:30\u003c00:25,  3.02it/s, loss=0.7630, acc=0.9620]\r[label_smooth] Stage2 Epoch 75/75:  54%|█████▎    | 88/164 [00:30\u003c00:25,  3.02it/s, loss=0.7637, acc=0.9617]\n"}
,{"stream_name":"stderr","time":5398.507113148,"data":"\r[label_smooth] Stage2 Epoch 75/75:  54%|█████▎    | 88/164 [00:30\u003c00:25,  3.02it/s, loss=0.7637, acc=0.9617]\r[label_smooth] Stage2 Epoch 75/75:  54%|█████▍    | 89/164 [00:30\u003c00:24,  3.03it/s, loss=0.7637, acc=0.9617]\n"}
,{"stream_name":"stderr","time":5398.838253752,"data":"\r[label_smooth] Stage2 Epoch 75/75:  54%|█████▍    | 89/164 [00:30\u003c00:24,  3.03it/s, loss=0.7637, acc=0.9617]\r[label_smooth] Stage2 Epoch 75/75:  54%|█████▍    | 89/164 [00:30\u003c00:24,  3.03it/s, loss=0.7632, acc=0.9622]\n"}
,{"stream_name":"stderr","time":5398.839252488,"data":"\r[label_smooth] Stage2 Epoch 75/75:  54%|█████▍    | 89/164 [00:30\u003c00:24,  3.03it/s, loss=0.7632, acc=0.9622]\r[label_smooth] Stage2 Epoch 75/75:  55%|█████▍    | 90/164 [00:30\u003c00:24,  3.02it/s, loss=0.7632, acc=0.9622]\n"}
,{"stream_name":"stderr","time":5399.171445772,"data":"\r[label_smooth] Stage2 Epoch 75/75:  55%|█████▍    | 90/164 [00:30\u003c00:24,  3.02it/s, loss=0.7632, acc=0.9622]\r[label_smooth] Stage2 Epoch 75/75:  55%|█████▍    | 90/164 [00:31\u003c00:24,  3.02it/s, loss=0.7634, acc=0.9619]\n"}
,{"stream_name":"stderr","time":5399.172879078,"data":"\r[label_smooth] Stage2 Epoch 75/75:  55%|█████▍    | 90/164 [00:31\u003c00:24,  3.02it/s, loss=0.7634, acc=0.9619]\r[label_smooth] Stage2 Epoch 75/75:  55%|█████▌    | 91/164 [00:31\u003c00:24,  3.02it/s, loss=0.7634, acc=0.9619]\n"}
,{"stream_name":"stderr","time":5399.499107468,"data":"\r[label_smooth] Stage2 Epoch 75/75:  55%|█████▌    | 91/164 [00:31\u003c00:24,  3.02it/s, loss=0.7634, acc=0.9619]\r[label_smooth] Stage2 Epoch 75/75:  55%|█████▌    | 91/164 [00:31\u003c00:24,  3.02it/s, loss=0.7626, acc=0.9623]\n"}
,{"stream_name":"stderr","time":5399.500613739,"data":"\r[label_smooth] Stage2 Epoch 75/75:  55%|█████▌    | 91/164 [00:31\u003c00:24,  3.02it/s, loss=0.7626, acc=0.9623]\r[label_smooth] Stage2 Epoch 75/75:  56%|█████▌    | 92/164 [00:31\u003c00:23,  3.03it/s, loss=0.7626, acc=0.9623]\n"}
,{"stream_name":"stderr","time":5399.830366285,"data":"\r[label_smooth] Stage2 Epoch 75/75:  56%|█████▌    | 92/164 [00:31\u003c00:23,  3.03it/s, loss=0.7626, acc=0.9623]\r[label_smooth] Stage2 Epoch 75/75:  56%|█████▌    | 92/164 [00:31\u003c00:23,  3.03it/s, loss=0.7659, acc=0.9614]\n"}
,{"stream_name":"stderr","time":5399.837923086,"data":"\r[label_smooth] Stage2 Epoch 75/75:  56%|█████▌    | 92/164 [00:31\u003c00:23,  3.03it/s, loss=0.7659, acc=0.9614]\r[label_smooth] Stage2 Epoch 75/75:  57%|█████▋    | 93/164 [00:31\u003c00:23,  3.02it/s, loss=0.7659, acc=0.9614]\n"}
,{"stream_name":"stderr","time":5400.166918241,"data":"\r[label_smooth] Stage2 Epoch 75/75:  57%|█████▋    | 93/164 [00:31\u003c00:23,  3.02it/s, loss=0.7659, acc=0.9614]\r[label_smooth] Stage2 Epoch 75/75:  57%|█████▋    | 93/164 [00:32\u003c00:23,  3.02it/s, loss=0.7660, acc=0.9614]\n"}
,{"stream_name":"stderr","time":5400.167348795,"data":"\r[label_smooth] Stage2 Epoch 75/75:  57%|█████▋    | 93/164 [00:32\u003c00:23,  3.02it/s, loss=0.7660, acc=0.9614]\r[label_smooth] Stage2 Epoch 75/75:  57%|█████▋    | 94/164 [00:32\u003c00:23,  3.02it/s, loss=0.7660, acc=0.9614]\n"}
,{"stream_name":"stderr","time":5400.496801908,"data":"\r[label_smooth] Stage2 Epoch 75/75:  57%|█████▋    | 94/164 [00:32\u003c00:23,  3.02it/s, loss=0.7660, acc=0.9614]\r[label_smooth] Stage2 Epoch 75/75:  57%|█████▋    | 94/164 [00:32\u003c00:23,  3.02it/s, loss=0.7653, acc=0.9618]\n"}
,{"stream_name":"stderr","time":5400.498108503,"data":"\r[label_smooth] Stage2 Epoch 75/75:  57%|█████▋    | 94/164 [00:32\u003c00:23,  3.02it/s, loss=0.7653, acc=0.9618]\r[label_smooth] Stage2 Epoch 75/75:  58%|█████▊    | 95/164 [00:32\u003c00:22,  3.01it/s, loss=0.7653, acc=0.9618]\n"}
,{"stream_name":"stderr","time":5403.015879832,"data":"\r[label_smooth] Stage2 Epoch 75/75:  58%|█████▊    | 95/164 [00:32\u003c00:22,  3.01it/s, loss=0.7653, acc=0.9618]\r[label_smooth] Stage2 Epoch 75/75:  58%|█████▊    | 95/164 [00:32\u003c00:22,  3.01it/s, loss=0.7646, acc=0.9622]\n"}
,{"stream_name":"stderr","time":5403.01938815,"data":"\r[label_smooth] Stage2 Epoch 75/75:  58%|█████▊    | 95/164 [00:32\u003c00:22,  3.01it/s, loss=0.7646, acc=0.9622]\r[label_smooth] Stage2 Epoch 75/75:  59%|█████▊    | 96/164 [00:32\u003c00:22,  3.02it/s, loss=0.7646, acc=0.9622]\n"}
,{"stream_name":"stderr","time":5403.020529324,"data":"\r[label_smooth] Stage2 Epoch 75/75:  59%|█████▊    | 96/164 [00:32\u003c00:22,  3.02it/s, loss=0.7646, acc=0.9622]\r[label_smooth] Stage2 Epoch 75/75:  59%|█████▊    | 96/164 [00:33\u003c00:22,  3.02it/s, loss=0.7653, acc=0.9617]\n"}
,{"stream_name":"stderr","time":5403.021458117,"data":"\r[label_smooth] Stage2 Epoch 75/75:  59%|█████▊    | 96/164 [00:33\u003c00:22,  3.02it/s, loss=0.7653, acc=0.9617]\r[label_smooth] Stage2 Epoch 75/75:  59%|█████▉    | 97/164 [00:33\u003c00:22,  3.01it/s, loss=0.7653, acc=0.9617]\n"}
,{"stream_name":"stderr","time":5403.022409016,"data":"\r[label_smooth] Stage2 Epoch 75/75:  59%|█████▉    | 97/164 [00:33\u003c00:22,  3.01it/s, loss=0.7653, acc=0.9617]\r[label_smooth] Stage2 Epoch 75/75:  59%|█████▉    | 97/164 [00:33\u003c00:22,  3.01it/s, loss=0.7649, acc=0.9617]\n"}
,{"stream_name":"stderr","time":5403.023420615,"data":"\r[label_smooth] Stage2 Epoch 75/75:  59%|█████▉    | 97/164 [00:33\u003c00:22,  3.01it/s, loss=0.7649, acc=0.9617]\r[label_smooth] Stage2 Epoch 75/75:  60%|█████▉    | 98/164 [00:33\u003c00:22,  3.00it/s, loss=0.7649, acc=0.9617]\n"}
,{"stream_name":"stderr","time":5403.024431204,"data":"\r[label_smooth] Stage2 Epoch 75/75:  60%|█████▉    | 98/164 [00:33\u003c00:22,  3.00it/s, loss=0.7649, acc=0.9617]\r[label_smooth] Stage2 Epoch 75/75:  60%|█████▉    | 98/164 [00:33\u003c00:22,  3.00it/s, loss=0.7645, acc=0.9618]\n"}
,{"stream_name":"stderr","time":5403.025435283,"data":"\r[label_smooth] Stage2 Epoch 75/75:  60%|█████▉    | 98/164 [00:33\u003c00:22,  3.00it/s, loss=0.7645, acc=0.9618]\r[label_smooth] Stage2 Epoch 75/75:  60%|██████    | 99/164 [00:33\u003c00:21,  3.00it/s, loss=0.7645, acc=0.9618]\n"}
,{"stream_name":"stderr","time":5403.02652237,"data":"\r[label_smooth] Stage2 Epoch 75/75:  60%|██████    | 99/164 [00:33\u003c00:21,  3.00it/s, loss=0.7645, acc=0.9618]\r[label_smooth] Stage2 Epoch 75/75:  60%|██████    | 99/164 [00:34\u003c00:21,  3.00it/s, loss=0.7648, acc=0.9616]\n"}
,{"stream_name":"stderr","time":5403.027675725,"data":"\r[label_smooth] Stage2 Epoch 75/75:  60%|██████    | 99/164 [00:34\u003c00:21,  3.00it/s, loss=0.7648, acc=0.9616]\r[label_smooth] Stage2 Epoch 75/75:  61%|██████    | 100/164 [00:34\u003c00:21,  3.00it/s, loss=0.7648, acc=0.9616]\n"}
,{"stream_name":"stderr","time":5403.028707173,"data":"\r[label_smooth] Stage2 Epoch 75/75:  61%|██████    | 100/164 [00:34\u003c00:21,  3.00it/s, loss=0.7648, acc=0.9616]\r[label_smooth] Stage2 Epoch 75/75:  61%|██████    | 100/164 [00:34\u003c00:21,  3.00it/s, loss=0.7645, acc=0.9616]\n"}
,{"stream_name":"stderr","time":5403.029721066,"data":"\r[label_smooth] Stage2 Epoch 75/75:  61%|██████    | 100/164 [00:34\u003c00:21,  3.00it/s, loss=0.7645, acc=0.9616]\r[label_smooth] Stage2 Epoch 75/75:  62%|██████▏   | 101/164 [00:34\u003c00:21,  2.99it/s, loss=0.7645, acc=0.9616]\n"}
,{"stream_name":"stderr","time":5403.030699945,"data":"\r[label_smooth] Stage2 Epoch 75/75:  62%|██████▏   | 101/164 [00:34\u003c00:21,  2.99it/s, loss=0.7645, acc=0.9616]\r[label_smooth] Stage2 Epoch 75/75:  62%|██████▏   | 101/164 [00:34\u003c00:21,  2.99it/s, loss=0.7655, acc=0.9614]\n"}
,{"stream_name":"stderr","time":5403.031872627,"data":"\r[label_smooth] Stage2 Epoch 75/75:  62%|██████▏   | 101/164 [00:34\u003c00:21,  2.99it/s, loss=0.7655, acc=0.9614]\r[label_smooth] Stage2 Epoch 75/75:  62%|██████▏   | 102/164 [00:34\u003c00:20,  3.00it/s, loss=0.7655, acc=0.9614]\n"}
,{"stream_name":"stderr","time":5403.163928693,"data":"\r[label_smooth] Stage2 Epoch 75/75:  62%|██████▏   | 102/164 [00:34\u003c00:20,  3.00it/s, loss=0.7655, acc=0.9614]\r[label_smooth] Stage2 Epoch 75/75:  62%|██████▏   | 102/164 [00:35\u003c00:20,  3.00it/s, loss=0.7653, acc=0.9612]\n"}
,{"stream_name":"stderr","time":5403.164594877,"data":"\r[label_smooth] Stage2 Epoch 75/75:  62%|██████▏   | 102/164 [00:35\u003c00:20,  3.00it/s, loss=0.7653, acc=0.9612]\r[label_smooth] Stage2 Epoch 75/75:  63%|██████▎   | 103/164 [00:35\u003c00:20,  3.00it/s, loss=0.7653, acc=0.9612]\n"}
,{"stream_name":"stderr","time":5403.492480945,"data":"\r[label_smooth] Stage2 Epoch 75/75:  63%|██████▎   | 103/164 [00:35\u003c00:20,  3.00it/s, loss=0.7653, acc=0.9612]\r[label_smooth] Stage2 Epoch 75/75:  63%|██████▎   | 103/164 [00:35\u003c00:20,  3.00it/s, loss=0.7655, acc=0.9609]\n"}
,{"stream_name":"stderr","time":5403.493369517,"data":"\r[label_smooth] Stage2 Epoch 75/75:  63%|██████▎   | 103/164 [00:35\u003c00:20,  3.00it/s, loss=0.7655, acc=0.9609]\r[label_smooth] Stage2 Epoch 75/75:  63%|██████▎   | 104/164 [00:35\u003c00:19,  3.02it/s, loss=0.7655, acc=0.9609]\n"}
,{"stream_name":"stderr","time":5403.822933016,"data":"\r[label_smooth] Stage2 Epoch 75/75:  63%|██████▎   | 104/164 [00:35\u003c00:19,  3.02it/s, loss=0.7655, acc=0.9609]\r[label_smooth] Stage2 Epoch 75/75:  63%|██████▎   | 104/164 [00:35\u003c00:19,  3.02it/s, loss=0.7663, acc=0.9604]\n"}
,{"stream_name":"stderr","time":5403.823950503,"data":"\r[label_smooth] Stage2 Epoch 75/75:  63%|██████▎   | 104/164 [00:35\u003c00:19,  3.02it/s, loss=0.7663, acc=0.9604]\r[label_smooth] Stage2 Epoch 75/75:  64%|██████▍   | 105/164 [00:35\u003c00:19,  3.02it/s, loss=0.7663, acc=0.9604]\n"}
,{"stream_name":"stderr","time":5404.153022115,"data":"\r[label_smooth] Stage2 Epoch 75/75:  64%|██████▍   | 105/164 [00:35\u003c00:19,  3.02it/s, loss=0.7663, acc=0.9604]\r[label_smooth] Stage2 Epoch 75/75:  64%|██████▍   | 105/164 [00:36\u003c00:19,  3.02it/s, loss=0.7665, acc=0.9602]\n"}
,{"stream_name":"stderr","time":5404.154098921,"data":"\r[label_smooth] Stage2 Epoch 75/75:  64%|██████▍   | 105/164 [00:36\u003c00:19,  3.02it/s, loss=0.7665, acc=0.9602]\r[label_smooth] Stage2 Epoch 75/75:  65%|██████▍   | 106/164 [00:36\u003c00:19,  3.02it/s, loss=0.7665, acc=0.9602]\n"}
,{"stream_name":"stderr","time":5404.483248818,"data":"\r[label_smooth] Stage2 Epoch 75/75:  65%|██████▍   | 106/164 [00:36\u003c00:19,  3.02it/s, loss=0.7665, acc=0.9602]\r[label_smooth] Stage2 Epoch 75/75:  65%|██████▍   | 106/164 [00:36\u003c00:19,  3.02it/s, loss=0.7668, acc=0.9597]\n"}
,{"stream_name":"stderr","time":5404.484150976,"data":"\r[label_smooth] Stage2 Epoch 75/75:  65%|██████▍   | 106/164 [00:36\u003c00:19,  3.02it/s, loss=0.7668, acc=0.9597]\r[label_smooth] Stage2 Epoch 75/75:  65%|██████▌   | 107/164 [00:36\u003c00:18,  3.02it/s, loss=0.7668, acc=0.9597]\n"}
,{"stream_name":"stderr","time":5404.814990834,"data":"\r[label_smooth] Stage2 Epoch 75/75:  65%|██████▌   | 107/164 [00:36\u003c00:18,  3.02it/s, loss=0.7668, acc=0.9597]\r[label_smooth] Stage2 Epoch 75/75:  65%|██████▌   | 107/164 [00:36\u003c00:18,  3.02it/s, loss=0.7670, acc=0.9598]\n"}
,{"stream_name":"stderr","time":5404.815343286,"data":"\r[label_smooth] Stage2 Epoch 75/75:  65%|██████▌   | 107/164 [00:36\u003c00:18,  3.02it/s, loss=0.7670, acc=0.9598]\r[label_smooth] Stage2 Epoch 75/75:  66%|██████▌   | 108/164 [00:36\u003c00:18,  3.02it/s, loss=0.7670, acc=0.9598]\n"}
,{"stream_name":"stderr","time":5405.147421293,"data":"\r[label_smooth] Stage2 Epoch 75/75:  66%|██████▌   | 108/164 [00:36\u003c00:18,  3.02it/s, loss=0.7670, acc=0.9598]\r[label_smooth] Stage2 Epoch 75/75:  66%|██████▌   | 108/164 [00:37\u003c00:18,  3.02it/s, loss=0.7669, acc=0.9601]\n"}
,{"stream_name":"stderr","time":5405.148886209,"data":"\r[label_smooth] Stage2 Epoch 75/75:  66%|██████▌   | 108/164 [00:37\u003c00:18,  3.02it/s, loss=0.7669, acc=0.9601]\r[label_smooth] Stage2 Epoch 75/75:  66%|██████▋   | 109/164 [00:37\u003c00:18,  3.02it/s, loss=0.7669, acc=0.9601]\n"}
,{"stream_name":"stderr","time":5405.478202501,"data":"\r[label_smooth] Stage2 Epoch 75/75:  66%|██████▋   | 109/164 [00:37\u003c00:18,  3.02it/s, loss=0.7669, acc=0.9601]\r[label_smooth] Stage2 Epoch 75/75:  66%|██████▋   | 109/164 [00:37\u003c00:18,  3.02it/s, loss=0.7674, acc=0.9602]\n"}
,{"stream_name":"stderr","time":5405.479203119,"data":"\r[label_smooth] Stage2 Epoch 75/75:  66%|██████▋   | 109/164 [00:37\u003c00:18,  3.02it/s, loss=0.7674, acc=0.9602]\r[label_smooth] Stage2 Epoch 75/75:  67%|██████▋   | 110/164 [00:37\u003c00:17,  3.02it/s, loss=0.7674, acc=0.9602]\n"}
,{"stream_name":"stderr","time":5405.808329939,"data":"\r[label_smooth] Stage2 Epoch 75/75:  67%|██████▋   | 110/164 [00:37\u003c00:17,  3.02it/s, loss=0.7674, acc=0.9602]\r[label_smooth] Stage2 Epoch 75/75:  67%|██████▋   | 110/164 [00:37\u003c00:17,  3.02it/s, loss=0.7666, acc=0.9606]\n"}
,{"stream_name":"stderr","time":5405.809384813,"data":"\r[label_smooth] Stage2 Epoch 75/75:  67%|██████▋   | 110/164 [00:37\u003c00:17,  3.02it/s, loss=0.7666, acc=0.9606]\r[label_smooth] Stage2 Epoch 75/75:  68%|██████▊   | 111/164 [00:37\u003c00:17,  3.02it/s, loss=0.7666, acc=0.9606]\n"}
,{"stream_name":"stderr","time":5406.140999871,"data":"\r[label_smooth] Stage2 Epoch 75/75:  68%|██████▊   | 111/164 [00:37\u003c00:17,  3.02it/s, loss=0.7666, acc=0.9606]\r[label_smooth] Stage2 Epoch 75/75:  68%|██████▊   | 111/164 [00:38\u003c00:17,  3.02it/s, loss=0.7662, acc=0.9607]\n"}
,{"stream_name":"stderr","time":5406.142049545,"data":"\r[label_smooth] Stage2 Epoch 75/75:  68%|██████▊   | 111/164 [00:38\u003c00:17,  3.02it/s, loss=0.7662, acc=0.9607]\r[label_smooth] Stage2 Epoch 75/75:  68%|██████▊   | 112/164 [00:38\u003c00:17,  3.02it/s, loss=0.7662, acc=0.9607]\n"}
,{"stream_name":"stderr","time":5406.471110252,"data":"\r[label_smooth] Stage2 Epoch 75/75:  68%|██████▊   | 112/164 [00:38\u003c00:17,  3.02it/s, loss=0.7662, acc=0.9607]\r[label_smooth] Stage2 Epoch 75/75:  68%|██████▊   | 112/164 [00:38\u003c00:17,  3.02it/s, loss=0.7658, acc=0.9610]\n"}
,{"stream_name":"stderr","time":5406.472342404,"data":"\r[label_smooth] Stage2 Epoch 75/75:  68%|██████▊   | 112/164 [00:38\u003c00:17,  3.02it/s, loss=0.7658, acc=0.9610]\r[label_smooth] Stage2 Epoch 75/75:  69%|██████▉   | 113/164 [00:38\u003c00:16,  3.02it/s, loss=0.7658, acc=0.9610]\n"}
,{"stream_name":"stderr","time":5406.801790006,"data":"\r[label_smooth] Stage2 Epoch 75/75:  69%|██████▉   | 113/164 [00:38\u003c00:16,  3.02it/s, loss=0.7658, acc=0.9610]\r[label_smooth] Stage2 Epoch 75/75:  69%|██████▉   | 113/164 [00:38\u003c00:16,  3.02it/s, loss=0.7649, acc=0.9613]\n"}
,{"stream_name":"stderr","time":5406.802667657,"data":"\r[label_smooth] Stage2 Epoch 75/75:  69%|██████▉   | 113/164 [00:38\u003c00:16,  3.02it/s, loss=0.7649, acc=0.9613]\r[label_smooth] Stage2 Epoch 75/75:  70%|██████▉   | 114/164 [00:38\u003c00:16,  3.02it/s, loss=0.7649, acc=0.9613]\n"}
,{"stream_name":"stderr","time":5407.133782017,"data":"\r[label_smooth] Stage2 Epoch 75/75:  70%|██████▉   | 114/164 [00:38\u003c00:16,  3.02it/s, loss=0.7649, acc=0.9613]\r[label_smooth] Stage2 Epoch 75/75:  70%|██████▉   | 114/164 [00:39\u003c00:16,  3.02it/s, loss=0.7644, acc=0.9617]\n"}
,{"stream_name":"stderr","time":5407.134778408,"data":"\r[label_smooth] Stage2 Epoch 75/75:  70%|██████▉   | 114/164 [00:39\u003c00:16,  3.02it/s, loss=0.7644, acc=0.9617]\r[label_smooth] Stage2 Epoch 75/75:  70%|███████   | 115/164 [00:39\u003c00:16,  3.02it/s, loss=0.7644, acc=0.9617]\n"}
,{"stream_name":"stderr","time":5407.466027991,"data":"\r[label_smooth] Stage2 Epoch 75/75:  70%|███████   | 115/164 [00:39\u003c00:16,  3.02it/s, loss=0.7644, acc=0.9617]\r[label_smooth] Stage2 Epoch 75/75:  70%|███████   | 115/164 [00:39\u003c00:16,  3.02it/s, loss=0.7643, acc=0.9615]\n"}
,{"stream_name":"stderr","time":5407.467086122,"data":"\r[label_smooth] Stage2 Epoch 75/75:  70%|███████   | 115/164 [00:39\u003c00:16,  3.02it/s, loss=0.7643, acc=0.9615]\r[label_smooth] Stage2 Epoch 75/75:  71%|███████   | 116/164 [00:39\u003c00:15,  3.02it/s, loss=0.7643, acc=0.9615]\n"}
,{"stream_name":"stderr","time":5407.79552625,"data":"\r[label_smooth] Stage2 Epoch 75/75:  71%|███████   | 116/164 [00:39\u003c00:15,  3.02it/s, loss=0.7643, acc=0.9615]\r[label_smooth] Stage2 Epoch 75/75:  71%|███████   | 116/164 [00:39\u003c00:15,  3.02it/s, loss=0.7642, acc=0.9615]\n"}
,{"stream_name":"stderr","time":5407.796733267,"data":"\r[label_smooth] Stage2 Epoch 75/75:  71%|███████   | 116/164 [00:39\u003c00:15,  3.02it/s, loss=0.7642, acc=0.9615]\r[label_smooth] Stage2 Epoch 75/75:  71%|███████▏  | 117/164 [00:39\u003c00:15,  3.02it/s, loss=0.7642, acc=0.9615]\n"}
,{"stream_name":"stderr","time":5408.128392509,"data":"\r[label_smooth] Stage2 Epoch 75/75:  71%|███████▏  | 117/164 [00:39\u003c00:15,  3.02it/s, loss=0.7642, acc=0.9615]\r[label_smooth] Stage2 Epoch 75/75:  71%|███████▏  | 117/164 [00:40\u003c00:15,  3.02it/s, loss=0.7634, acc=0.9619]\n"}
,{"stream_name":"stderr","time":5408.129234534,"data":"\r[label_smooth] Stage2 Epoch 75/75:  71%|███████▏  | 117/164 [00:40\u003c00:15,  3.02it/s, loss=0.7634, acc=0.9619]\r[label_smooth] Stage2 Epoch 75/75:  72%|███████▏  | 118/164 [00:40\u003c00:15,  3.02it/s, loss=0.7634, acc=0.9619]\n"}
,{"stream_name":"stderr","time":5408.458387386,"data":"\r[label_smooth] Stage2 Epoch 75/75:  72%|███████▏  | 118/164 [00:40\u003c00:15,  3.02it/s, loss=0.7634, acc=0.9619]\r[label_smooth] Stage2 Epoch 75/75:  72%|███████▏  | 118/164 [00:40\u003c00:15,  3.02it/s, loss=0.7643, acc=0.9617]\n"}
,{"stream_name":"stderr","time":5408.459520322,"data":"\r[label_smooth] Stage2 Epoch 75/75:  72%|███████▏  | 118/164 [00:40\u003c00:15,  3.02it/s, loss=0.7643, acc=0.9617]\r[label_smooth] Stage2 Epoch 75/75:  73%|███████▎  | 119/164 [00:40\u003c00:14,  3.02it/s, loss=0.7643, acc=0.9617]\n"}
,{"stream_name":"stderr","time":5408.789927803,"data":"\r[label_smooth] Stage2 Epoch 75/75:  73%|███████▎  | 119/164 [00:40\u003c00:14,  3.02it/s, loss=0.7643, acc=0.9617]\r[label_smooth] Stage2 Epoch 75/75:  73%|███████▎  | 119/164 [00:40\u003c00:14,  3.02it/s, loss=0.7635, acc=0.9620]\n"}
,{"stream_name":"stderr","time":5408.791514808,"data":"\r[label_smooth] Stage2 Epoch 75/75:  73%|███████▎  | 119/164 [00:40\u003c00:14,  3.02it/s, loss=0.7635, acc=0.9620]\r[label_smooth] Stage2 Epoch 75/75:  73%|███████▎  | 120/164 [00:40\u003c00:14,  3.02it/s, loss=0.7635, acc=0.9620]\n"}
,{"stream_name":"stderr","time":5409.124043927,"data":"\r[label_smooth] Stage2 Epoch 75/75:  73%|███████▎  | 120/164 [00:40\u003c00:14,  3.02it/s, loss=0.7635, acc=0.9620]\r[label_smooth] Stage2 Epoch 75/75:  73%|███████▎  | 120/164 [00:41\u003c00:14,  3.02it/s, loss=0.7642, acc=0.9615]\n"}
,{"stream_name":"stderr","time":5409.125084985,"data":"\r[label_smooth] Stage2 Epoch 75/75:  73%|███████▎  | 120/164 [00:41\u003c00:14,  3.02it/s, loss=0.7642, acc=0.9615]\r[label_smooth] Stage2 Epoch 75/75:  74%|███████▍  | 121/164 [00:41\u003c00:14,  3.01it/s, loss=0.7642, acc=0.9615]\n"}
,{"stream_name":"stderr","time":5409.454771467,"data":"\r[label_smooth] Stage2 Epoch 75/75:  74%|███████▍  | 121/164 [00:41\u003c00:14,  3.01it/s, loss=0.7642, acc=0.9615]\r[label_smooth] Stage2 Epoch 75/75:  74%|███████▍  | 121/164 [00:41\u003c00:14,  3.01it/s, loss=0.7640, acc=0.9616]\n"}
,{"stream_name":"stderr","time":5409.455886096,"data":"\r[label_smooth] Stage2 Epoch 75/75:  74%|███████▍  | 121/164 [00:41\u003c00:14,  3.01it/s, loss=0.7640, acc=0.9616]\r[label_smooth] Stage2 Epoch 75/75:  74%|███████▍  | 122/164 [00:41\u003c00:13,  3.01it/s, loss=0.7640, acc=0.9616]\n"}
,{"stream_name":"stderr","time":5409.783184583,"data":"\r[label_smooth] Stage2 Epoch 75/75:  74%|███████▍  | 122/164 [00:41\u003c00:13,  3.01it/s, loss=0.7640, acc=0.9616]\r[label_smooth] Stage2 Epoch 75/75:  74%|███████▍  | 122/164 [00:41\u003c00:13,  3.01it/s, loss=0.7654, acc=0.9611]\n"}
,{"stream_name":"stderr","time":5409.784161403,"data":"\r[label_smooth] Stage2 Epoch 75/75:  74%|███████▍  | 122/164 [00:41\u003c00:13,  3.01it/s, loss=0.7654, acc=0.9611]\r[label_smooth] Stage2 Epoch 75/75:  75%|███████▌  | 123/164 [00:41\u003c00:13,  3.02it/s, loss=0.7654, acc=0.9611]\n"}
,{"stream_name":"stderr","time":5410.112095518,"data":"\r[label_smooth] Stage2 Epoch 75/75:  75%|███████▌  | 123/164 [00:41\u003c00:13,  3.02it/s, loss=0.7654, acc=0.9611]\r[label_smooth] Stage2 Epoch 75/75:  75%|███████▌  | 123/164 [00:42\u003c00:13,  3.02it/s, loss=0.7653, acc=0.9612]\n"}
,{"stream_name":"stderr","time":5410.113172095,"data":"\r[label_smooth] Stage2 Epoch 75/75:  75%|███████▌  | 123/164 [00:42\u003c00:13,  3.02it/s, loss=0.7653, acc=0.9612]\r[label_smooth] Stage2 Epoch 75/75:  76%|███████▌  | 124/164 [00:42\u003c00:13,  3.03it/s, loss=0.7653, acc=0.9612]\n"}
,{"stream_name":"stderr","time":5410.443080356,"data":"\r[label_smooth] Stage2 Epoch 75/75:  76%|███████▌  | 124/164 [00:42\u003c00:13,  3.03it/s, loss=0.7653, acc=0.9612]\r[label_smooth] Stage2 Epoch 75/75:  76%|███████▌  | 124/164 [00:42\u003c00:13,  3.03it/s, loss=0.7654, acc=0.9613]\n"}
,{"stream_name":"stderr","time":5410.444970277,"data":"\r[label_smooth] Stage2 Epoch 75/75:  76%|███████▌  | 124/164 [00:42\u003c00:13,  3.03it/s, loss=0.7654, acc=0.9613]\r[label_smooth] Stage2 Epoch 75/75:  76%|███████▌  | 125/164 [00:42\u003c00:12,  3.03it/s, loss=0.7654, acc=0.9613]\n"}
,{"stream_name":"stderr","time":5410.777112949,"data":"\r[label_smooth] Stage2 Epoch 75/75:  76%|███████▌  | 125/164 [00:42\u003c00:12,  3.03it/s, loss=0.7654, acc=0.9613]\r[label_smooth] Stage2 Epoch 75/75:  76%|███████▌  | 125/164 [00:42\u003c00:12,  3.03it/s, loss=0.7650, acc=0.9616]\n"}
,{"stream_name":"stderr","time":5410.778205343,"data":"\r[label_smooth] Stage2 Epoch 75/75:  76%|███████▌  | 125/164 [00:42\u003c00:12,  3.03it/s, loss=0.7650, acc=0.9616]\r[label_smooth] Stage2 Epoch 75/75:  77%|███████▋  | 126/164 [00:42\u003c00:12,  3.02it/s, loss=0.7650, acc=0.9616]\n"}
,{"stream_name":"stderr","time":5411.109391522,"data":"\r[label_smooth] Stage2 Epoch 75/75:  77%|███████▋  | 126/164 [00:42\u003c00:12,  3.02it/s, loss=0.7650, acc=0.9616]\r[label_smooth] Stage2 Epoch 75/75:  77%|███████▋  | 126/164 [00:43\u003c00:12,  3.02it/s, loss=0.7643, acc=0.9619]\n"}
,{"stream_name":"stderr","time":5411.111037906,"data":"\r[label_smooth] Stage2 Epoch 75/75:  77%|███████▋  | 126/164 [00:43\u003c00:12,  3.02it/s, loss=0.7643, acc=0.9619]\r[label_smooth] Stage2 Epoch 75/75:  77%|███████▋  | 127/164 [00:43\u003c00:12,  3.02it/s, loss=0.7643, acc=0.9619]\n"}
,{"stream_name":"stderr","time":5411.443000705,"data":"\r[label_smooth] Stage2 Epoch 75/75:  77%|███████▋  | 127/164 [00:43\u003c00:12,  3.02it/s, loss=0.7643, acc=0.9619]\r[label_smooth] Stage2 Epoch 75/75:  77%|███████▋  | 127/164 [00:43\u003c00:12,  3.02it/s, loss=0.7643, acc=0.9619]\n"}
,{"stream_name":"stderr","time":5411.444926203,"data":"\r[label_smooth] Stage2 Epoch 75/75:  77%|███████▋  | 127/164 [00:43\u003c00:12,  3.02it/s, loss=0.7643, acc=0.9619]\r[label_smooth] Stage2 Epoch 75/75:  78%|███████▊  | 128/164 [00:43\u003c00:11,  3.01it/s, loss=0.7643, acc=0.9619]\n"}
,{"stream_name":"stderr","time":5411.775882382,"data":"\r[label_smooth] Stage2 Epoch 75/75:  78%|███████▊  | 128/164 [00:43\u003c00:11,  3.01it/s, loss=0.7643, acc=0.9619]\r[label_smooth] Stage2 Epoch 75/75:  78%|███████▊  | 128/164 [00:43\u003c00:11,  3.01it/s, loss=0.7651, acc=0.9617]\n"}
,{"stream_name":"stderr","time":5411.777623428,"data":"\r[label_smooth] Stage2 Epoch 75/75:  78%|███████▊  | 128/164 [00:43\u003c00:11,  3.01it/s, loss=0.7651, acc=0.9617]\r[label_smooth] Stage2 Epoch 75/75:  79%|███████▊  | 129/164 [00:43\u003c00:11,  3.01it/s, loss=0.7651, acc=0.9617]\n"}
,{"stream_name":"stderr","time":5412.107087531,"data":"\r[label_smooth] Stage2 Epoch 75/75:  79%|███████▊  | 129/164 [00:43\u003c00:11,  3.01it/s, loss=0.7651, acc=0.9617]\r[label_smooth] Stage2 Epoch 75/75:  79%|███████▊  | 129/164 [00:44\u003c00:11,  3.01it/s, loss=0.7645, acc=0.9618]\n"}
,{"stream_name":"stderr","time":5412.108639715,"data":"\r[label_smooth] Stage2 Epoch 75/75:  79%|███████▊  | 129/164 [00:44\u003c00:11,  3.01it/s, loss=0.7645, acc=0.9618]\r[label_smooth] Stage2 Epoch 75/75:  79%|███████▉  | 130/164 [00:44\u003c00:11,  3.01it/s, loss=0.7645, acc=0.9618]\n"}
,{"stream_name":"stderr","time":5412.436947294,"data":"\r[label_smooth] Stage2 Epoch 75/75:  79%|███████▉  | 130/164 [00:44\u003c00:11,  3.01it/s, loss=0.7645, acc=0.9618]\r[label_smooth] Stage2 Epoch 75/75:  79%|███████▉  | 130/164 [00:44\u003c00:11,  3.01it/s, loss=0.7649, acc=0.9616]\n"}
,{"stream_name":"stderr","time":5412.438177902,"data":"\r[label_smooth] Stage2 Epoch 75/75:  79%|███████▉  | 130/164 [00:44\u003c00:11,  3.01it/s, loss=0.7649, acc=0.9616]\r[label_smooth] Stage2 Epoch 75/75:  80%|███████▉  | 131/164 [00:44\u003c00:10,  3.02it/s, loss=0.7649, acc=0.9616]\n"}
,{"stream_name":"stderr","time":5412.769619183,"data":"\r[label_smooth] Stage2 Epoch 75/75:  80%|███████▉  | 131/164 [00:44\u003c00:10,  3.02it/s, loss=0.7649, acc=0.9616]\r[label_smooth] Stage2 Epoch 75/75:  80%|███████▉  | 131/164 [00:44\u003c00:10,  3.02it/s, loss=0.7649, acc=0.9616]\n"}
,{"stream_name":"stderr","time":5412.774597068,"data":"\r[label_smooth] Stage2 Epoch 75/75:  80%|███████▉  | 131/164 [00:44\u003c00:10,  3.02it/s, loss=0.7649, acc=0.9616]\r[label_smooth] Stage2 Epoch 75/75:  80%|████████  | 132/164 [00:44\u003c00:10,  3.01it/s, loss=0.7649, acc=0.9616]\n"}
,{"stream_name":"stderr","time":5413.098257654,"data":"\r[label_smooth] Stage2 Epoch 75/75:  80%|████████  | 132/164 [00:44\u003c00:10,  3.01it/s, loss=0.7649, acc=0.9616]\r[label_smooth] Stage2 Epoch 75/75:  80%|████████  | 132/164 [00:45\u003c00:10,  3.01it/s, loss=0.7650, acc=0.9617]\n"}
,{"stream_name":"stderr","time":5413.099286347,"data":"\r[label_smooth] Stage2 Epoch 75/75:  80%|████████  | 132/164 [00:45\u003c00:10,  3.01it/s, loss=0.7650, acc=0.9617]\r[label_smooth] Stage2 Epoch 75/75:  81%|████████  | 133/164 [00:45\u003c00:10,  3.02it/s, loss=0.7650, acc=0.9617]\n"}
,{"stream_name":"stderr","time":5413.430297166,"data":"\r[label_smooth] Stage2 Epoch 75/75:  81%|████████  | 133/164 [00:45\u003c00:10,  3.02it/s, loss=0.7650, acc=0.9617]\r[label_smooth] Stage2 Epoch 75/75:  81%|████████  | 133/164 [00:45\u003c00:10,  3.02it/s, loss=0.7647, acc=0.9620]\n"}
,{"stream_name":"stderr","time":5413.437857904,"data":"\r[label_smooth] Stage2 Epoch 75/75:  81%|████████  | 133/164 [00:45\u003c00:10,  3.02it/s, loss=0.7647, acc=0.9620]\r[label_smooth] Stage2 Epoch 75/75:  82%|████████▏ | 134/164 [00:45\u003c00:09,  3.02it/s, loss=0.7647, acc=0.9620]\n"}
,{"stream_name":"stderr","time":5413.763309972,"data":"\r[label_smooth] Stage2 Epoch 75/75:  82%|████████▏ | 134/164 [00:45\u003c00:09,  3.02it/s, loss=0.7647, acc=0.9620]\r[label_smooth] Stage2 Epoch 75/75:  82%|████████▏ | 134/164 [00:45\u003c00:09,  3.02it/s, loss=0.7648, acc=0.9620]\n"}
,{"stream_name":"stderr","time":5413.764485427,"data":"\r[label_smooth] Stage2 Epoch 75/75:  82%|████████▏ | 134/164 [00:45\u003c00:09,  3.02it/s, loss=0.7648, acc=0.9620]\r[label_smooth] Stage2 Epoch 75/75:  82%|████████▏ | 135/164 [00:45\u003c00:09,  3.01it/s, loss=0.7648, acc=0.9620]\n"}
,{"stream_name":"stderr","time":5414.094899585,"data":"\r[label_smooth] Stage2 Epoch 75/75:  82%|████████▏ | 135/164 [00:45\u003c00:09,  3.01it/s, loss=0.7648, acc=0.9620]\r[label_smooth] Stage2 Epoch 75/75:  82%|████████▏ | 135/164 [00:46\u003c00:09,  3.01it/s, loss=0.7643, acc=0.9621]\n"}
,{"stream_name":"stderr","time":5414.095824714,"data":"\r[label_smooth] Stage2 Epoch 75/75:  82%|████████▏ | 135/164 [00:46\u003c00:09,  3.01it/s, loss=0.7643, acc=0.9621]\r[label_smooth] Stage2 Epoch 75/75:  83%|████████▎ | 136/164 [00:46\u003c00:09,  3.01it/s, loss=0.7643, acc=0.9621]\n"}
,{"stream_name":"stderr","time":5414.428252224,"data":"\r[label_smooth] Stage2 Epoch 75/75:  83%|████████▎ | 136/164 [00:46\u003c00:09,  3.01it/s, loss=0.7643, acc=0.9621]\r[label_smooth] Stage2 Epoch 75/75:  83%|████████▎ | 136/164 [00:46\u003c00:09,  3.01it/s, loss=0.7640, acc=0.9621]\n"}
,{"stream_name":"stderr","time":5414.429167971,"data":"\r[label_smooth] Stage2 Epoch 75/75:  83%|████████▎ | 136/164 [00:46\u003c00:09,  3.01it/s, loss=0.7640, acc=0.9621]\r[label_smooth] Stage2 Epoch 75/75:  84%|████████▎ | 137/164 [00:46\u003c00:08,  3.01it/s, loss=0.7640, acc=0.9621]\n"}
,{"stream_name":"stderr","time":5414.757031522,"data":"\r[label_smooth] Stage2 Epoch 75/75:  84%|████████▎ | 137/164 [00:46\u003c00:08,  3.01it/s, loss=0.7640, acc=0.9621]\r[label_smooth] Stage2 Epoch 75/75:  84%|████████▎ | 137/164 [00:46\u003c00:08,  3.01it/s, loss=0.7649, acc=0.9620]\n"}
,{"stream_name":"stderr","time":5414.758284742,"data":"\r[label_smooth] Stage2 Epoch 75/75:  84%|████████▎ | 137/164 [00:46\u003c00:08,  3.01it/s, loss=0.7649, acc=0.9620]\r[label_smooth] Stage2 Epoch 75/75:  84%|████████▍ | 138/164 [00:46\u003c00:08,  3.02it/s, loss=0.7649, acc=0.9620]\n"}
,{"stream_name":"stderr","time":5415.088955421,"data":"\r[label_smooth] Stage2 Epoch 75/75:  84%|████████▍ | 138/164 [00:46\u003c00:08,  3.02it/s, loss=0.7649, acc=0.9620]\r[label_smooth] Stage2 Epoch 75/75:  84%|████████▍ | 138/164 [00:47\u003c00:08,  3.02it/s, loss=0.7653, acc=0.9620]\n"}
,{"stream_name":"stderr","time":5415.089887679,"data":"\r[label_smooth] Stage2 Epoch 75/75:  84%|████████▍ | 138/164 [00:47\u003c00:08,  3.02it/s, loss=0.7653, acc=0.9620]\r[label_smooth] Stage2 Epoch 75/75:  85%|████████▍ | 139/164 [00:47\u003c00:08,  3.02it/s, loss=0.7653, acc=0.9620]\n"}
,{"stream_name":"stderr","time":5415.418441673,"data":"\r[label_smooth] Stage2 Epoch 75/75:  85%|████████▍ | 139/164 [00:47\u003c00:08,  3.02it/s, loss=0.7653, acc=0.9620]\r[label_smooth] Stage2 Epoch 75/75:  85%|████████▍ | 139/164 [00:47\u003c00:08,  3.02it/s, loss=0.7648, acc=0.9623]\n"}
,{"stream_name":"stderr","time":5415.419455815,"data":"\r[label_smooth] Stage2 Epoch 75/75:  85%|████████▍ | 139/164 [00:47\u003c00:08,  3.02it/s, loss=0.7648, acc=0.9623]\r[label_smooth] Stage2 Epoch 75/75:  85%|████████▌ | 140/164 [00:47\u003c00:07,  3.02it/s, loss=0.7648, acc=0.9623]\n"}
,{"stream_name":"stderr","time":5415.746301942,"data":"\r[label_smooth] Stage2 Epoch 75/75:  85%|████████▌ | 140/164 [00:47\u003c00:07,  3.02it/s, loss=0.7648, acc=0.9623]\r[label_smooth] Stage2 Epoch 75/75:  85%|████████▌ | 140/164 [00:47\u003c00:07,  3.02it/s, loss=0.7644, acc=0.9625]\n"}
,{"stream_name":"stderr","time":5415.74747294,"data":"\r[label_smooth] Stage2 Epoch 75/75:  85%|████████▌ | 140/164 [00:47\u003c00:07,  3.02it/s, loss=0.7644, acc=0.9625]\r[label_smooth] Stage2 Epoch 75/75:  86%|████████▌ | 141/164 [00:47\u003c00:07,  3.03it/s, loss=0.7644, acc=0.9625]\n"}
,{"stream_name":"stderr","time":5416.075179409,"data":"\r[label_smooth] Stage2 Epoch 75/75:  86%|████████▌ | 141/164 [00:47\u003c00:07,  3.03it/s, loss=0.7644, acc=0.9625]\r[label_smooth] Stage2 Epoch 75/75:  86%|████████▌ | 141/164 [00:48\u003c00:07,  3.03it/s, loss=0.7640, acc=0.9628]\n"}
,{"stream_name":"stderr","time":5416.076152015,"data":"\r[label_smooth] Stage2 Epoch 75/75:  86%|████████▌ | 141/164 [00:48\u003c00:07,  3.03it/s, loss=0.7640, acc=0.9628]\r[label_smooth] Stage2 Epoch 75/75:  87%|████████▋ | 142/164 [00:48\u003c00:07,  3.03it/s, loss=0.7640, acc=0.9628]\n"}
,{"stream_name":"stderr","time":5416.403722546,"data":"\r[label_smooth] Stage2 Epoch 75/75:  87%|████████▋ | 142/164 [00:48\u003c00:07,  3.03it/s, loss=0.7640, acc=0.9628]\r[label_smooth] Stage2 Epoch 75/75:  87%|████████▋ | 142/164 [00:48\u003c00:07,  3.03it/s, loss=0.7637, acc=0.9631]\n"}
,{"stream_name":"stderr","time":5416.404600469,"data":"\r[label_smooth] Stage2 Epoch 75/75:  87%|████████▋ | 142/164 [00:48\u003c00:07,  3.03it/s, loss=0.7637, acc=0.9631]\r[label_smooth] Stage2 Epoch 75/75:  87%|████████▋ | 143/164 [00:48\u003c00:06,  3.04it/s, loss=0.7637, acc=0.9631]\n"}
,{"stream_name":"stderr","time":5416.733358337,"data":"\r[label_smooth] Stage2 Epoch 75/75:  87%|████████▋ | 143/164 [00:48\u003c00:06,  3.04it/s, loss=0.7637, acc=0.9631]\r[label_smooth] Stage2 Epoch 75/75:  87%|████████▋ | 143/164 [00:48\u003c00:06,  3.04it/s, loss=0.7639, acc=0.9631]\n"}
,{"stream_name":"stderr","time":5416.734285626,"data":"\r[label_smooth] Stage2 Epoch 75/75:  87%|████████▋ | 143/164 [00:48\u003c00:06,  3.04it/s, loss=0.7639, acc=0.9631]\r[label_smooth] Stage2 Epoch 75/75:  88%|████████▊ | 144/164 [00:48\u003c00:06,  3.04it/s, loss=0.7639, acc=0.9631]\n"}
,{"stream_name":"stderr","time":5417.060926936,"data":"\r[label_smooth] Stage2 Epoch 75/75:  88%|████████▊ | 144/164 [00:48\u003c00:06,  3.04it/s, loss=0.7639, acc=0.9631]\r[label_smooth] Stage2 Epoch 75/75:  88%|████████▊ | 144/164 [00:49\u003c00:06,  3.04it/s, loss=0.7638, acc=0.9629]\n"}
,{"stream_name":"stderr","time":5417.061962581,"data":"\r[label_smooth] Stage2 Epoch 75/75:  88%|████████▊ | 144/164 [00:49\u003c00:06,  3.04it/s, loss=0.7638, acc=0.9629]\r[label_smooth] Stage2 Epoch 75/75:  88%|████████▊ | 145/164 [00:49\u003c00:06,  3.04it/s, loss=0.7638, acc=0.9629]\n"}
,{"stream_name":"stderr","time":5417.389564039,"data":"\r[label_smooth] Stage2 Epoch 75/75:  88%|████████▊ | 145/164 [00:49\u003c00:06,  3.04it/s, loss=0.7638, acc=0.9629]\r[label_smooth] Stage2 Epoch 75/75:  88%|████████▊ | 145/164 [00:49\u003c00:06,  3.04it/s, loss=0.7634, acc=0.9632]\n"}
,{"stream_name":"stderr","time":5417.390669382,"data":"\r[label_smooth] Stage2 Epoch 75/75:  88%|████████▊ | 145/164 [00:49\u003c00:06,  3.04it/s, loss=0.7634, acc=0.9632]\r[label_smooth] Stage2 Epoch 75/75:  89%|████████▉ | 146/164 [00:49\u003c00:05,  3.04it/s, loss=0.7634, acc=0.9632]\n"}
,{"stream_name":"stderr","time":5417.721769282,"data":"\r[label_smooth] Stage2 Epoch 75/75:  89%|████████▉ | 146/164 [00:49\u003c00:05,  3.04it/s, loss=0.7634, acc=0.9632]\r[label_smooth] Stage2 Epoch 75/75:  89%|████████▉ | 146/164 [00:49\u003c00:05,  3.04it/s, loss=0.7631, acc=0.9632]\n"}
,{"stream_name":"stderr","time":5417.722867875,"data":"\r[label_smooth] Stage2 Epoch 75/75:  89%|████████▉ | 146/164 [00:49\u003c00:05,  3.04it/s, loss=0.7631, acc=0.9632]\r[label_smooth] Stage2 Epoch 75/75:  90%|████████▉ | 147/164 [00:49\u003c00:05,  3.03it/s, loss=0.7631, acc=0.9632]\n"}
,{"stream_name":"stderr","time":5418.048701834,"data":"\r[label_smooth] Stage2 Epoch 75/75:  90%|████████▉ | 147/164 [00:49\u003c00:05,  3.03it/s, loss=0.7631, acc=0.9632]\r[label_smooth] Stage2 Epoch 75/75:  90%|████████▉ | 147/164 [00:50\u003c00:05,  3.03it/s, loss=0.7629, acc=0.9635]\n"}
,{"stream_name":"stderr","time":5418.049667971,"data":"\r[label_smooth] Stage2 Epoch 75/75:  90%|████████▉ | 147/164 [00:50\u003c00:05,  3.03it/s, loss=0.7629, acc=0.9635]\r[label_smooth] Stage2 Epoch 75/75:  90%|█████████ | 148/164 [00:50\u003c00:05,  3.04it/s, loss=0.7629, acc=0.9635]\n"}
,{"stream_name":"stderr","time":5418.378539748,"data":"\r[label_smooth] Stage2 Epoch 75/75:  90%|█████████ | 148/164 [00:50\u003c00:05,  3.04it/s, loss=0.7629, acc=0.9635]\r[label_smooth] Stage2 Epoch 75/75:  90%|█████████ | 148/164 [00:50\u003c00:05,  3.04it/s, loss=0.7638, acc=0.9631]\n"}
,{"stream_name":"stderr","time":5418.379731661,"data":"\r[label_smooth] Stage2 Epoch 75/75:  90%|█████████ | 148/164 [00:50\u003c00:05,  3.04it/s, loss=0.7638, acc=0.9631]\r[label_smooth] Stage2 Epoch 75/75:  91%|█████████ | 149/164 [00:50\u003c00:04,  3.04it/s, loss=0.7638, acc=0.9631]\n"}
,{"stream_name":"stderr","time":5418.710536167,"data":"\r[label_smooth] Stage2 Epoch 75/75:  91%|█████████ | 149/164 [00:50\u003c00:04,  3.04it/s, loss=0.7638, acc=0.9631]\r[label_smooth] Stage2 Epoch 75/75:  91%|█████████ | 149/164 [00:50\u003c00:04,  3.04it/s, loss=0.7648, acc=0.9625]\n"}
,{"stream_name":"stderr","time":5418.711545062,"data":"\r[label_smooth] Stage2 Epoch 75/75:  91%|█████████ | 149/164 [00:50\u003c00:04,  3.04it/s, loss=0.7648, acc=0.9625]\r[label_smooth] Stage2 Epoch 75/75:  91%|█████████▏| 150/164 [00:50\u003c00:04,  3.03it/s, loss=0.7648, acc=0.9625]\n"}
,{"stream_name":"stderr","time":5419.04279318,"data":"\r[label_smooth] Stage2 Epoch 75/75:  91%|█████████▏| 150/164 [00:50\u003c00:04,  3.03it/s, loss=0.7648, acc=0.9625]\r[label_smooth] Stage2 Epoch 75/75:  91%|█████████▏| 150/164 [00:51\u003c00:04,  3.03it/s, loss=0.7650, acc=0.9621]\n"}
,{"stream_name":"stderr","time":5419.045150106,"data":"\r[label_smooth] Stage2 Epoch 75/75:  91%|█████████▏| 150/164 [00:51\u003c00:04,  3.03it/s, loss=0.7650, acc=0.9621]\r[label_smooth] Stage2 Epoch 75/75:  92%|█████████▏| 151/164 [00:51\u003c00:04,  3.02it/s, loss=0.7650, acc=0.9621]\n"}
,{"stream_name":"stderr","time":5419.376659458,"data":"\r[label_smooth] Stage2 Epoch 75/75:  92%|█████████▏| 151/164 [00:51\u003c00:04,  3.02it/s, loss=0.7650, acc=0.9621]\r[label_smooth] Stage2 Epoch 75/75:  92%|█████████▏| 151/164 [00:51\u003c00:04,  3.02it/s, loss=0.7644, acc=0.9624]\n"}
,{"stream_name":"stderr","time":5419.378375677,"data":"\r[label_smooth] Stage2 Epoch 75/75:  92%|█████████▏| 151/164 [00:51\u003c00:04,  3.02it/s, loss=0.7644, acc=0.9624]\r[label_smooth] Stage2 Epoch 75/75:  93%|█████████▎| 152/164 [00:51\u003c00:03,  3.02it/s, loss=0.7644, acc=0.9624]\n"}
,{"stream_name":"stderr","time":5419.710515226,"data":"\r[label_smooth] Stage2 Epoch 75/75:  93%|█████████▎| 152/164 [00:51\u003c00:03,  3.02it/s, loss=0.7644, acc=0.9624]\r[label_smooth] Stage2 Epoch 75/75:  93%|█████████▎| 152/164 [00:51\u003c00:03,  3.02it/s, loss=0.7651, acc=0.9620]\n"}
,{"stream_name":"stderr","time":5419.711595524,"data":"\r[label_smooth] Stage2 Epoch 75/75:  93%|█████████▎| 152/164 [00:51\u003c00:03,  3.02it/s, loss=0.7651, acc=0.9620]\r[label_smooth] Stage2 Epoch 75/75:  93%|█████████▎| 153/164 [00:51\u003c00:03,  3.01it/s, loss=0.7651, acc=0.9620]\n"}
,{"stream_name":"stderr","time":5420.042605475,"data":"\r[label_smooth] Stage2 Epoch 75/75:  93%|█████████▎| 153/164 [00:51\u003c00:03,  3.01it/s, loss=0.7651, acc=0.9620]\r[label_smooth] Stage2 Epoch 75/75:  93%|█████████▎| 153/164 [00:52\u003c00:03,  3.01it/s, loss=0.7655, acc=0.9619]\n"}
,{"stream_name":"stderr","time":5420.043677712,"data":"\r[label_smooth] Stage2 Epoch 75/75:  93%|█████████▎| 153/164 [00:52\u003c00:03,  3.01it/s, loss=0.7655, acc=0.9619]\r[label_smooth] Stage2 Epoch 75/75:  94%|█████████▍| 154/164 [00:52\u003c00:03,  3.01it/s, loss=0.7655, acc=0.9619]\n"}
,{"stream_name":"stderr","time":5420.374682982,"data":"\r[label_smooth] Stage2 Epoch 75/75:  94%|█████████▍| 154/164 [00:52\u003c00:03,  3.01it/s, loss=0.7655, acc=0.9619]\r[label_smooth] Stage2 Epoch 75/75:  94%|█████████▍| 154/164 [00:52\u003c00:03,  3.01it/s, loss=0.7654, acc=0.9617]\n"}
,{"stream_name":"stderr","time":5420.375800778,"data":"\r[label_smooth] Stage2 Epoch 75/75:  94%|█████████▍| 154/164 [00:52\u003c00:03,  3.01it/s, loss=0.7654, acc=0.9617]\r[label_smooth] Stage2 Epoch 75/75:  95%|█████████▍| 155/164 [00:52\u003c00:02,  3.01it/s, loss=0.7654, acc=0.9617]\n"}
,{"stream_name":"stderr","time":5420.708203452,"data":"\r[label_smooth] Stage2 Epoch 75/75:  95%|█████████▍| 155/164 [00:52\u003c00:02,  3.01it/s, loss=0.7654, acc=0.9617]\r[label_smooth] Stage2 Epoch 75/75:  95%|█████████▍| 155/164 [00:52\u003c00:02,  3.01it/s, loss=0.7654, acc=0.9613]\n"}
,{"stream_name":"stderr","time":5420.709943017,"data":"\r[label_smooth] Stage2 Epoch 75/75:  95%|█████████▍| 155/164 [00:52\u003c00:02,  3.01it/s, loss=0.7654, acc=0.9613]\r[label_smooth] Stage2 Epoch 75/75:  95%|█████████▌| 156/164 [00:52\u003c00:02,  3.01it/s, loss=0.7654, acc=0.9613]\n"}
,{"stream_name":"stderr","time":5421.040425751,"data":"\r[label_smooth] Stage2 Epoch 75/75:  95%|█████████▌| 156/164 [00:52\u003c00:02,  3.01it/s, loss=0.7654, acc=0.9613]\r[label_smooth] Stage2 Epoch 75/75:  95%|█████████▌| 156/164 [00:53\u003c00:02,  3.01it/s, loss=0.7656, acc=0.9612]\n"}
,{"stream_name":"stderr","time":5421.041498113,"data":"\r[label_smooth] Stage2 Epoch 75/75:  95%|█████████▌| 156/164 [00:53\u003c00:02,  3.01it/s, loss=0.7656, acc=0.9612]\r[label_smooth] Stage2 Epoch 75/75:  96%|█████████▌| 157/164 [00:53\u003c00:02,  3.01it/s, loss=0.7656, acc=0.9612]\n"}
,{"stream_name":"stderr","time":5421.368731225,"data":"\r[label_smooth] Stage2 Epoch 75/75:  96%|█████████▌| 157/164 [00:53\u003c00:02,  3.01it/s, loss=0.7656, acc=0.9612]\r[label_smooth] Stage2 Epoch 75/75:  96%|█████████▌| 157/164 [00:53\u003c00:02,  3.01it/s, loss=0.7658, acc=0.9610]\n"}
,{"stream_name":"stderr","time":5421.369589841,"data":"\r[label_smooth] Stage2 Epoch 75/75:  96%|█████████▌| 157/164 [00:53\u003c00:02,  3.01it/s, loss=0.7658, acc=0.9610]\r[label_smooth] Stage2 Epoch 75/75:  96%|█████████▋| 158/164 [00:53\u003c00:01,  3.02it/s, loss=0.7658, acc=0.9610]\n"}
,{"stream_name":"stderr","time":5421.697588696,"data":"\r[label_smooth] Stage2 Epoch 75/75:  96%|█████████▋| 158/164 [00:53\u003c00:01,  3.02it/s, loss=0.7658, acc=0.9610]\r[label_smooth] Stage2 Epoch 75/75:  96%|█████████▋| 158/164 [00:53\u003c00:01,  3.02it/s, loss=0.7653, acc=0.9613]\n"}
,{"stream_name":"stderr","time":5421.698613549,"data":"\r[label_smooth] Stage2 Epoch 75/75:  96%|█████████▋| 158/164 [00:53\u003c00:01,  3.02it/s, loss=0.7653, acc=0.9613]\r[label_smooth] Stage2 Epoch 75/75:  97%|█████████▋| 159/164 [00:53\u003c00:01,  3.03it/s, loss=0.7653, acc=0.9613]\n"}
,{"stream_name":"stderr","time":5422.02513687,"data":"\r[label_smooth] Stage2 Epoch 75/75:  97%|█████████▋| 159/164 [00:53\u003c00:01,  3.03it/s, loss=0.7653, acc=0.9613]\r[label_smooth] Stage2 Epoch 75/75:  97%|█████████▋| 159/164 [00:54\u003c00:01,  3.03it/s, loss=0.7656, acc=0.9611]\n"}
,{"stream_name":"stderr","time":5422.025933851,"data":"\r[label_smooth] Stage2 Epoch 75/75:  97%|█████████▋| 159/164 [00:54\u003c00:01,  3.03it/s, loss=0.7656, acc=0.9611]\r[label_smooth] Stage2 Epoch 75/75:  98%|█████████▊| 160/164 [00:54\u003c00:01,  3.03it/s, loss=0.7656, acc=0.9611]\n"}
,{"stream_name":"stderr","time":5422.352332734,"data":"\r[label_smooth] Stage2 Epoch 75/75:  98%|█████████▊| 160/164 [00:54\u003c00:01,  3.03it/s, loss=0.7656, acc=0.9611]\r[label_smooth] Stage2 Epoch 75/75:  98%|█████████▊| 160/164 [00:54\u003c00:01,  3.03it/s, loss=0.7658, acc=0.9610]\n"}
,{"stream_name":"stderr","time":5422.353349996,"data":"\r[label_smooth] Stage2 Epoch 75/75:  98%|█████████▊| 160/164 [00:54\u003c00:01,  3.03it/s, loss=0.7658, acc=0.9610]\r[label_smooth] Stage2 Epoch 75/75:  98%|█████████▊| 161/164 [00:54\u003c00:00,  3.04it/s, loss=0.7658, acc=0.9610]\n"}
,{"stream_name":"stderr","time":5422.678403112,"data":"\r[label_smooth] Stage2 Epoch 75/75:  98%|█████████▊| 161/164 [00:54\u003c00:00,  3.04it/s, loss=0.7658, acc=0.9610]\r[label_smooth] Stage2 Epoch 75/75:  98%|█████████▊| 161/164 [00:54\u003c00:00,  3.04it/s, loss=0.7654, acc=0.9610]\n"}
,{"stream_name":"stderr","time":5422.679368492,"data":"\r[label_smooth] Stage2 Epoch 75/75:  98%|█████████▊| 161/164 [00:54\u003c00:00,  3.04it/s, loss=0.7654, acc=0.9610]\r[label_smooth] Stage2 Epoch 75/75:  99%|█████████▉| 162/164 [00:54\u003c00:00,  3.05it/s, loss=0.7654, acc=0.9610]\n"}
,{"stream_name":"stderr","time":5423.006458428,"data":"\r[label_smooth] Stage2 Epoch 75/75:  99%|█████████▉| 162/164 [00:54\u003c00:00,  3.05it/s, loss=0.7654, acc=0.9610]\r[label_smooth] Stage2 Epoch 75/75:  99%|█████████▉| 162/164 [00:55\u003c00:00,  3.05it/s, loss=0.7654, acc=0.9613]\n"}
,{"stream_name":"stderr","time":5423.007487668,"data":"\r[label_smooth] Stage2 Epoch 75/75:  99%|█████████▉| 162/164 [00:55\u003c00:00,  3.05it/s, loss=0.7654, acc=0.9613]\r[label_smooth] Stage2 Epoch 75/75:  99%|█████████▉| 163/164 [00:55\u003c00:00,  3.05it/s, loss=0.7654, acc=0.9613]\n"}
,{"stream_name":"stderr","time":5423.323561368,"data":"\r[label_smooth] Stage2 Epoch 75/75:  99%|█████████▉| 163/164 [00:55\u003c00:00,  3.05it/s, loss=0.7654, acc=0.9613]\r[label_smooth] Stage2 Epoch 75/75:  99%|█████████▉| 163/164 [00:55\u003c00:00,  3.05it/s, loss=0.7662, acc=0.9607]\n"}
,{"stream_name":"stderr","time":5423.324663255,"data":"\r[label_smooth] Stage2 Epoch 75/75:  99%|█████████▉| 163/164 [00:55\u003c00:00,  3.05it/s, loss=0.7662, acc=0.9607]\r[label_smooth] Stage2 Epoch 75/75: 100%|██████████| 164/164 [00:55\u003c00:00,  3.08it/s, loss=0.7662, acc=0.9607]\n"}
,{"stream_name":"stderr","time":5423.392733967,"data":"\r[label_smooth] Stage2 Epoch 75/75: 100%|██████████| 164/164 [00:55\u003c00:00,  3.08it/s, loss=0.7662, acc=0.9607]\r[label_smooth] Stage2 Epoch 75/75: 100%|██████████| 164/164 [00:55\u003c00:00,  2.96it/s, loss=0.7662, acc=0.9607]\n"}
,{"stream_name":"stderr","time":5423.419692062,"data":"\r[label_smooth] Stage2 Epoch 75/75: 100%|██████████| 164/164 [00:55\u003c00:00,  2.96it/s, loss=0.7662, acc=0.9607]\n"}
,{"stream_name":"stderr","time":5423.419719449,"data":"\n"}
,{"stream_name":"stderr","time":5423.419750442,"data":"\n"}
,{"stream_name":"stdout","time":5427.99488068,"data":"  Val Loss: 0.9840 | Val Acc: 0.8758 | Val Macro-F1: 0.7841\n"}
,{"stream_name":"stdout","time":5427.994924583,"data":"\n"}
,{"stream_name":"stdout","time":5427.994930468,"data":"[label_smooth] done in 89.9 min. Best val macro_f1: 0.7946\n"}
,{"stream_name":"stdout","time":5427.994933985,"data":"\n"}
,{"stream_name":"stdout","time":5427.994937522,"data":"All augmentation policies trained.\n"}
,{"stream_name":"stdout","time":5433.641222071,"data":"Classes (20): ['coral', 'crab', 'diver', 'eel', 'fish', 'fishInGroups', 'flatworm', 'jellyfish', 'marine_dolphin', 'octopus', 'rayfish', 'seaAnemone', 'seaCucumber', 'seaSlug', 'seaUrchin', 'shark', 'shrimp', 'squid', 'starfish', 'turtle']\n"}
,{"stream_name":"stdout","time":5433.641268033,"data":"\n"}
,{"stream_name":"stdout","time":5440.310231926,"data":"============================================================\n"}
,{"stream_name":"stdout","time":5440.310286302,"data":"  LABEL_SMOOTH  Top-1: 0.8536 | Top-3: 0.9653 | Macro-F1: 0.7631\n"}
,{"stream_name":"stdout","time":5440.310293799,"data":"============================================================\n"}
,{"stream_name":"stdout","time":5443.184483026,"data":"Top-1 Accuracy vs Macro-F1 across augmentation policies:\n"}
,{"stream_name":"stdout","time":5443.184533531,"data":"  label_smooth  Top-1 85.36%   Macro-F1 0.7631   errors 236\n"}
,{"stream_name":"stdout","time":5443.184542854,"data":"Saved analysis/augmentation_comparison.{csv,png}\n"}
,{"stream_name":"stdout","time":5449.311618233,"data":"label_smooth: confusion matrix -\u003e confusion_matrix_resnet50_label_smooth.png\n"}
,{"stream_name":"stdout","time":5454.994294478,"data":"\n"}
,{"stream_name":"stdout","time":5454.994324762,"data":"=== [label_smooth] 236 errors (14.6%) | mean conf correct 0.7960 wrong 0.4834\n"}
,{"stream_name":"stdout","time":5454.994332164,"data":"         class  support  precision  recall     f1  top3_recall  mean_conf_correct  mean_conf_wrong  mean_true_prob_when_wrong\n"}
,{"stream_name":"stdout","time":5454.994340501,"data":"      flatworm       13     0.6667  0.3077 0.4211       0.7692             0.4983           0.5256                     0.0925\n"}
,{"stream_name":"stdout","time":5454.994343778,"data":"marine_dolphin       10     0.7500  0.3000 0.4286       0.7000             0.3350           0.4310                     0.1016\n"}
,{"stream_name":"stdout","time":5454.994347206,"data":"          crab       11     0.4706  0.7273 0.5714       1.0000             0.5931           0.2119                     0.1542\n"}
,{"stream_name":"stdout","time":5454.994350438,"data":"       seaSlug       20     0.5161  0.8000 0.6275       1.0000             0.5979           0.3291                     0.1336\n"}
,{"stream_name":"stdout","time":5454.994353541,"data":"   seaCucumber       10     0.6667  0.6000 0.6316       1.0000             0.4290           0.4035                     0.0937\n"}
,{"stream_name":"stdout","time":5454.994356625,"data":"      true    predicted  count  pct_of_true_class\n"}
,{"stream_name":"stdout","time":5454.994376807,"data":"      fish        coral     17               3.16\n"}
,{"stream_name":"stdout","time":5454.994380006,"data":"      fish fishInGroups     15               2.79\n"}
,{"stream_name":"stdout","time":5454.994383167,"data":"      fish   seaAnemone     14               2.60\n"}
,{"stream_name":"stdout","time":5454.994386257,"data":"     coral   seaAnemone     12               3.45\n"}
,{"stream_name":"stdout","time":5454.99438942,"data":"     coral         fish     11               3.16\n"}
,{"stream_name":"stdout","time":5454.994392511,"data":"seaAnemone        coral      9               4.07\n"}
,{"stream_name":"stdout","time":5454.994395589,"data":"      fish          eel      9               1.67\n"}
,{"stream_name":"stdout","time":5454.994407927,"data":"     coral      rayfish      8               2.30\n"}
,{"stream_name":"stdout","time":5454.994410569,"data":"\n"}
,{"stream_name":"stdout","time":5454.994412979,"data":"Error analysis written for all policies.\n"}
,{"stream_name":"stdout","time":5465.768802748,"data":"[label_smooth] 20 misclassified + 20 correct, 20 classes -\u003e gradcam/resnet50_label_smooth\n"}
,{"stream_name":"stdout","time":5493.284711322,"data":"  saved 40 images\n"}
,{"stream_name":"stdout","time":5493.284748166,"data":"\n"}
,{"stream_name":"stdout","time":5493.284754593,"data":"Grad-CAM complete for all policies.\n"}
,{"stream_name":"stdout","time":5498.419788046,"data":"Kernel output (/kaggle/working):\n"}
,{"stream_name":"stdout","time":5498.419838885,"data":"  __notebook__.ipynb                                                 7.60 MB\n"}
,{"stream_name":"stdout","time":5498.419851439,"data":"  confusion_matrix_resnet50_label_smooth.png                         0.16 MB\n"}
,{"stream_name":"stdout","time":5498.419856731,"data":"  training_state_resnet50_label_smooth.json                          0.00 MB\n"}
,{"stream_name":"stdout","time":5498.419861415,"data":"  weights_resnet50_label_smooth.pth                                 94.52 MB\n"}
,{"stream_name":"stdout","time":5498.419866438,"data":"  analysis/augmentation_comparison.csv                               0.00 MB\n"}
,{"stream_name":"stdout","time":5498.419871254,"data":"  analysis/augmentation_comparison.png                               0.04 MB\n"}
,{"stream_name":"stdout","time":5498.419876115,"data":"  analysis/label_smooth/confident_mistakes.csv                       0.01 MB\n"}
,{"stream_name":"stdout","time":5498.419880713,"data":"  analysis/label_smooth/confusion_matrix.csv                         0.00 MB\n"}
,{"stream_name":"stdout","time":5498.419885442,"data":"  analysis/label_smooth/confusion_pairs.csv                          0.00 MB\n"}
,{"stream_name":"stdout","time":5498.419892875,"data":"  analysis/label_smooth/epoch_log.csv                                0.01 MB\n"}
,{"stream_name":"stdout","time":5498.419898219,"data":"  analysis/label_smooth/gradcam_manifest.csv                         0.00 MB\n"}
,{"stream_name":"stdout","time":5498.419903244,"data":"  analysis/label_smooth/per_class.csv                                0.00 MB\n"}
,{"stream_name":"stdout","time":5498.419908413,"data":"  analysis/label_smooth/probabilities.npy                            0.13 MB\n"}
,{"stream_name":"stdout","time":5498.419913985,"data":"  analysis/label_smooth/summary.json                                 0.00 MB\n"}
,{"stream_name":"stdout","time":5498.419918925,"data":"  gradcam/resnet50_label_smooth/err_000_coral-as-turtle.png          0.73 MB\n"}
,{"stream_name":"stdout","time":5498.419923946,"data":"  gradcam/resnet50_label_smooth/err_001_crab-as-eel.png              1.01 MB\n"}
,{"stream_name":"stdout","time":5498.419928636,"data":"  gradcam/resnet50_label_smooth/err_002_eel-as-seaSlug.png           0.59 MB\n"}
,{"stream_name":"stdout","time":5498.419933618,"data":"  gradcam/resnet50_label_smooth/err_003_fish-as-eel.png              1.20 MB\n"}
,{"stream_name":"stdout","time":5498.419938998,"data":"  gradcam/resnet50_label_smooth/err_004_fishInGroups-as-fish.png     0.80 MB\n"}
,{"stream_name":"stdout","time":5498.419944026,"data":"  gradcam/resnet50_label_smooth/err_005_flatworm-as-seaSlug.png      0.88 MB\n"}
,{"stream_name":"stdout","time":5498.419948753,"data":"  gradcam/resnet50_label_smooth/err_006_jellyfish-as-seaAnemone.png     1.02 MB\n"}
,{"stream_name":"stdout","time":5498.419953301,"data":"  gradcam/resnet50_label_smooth/err_007_marine_dolphin-as-shark.png     0.54 MB\n"}
,{"stream_name":"stdout","time":5498.419958246,"data":"  gradcam/resnet50_label_smooth/err_008_octopus-as-squid.png         0.85 MB\n"}
,{"stream_name":"stdout","time":5498.419973449,"data":"  gradcam/resnet50_label_smooth/err_009_rayfish-as-fish.png          0.83 MB\n"}
,{"stream_name":"stdout","time":5498.420018535,"data":"  gradcam/resnet50_label_smooth/err_010_seaAnemone-as-fish.png       0.96 MB\n"}
,{"stream_name":"stdout","time":5498.420024141,"data":"  gradcam/resnet50_label_smooth/err_011_seaCucumber-as-eel.png       1.08 MB\n"}
,{"stream_name":"stdout","time":5498.420031007,"data":"  gradcam/resnet50_label_smooth/err_012_seaSlug-as-flatworm.png      0.99 MB\n"}
,{"stream_name":"stdout","time":5498.420035381,"data":"  gradcam/resnet50_label_smooth/err_013_seaUrchin-as-seaAnemone.png     1.06 MB\n"}
,{"stream_name":"stdout","time":5498.420039531,"data":"  gradcam/resnet50_label_smooth/err_014_shark-as-rayfish.png         0.55 MB\n"}
,{"stream_name":"stdout","time":5498.42004387,"data":"  gradcam/resnet50_label_smooth/err_015_shrimp-as-crab.png           1.13 MB\n"}
,{"stream_name":"stdout","time":5498.420048014,"data":"  gradcam/resnet50_label_smooth/err_016_squid-as-fish.png            0.58 MB\n"}
,{"stream_name":"stdout","time":5498.420051776,"data":"  gradcam/resnet50_label_smooth/err_017_starfish-as-eel.png          1.15 MB\n"}
,{"stream_name":"stdout","time":5498.420072662,"data":"  gradcam/resnet50_label_smooth/err_018_turtle-as-shark.png          0.50 MB\n"}
,{"stream_name":"stdout","time":5498.420077967,"data":"  gradcam/resnet50_label_smooth/err_019_coral-as-seaAnemone.png      0.83 MB\n"}
,{"stream_name":"stdout","time":5498.420081748,"data":"  gradcam/resnet50_label_smooth/zz_ok_020_coral-as-coral.png         0.76 MB\n"}
,{"stream_name":"stdout","time":5498.420085547,"data":"  gradcam/resnet50_label_smooth/zz_ok_021_crab-as-crab.png           0.95 MB\n"}
,{"stream_name":"stdout","time":5498.420089686,"data":"  gradcam/resnet50_label_smooth/zz_ok_022_diver-as-diver.png         0.71 MB\n"}
,{"stream_name":"stdout","time":5498.420094233,"data":"  gradcam/resnet50_label_smooth/zz_ok_023_eel-as-eel.png             0.78 MB\n"}
,{"stream_name":"stdout","time":5498.420098782,"data":"  gradcam/resnet50_label_smooth/zz_ok_024_fish-as-fish.png           0.78 MB\n"}
,{"stream_name":"stdout","time":5498.420102943,"data":"  gradcam/resnet50_label_smooth/zz_ok_025_fishInGroups-as-fishInGroups.png     0.63 MB\n"}
,{"stream_name":"stdout","time":5498.420107181,"data":"  gradcam/resnet50_label_smooth/zz_ok_026_flatworm-as-flatworm.png     0.98 MB\n"}
,{"stream_name":"stdout","time":5498.420110872,"data":"  gradcam/resnet50_label_smooth/zz_ok_027_jellyfish-as-jellyfish.png     0.41 MB\n"}
,{"stream_name":"stdout","time":5498.420114795,"data":"  gradcam/resnet50_label_smooth/zz_ok_028_marine_dolphin-as-marine_dolphin.png     0.39 MB\n"}
,{"stream_name":"stdout","time":5498.420118287,"data":"  gradcam/resnet50_label_smooth/zz_ok_029_octopus-as-octopus.png     0.99 MB\n"}
,{"stream_name":"stdout","time":5498.420121719,"data":"  gradcam/resnet50_label_smooth/zz_ok_030_rayfish-as-rayfish.png     0.60 MB\n"}
,{"stream_name":"stdout","time":5498.420125277,"data":"  gradcam/resnet50_label_smooth/zz_ok_031_seaAnemone-as-seaAnemone.png     0.95 MB\n"}
,{"stream_name":"stdout","time":5498.420128929,"data":"  gradcam/resnet50_label_smooth/zz_ok_032_seaCucumber-as-seaCucumber.png     1.15 MB\n"}
,{"stream_name":"stdout","time":5498.42013273,"data":"  gradcam/resnet50_label_smooth/zz_ok_033_seaSlug-as-seaSlug.png     0.75 MB\n"}
,{"stream_name":"stdout","time":5498.420137017,"data":"  gradcam/resnet50_label_smooth/zz_ok_034_seaUrchin-as-seaUrchin.png     1.13 MB\n"}
,{"stream_name":"stdout","time":5498.420141385,"data":"  gradcam/resnet50_label_smooth/zz_ok_035_shark-as-shark.png         0.56 MB\n"}
,{"stream_name":"stdout","time":5498.420153906,"data":"  gradcam/resnet50_label_smooth/zz_ok_036_shrimp-as-shrimp.png       0.59 MB\n"}
,{"stream_name":"stdout","time":5498.420158061,"data":"  gradcam/resnet50_label_smooth/zz_ok_037_squid-as-squid.png         0.97 MB\n"}
,{"stream_name":"stdout","time":5498.420162915,"data":"  gradcam/resnet50_label_smooth/zz_ok_038_starfish-as-starfish.png     1.21 MB\n"}
,{"stream_name":"stdout","time":5498.420166796,"data":"  gradcam/resnet50_label_smooth/zz_ok_039_turtle-as-turtle.png       0.51 MB\n"}
,{"stream_name":"stdout","time":5498.420170492,"data":"\n"}
,{"stream_name":"stdout","time":5498.420174545,"data":"Total: 135.5 MB\n"}
,{"stream_name":"stdout","time":5498.420178541,"data":"\n"}
,{"stream_name":"stdout","time":5498.420182326,"data":"Pull with:  kaggle kernels output farhantahsinkhan/\u003cslug\u003e -p \u003cdir\u003e\n"}
,{"stream_name":"stdout","time":5498.420186691,"data":"Downloads are alphabetical and can truncate — analysis/ arrives first, weights last.\n"}
,{"stream_name":"stderr","time":5507.585730628,"data":"/usr/local/lib/python3.12/dist-packages/mistune.py:435: SyntaxWarning: invalid escape sequence '\\|'\n"}
,{"stream_name":"stderr","time":5507.585786013,"data":"  cells[i][c] = re.sub('\\\\\\\\\\|', '|', cell)\n"}
,{"stream_name":"stderr","time":5507.722038566,"data":"/usr/local/lib/python3.12/dist-packages/nbconvert/filters/filter_links.py:36: SyntaxWarning: invalid escape sequence '\\_'\n"}
,{"stream_name":"stderr","time":5507.722072556,"data":"  text = re.sub(r'_', '\\_', text) # Escape underscores in display text\n"}
,{"stream_name":"stderr","time":5508.295297281,"data":"[NbConvertApp] Converting notebook __notebook__.ipynb to notebook\n"}
,{"stream_name":"stderr","time":5512.624446982,"data":"[NbConvertApp] Writing 169545 bytes to __notebook__.ipynb\n"}
,{"stream_name":"stderr","time":5514.927793906,"data":"[NbConvertApp] Converting notebook __notebook__.ipynb to html\n"}
,{"stream_name":"stderr","time":5515.90923075,"data":"[NbConvertApp] Writing 568887 bytes to __results__.html\n"}
]