[{"stream_name":"stderr","time":5590.306480672,"data":"\r[cosine_anneal] Stage2 Epoch 69/75:   5%|▍         | 8/164 [00:04\u003c01:06,  2.35it/s, loss=0.1886, acc=0.9609]\r[cosine_anneal] Stage2 Epoch 69/75:   5%|▍         | 8/164 [00:05\u003c01:06,  2.35it/s, loss=0.1779, acc=0.9618]\n"}
,{"stream_name":"stderr","time":5590.307684845,"data":"\r[cosine_anneal] Stage2 Epoch 69/75:   5%|▍         | 8/164 [00:05\u003c01:06,  2.35it/s, loss=0.1779, acc=0.9618]\r[cosine_anneal] Stage2 Epoch 69/75:   5%|▌         | 9/164 [00:05\u003c01:03,  2.44it/s, loss=0.1779, acc=0.9618]\n"}
,{"stream_name":"stderr","time":5590.683628351,"data":"\r[cosine_anneal] Stage2 Epoch 69/75:   5%|▌         | 9/164 [00:05\u003c01:03,  2.44it/s, loss=0.1779, acc=0.9618]\r[cosine_anneal] Stage2 Epoch 69/75:   5%|▌         | 9/164 [00:05\u003c01:03,  2.44it/s, loss=0.1892, acc=0.9531]\n"}
,{"stream_name":"stderr","time":5590.684746737,"data":"\r[cosine_anneal] Stage2 Epoch 69/75:   5%|▌         | 9/164 [00:05\u003c01:03,  2.44it/s, loss=0.1892, acc=0.9531]\r[cosine_anneal] Stage2 Epoch 69/75:   6%|▌         | 10/164 [00:05\u003c01:01,  2.51it/s, loss=0.1892, acc=0.9531]\n"}
,{"stream_name":"stderr","time":5591.053506411,"data":"\r[cosine_anneal] Stage2 Epoch 69/75:   6%|▌         | 10/164 [00:05\u003c01:01,  2.51it/s, loss=0.1892, acc=0.9531]\r[cosine_anneal] Stage2 Epoch 69/75:   6%|▌         | 10/164 [00:06\u003c01:01,  2.51it/s, loss=0.1745, acc=0.9574]\n"}
,{"stream_name":"stderr","time":5591.054950726,"data":"\r[cosine_anneal] Stage2 Epoch 69/75:   6%|▌         | 10/164 [00:06\u003c01:01,  2.51it/s, loss=0.1745, acc=0.9574]\r[cosine_anneal] Stage2 Epoch 69/75:   7%|▋         | 11/164 [00:06\u003c00:59,  2.56it/s, loss=0.1745, acc=0.9574]\n"}
,{"stream_name":"stderr","time":5591.425173251,"data":"\r[cosine_anneal] Stage2 Epoch 69/75:   7%|▋         | 11/164 [00:06\u003c00:59,  2.56it/s, loss=0.1745, acc=0.9574]\r[cosine_anneal] Stage2 Epoch 69/75:   7%|▋         | 11/164 [00:06\u003c00:59,  2.56it/s, loss=0.1740, acc=0.9583]\n"}
,{"stream_name":"stderr","time":5591.426056665,"data":"\r[cosine_anneal] Stage2 Epoch 69/75:   7%|▋         | 11/164 [00:06\u003c00:59,  2.56it/s, loss=0.1740, acc=0.9583]\r[cosine_anneal] Stage2 Epoch 69/75:   7%|▋         | 12/164 [00:06\u003c00:58,  2.60it/s, loss=0.1740, acc=0.9583]\n"}
,{"stream_name":"stderr","time":5591.801378316,"data":"\r[cosine_anneal] Stage2 Epoch 69/75:   7%|▋         | 12/164 [00:06\u003c00:58,  2.60it/s, loss=0.1740, acc=0.9583]\r[cosine_anneal] Stage2 Epoch 69/75:   7%|▋         | 12/164 [00:06\u003c00:58,  2.60it/s, loss=0.1813, acc=0.9543]\n"}
,{"stream_name":"stderr","time":5591.804527878,"data":"\r[cosine_anneal] Stage2 Epoch 69/75:   7%|▋         | 12/164 [00:06\u003c00:58,  2.60it/s, loss=0.1813, acc=0.9543]\r[cosine_anneal] Stage2 Epoch 69/75:   8%|▊         | 13/164 [00:06\u003c00:57,  2.62it/s, loss=0.1813, acc=0.9543]\n"}
,{"stream_name":"stderr","time":5592.171251754,"data":"\r[cosine_anneal] Stage2 Epoch 69/75:   8%|▊         | 13/164 [00:06\u003c00:57,  2.62it/s, loss=0.1813, acc=0.9543]\r[cosine_anneal] Stage2 Epoch 69/75:   8%|▊         | 13/164 [00:07\u003c00:57,  2.62it/s, loss=0.1713, acc=0.9554]\n"}
,{"stream_name":"stderr","time":5592.172434067,"data":"\r[cosine_anneal] Stage2 Epoch 69/75:   8%|▊         | 13/164 [00:07\u003c00:57,  2.62it/s, loss=0.1713, acc=0.9554]\r[cosine_anneal] Stage2 Epoch 69/75:   9%|▊         | 14/164 [00:07\u003c00:56,  2.64it/s, loss=0.1713, acc=0.9554]\n"}
,{"stream_name":"stderr","time":5592.549496499,"data":"\r[cosine_anneal] Stage2 Epoch 69/75:   9%|▊         | 14/164 [00:07\u003c00:56,  2.64it/s, loss=0.1713, acc=0.9554]\r[cosine_anneal] Stage2 Epoch 69/75:   9%|▊         | 14/164 [00:07\u003c00:56,  2.64it/s, loss=0.1641, acc=0.9583]\n"}
,{"stream_name":"stderr","time":5592.550316015,"data":"\r[cosine_anneal] Stage2 Epoch 69/75:   9%|▊         | 14/164 [00:07\u003c00:56,  2.64it/s, loss=0.1641, acc=0.9583]\r[cosine_anneal] Stage2 Epoch 69/75:   9%|▉         | 15/164 [00:07\u003c00:56,  2.64it/s, loss=0.1641, acc=0.9583]\n"}
,{"stream_name":"stderr","time":5592.920045072,"data":"\r[cosine_anneal] Stage2 Epoch 69/75:   9%|▉         | 15/164 [00:07\u003c00:56,  2.64it/s, loss=0.1641, acc=0.9583]\r[cosine_anneal] Stage2 Epoch 69/75:   9%|▉         | 15/164 [00:07\u003c00:56,  2.64it/s, loss=0.1595, acc=0.9590]\n"}
,{"stream_name":"stderr","time":5592.921272545,"data":"\r[cosine_anneal] Stage2 Epoch 69/75:   9%|▉         | 15/164 [00:07\u003c00:56,  2.64it/s, loss=0.1595, acc=0.9590]\r[cosine_anneal] Stage2 Epoch 69/75:  10%|▉         | 16/164 [00:07\u003c00:55,  2.66it/s, loss=0.1595, acc=0.9590]\n"}
,{"stream_name":"stderr","time":5593.294003571,"data":"\r[cosine_anneal] Stage2 Epoch 69/75:  10%|▉         | 16/164 [00:07\u003c00:55,  2.66it/s, loss=0.1595, acc=0.9590]\r[cosine_anneal] Stage2 Epoch 69/75:  10%|▉         | 16/164 [00:08\u003c00:55,  2.66it/s, loss=0.1512, acc=0.9614]\n"}
,{"stream_name":"stderr","time":5593.295140192,"data":"\r[cosine_anneal] Stage2 Epoch 69/75:  10%|▉         | 16/164 [00:08\u003c00:55,  2.66it/s, loss=0.1512, acc=0.9614]\r[cosine_anneal] Stage2 Epoch 69/75:  10%|█         | 17/164 [00:08\u003c00:55,  2.66it/s, loss=0.1512, acc=0.9614]\n"}
,{"stream_name":"stderr","time":5593.66741825,"data":"\r[cosine_anneal] Stage2 Epoch 69/75:  10%|█         | 17/164 [00:08\u003c00:55,  2.66it/s, loss=0.1512, acc=0.9614]\r[cosine_anneal] Stage2 Epoch 69/75:  10%|█         | 17/164 [00:08\u003c00:55,  2.66it/s, loss=0.1453, acc=0.9635]\n"}
,{"stream_name":"stderr","time":5593.668634968,"data":"\r[cosine_anneal] Stage2 Epoch 69/75:  10%|█         | 17/164 [00:08\u003c00:55,  2.66it/s, loss=0.1453, acc=0.9635]\r[cosine_anneal] Stage2 Epoch 69/75:  11%|█         | 18/164 [00:08\u003c00:54,  2.67it/s, loss=0.1453, acc=0.9635]\n"}
,{"stream_name":"stderr","time":5594.047032307,"data":"\r[cosine_anneal] Stage2 Epoch 69/75:  11%|█         | 18/164 [00:08\u003c00:54,  2.67it/s, loss=0.1453, acc=0.9635]\r[cosine_anneal] Stage2 Epoch 69/75:  11%|█         | 18/164 [00:09\u003c00:54,  2.67it/s, loss=0.1539, acc=0.9589]\n"}
,{"stream_name":"stderr","time":5594.047882996,"data":"\r[cosine_anneal] Stage2 Epoch 69/75:  11%|█         | 18/164 [00:09\u003c00:54,  2.67it/s, loss=0.1539, acc=0.9589]\r[cosine_anneal] Stage2 Epoch 69/75:  12%|█▏        | 19/164 [00:09\u003c00:54,  2.66it/s, loss=0.1539, acc=0.9589]\n"}
,{"stream_name":"stderr","time":5594.421449929,"data":"\r[cosine_anneal] Stage2 Epoch 69/75:  12%|█▏        | 19/164 [00:09\u003c00:54,  2.66it/s, loss=0.1539, acc=0.9589]\r[cosine_anneal] Stage2 Epoch 69/75:  12%|█▏        | 19/164 [00:09\u003c00:54,  2.66it/s, loss=0.1484, acc=0.9594]\n"}
,{"stream_name":"stderr","time":5594.422609313,"data":"\r[cosine_anneal] Stage2 Epoch 69/75:  12%|█▏        | 19/164 [00:09\u003c00:54,  2.66it/s, loss=0.1484, acc=0.9594]\r[cosine_anneal] Stage2 Epoch 69/75:  12%|█▏        | 20/164 [00:09\u003c00:54,  2.66it/s, loss=0.1484, acc=0.9594]\n"}
,{"stream_name":"stderr","time":5594.795669622,"data":"\r[cosine_anneal] Stage2 Epoch 69/75:  12%|█▏        | 20/164 [00:09\u003c00:54,  2.66it/s, loss=0.1484, acc=0.9594]\r[cosine_anneal] Stage2 Epoch 69/75:  12%|█▏        | 20/164 [00:09\u003c00:54,  2.66it/s, loss=0.1432, acc=0.9613]\n"}
,{"stream_name":"stderr","time":5594.796774318,"data":"\r[cosine_anneal] Stage2 Epoch 69/75:  12%|█▏        | 20/164 [00:09\u003c00:54,  2.66it/s, loss=0.1432, acc=0.9613]\r[cosine_anneal] Stage2 Epoch 69/75:  13%|█▎        | 21/164 [00:09\u003c00:53,  2.66it/s, loss=0.1432, acc=0.9613]\n"}
,{"stream_name":"stderr","time":5595.171555151,"data":"\r[cosine_anneal] Stage2 Epoch 69/75:  13%|█▎        | 21/164 [00:09\u003c00:53,  2.66it/s, loss=0.1432, acc=0.9613]\r[cosine_anneal] Stage2 Epoch 69/75:  13%|█▎        | 21/164 [00:10\u003c00:53,  2.66it/s, loss=0.1393, acc=0.9616]\n"}
,{"stream_name":"stderr","time":5595.172822242,"data":"\r[cosine_anneal] Stage2 Epoch 69/75:  13%|█▎        | 21/164 [00:10\u003c00:53,  2.66it/s, loss=0.1393, acc=0.9616]\r[cosine_anneal] Stage2 Epoch 69/75:  13%|█▎        | 22/164 [00:10\u003c00:53,  2.66it/s, loss=0.1393, acc=0.9616]\n"}
,{"stream_name":"stderr","time":5595.549829088,"data":"\r[cosine_anneal] Stage2 Epoch 69/75:  13%|█▎        | 22/164 [00:10\u003c00:53,  2.66it/s, loss=0.1393, acc=0.9616]\r[cosine_anneal] Stage2 Epoch 69/75:  13%|█▎        | 22/164 [00:10\u003c00:53,  2.66it/s, loss=0.1470, acc=0.9606]\n"}
,{"stream_name":"stderr","time":5595.550723491,"data":"\r[cosine_anneal] Stage2 Epoch 69/75:  13%|█▎        | 22/164 [00:10\u003c00:53,  2.66it/s, loss=0.1470, acc=0.9606]\r[cosine_anneal] Stage2 Epoch 69/75:  14%|█▍        | 23/164 [00:10\u003c00:53,  2.66it/s, loss=0.1470, acc=0.9606]\n"}
,{"stream_name":"stderr","time":5595.920546969,"data":"\r[cosine_anneal] Stage2 Epoch 69/75:  14%|█▍        | 23/164 [00:10\u003c00:53,  2.66it/s, loss=0.1470, acc=0.9606]\r[cosine_anneal] Stage2 Epoch 69/75:  14%|█▍        | 23/164 [00:10\u003c00:53,  2.66it/s, loss=0.1433, acc=0.9622]\n"}
,{"stream_name":"stderr","time":5595.921744035,"data":"\r[cosine_anneal] Stage2 Epoch 69/75:  14%|█▍        | 23/164 [00:10\u003c00:53,  2.66it/s, loss=0.1433, acc=0.9622]\r[cosine_anneal] Stage2 Epoch 69/75:  15%|█▍        | 24/164 [00:10\u003c00:52,  2.67it/s, loss=0.1433, acc=0.9622]\n"}
,{"stream_name":"stderr","time":5596.298275232,"data":"\r[cosine_anneal] Stage2 Epoch 69/75:  15%|█▍        | 24/164 [00:10\u003c00:52,  2.67it/s, loss=0.1433, acc=0.9622]\r[cosine_anneal] Stage2 Epoch 69/75:  15%|█▍        | 24/164 [00:11\u003c00:52,  2.67it/s, loss=0.1475, acc=0.9613]\n"}
,{"stream_name":"stderr","time":5596.299314573,"data":"\r[cosine_anneal] Stage2 Epoch 69/75:  15%|█▍        | 24/164 [00:11\u003c00:52,  2.67it/s, loss=0.1475, acc=0.9613]\r[cosine_anneal] Stage2 Epoch 69/75:  15%|█▌        | 25/164 [00:11\u003c00:52,  2.66it/s, loss=0.1475, acc=0.9613]\n"}
,{"stream_name":"stderr","time":5596.670540572,"data":"\r[cosine_anneal] Stage2 Epoch 69/75:  15%|█▌        | 25/164 [00:11\u003c00:52,  2.66it/s, loss=0.1475, acc=0.9613]\r[cosine_anneal] Stage2 Epoch 69/75:  15%|█▌        | 25/164 [00:11\u003c00:52,  2.66it/s, loss=0.1440, acc=0.9627]\n"}
,{"stream_name":"stderr","time":5596.671710586,"data":"\r[cosine_anneal] Stage2 Epoch 69/75:  15%|█▌        | 25/164 [00:11\u003c00:52,  2.66it/s, loss=0.1440, acc=0.9627]\r[cosine_anneal] Stage2 Epoch 69/75:  16%|█▌        | 26/164 [00:11\u003c00:51,  2.67it/s, loss=0.1440, acc=0.9627]\n"}
,{"stream_name":"stderr","time":5597.050959618,"data":"\r[cosine_anneal] Stage2 Epoch 69/75:  16%|█▌        | 26/164 [00:11\u003c00:51,  2.67it/s, loss=0.1440, acc=0.9627]\r[cosine_anneal] Stage2 Epoch 69/75:  16%|█▌        | 26/164 [00:12\u003c00:51,  2.67it/s, loss=0.1481, acc=0.9630]\n"}
,{"stream_name":"stderr","time":5597.052438289,"data":"\r[cosine_anneal] Stage2 Epoch 69/75:  16%|█▌        | 26/164 [00:12\u003c00:51,  2.67it/s, loss=0.1481, acc=0.9630]\r[cosine_anneal] Stage2 Epoch 69/75:  16%|█▋        | 27/164 [00:12\u003c00:51,  2.66it/s, loss=0.1481, acc=0.9630]\n"}
,{"stream_name":"stderr","time":5597.426888639,"data":"\r[cosine_anneal] Stage2 Epoch 69/75:  16%|█▋        | 27/164 [00:12\u003c00:51,  2.66it/s, loss=0.1481, acc=0.9630]\r[cosine_anneal] Stage2 Epoch 69/75:  16%|█▋        | 27/164 [00:12\u003c00:51,  2.66it/s, loss=0.1469, acc=0.9632]\n"}
,{"stream_name":"stderr","time":5597.428147743,"data":"\r[cosine_anneal] Stage2 Epoch 69/75:  16%|█▋        | 27/164 [00:12\u003c00:51,  2.66it/s, loss=0.1469, acc=0.9632]\r[cosine_anneal] Stage2 Epoch 69/75:  17%|█▋        | 28/164 [00:12\u003c00:51,  2.66it/s, loss=0.1469, acc=0.9632]\n"}
,{"stream_name":"stderr","time":5597.803311791,"data":"\r[cosine_anneal] Stage2 Epoch 69/75:  17%|█▋        | 28/164 [00:12\u003c00:51,  2.66it/s, loss=0.1469, acc=0.9632]\r[cosine_anneal] Stage2 Epoch 69/75:  17%|█▋        | 28/164 [00:12\u003c00:51,  2.66it/s, loss=0.1462, acc=0.9623]\n"}
,{"stream_name":"stderr","time":5597.804325206,"data":"\r[cosine_anneal] Stage2 Epoch 69/75:  17%|█▋        | 28/164 [00:12\u003c00:51,  2.66it/s, loss=0.1462, acc=0.9623]\r[cosine_anneal] Stage2 Epoch 69/75:  18%|█▊        | 29/164 [00:12\u003c00:50,  2.66it/s, loss=0.1462, acc=0.9623]\n"}
,{"stream_name":"stderr","time":5598.175563688,"data":"\r[cosine_anneal] Stage2 Epoch 69/75:  18%|█▊        | 29/164 [00:12\u003c00:50,  2.66it/s, loss=0.1462, acc=0.9623]\r[cosine_anneal] Stage2 Epoch 69/75:  18%|█▊        | 29/164 [00:13\u003c00:50,  2.66it/s, loss=0.1416, acc=0.9635]\n"}
,{"stream_name":"stderr","time":5598.176533759,"data":"\r[cosine_anneal] Stage2 Epoch 69/75:  18%|█▊        | 29/164 [00:13\u003c00:50,  2.66it/s, loss=0.1416, acc=0.9635]\r[cosine_anneal] Stage2 Epoch 69/75:  18%|█▊        | 30/164 [00:13\u003c00:50,  2.67it/s, loss=0.1416, acc=0.9635]\n"}
,{"stream_name":"stderr","time":5598.550217086,"data":"\r[cosine_anneal] Stage2 Epoch 69/75:  18%|█▊        | 30/164 [00:13\u003c00:50,  2.67it/s, loss=0.1416, acc=0.9635]\r[cosine_anneal] Stage2 Epoch 69/75:  18%|█▊        | 30/164 [00:13\u003c00:50,  2.67it/s, loss=0.1445, acc=0.9617]\n"}
,{"stream_name":"stderr","time":5598.550835779,"data":"\r[cosine_anneal] Stage2 Epoch 69/75:  18%|█▊        | 30/164 [00:13\u003c00:50,  2.67it/s, loss=0.1445, acc=0.9617]\r[cosine_anneal] Stage2 Epoch 69/75:  19%|█▉        | 31/164 [00:13\u003c00:49,  2.67it/s, loss=0.1445, acc=0.9617]\n"}
,{"stream_name":"stderr","time":5598.928882129,"data":"\r[cosine_anneal] Stage2 Epoch 69/75:  19%|█▉        | 31/164 [00:13\u003c00:49,  2.67it/s, loss=0.1445, acc=0.9617]\r[cosine_anneal] Stage2 Epoch 69/75:  19%|█▉        | 31/164 [00:13\u003c00:49,  2.67it/s, loss=0.1402, acc=0.9629]\n"}
,{"stream_name":"stderr","time":5598.929941304,"data":"\r[cosine_anneal] Stage2 Epoch 69/75:  19%|█▉        | 31/164 [00:13\u003c00:49,  2.67it/s, loss=0.1402, acc=0.9629]\r[cosine_anneal] Stage2 Epoch 69/75:  20%|█▉        | 32/164 [00:13\u003c00:49,  2.66it/s, loss=0.1402, acc=0.9629]\n"}
,{"stream_name":"stderr","time":5599.30088411,"data":"\r[cosine_anneal] Stage2 Epoch 69/75:  20%|█▉        | 32/164 [00:13\u003c00:49,  2.66it/s, loss=0.1402, acc=0.9629]\r[cosine_anneal] Stage2 Epoch 69/75:  20%|█▉        | 32/164 [00:14\u003c00:49,  2.66it/s, loss=0.1382, acc=0.9640]\n"}
,{"stream_name":"stderr","time":5599.301967473,"data":"\r[cosine_anneal] Stage2 Epoch 69/75:  20%|█▉        | 32/164 [00:14\u003c00:49,  2.66it/s, loss=0.1382, acc=0.9640]\r[cosine_anneal] Stage2 Epoch 69/75:  20%|██        | 33/164 [00:14\u003c00:49,  2.67it/s, loss=0.1382, acc=0.9640]\n"}
,{"stream_name":"stderr","time":5599.674059336,"data":"\r[cosine_anneal] Stage2 Epoch 69/75:  20%|██        | 33/164 [00:14\u003c00:49,  2.67it/s, loss=0.1382, acc=0.9640]\r[cosine_anneal] Stage2 Epoch 69/75:  20%|██        | 33/164 [00:14\u003c00:49,  2.67it/s, loss=0.1350, acc=0.9651]\n"}
,{"stream_name":"stderr","time":5599.675119181,"data":"\r[cosine_anneal] Stage2 Epoch 69/75:  20%|██        | 33/164 [00:14\u003c00:49,  2.67it/s, loss=0.1350, acc=0.9651]\r[cosine_anneal] Stage2 Epoch 69/75:  21%|██        | 34/164 [00:14\u003c00:48,  2.67it/s, loss=0.1350, acc=0.9651]\n"}
,{"stream_name":"stderr","time":5600.048084853,"data":"\r[cosine_anneal] Stage2 Epoch 69/75:  21%|██        | 34/164 [00:14\u003c00:48,  2.67it/s, loss=0.1350, acc=0.9651]\r[cosine_anneal] Stage2 Epoch 69/75:  21%|██        | 34/164 [00:15\u003c00:48,  2.67it/s, loss=0.1334, acc=0.9652]\n"}
,{"stream_name":"stderr","time":5600.049204969,"data":"\r[cosine_anneal] Stage2 Epoch 69/75:  21%|██        | 34/164 [00:15\u003c00:48,  2.67it/s, loss=0.1334, acc=0.9652]\r[cosine_anneal] Stage2 Epoch 69/75:  21%|██▏       | 35/164 [00:15\u003c00:48,  2.67it/s, loss=0.1334, acc=0.9652]\n"}
,{"stream_name":"stderr","time":5600.419315008,"data":"\r[cosine_anneal] Stage2 Epoch 69/75:  21%|██▏       | 35/164 [00:15\u003c00:48,  2.67it/s, loss=0.1334, acc=0.9652]\r[cosine_anneal] Stage2 Epoch 69/75:  21%|██▏       | 35/164 [00:15\u003c00:48,  2.67it/s, loss=0.1299, acc=0.9661]\n"}
,{"stream_name":"stderr","time":5600.420423276,"data":"\r[cosine_anneal] Stage2 Epoch 69/75:  21%|██▏       | 35/164 [00:15\u003c00:48,  2.67it/s, loss=0.1299, acc=0.9661]\r[cosine_anneal] Stage2 Epoch 69/75:  22%|██▏       | 36/164 [00:15\u003c00:47,  2.68it/s, loss=0.1299, acc=0.9661]\n"}
,{"stream_name":"stderr","time":5600.799754903,"data":"\r[cosine_anneal] Stage2 Epoch 69/75:  22%|██▏       | 36/164 [00:15\u003c00:47,  2.68it/s, loss=0.1299, acc=0.9661]\r[cosine_anneal] Stage2 Epoch 69/75:  22%|██▏       | 36/164 [00:15\u003c00:47,  2.68it/s, loss=0.1281, acc=0.9662]\n"}
,{"stream_name":"stderr","time":5600.80082942,"data":"\r[cosine_anneal] Stage2 Epoch 69/75:  22%|██▏       | 36/164 [00:15\u003c00:47,  2.68it/s, loss=0.1281, acc=0.9662]\r[cosine_anneal] Stage2 Epoch 69/75:  23%|██▎       | 37/164 [00:15\u003c00:47,  2.66it/s, loss=0.1281, acc=0.9662]\n"}
,{"stream_name":"stderr","time":5601.17101872,"data":"\r[cosine_anneal] Stage2 Epoch 69/75:  23%|██▎       | 37/164 [00:15\u003c00:47,  2.66it/s, loss=0.1281, acc=0.9662]\r[cosine_anneal] Stage2 Epoch 69/75:  23%|██▎       | 37/164 [00:16\u003c00:47,  2.66it/s, loss=0.1300, acc=0.9655]\n"}
,{"stream_name":"stderr","time":5601.172060166,"data":"\r[cosine_anneal] Stage2 Epoch 69/75:  23%|██▎       | 37/164 [00:16\u003c00:47,  2.66it/s, loss=0.1300, acc=0.9655]\r[cosine_anneal] Stage2 Epoch 69/75:  23%|██▎       | 38/164 [00:16\u003c00:47,  2.67it/s, loss=0.1300, acc=0.9655]\n"}
,{"stream_name":"stderr","time":5601.547077251,"data":"\r[cosine_anneal] Stage2 Epoch 69/75:  23%|██▎       | 38/164 [00:16\u003c00:47,  2.67it/s, loss=0.1300, acc=0.9655]\r[cosine_anneal] Stage2 Epoch 69/75:  23%|██▎       | 38/164 [00:16\u003c00:47,  2.67it/s, loss=0.1310, acc=0.9647]\n"}
,{"stream_name":"stderr","time":5601.5481998,"data":"\r[cosine_anneal] Stage2 Epoch 69/75:  23%|██▎       | 38/164 [00:16\u003c00:47,  2.67it/s, loss=0.1310, acc=0.9647]\r[cosine_anneal] Stage2 Epoch 69/75:  24%|██▍       | 39/164 [00:16\u003c00:46,  2.67it/s, loss=0.1310, acc=0.9647]\n"}
,{"stream_name":"stderr","time":5601.917134401,"data":"\r[cosine_anneal] Stage2 Epoch 69/75:  24%|██▍       | 39/164 [00:16\u003c00:46,  2.67it/s, loss=0.1310, acc=0.9647]\r[cosine_anneal] Stage2 Epoch 69/75:  24%|██▍       | 39/164 [00:16\u003c00:46,  2.67it/s, loss=0.1281, acc=0.9656]\n"}
,{"stream_name":"stderr","time":5601.918473481,"data":"\r[cosine_anneal] Stage2 Epoch 69/75:  24%|██▍       | 39/164 [00:16\u003c00:46,  2.67it/s, loss=0.1281, acc=0.9656]\r[cosine_anneal] Stage2 Epoch 69/75:  24%|██▍       | 40/164 [00:16\u003c00:46,  2.68it/s, loss=0.1281, acc=0.9656]\n"}
,{"stream_name":"stderr","time":5602.290522759,"data":"\r[cosine_anneal] Stage2 Epoch 69/75:  24%|██▍       | 40/164 [00:16\u003c00:46,  2.68it/s, loss=0.1281, acc=0.9656]\r[cosine_anneal] Stage2 Epoch 69/75:  24%|██▍       | 40/164 [00:17\u003c00:46,  2.68it/s, loss=0.1255, acc=0.9665]\n"}
,{"stream_name":"stderr","time":5602.291725997,"data":"\r[cosine_anneal] Stage2 Epoch 69/75:  24%|██▍       | 40/164 [00:17\u003c00:46,  2.68it/s, loss=0.1255, acc=0.9665]\r[cosine_anneal] Stage2 Epoch 69/75:  25%|██▌       | 41/164 [00:17\u003c00:45,  2.68it/s, loss=0.1255, acc=0.9665]\n"}
,{"stream_name":"stderr","time":5602.664772852,"data":"\r[cosine_anneal] Stage2 Epoch 69/75:  25%|██▌       | 41/164 [00:17\u003c00:45,  2.68it/s, loss=0.1255, acc=0.9665]\r[cosine_anneal] Stage2 Epoch 69/75:  25%|██▌       | 41/164 [00:17\u003c00:45,  2.68it/s, loss=0.1272, acc=0.9650]\n"}
,{"stream_name":"stderr","time":5602.665890203,"data":"\r[cosine_anneal] Stage2 Epoch 69/75:  25%|██▌       | 41/164 [00:17\u003c00:45,  2.68it/s, loss=0.1272, acc=0.9650]\r[cosine_anneal] Stage2 Epoch 69/75:  26%|██▌       | 42/164 [00:17\u003c00:45,  2.68it/s, loss=0.1272, acc=0.9650]\n"}
,{"stream_name":"stderr","time":5603.035308584,"data":"\r[cosine_anneal] Stage2 Epoch 69/75:  26%|██▌       | 42/164 [00:17\u003c00:45,  2.68it/s, loss=0.1272, acc=0.9650]\r[cosine_anneal] Stage2 Epoch 69/75:  26%|██▌       | 42/164 [00:18\u003c00:45,  2.68it/s, loss=0.1253, acc=0.9658]\n"}
,{"stream_name":"stderr","time":5603.035792871,"data":"\r[cosine_anneal] Stage2 Epoch 69/75:  26%|██▌       | 42/164 [00:18\u003c00:45,  2.68it/s, loss=0.1253, acc=0.9658]\r[cosine_anneal] Stage2 Epoch 69/75:  26%|██▌       | 43/164 [00:18\u003c00:45,  2.69it/s, loss=0.1253, acc=0.9658]\n"}
,{"stream_name":"stderr","time":5603.409672601,"data":"\r[cosine_anneal] Stage2 Epoch 69/75:  26%|██▌       | 43/164 [00:18\u003c00:45,  2.69it/s, loss=0.1253, acc=0.9658]\r[cosine_anneal] Stage2 Epoch 69/75:  26%|██▌       | 43/164 [00:18\u003c00:45,  2.69it/s, loss=0.1232, acc=0.9666]\n"}
,{"stream_name":"stderr","time":5603.410812249,"data":"\r[cosine_anneal] Stage2 Epoch 69/75:  26%|██▌       | 43/164 [00:18\u003c00:45,  2.69it/s, loss=0.1232, acc=0.9666]\r[cosine_anneal] Stage2 Epoch 69/75:  27%|██▋       | 44/164 [00:18\u003c00:44,  2.68it/s, loss=0.1232, acc=0.9666]\n"}
,{"stream_name":"stderr","time":5603.783381181,"data":"\r[cosine_anneal] Stage2 Epoch 69/75:  27%|██▋       | 44/164 [00:18\u003c00:44,  2.68it/s, loss=0.1232, acc=0.9666]\r[cosine_anneal] Stage2 Epoch 69/75:  27%|██▋       | 44/164 [00:18\u003c00:44,  2.68it/s, loss=0.1271, acc=0.9660]\n"}
,{"stream_name":"stderr","time":5603.784309737,"data":"\r[cosine_anneal] Stage2 Epoch 69/75:  27%|██▋       | 44/164 [00:18\u003c00:44,  2.68it/s, loss=0.1271, acc=0.9660]\r[cosine_anneal] Stage2 Epoch 69/75:  27%|██▋       | 45/164 [00:18\u003c00:44,  2.68it/s, loss=0.1271, acc=0.9660]\n"}
,{"stream_name":"stderr","time":5604.154154674,"data":"\r[cosine_anneal] Stage2 Epoch 69/75:  27%|██▋       | 45/164 [00:18\u003c00:44,  2.68it/s, loss=0.1271, acc=0.9660]\r[cosine_anneal] Stage2 Epoch 69/75:  27%|██▋       | 45/164 [00:19\u003c00:44,  2.68it/s, loss=0.1271, acc=0.9660]\n"}
,{"stream_name":"stderr","time":5604.155534044,"data":"\r[cosine_anneal] Stage2 Epoch 69/75:  27%|██▋       | 45/164 [00:19\u003c00:44,  2.68it/s, loss=0.1271, acc=0.9660]\r[cosine_anneal] Stage2 Epoch 69/75:  28%|██▊       | 46/164 [00:19\u003c00:43,  2.68it/s, loss=0.1271, acc=0.9660]\n"}
,{"stream_name":"stderr","time":5604.530008481,"data":"\r[cosine_anneal] Stage2 Epoch 69/75:  28%|██▊       | 46/164 [00:19\u003c00:43,  2.68it/s, loss=0.1271, acc=0.9660]\r[cosine_anneal] Stage2 Epoch 69/75:  28%|██▊       | 46/164 [00:19\u003c00:43,  2.68it/s, loss=0.1266, acc=0.9661]\n"}
,{"stream_name":"stderr","time":5604.531263346,"data":"\r[cosine_anneal] Stage2 Epoch 69/75:  28%|██▊       | 46/164 [00:19\u003c00:43,  2.68it/s, loss=0.1266, acc=0.9661]\r[cosine_anneal] Stage2 Epoch 69/75:  29%|██▊       | 47/164 [00:19\u003c00:43,  2.68it/s, loss=0.1266, acc=0.9661]\n"}
,{"stream_name":"stderr","time":5604.901888799,"data":"\r[cosine_anneal] Stage2 Epoch 69/75:  29%|██▊       | 47/164 [00:19\u003c00:43,  2.68it/s, loss=0.1266, acc=0.9661]\r[cosine_anneal] Stage2 Epoch 69/75:  29%|██▊       | 47/164 [00:19\u003c00:43,  2.68it/s, loss=0.1248, acc=0.9668]\n"}
,{"stream_name":"stderr","time":5604.903032576,"data":"\r[cosine_anneal] Stage2 Epoch 69/75:  29%|██▊       | 47/164 [00:19\u003c00:43,  2.68it/s, loss=0.1248, acc=0.9668]\r[cosine_anneal] Stage2 Epoch 69/75:  29%|██▉       | 48/164 [00:19\u003c00:43,  2.68it/s, loss=0.1248, acc=0.9668]\n"}
,{"stream_name":"stderr","time":5605.279762996,"data":"\r[cosine_anneal] Stage2 Epoch 69/75:  29%|██▉       | 48/164 [00:19\u003c00:43,  2.68it/s, loss=0.1248, acc=0.9668]\r[cosine_anneal] Stage2 Epoch 69/75:  29%|██▉       | 48/164 [00:20\u003c00:43,  2.68it/s, loss=0.1239, acc=0.9668]\n"}
,{"stream_name":"stderr","time":5605.28248376,"data":"\r[cosine_anneal] Stage2 Epoch 69/75:  29%|██▉       | 48/164 [00:20\u003c00:43,  2.68it/s, loss=0.1239, acc=0.9668]\r[cosine_anneal] Stage2 Epoch 69/75:  30%|██▉       | 49/164 [00:20\u003c00:43,  2.67it/s, loss=0.1239, acc=0.9668]\n"}
,{"stream_name":"stderr","time":5605.649024254,"data":"\r[cosine_anneal] Stage2 Epoch 69/75:  30%|██▉       | 49/164 [00:20\u003c00:43,  2.67it/s, loss=0.1239, acc=0.9668]\r[cosine_anneal] Stage2 Epoch 69/75:  30%|██▉       | 49/164 [00:20\u003c00:43,  2.67it/s, loss=0.1274, acc=0.9663]\n"}
,{"stream_name":"stderr","time":5605.650079128,"data":"\r[cosine_anneal] Stage2 Epoch 69/75:  30%|██▉       | 49/164 [00:20\u003c00:43,  2.67it/s, loss=0.1274, acc=0.9663]\r[cosine_anneal] Stage2 Epoch 69/75:  30%|███       | 50/164 [00:20\u003c00:42,  2.68it/s, loss=0.1274, acc=0.9663]\n"}
,{"stream_name":"stderr","time":5606.025073456,"data":"\r[cosine_anneal] Stage2 Epoch 69/75:  30%|███       | 50/164 [00:20\u003c00:42,  2.68it/s, loss=0.1274, acc=0.9663]\r[cosine_anneal] Stage2 Epoch 69/75:  30%|███       | 50/164 [00:21\u003c00:42,  2.68it/s, loss=0.1262, acc=0.9669]\n"}
,{"stream_name":"stderr","time":5606.026198115,"data":"\r[cosine_anneal] Stage2 Epoch 69/75:  30%|███       | 50/164 [00:21\u003c00:42,  2.68it/s, loss=0.1262, acc=0.9669]\r[cosine_anneal] Stage2 Epoch 69/75:  31%|███       | 51/164 [00:21\u003c00:42,  2.67it/s, loss=0.1262, acc=0.9669]\n"}
,{"stream_name":"stderr","time":5606.395160986,"data":"\r[cosine_anneal] Stage2 Epoch 69/75:  31%|███       | 51/164 [00:21\u003c00:42,  2.67it/s, loss=0.1262, acc=0.9669]\r[cosine_anneal] Stage2 Epoch 69/75:  31%|███       | 51/164 [00:21\u003c00:42,  2.67it/s, loss=0.1262, acc=0.9663]\n"}
,{"stream_name":"stderr","time":5606.396037235,"data":"\r[cosine_anneal] Stage2 Epoch 69/75:  31%|███       | 51/164 [00:21\u003c00:42,  2.67it/s, loss=0.1262, acc=0.9663]\r[cosine_anneal] Stage2 Epoch 69/75:  32%|███▏      | 52/164 [00:21\u003c00:41,  2.68it/s, loss=0.1262, acc=0.9663]\n"}
,{"stream_name":"stderr","time":5606.768370812,"data":"\r[cosine_anneal] Stage2 Epoch 69/75:  32%|███▏      | 52/164 [00:21\u003c00:41,  2.68it/s, loss=0.1262, acc=0.9663]\r[cosine_anneal] Stage2 Epoch 69/75:  32%|███▏      | 52/164 [00:21\u003c00:41,  2.68it/s, loss=0.1284, acc=0.9658]\n"}
,{"stream_name":"stderr","time":5606.770057186,"data":"\r[cosine_anneal] Stage2 Epoch 69/75:  32%|███▏      | 52/164 [00:21\u003c00:41,  2.68it/s, loss=0.1284, acc=0.9658]\r[cosine_anneal] Stage2 Epoch 69/75:  32%|███▏      | 53/164 [00:21\u003c00:41,  2.68it/s, loss=0.1284, acc=0.9658]\n"}
,{"stream_name":"stderr","time":5607.143472734,"data":"\r[cosine_anneal] Stage2 Epoch 69/75:  32%|███▏      | 53/164 [00:21\u003c00:41,  2.68it/s, loss=0.1284, acc=0.9658]\r[cosine_anneal] Stage2 Epoch 69/75:  32%|███▏      | 53/164 [00:22\u003c00:41,  2.68it/s, loss=0.1276, acc=0.9653]\n"}
,{"stream_name":"stderr","time":5607.144067945,"data":"\r[cosine_anneal] Stage2 Epoch 69/75:  32%|███▏      | 53/164 [00:22\u003c00:41,  2.68it/s, loss=0.1276, acc=0.9653]\r[cosine_anneal] Stage2 Epoch 69/75:  33%|███▎      | 54/164 [00:22\u003c00:41,  2.68it/s, loss=0.1276, acc=0.9653]\n"}
,{"stream_name":"stderr","time":5607.515807512,"data":"\r[cosine_anneal] Stage2 Epoch 69/75:  33%|███▎      | 54/164 [00:22\u003c00:41,  2.68it/s, loss=0.1276, acc=0.9653]\r[cosine_anneal] Stage2 Epoch 69/75:  33%|███▎      | 54/164 [00:22\u003c00:41,  2.68it/s, loss=0.1267, acc=0.9653]\n"}
,{"stream_name":"stderr","time":5607.516957533,"data":"\r[cosine_anneal] Stage2 Epoch 69/75:  33%|███▎      | 54/164 [00:22\u003c00:41,  2.68it/s, loss=0.1267, acc=0.9653]\r[cosine_anneal] Stage2 Epoch 69/75:  34%|███▎      | 55/164 [00:22\u003c00:40,  2.68it/s, loss=0.1267, acc=0.9653]\n"}
,{"stream_name":"stderr","time":5607.892332505,"data":"\r[cosine_anneal] Stage2 Epoch 69/75:  34%|███▎      | 55/164 [00:22\u003c00:40,  2.68it/s, loss=0.1267, acc=0.9653]\r[cosine_anneal] Stage2 Epoch 69/75:  34%|███▎      | 55/164 [00:22\u003c00:40,  2.68it/s, loss=0.1268, acc=0.9643]\n"}
,{"stream_name":"stderr","time":5607.893786525,"data":"\r[cosine_anneal] Stage2 Epoch 69/75:  34%|███▎      | 55/164 [00:22\u003c00:40,  2.68it/s, loss=0.1268, acc=0.9643]\r[cosine_anneal] Stage2 Epoch 69/75:  34%|███▍      | 56/164 [00:22\u003c00:40,  2.67it/s, loss=0.1268, acc=0.9643]\n"}
,{"stream_name":"stderr","time":5608.262545257,"data":"\r[cosine_anneal] Stage2 Epoch 69/75:  34%|███▍      | 56/164 [00:22\u003c00:40,  2.67it/s, loss=0.1268, acc=0.9643]\r[cosine_anneal] Stage2 Epoch 69/75:  34%|███▍      | 56/164 [00:23\u003c00:40,  2.67it/s, loss=0.1248, acc=0.9649]\n"}
,{"stream_name":"stderr","time":5608.262746217,"data":"\r[cosine_anneal] Stage2 Epoch 69/75:  34%|███▍      | 56/164 [00:23\u003c00:40,  2.67it/s, loss=0.1248, acc=0.9649]\r[cosine_anneal] Stage2 Epoch 69/75:  35%|███▍      | 57/164 [00:23\u003c00:39,  2.68it/s, loss=0.1248, acc=0.9649]\n"}
,{"stream_name":"stderr","time":5608.640470565,"data":"\r[cosine_anneal] Stage2 Epoch 69/75:  35%|███▍      | 57/164 [00:23\u003c00:39,  2.68it/s, loss=0.1248, acc=0.9649]\r[cosine_anneal] Stage2 Epoch 69/75:  35%|███▍      | 57/164 [00:23\u003c00:39,  2.68it/s, loss=0.1244, acc=0.9644]\n"}
,{"stream_name":"stderr","time":5608.64208291,"data":"\r[cosine_anneal] Stage2 Epoch 69/75:  35%|███▍      | 57/164 [00:23\u003c00:39,  2.68it/s, loss=0.1244, acc=0.9644]\r[cosine_anneal] Stage2 Epoch 69/75:  35%|███▌      | 58/164 [00:23\u003c00:39,  2.67it/s, loss=0.1244, acc=0.9644]\n"}
,{"stream_name":"stderr","time":5609.01178004,"data":"\r[cosine_anneal] Stage2 Epoch 69/75:  35%|███▌      | 58/164 [00:23\u003c00:39,  2.67it/s, loss=0.1244, acc=0.9644]\r[cosine_anneal] Stage2 Epoch 69/75:  35%|███▌      | 58/164 [00:24\u003c00:39,  2.67it/s, loss=0.1242, acc=0.9645]\n"}
,{"stream_name":"stderr","time":5609.013651998,"data":"\r[cosine_anneal] Stage2 Epoch 69/75:  35%|███▌      | 58/164 [00:24\u003c00:39,  2.67it/s, loss=0.1242, acc=0.9645]\r[cosine_anneal] Stage2 Epoch 69/75:  36%|███▌      | 59/164 [00:24\u003c00:39,  2.68it/s, loss=0.1242, acc=0.9645]\n"}
,{"stream_name":"stderr","time":5609.391352805,"data":"\r[cosine_anneal] Stage2 Epoch 69/75:  36%|███▌      | 59/164 [00:24\u003c00:39,  2.68it/s, loss=0.1242, acc=0.9645]\r[cosine_anneal] Stage2 Epoch 69/75:  36%|███▌      | 59/164 [00:24\u003c00:39,  2.68it/s, loss=0.1228, acc=0.9651]\n"}
,{"stream_name":"stderr","time":5609.392270277,"data":"\r[cosine_anneal] Stage2 Epoch 69/75:  36%|███▌      | 59/164 [00:24\u003c00:39,  2.68it/s, loss=0.1228, acc=0.9651]\r[cosine_anneal] Stage2 Epoch 69/75:  37%|███▋      | 60/164 [00:24\u003c00:39,  2.66it/s, loss=0.1228, acc=0.9651]\n"}
,{"stream_name":"stderr","time":5609.765554003,"data":"\r[cosine_anneal] Stage2 Epoch 69/75:  37%|███▋      | 60/164 [00:24\u003c00:39,  2.66it/s, loss=0.1228, acc=0.9651]\r[cosine_anneal] Stage2 Epoch 69/75:  37%|███▋      | 60/164 [00:24\u003c00:39,  2.66it/s, loss=0.1219, acc=0.9652]\n"}
,{"stream_name":"stderr","time":5609.76662258,"data":"\r[cosine_anneal] Stage2 Epoch 69/75:  37%|███▋      | 60/164 [00:24\u003c00:39,  2.66it/s, loss=0.1219, acc=0.9652]\r[cosine_anneal] Stage2 Epoch 69/75:  37%|███▋      | 61/164 [00:24\u003c00:38,  2.67it/s, loss=0.1219, acc=0.9652]\n"}
,{"stream_name":"stderr","time":5610.140155576,"data":"\r[cosine_anneal] Stage2 Epoch 69/75:  37%|███▋      | 61/164 [00:24\u003c00:38,  2.67it/s, loss=0.1219, acc=0.9652]\r[cosine_anneal] Stage2 Epoch 69/75:  37%|███▋      | 61/164 [00:25\u003c00:38,  2.67it/s, loss=0.1211, acc=0.9652]\n"}
,{"stream_name":"stderr","time":5610.140946972,"data":"\r[cosine_anneal] Stage2 Epoch 69/75:  37%|███▋      | 61/164 [00:25\u003c00:38,  2.67it/s, loss=0.1211, acc=0.9652]\r[cosine_anneal] Stage2 Epoch 69/75:  38%|███▊      | 62/164 [00:25\u003c00:38,  2.67it/s, loss=0.1211, acc=0.9652]\n"}
,{"stream_name":"stderr","time":5610.513146457,"data":"\r[cosine_anneal] Stage2 Epoch 69/75:  38%|███▊      | 62/164 [00:25\u003c00:38,  2.67it/s, loss=0.1211, acc=0.9652]\r[cosine_anneal] Stage2 Epoch 69/75:  38%|███▊      | 62/164 [00:25\u003c00:38,  2.67it/s, loss=0.1218, acc=0.9648]\n"}
,{"stream_name":"stderr","time":5610.514492198,"data":"\r[cosine_anneal] Stage2 Epoch 69/75:  38%|███▊      | 62/164 [00:25\u003c00:38,  2.67it/s, loss=0.1218, acc=0.9648]\r[cosine_anneal] Stage2 Epoch 69/75:  38%|███▊      | 63/164 [00:25\u003c00:37,  2.67it/s, loss=0.1218, acc=0.9648]\n"}
,{"stream_name":"stderr","time":5610.889725435,"data":"\r[cosine_anneal] Stage2 Epoch 69/75:  38%|███▊      | 63/164 [00:25\u003c00:37,  2.67it/s, loss=0.1218, acc=0.9648]\r[cosine_anneal] Stage2 Epoch 69/75:  38%|███▊      | 63/164 [00:25\u003c00:37,  2.67it/s, loss=0.1204, acc=0.9653]\n"}
,{"stream_name":"stderr","time":5610.89069752,"data":"\r[cosine_anneal] Stage2 Epoch 69/75:  38%|███▊      | 63/164 [00:25\u003c00:37,  2.67it/s, loss=0.1204, acc=0.9653]\r[cosine_anneal] Stage2 Epoch 69/75:  39%|███▉      | 64/164 [00:25\u003c00:37,  2.67it/s, loss=0.1204, acc=0.9653]\n"}
,{"stream_name":"stderr","time":5611.26295817,"data":"\r[cosine_anneal] Stage2 Epoch 69/75:  39%|███▉      | 64/164 [00:25\u003c00:37,  2.67it/s, loss=0.1204, acc=0.9653]\r[cosine_anneal] Stage2 Epoch 69/75:  39%|███▉      | 64/164 [00:26\u003c00:37,  2.67it/s, loss=0.1193, acc=0.9659]\n"}
,{"stream_name":"stderr","time":5611.263864701,"data":"\r[cosine_anneal] Stage2 Epoch 69/75:  39%|███▉      | 64/164 [00:26\u003c00:37,  2.67it/s, loss=0.1193, acc=0.9659]\r[cosine_anneal] Stage2 Epoch 69/75:  40%|███▉      | 65/164 [00:26\u003c00:37,  2.67it/s, loss=0.1193, acc=0.9659]\n"}
,{"stream_name":"stderr","time":5611.639257448,"data":"\r[cosine_anneal] Stage2 Epoch 69/75:  40%|███▉      | 65/164 [00:26\u003c00:37,  2.67it/s, loss=0.1193, acc=0.9659]\r[cosine_anneal] Stage2 Epoch 69/75:  40%|███▉      | 65/164 [00:26\u003c00:37,  2.67it/s, loss=0.1233, acc=0.9640]\n"}
,{"stream_name":"stderr","time":5611.643466868,"data":"\r[cosine_anneal] Stage2 Epoch 69/75:  40%|███▉      | 65/164 [00:26\u003c00:37,  2.67it/s, loss=0.1233, acc=0.9640]\r[cosine_anneal] Stage2 Epoch 69/75:  40%|████      | 66/164 [00:26\u003c00:36,  2.67it/s, loss=0.1233, acc=0.9640]\n"}
,{"stream_name":"stderr","time":5612.010934984,"data":"\r[cosine_anneal] Stage2 Epoch 69/75:  40%|████      | 66/164 [00:26\u003c00:36,  2.67it/s, loss=0.1233, acc=0.9640]\r[cosine_anneal] Stage2 Epoch 69/75:  40%|████      | 66/164 [00:27\u003c00:36,  2.67it/s, loss=0.1263, acc=0.9636]\n"}
,{"stream_name":"stderr","time":5612.011986248,"data":"\r[cosine_anneal] Stage2 Epoch 69/75:  40%|████      | 66/164 [00:27\u003c00:36,  2.67it/s, loss=0.1263, acc=0.9636]\r[cosine_anneal] Stage2 Epoch 69/75:  41%|████      | 67/164 [00:27\u003c00:36,  2.67it/s, loss=0.1263, acc=0.9636]\n"}
,{"stream_name":"stderr","time":5612.388938479,"data":"\r[cosine_anneal] Stage2 Epoch 69/75:  41%|████      | 67/164 [00:27\u003c00:36,  2.67it/s, loss=0.1263, acc=0.9636]\r[cosine_anneal] Stage2 Epoch 69/75:  41%|████      | 67/164 [00:27\u003c00:36,  2.67it/s, loss=0.1261, acc=0.9632]\n"}
,{"stream_name":"stderr","time":5612.39116788,"data":"\r[cosine_anneal] Stage2 Epoch 69/75:  41%|████      | 67/164 [00:27\u003c00:36,  2.67it/s, loss=0.1261, acc=0.9632]\r[cosine_anneal] Stage2 Epoch 69/75:  41%|████▏     | 68/164 [00:27\u003c00:36,  2.66it/s, loss=0.1261, acc=0.9632]\n"}
,{"stream_name":"stderr","time":5612.769872716,"data":"\r[cosine_anneal] Stage2 Epoch 69/75:  41%|████▏     | 68/164 [00:27\u003c00:36,  2.66it/s, loss=0.1261, acc=0.9632]\r[cosine_anneal] Stage2 Epoch 69/75:  41%|████▏     | 68/164 [00:27\u003c00:36,  2.66it/s, loss=0.1257, acc=0.9629]\n"}
,{"stream_name":"stderr","time":5612.776490459,"data":"\r[cosine_anneal] Stage2 Epoch 69/75:  41%|████▏     | 68/164 [00:27\u003c00:36,  2.66it/s, loss=0.1257, acc=0.9629]\r[cosine_anneal] Stage2 Epoch 69/75:  42%|████▏     | 69/164 [00:27\u003c00:35,  2.65it/s, loss=0.1257, acc=0.9629]\n"}
,{"stream_name":"stderr","time":5613.141813564,"data":"\r[cosine_anneal] Stage2 Epoch 69/75:  42%|████▏     | 69/164 [00:27\u003c00:35,  2.65it/s, loss=0.1257, acc=0.9629]\r[cosine_anneal] Stage2 Epoch 69/75:  42%|████▏     | 69/164 [00:28\u003c00:35,  2.65it/s, loss=0.1248, acc=0.9629]\n"}
,{"stream_name":"stderr","time":5613.143572213,"data":"\r[cosine_anneal] Stage2 Epoch 69/75:  42%|████▏     | 69/164 [00:28\u003c00:35,  2.65it/s, loss=0.1248, acc=0.9629]\r[cosine_anneal] Stage2 Epoch 69/75:  43%|████▎     | 70/164 [00:28\u003c00:35,  2.66it/s, loss=0.1248, acc=0.9629]\n"}
,{"stream_name":"stderr","time":5613.522622036,"data":"\r[cosine_anneal] Stage2 Epoch 69/75:  43%|████▎     | 70/164 [00:28\u003c00:35,  2.66it/s, loss=0.1248, acc=0.9629]\r[cosine_anneal] Stage2 Epoch 69/75:  43%|████▎     | 70/164 [00:28\u003c00:35,  2.66it/s, loss=0.1231, acc=0.9635]\n"}
,{"stream_name":"stderr","time":5613.523985924,"data":"\r[cosine_anneal] Stage2 Epoch 69/75:  43%|████▎     | 70/164 [00:28\u003c00:35,  2.66it/s, loss=0.1231, acc=0.9635]\r[cosine_anneal] Stage2 Epoch 69/75:  43%|████▎     | 71/164 [00:28\u003c00:35,  2.65it/s, loss=0.1231, acc=0.9635]\n"}
,{"stream_name":"stderr","time":5613.898601541,"data":"\r[cosine_anneal] Stage2 Epoch 69/75:  43%|████▎     | 71/164 [00:28\u003c00:35,  2.65it/s, loss=0.1231, acc=0.9635]\r[cosine_anneal] Stage2 Epoch 69/75:  43%|████▎     | 71/164 [00:28\u003c00:35,  2.65it/s, loss=0.1269, acc=0.9627]\n"}
,{"stream_name":"stderr","time":5613.899924776,"data":"\r[cosine_anneal] Stage2 Epoch 69/75:  43%|████▎     | 71/164 [00:28\u003c00:35,  2.65it/s, loss=0.1269, acc=0.9627]\r[cosine_anneal] Stage2 Epoch 69/75:  44%|████▍     | 72/164 [00:28\u003c00:34,  2.66it/s, loss=0.1269, acc=0.9627]\n"}
,{"stream_name":"stderr","time":5614.275554401,"data":"\r[cosine_anneal] Stage2 Epoch 69/75:  44%|████▍     | 72/164 [00:28\u003c00:34,  2.66it/s, loss=0.1269, acc=0.9627]\r[cosine_anneal] Stage2 Epoch 69/75:  44%|████▍     | 72/164 [00:29\u003c00:34,  2.66it/s, loss=0.1272, acc=0.9623]\n"}
,{"stream_name":"stderr","time":5614.275813296,"data":"\r[cosine_anneal] Stage2 Epoch 69/75:  44%|████▍     | 72/164 [00:29\u003c00:34,  2.66it/s, loss=0.1272, acc=0.9623]\r[cosine_anneal] Stage2 Epoch 69/75:  45%|████▍     | 73/164 [00:29\u003c00:34,  2.65it/s, loss=0.1272, acc=0.9623]\n"}
,{"stream_name":"stderr","time":5614.647910017,"data":"\r[cosine_anneal] Stage2 Epoch 69/75:  45%|████▍     | 73/164 [00:29\u003c00:34,  2.65it/s, loss=0.1272, acc=0.9623]\r[cosine_anneal] Stage2 Epoch 69/75:  45%|████▍     | 73/164 [00:29\u003c00:34,  2.65it/s, loss=0.1302, acc=0.9607]\n"}
,{"stream_name":"stderr","time":5614.648948045,"data":"\r[cosine_anneal] Stage2 Epoch 69/75:  45%|████▍     | 73/164 [00:29\u003c00:34,  2.65it/s, loss=0.1302, acc=0.9607]\r[cosine_anneal] Stage2 Epoch 69/75:  45%|████▌     | 74/164 [00:29\u003c00:33,  2.66it/s, loss=0.1302, acc=0.9607]\n"}
,{"stream_name":"stderr","time":5615.020652703,"data":"\r[cosine_anneal] Stage2 Epoch 69/75:  45%|████▌     | 74/164 [00:29\u003c00:33,  2.66it/s, loss=0.1302, acc=0.9607]\r[cosine_anneal] Stage2 Epoch 69/75:  45%|████▌     | 74/164 [00:30\u003c00:33,  2.66it/s, loss=0.1286, acc=0.9613]\n"}
,{"stream_name":"stderr","time":5615.022502003,"data":"\r[cosine_anneal] Stage2 Epoch 69/75:  45%|████▌     | 74/164 [00:30\u003c00:33,  2.66it/s, loss=0.1286, acc=0.9613]\r[cosine_anneal] Stage2 Epoch 69/75:  46%|████▌     | 75/164 [00:30\u003c00:33,  2.67it/s, loss=0.1286, acc=0.9613]\n"}
,{"stream_name":"stderr","time":5615.396707911,"data":"\r[cosine_anneal] Stage2 Epoch 69/75:  46%|████▌     | 75/164 [00:30\u003c00:33,  2.67it/s, loss=0.1286, acc=0.9613]\r[cosine_anneal] Stage2 Epoch 69/75:  46%|████▌     | 75/164 [00:30\u003c00:33,  2.67it/s, loss=0.1273, acc=0.9618]\n"}
,{"stream_name":"stderr","time":5615.397702987,"data":"\r[cosine_anneal] Stage2 Epoch 69/75:  46%|████▌     | 75/164 [00:30\u003c00:33,  2.67it/s, loss=0.1273, acc=0.9618]\r[cosine_anneal] Stage2 Epoch 69/75:  46%|████▋     | 76/164 [00:30\u003c00:33,  2.67it/s, loss=0.1273, acc=0.9618]\n"}
,{"stream_name":"stderr","time":5615.774627241,"data":"\r[cosine_anneal] Stage2 Epoch 69/75:  46%|████▋     | 76/164 [00:30\u003c00:33,  2.67it/s, loss=0.1273, acc=0.9618]\r[cosine_anneal] Stage2 Epoch 69/75:  46%|████▋     | 76/164 [00:30\u003c00:33,  2.67it/s, loss=0.1258, acc=0.9623]\n"}
,{"stream_name":"stderr","time":5615.775909205,"data":"\r[cosine_anneal] Stage2 Epoch 69/75:  46%|████▋     | 76/164 [00:30\u003c00:33,  2.67it/s, loss=0.1258, acc=0.9623]\r[cosine_anneal] Stage2 Epoch 69/75:  47%|████▋     | 77/164 [00:30\u003c00:32,  2.66it/s, loss=0.1258, acc=0.9623]\n"}
,{"stream_name":"stderr","time":5616.149266301,"data":"\r[cosine_anneal] Stage2 Epoch 69/75:  47%|████▋     | 77/164 [00:30\u003c00:32,  2.66it/s, loss=0.1258, acc=0.9623]\r[cosine_anneal] Stage2 Epoch 69/75:  47%|████▋     | 77/164 [00:31\u003c00:32,  2.66it/s, loss=0.1248, acc=0.9623]\n"}
,{"stream_name":"stderr","time":5616.150128298,"data":"\r[cosine_anneal] Stage2 Epoch 69/75:  47%|████▋     | 77/164 [00:31\u003c00:32,  2.66it/s, loss=0.1248, acc=0.9623]\r[cosine_anneal] Stage2 Epoch 69/75:  48%|████▊     | 78/164 [00:31\u003c00:32,  2.66it/s, loss=0.1248, acc=0.9623]\n"}
,{"stream_name":"stderr","time":5616.525834373,"data":"\r[cosine_anneal] Stage2 Epoch 69/75:  48%|████▊     | 78/164 [00:31\u003c00:32,  2.66it/s, loss=0.1248, acc=0.9623]\r[cosine_anneal] Stage2 Epoch 69/75:  48%|████▊     | 78/164 [00:31\u003c00:32,  2.66it/s, loss=0.1250, acc=0.9620]\n"}
,{"stream_name":"stderr","time":5616.526942523,"data":"\r[cosine_anneal] Stage2 Epoch 69/75:  48%|████▊     | 78/164 [00:31\u003c00:32,  2.66it/s, loss=0.1250, acc=0.9620]\r[cosine_anneal] Stage2 Epoch 69/75:  48%|████▊     | 79/164 [00:31\u003c00:31,  2.66it/s, loss=0.1250, acc=0.9620]\n"}
,{"stream_name":"stderr","time":5616.904681887,"data":"\r[cosine_anneal] Stage2 Epoch 69/75:  48%|████▊     | 79/164 [00:31\u003c00:31,  2.66it/s, loss=0.1250, acc=0.9620]\r[cosine_anneal] Stage2 Epoch 69/75:  48%|████▊     | 79/164 [00:31\u003c00:31,  2.66it/s, loss=0.1247, acc=0.9617]\n"}
,{"stream_name":"stderr","time":5616.905926852,"data":"\r[cosine_anneal] Stage2 Epoch 69/75:  48%|████▊     | 79/164 [00:31\u003c00:31,  2.66it/s, loss=0.1247, acc=0.9617]\r[cosine_anneal] Stage2 Epoch 69/75:  49%|████▉     | 80/164 [00:31\u003c00:31,  2.65it/s, loss=0.1247, acc=0.9617]\n"}
,{"stream_name":"stderr","time":5617.27507409,"data":"\r[cosine_anneal] Stage2 Epoch 69/75:  49%|████▉     | 80/164 [00:31\u003c00:31,  2.65it/s, loss=0.1247, acc=0.9617]\r[cosine_anneal] Stage2 Epoch 69/75:  49%|████▉     | 80/164 [00:32\u003c00:31,  2.65it/s, loss=0.1235, acc=0.9622]\n"}
,{"stream_name":"stderr","time":5617.282008932,"data":"\r[cosine_anneal] Stage2 Epoch 69/75:  49%|████▉     | 80/164 [00:32\u003c00:31,  2.65it/s, loss=0.1235, acc=0.9622]\r[cosine_anneal] Stage2 Epoch 69/75:  49%|████▉     | 81/164 [00:32\u003c00:31,  2.67it/s, loss=0.1235, acc=0.9622]\n"}
,{"stream_name":"stderr","time":5617.653959384,"data":"\r[cosine_anneal] Stage2 Epoch 69/75:  49%|████▉     | 81/164 [00:32\u003c00:31,  2.67it/s, loss=0.1235, acc=0.9622]\r[cosine_anneal] Stage2 Epoch 69/75:  49%|████▉     | 81/164 [00:32\u003c00:31,  2.67it/s, loss=0.1221, acc=0.9627]\n"}
,{"stream_name":"stderr","time":5617.656098091,"data":"\r[cosine_anneal] Stage2 Epoch 69/75:  49%|████▉     | 81/164 [00:32\u003c00:31,  2.67it/s, loss=0.1221, acc=0.9627]\r[cosine_anneal] Stage2 Epoch 69/75:  50%|█████     | 82/164 [00:32\u003c00:30,  2.66it/s, loss=0.1221, acc=0.9627]\n"}
,{"stream_name":"stderr","time":5620.027325817,"data":"\r[cosine_anneal] Stage2 Epoch 69/75:  50%|█████     | 82/164 [00:32\u003c00:30,  2.66it/s, loss=0.1221, acc=0.9627]\r[cosine_anneal] Stage2 Epoch 69/75:  50%|█████     | 82/164 [00:33\u003c00:30,  2.66it/s, loss=0.1236, acc=0.9623]\n"}
,{"stream_name":"stderr","time":5620.028852016,"data":"\r[cosine_anneal] Stage2 Epoch 69/75:  50%|█████     | 82/164 [00:33\u003c00:30,  2.66it/s, loss=0.1236, acc=0.9623]\r[cosine_anneal] Stage2 Epoch 69/75:  51%|█████     | 83/164 [00:33\u003c00:30,  2.65it/s, loss=0.1236, acc=0.9623]\n"}
,{"stream_name":"stderr","time":5620.029965227,"data":"\r[cosine_anneal] Stage2 Epoch 69/75:  51%|█████     | 83/164 [00:33\u003c00:30,  2.65it/s, loss=0.1236, acc=0.9623]\r[cosine_anneal] Stage2 Epoch 69/75:  51%|█████     | 83/164 [00:33\u003c00:30,  2.65it/s, loss=0.1235, acc=0.9617]\n"}
,{"stream_name":"stderr","time":5620.031013975,"data":"\r[cosine_anneal] Stage2 Epoch 69/75:  51%|█████     | 83/164 [00:33\u003c00:30,  2.65it/s, loss=0.1235, acc=0.9617]\r[cosine_anneal] Stage2 Epoch 69/75:  51%|█████     | 84/164 [00:33\u003c00:30,  2.64it/s, loss=0.1235, acc=0.9617]\n"}
,{"stream_name":"stderr","time":5620.032015426,"data":"\r[cosine_anneal] Stage2 Epoch 69/75:  51%|█████     | 84/164 [00:33\u003c00:30,  2.64it/s, loss=0.1235, acc=0.9617]\r[cosine_anneal] Stage2 Epoch 69/75:  51%|█████     | 84/164 [00:33\u003c00:30,  2.64it/s, loss=0.1228, acc=0.9621]\n"}
,{"stream_name":"stderr","time":5620.032959154,"data":"\r[cosine_anneal] Stage2 Epoch 69/75:  51%|█████     | 84/164 [00:33\u003c00:30,  2.64it/s, loss=0.1228, acc=0.9621]\r[cosine_anneal] Stage2 Epoch 69/75:  52%|█████▏    | 85/164 [00:33\u003c00:29,  2.64it/s, loss=0.1228, acc=0.9621]\n"}
,{"stream_name":"stderr","time":5620.033934954,"data":"\r[cosine_anneal] Stage2 Epoch 69/75:  52%|█████▏    | 85/164 [00:33\u003c00:29,  2.64it/s, loss=0.1228, acc=0.9621]\r[cosine_anneal] Stage2 Epoch 69/75:  52%|█████▏    | 85/164 [00:34\u003c00:29,  2.64it/s, loss=0.1219, acc=0.9626]\n"}
,{"stream_name":"stderr","time":5620.034857533,"data":"\r[cosine_anneal] Stage2 Epoch 69/75:  52%|█████▏    | 85/164 [00:34\u003c00:29,  2.64it/s, loss=0.1219, acc=0.9626]\r[cosine_anneal] Stage2 Epoch 69/75:  52%|█████▏    | 86/164 [00:34\u003c00:29,  2.66it/s, loss=0.1219, acc=0.9626]\n"}
,{"stream_name":"stderr","time":5620.035790663,"data":"\r[cosine_anneal] Stage2 Epoch 69/75:  52%|█████▏    | 86/164 [00:34\u003c00:29,  2.66it/s, loss=0.1219, acc=0.9626]\r[cosine_anneal] Stage2 Epoch 69/75:  52%|█████▏    | 86/164 [00:34\u003c00:29,  2.66it/s, loss=0.1230, acc=0.9619]\n"}
,{"stream_name":"stderr","time":5620.036723429,"data":"\r[cosine_anneal] Stage2 Epoch 69/75:  52%|█████▏    | 86/164 [00:34\u003c00:29,  2.66it/s, loss=0.1230, acc=0.9619]\r[cosine_anneal] Stage2 Epoch 69/75:  53%|█████▎    | 87/164 [00:34\u003c00:28,  2.66it/s, loss=0.1230, acc=0.9619]\n"}
,{"stream_name":"stderr","time":5620.037705754,"data":"\r[cosine_anneal] Stage2 Epoch 69/75:  53%|█████▎    | 87/164 [00:34\u003c00:28,  2.66it/s, loss=0.1230, acc=0.9619]\r[cosine_anneal] Stage2 Epoch 69/75:  53%|█████▎    | 87/164 [00:34\u003c00:28,  2.66it/s, loss=0.1233, acc=0.9616]\n"}
,{"stream_name":"stderr","time":5620.038731256,"data":"\r[cosine_anneal] Stage2 Epoch 69/75:  53%|█████▎    | 87/164 [00:34\u003c00:28,  2.66it/s, loss=0.1233, acc=0.9616]\r[cosine_anneal] Stage2 Epoch 69/75:  54%|█████▎    | 88/164 [00:34\u003c00:28,  2.65it/s, loss=0.1233, acc=0.9616]\n"}
,{"stream_name":"stderr","time":5620.292484612,"data":"\r[cosine_anneal] Stage2 Epoch 69/75:  54%|█████▎    | 88/164 [00:34\u003c00:28,  2.65it/s, loss=0.1233, acc=0.9616]\r[cosine_anneal] Stage2 Epoch 69/75:  54%|█████▎    | 88/164 [00:35\u003c00:28,  2.65it/s, loss=0.1250, acc=0.9610]\n"}
,{"stream_name":"stderr","time":5620.293721428,"data":"\r[cosine_anneal] Stage2 Epoch 69/75:  54%|█████▎    | 88/164 [00:35\u003c00:28,  2.65it/s, loss=0.1250, acc=0.9610]\r[cosine_anneal] Stage2 Epoch 69/75:  54%|█████▍    | 89/164 [00:35\u003c00:28,  2.66it/s, loss=0.1250, acc=0.9610]\n"}
,{"stream_name":"stderr","time":5620.673719773,"data":"\r[cosine_anneal] Stage2 Epoch 69/75:  54%|█████▍    | 89/164 [00:35\u003c00:28,  2.66it/s, loss=0.1250, acc=0.9610]\r[cosine_anneal] Stage2 Epoch 69/75:  54%|█████▍    | 89/164 [00:35\u003c00:28,  2.66it/s, loss=0.1264, acc=0.9604]\n"}
,{"stream_name":"stderr","time":5620.674770243,"data":"\r[cosine_anneal] Stage2 Epoch 69/75:  54%|█████▍    | 89/164 [00:35\u003c00:28,  2.66it/s, loss=0.1264, acc=0.9604]\r[cosine_anneal] Stage2 Epoch 69/75:  55%|█████▍    | 90/164 [00:35\u003c00:27,  2.65it/s, loss=0.1264, acc=0.9604]\n"}
,{"stream_name":"stderr","time":5621.045554684,"data":"\r[cosine_anneal] Stage2 Epoch 69/75:  55%|█████▍    | 90/164 [00:35\u003c00:27,  2.65it/s, loss=0.1264, acc=0.9604]\r[cosine_anneal] Stage2 Epoch 69/75:  55%|█████▍    | 90/164 [00:36\u003c00:27,  2.65it/s, loss=0.1261, acc=0.9605]\n"}
,{"stream_name":"stderr","time":5621.0465982,"data":"\r[cosine_anneal] Stage2 Epoch 69/75:  55%|█████▍    | 90/164 [00:36\u003c00:27,  2.65it/s, loss=0.1261, acc=0.9605]\r[cosine_anneal] Stage2 Epoch 69/75:  55%|█████▌    | 91/164 [00:36\u003c00:27,  2.66it/s, loss=0.1261, acc=0.9605]\n"}
,{"stream_name":"stderr","time":5621.421917459,"data":"\r[cosine_anneal] Stage2 Epoch 69/75:  55%|█████▌    | 91/164 [00:36\u003c00:27,  2.66it/s, loss=0.1261, acc=0.9605]\r[cosine_anneal] Stage2 Epoch 69/75:  55%|█████▌    | 91/164 [00:36\u003c00:27,  2.66it/s, loss=0.1284, acc=0.9599]\n"}
,{"stream_name":"stderr","time":5621.42281331,"data":"\r[cosine_anneal] Stage2 Epoch 69/75:  55%|█████▌    | 91/164 [00:36\u003c00:27,  2.66it/s, loss=0.1284, acc=0.9599]\r[cosine_anneal] Stage2 Epoch 69/75:  56%|█████▌    | 92/164 [00:36\u003c00:27,  2.66it/s, loss=0.1284, acc=0.9599]\n"}
,{"stream_name":"stderr","time":5621.792455442,"data":"\r[cosine_anneal] Stage2 Epoch 69/75:  56%|█████▌    | 92/164 [00:36\u003c00:27,  2.66it/s, loss=0.1284, acc=0.9599]\r[cosine_anneal] Stage2 Epoch 69/75:  56%|█████▌    | 92/164 [00:36\u003c00:27,  2.66it/s, loss=0.1278, acc=0.9600]\n"}
,{"stream_name":"stderr","time":5621.793377306,"data":"\r[cosine_anneal] Stage2 Epoch 69/75:  56%|█████▌    | 92/164 [00:36\u003c00:27,  2.66it/s, loss=0.1278, acc=0.9600]\r[cosine_anneal] Stage2 Epoch 69/75:  57%|█████▋    | 93/164 [00:36\u003c00:26,  2.67it/s, loss=0.1278, acc=0.9600]\n"}
,{"stream_name":"stderr","time":5622.171091697,"data":"\r[cosine_anneal] Stage2 Epoch 69/75:  57%|█████▋    | 93/164 [00:36\u003c00:26,  2.67it/s, loss=0.1278, acc=0.9600]\r[cosine_anneal] Stage2 Epoch 69/75:  57%|█████▋    | 93/164 [00:37\u003c00:26,  2.67it/s, loss=0.1268, acc=0.9601]\n"}
,{"stream_name":"stderr","time":5622.172103257,"data":"\r[cosine_anneal] Stage2 Epoch 69/75:  57%|█████▋    | 93/164 [00:37\u003c00:26,  2.67it/s, loss=0.1268, acc=0.9601]\r[cosine_anneal] Stage2 Epoch 69/75:  57%|█████▋    | 94/164 [00:37\u003c00:26,  2.66it/s, loss=0.1268, acc=0.9601]\n"}
,{"stream_name":"stderr","time":5622.541311963,"data":"\r[cosine_anneal] Stage2 Epoch 69/75:  57%|█████▋    | 94/164 [00:37\u003c00:26,  2.66it/s, loss=0.1268, acc=0.9601]\r[cosine_anneal] Stage2 Epoch 69/75:  57%|█████▋    | 94/164 [00:37\u003c00:26,  2.66it/s, loss=0.1261, acc=0.9602]\n"}
,{"stream_name":"stderr","time":5622.542385362,"data":"\r[cosine_anneal] Stage2 Epoch 69/75:  57%|█████▋    | 94/164 [00:37\u003c00:26,  2.66it/s, loss=0.1261, acc=0.9602]\r[cosine_anneal] Stage2 Epoch 69/75:  58%|█████▊    | 95/164 [00:37\u003c00:25,  2.67it/s, loss=0.1261, acc=0.9602]\n"}
,{"stream_name":"stderr","time":5622.918685566,"data":"\r[cosine_anneal] Stage2 Epoch 69/75:  58%|█████▊    | 95/164 [00:37\u003c00:25,  2.67it/s, loss=0.1261, acc=0.9602]\r[cosine_anneal] Stage2 Epoch 69/75:  58%|█████▊    | 95/164 [00:37\u003c00:25,  2.67it/s, loss=0.1250, acc=0.9606]\n"}
,{"stream_name":"stderr","time":5622.919902455,"data":"\r[cosine_anneal] Stage2 Epoch 69/75:  58%|█████▊    | 95/164 [00:37\u003c00:25,  2.67it/s, loss=0.1250, acc=0.9606]\r[cosine_anneal] Stage2 Epoch 69/75:  59%|█████▊    | 96/164 [00:37\u003c00:25,  2.67it/s, loss=0.1250, acc=0.9606]\n"}
,{"stream_name":"stderr","time":5623.291143671,"data":"\r[cosine_anneal] Stage2 Epoch 69/75:  59%|█████▊    | 96/164 [00:37\u003c00:25,  2.67it/s, loss=0.1250, acc=0.9606]\r[cosine_anneal] Stage2 Epoch 69/75:  59%|█████▊    | 96/164 [00:38\u003c00:25,  2.67it/s, loss=0.1260, acc=0.9601]\n"}
,{"stream_name":"stderr","time":5623.292227933,"data":"\r[cosine_anneal] Stage2 Epoch 69/75:  59%|█████▊    | 96/164 [00:38\u003c00:25,  2.67it/s, loss=0.1260, acc=0.9601]\r[cosine_anneal] Stage2 Epoch 69/75:  59%|█████▉    | 97/164 [00:38\u003c00:25,  2.67it/s, loss=0.1260, acc=0.9601]\n"}
,{"stream_name":"stderr","time":5623.670366565,"data":"\r[cosine_anneal] Stage2 Epoch 69/75:  59%|█████▉    | 97/164 [00:38\u003c00:25,  2.67it/s, loss=0.1260, acc=0.9601]\r[cosine_anneal] Stage2 Epoch 69/75:  59%|█████▉    | 97/164 [00:38\u003c00:25,  2.67it/s, loss=0.1255, acc=0.9605]\n"}
,{"stream_name":"stderr","time":5623.671319078,"data":"\r[cosine_anneal] Stage2 Epoch 69/75:  59%|█████▉    | 97/164 [00:38\u003c00:25,  2.67it/s, loss=0.1255, acc=0.9605]\r[cosine_anneal] Stage2 Epoch 69/75:  60%|█████▉    | 98/164 [00:38\u003c00:24,  2.66it/s, loss=0.1255, acc=0.9605]\n"}
,{"stream_name":"stderr","time":5624.0393422,"data":"\r[cosine_anneal] Stage2 Epoch 69/75:  60%|█████▉    | 98/164 [00:38\u003c00:24,  2.66it/s, loss=0.1255, acc=0.9605]\r[cosine_anneal] Stage2 Epoch 69/75:  60%|█████▉    | 98/164 [00:39\u003c00:24,  2.66it/s, loss=0.1256, acc=0.9602]\n"}
,{"stream_name":"stderr","time":5624.040645286,"data":"\r[cosine_anneal] Stage2 Epoch 69/75:  60%|█████▉    | 98/164 [00:39\u003c00:24,  2.66it/s, loss=0.1256, acc=0.9602]\r[cosine_anneal] Stage2 Epoch 69/75:  60%|██████    | 99/164 [00:39\u003c00:24,  2.68it/s, loss=0.1256, acc=0.9602]\n"}
,{"stream_name":"stderr","time":5624.418073183,"data":"\r[cosine_anneal] Stage2 Epoch 69/75:  60%|██████    | 99/164 [00:39\u003c00:24,  2.68it/s, loss=0.1256, acc=0.9602]\r[cosine_anneal] Stage2 Epoch 69/75:  60%|██████    | 99/164 [00:39\u003c00:24,  2.68it/s, loss=0.1245, acc=0.9606]\n"}
,{"stream_name":"stderr","time":5624.418972007,"data":"\r[cosine_anneal] Stage2 Epoch 69/75:  60%|██████    | 99/164 [00:39\u003c00:24,  2.68it/s, loss=0.1245, acc=0.9606]\r[cosine_anneal] Stage2 Epoch 69/75:  61%|██████    | 100/164 [00:39\u003c00:24,  2.66it/s, loss=0.1245, acc=0.9606]\n"}
,{"stream_name":"stderr","time":5624.789669162,"data":"\r[cosine_anneal] Stage2 Epoch 69/75:  61%|██████    | 100/164 [00:39\u003c00:24,  2.66it/s, loss=0.1245, acc=0.9606]\r[cosine_anneal] Stage2 Epoch 69/75:  61%|██████    | 100/164 [00:39\u003c00:24,  2.66it/s, loss=0.1242, acc=0.9604]\n"}
,{"stream_name":"stderr","time":5624.790906208,"data":"\r[cosine_anneal] Stage2 Epoch 69/75:  61%|██████    | 100/164 [00:39\u003c00:24,  2.66it/s, loss=0.1242, acc=0.9604]\r[cosine_anneal] Stage2 Epoch 69/75:  62%|██████▏   | 101/164 [00:39\u003c00:23,  2.67it/s, loss=0.1242, acc=0.9604]\n"}
,{"stream_name":"stderr","time":5625.166387169,"data":"\r[cosine_anneal] Stage2 Epoch 69/75:  62%|██████▏   | 101/164 [00:39\u003c00:23,  2.67it/s, loss=0.1242, acc=0.9604]\r[cosine_anneal] Stage2 Epoch 69/75:  62%|██████▏   | 101/164 [00:40\u003c00:23,  2.67it/s, loss=0.1239, acc=0.9605]\n"}
,{"stream_name":"stderr","time":5625.167603578,"data":"\r[cosine_anneal] Stage2 Epoch 69/75:  62%|██████▏   | 101/164 [00:40\u003c00:23,  2.67it/s, loss=0.1239, acc=0.9605]\r[cosine_anneal] Stage2 Epoch 69/75:  62%|██████▏   | 102/164 [00:40\u003c00:23,  2.67it/s, loss=0.1239, acc=0.9605]\n"}
,{"stream_name":"stderr","time":5625.541105596,"data":"\r[cosine_anneal] Stage2 Epoch 69/75:  62%|██████▏   | 102/164 [00:40\u003c00:23,  2.67it/s, loss=0.1239, acc=0.9605]\r[cosine_anneal] Stage2 Epoch 69/75:  62%|██████▏   | 102/164 [00:40\u003c00:23,  2.67it/s, loss=0.1239, acc=0.9606]\n"}
,{"stream_name":"stderr","time":5625.541919203,"data":"\r[cosine_anneal] Stage2 Epoch 69/75:  62%|██████▏   | 102/164 [00:40\u003c00:23,  2.67it/s, loss=0.1239, acc=0.9606]\r[cosine_anneal] Stage2 Epoch 69/75:  63%|██████▎   | 103/164 [00:40\u003c00:22,  2.67it/s, loss=0.1239, acc=0.9606]\n"}
,{"stream_name":"stderr","time":5625.919717945,"data":"\r[cosine_anneal] Stage2 Epoch 69/75:  63%|██████▎   | 103/164 [00:40\u003c00:22,  2.67it/s, loss=0.1239, acc=0.9606]\r[cosine_anneal] Stage2 Epoch 69/75:  63%|██████▎   | 103/164 [00:40\u003c00:22,  2.67it/s, loss=0.1236, acc=0.9606]\n"}
,{"stream_name":"stderr","time":5625.920905716,"data":"\r[cosine_anneal] Stage2 Epoch 69/75:  63%|██████▎   | 103/164 [00:40\u003c00:22,  2.67it/s, loss=0.1236, acc=0.9606]\r[cosine_anneal] Stage2 Epoch 69/75:  63%|██████▎   | 104/164 [00:40\u003c00:22,  2.66it/s, loss=0.1236, acc=0.9606]\n"}
,{"stream_name":"stderr","time":5626.289541095,"data":"\r[cosine_anneal] Stage2 Epoch 69/75:  63%|██████▎   | 104/164 [00:40\u003c00:22,  2.66it/s, loss=0.1236, acc=0.9606]\r[cosine_anneal] Stage2 Epoch 69/75:  63%|██████▎   | 104/164 [00:41\u003c00:22,  2.66it/s, loss=0.1229, acc=0.9610]\n"}
,{"stream_name":"stderr","time":5626.290800255,"data":"\r[cosine_anneal] Stage2 Epoch 69/75:  63%|██████▎   | 104/164 [00:41\u003c00:22,  2.66it/s, loss=0.1229, acc=0.9610]\r[cosine_anneal] Stage2 Epoch 69/75:  64%|██████▍   | 105/164 [00:41\u003c00:22,  2.67it/s, loss=0.1229, acc=0.9610]\n"}
,{"stream_name":"stderr","time":5626.669869271,"data":"\r[cosine_anneal] Stage2 Epoch 69/75:  64%|██████▍   | 105/164 [00:41\u003c00:22,  2.67it/s, loss=0.1229, acc=0.9610]\r[cosine_anneal] Stage2 Epoch 69/75:  64%|██████▍   | 105/164 [00:41\u003c00:22,  2.67it/s, loss=0.1228, acc=0.9611]\n"}
,{"stream_name":"stderr","time":5626.671307644,"data":"\r[cosine_anneal] Stage2 Epoch 69/75:  64%|██████▍   | 105/164 [00:41\u003c00:22,  2.67it/s, loss=0.1228, acc=0.9611]\r[cosine_anneal] Stage2 Epoch 69/75:  65%|██████▍   | 106/164 [00:41\u003c00:21,  2.66it/s, loss=0.1228, acc=0.9611]\n"}
,{"stream_name":"stderr","time":5627.040173125,"data":"\r[cosine_anneal] Stage2 Epoch 69/75:  65%|██████▍   | 106/164 [00:41\u003c00:21,  2.66it/s, loss=0.1228, acc=0.9611]\r[cosine_anneal] Stage2 Epoch 69/75:  65%|██████▍   | 106/164 [00:42\u003c00:21,  2.66it/s, loss=0.1217, acc=0.9614]\n"}
,{"stream_name":"stderr","time":5627.041299276,"data":"\r[cosine_anneal] Stage2 Epoch 69/75:  65%|██████▍   | 106/164 [00:42\u003c00:21,  2.66it/s, loss=0.1217, acc=0.9614]\r[cosine_anneal] Stage2 Epoch 69/75:  65%|██████▌   | 107/164 [00:42\u003c00:21,  2.67it/s, loss=0.1217, acc=0.9614]\n"}
,{"stream_name":"stderr","time":5627.419173351,"data":"\r[cosine_anneal] Stage2 Epoch 69/75:  65%|██████▌   | 107/164 [00:42\u003c00:21,  2.67it/s, loss=0.1217, acc=0.9614]\r[cosine_anneal] Stage2 Epoch 69/75:  65%|██████▌   | 107/164 [00:42\u003c00:21,  2.67it/s, loss=0.1212, acc=0.9615]\n"}
,{"stream_name":"stderr","time":5627.420148363,"data":"\r[cosine_anneal] Stage2 Epoch 69/75:  65%|██████▌   | 107/164 [00:42\u003c00:21,  2.67it/s, loss=0.1212, acc=0.9615]\r[cosine_anneal] Stage2 Epoch 69/75:  66%|██████▌   | 108/164 [00:42\u003c00:21,  2.66it/s, loss=0.1212, acc=0.9615]\n"}
,{"stream_name":"stderr","time":5627.79132656,"data":"\r[cosine_anneal] Stage2 Epoch 69/75:  66%|██████▌   | 108/164 [00:42\u003c00:21,  2.66it/s, loss=0.1212, acc=0.9615]\r[cosine_anneal] Stage2 Epoch 69/75:  66%|██████▌   | 108/164 [00:42\u003c00:21,  2.66it/s, loss=0.1212, acc=0.9616]\n"}
,{"stream_name":"stderr","time":5627.792652469,"data":"\r[cosine_anneal] Stage2 Epoch 69/75:  66%|██████▌   | 108/164 [00:42\u003c00:21,  2.66it/s, loss=0.1212, acc=0.9616]\r[cosine_anneal] Stage2 Epoch 69/75:  66%|██████▋   | 109/164 [00:42\u003c00:20,  2.67it/s, loss=0.1212, acc=0.9616]\n"}
,{"stream_name":"stderr","time":5628.166988881,"data":"\r[cosine_anneal] Stage2 Epoch 69/75:  66%|██████▋   | 109/164 [00:42\u003c00:20,  2.67it/s, loss=0.1212, acc=0.9616]\r[cosine_anneal] Stage2 Epoch 69/75:  66%|██████▋   | 109/164 [00:43\u003c00:20,  2.67it/s, loss=0.1227, acc=0.9614]\n"}
,{"stream_name":"stderr","time":5628.168090603,"data":"\r[cosine_anneal] Stage2 Epoch 69/75:  66%|██████▋   | 109/164 [00:43\u003c00:20,  2.67it/s, loss=0.1227, acc=0.9614]\r[cosine_anneal] Stage2 Epoch 69/75:  67%|██████▋   | 110/164 [00:43\u003c00:20,  2.67it/s, loss=0.1227, acc=0.9614]\n"}
,{"stream_name":"stderr","time":5628.536542676,"data":"\r[cosine_anneal] Stage2 Epoch 69/75:  67%|██████▋   | 110/164 [00:43\u003c00:20,  2.67it/s, loss=0.1227, acc=0.9614]\r[cosine_anneal] Stage2 Epoch 69/75:  67%|██████▋   | 110/164 [00:43\u003c00:20,  2.67it/s, loss=0.1225, acc=0.9614]\n"}
,{"stream_name":"stderr","time":5628.537612532,"data":"\r[cosine_anneal] Stage2 Epoch 69/75:  67%|██████▋   | 110/164 [00:43\u003c00:20,  2.67it/s, loss=0.1225, acc=0.9614]\r[cosine_anneal] Stage2 Epoch 69/75:  68%|██████▊   | 111/164 [00:43\u003c00:19,  2.68it/s, loss=0.1225, acc=0.9614]\n"}
,{"stream_name":"stderr","time":5628.918724363,"data":"\r[cosine_anneal] Stage2 Epoch 69/75:  68%|██████▊   | 111/164 [00:43\u003c00:19,  2.68it/s, loss=0.1225, acc=0.9614]\r[cosine_anneal] Stage2 Epoch 69/75:  68%|██████▊   | 111/164 [00:43\u003c00:19,  2.68it/s, loss=0.1219, acc=0.9615]\n"}
,{"stream_name":"stderr","time":5628.91919831,"data":"\r[cosine_anneal] Stage2 Epoch 69/75:  68%|██████▊   | 111/164 [00:43\u003c00:19,  2.68it/s, loss=0.1219, acc=0.9615]\r[cosine_anneal] Stage2 Epoch 69/75:  68%|██████▊   | 112/164 [00:43\u003c00:19,  2.66it/s, loss=0.1219, acc=0.9615]\n"}
,{"stream_name":"stderr","time":5629.286348796,"data":"\r[cosine_anneal] Stage2 Epoch 69/75:  68%|██████▊   | 112/164 [00:43\u003c00:19,  2.66it/s, loss=0.1219, acc=0.9615]\r[cosine_anneal] Stage2 Epoch 69/75:  68%|██████▊   | 112/164 [00:44\u003c00:19,  2.66it/s, loss=0.1234, acc=0.9610]\n"}
,{"stream_name":"stderr","time":5629.289043154,"data":"\r[cosine_anneal] Stage2 Epoch 69/75:  68%|██████▊   | 112/164 [00:44\u003c00:19,  2.66it/s, loss=0.1234, acc=0.9610]\r[cosine_anneal] Stage2 Epoch 69/75:  69%|██████▉   | 113/164 [00:44\u003c00:19,  2.68it/s, loss=0.1234, acc=0.9610]\n"}
,{"stream_name":"stderr","time":5629.664950419,"data":"\r[cosine_anneal] Stage2 Epoch 69/75:  69%|██████▉   | 113/164 [00:44\u003c00:19,  2.68it/s, loss=0.1234, acc=0.9610]\r[cosine_anneal] Stage2 Epoch 69/75:  69%|██████▉   | 113/164 [00:44\u003c00:19,  2.68it/s, loss=0.1233, acc=0.9608]\n"}
,{"stream_name":"stderr","time":5629.666431301,"data":"\r[cosine_anneal] Stage2 Epoch 69/75:  69%|██████▉   | 113/164 [00:44\u003c00:19,  2.68it/s, loss=0.1233, acc=0.9608]\r[cosine_anneal] Stage2 Epoch 69/75:  70%|██████▉   | 114/164 [00:44\u003c00:18,  2.67it/s, loss=0.1233, acc=0.9608]\n"}
,{"stream_name":"stderr","time":5630.047153771,"data":"\r[cosine_anneal] Stage2 Epoch 69/75:  70%|██████▉   | 114/164 [00:44\u003c00:18,  2.67it/s, loss=0.1233, acc=0.9608]\r[cosine_anneal] Stage2 Epoch 69/75:  70%|██████▉   | 114/164 [00:45\u003c00:18,  2.67it/s, loss=0.1231, acc=0.9606]\n"}
,{"stream_name":"stderr","time":5630.048309737,"data":"\r[cosine_anneal] Stage2 Epoch 69/75:  70%|██████▉   | 114/164 [00:45\u003c00:18,  2.67it/s, loss=0.1231, acc=0.9606]\r[cosine_anneal] Stage2 Epoch 69/75:  70%|███████   | 115/164 [00:45\u003c00:18,  2.65it/s, loss=0.1231, acc=0.9606]\n"}
,{"stream_name":"stderr","time":5630.420551295,"data":"\r[cosine_anneal] Stage2 Epoch 69/75:  70%|███████   | 115/164 [00:45\u003c00:18,  2.65it/s, loss=0.1231, acc=0.9606]\r[cosine_anneal] Stage2 Epoch 69/75:  70%|███████   | 115/164 [00:45\u003c00:18,  2.65it/s, loss=0.1250, acc=0.9601]\n"}
,{"stream_name":"stderr","time":5630.421709153,"data":"\r[cosine_anneal] Stage2 Epoch 69/75:  70%|███████   | 115/164 [00:45\u003c00:18,  2.65it/s, loss=0.1250, acc=0.9601]\r[cosine_anneal] Stage2 Epoch 69/75:  71%|███████   | 116/164 [00:45\u003c00:18,  2.66it/s, loss=0.1250, acc=0.9601]\n"}
,{"stream_name":"stderr","time":5630.800582987,"data":"\r[cosine_anneal] Stage2 Epoch 69/75:  71%|███████   | 116/164 [00:45\u003c00:18,  2.66it/s, loss=0.1250, acc=0.9601]\r[cosine_anneal] Stage2 Epoch 69/75:  71%|███████   | 116/164 [00:45\u003c00:18,  2.66it/s, loss=0.1248, acc=0.9602]\n"}
,{"stream_name":"stderr","time":5630.801893413,"data":"\r[cosine_anneal] Stage2 Epoch 69/75:  71%|███████   | 116/164 [00:45\u003c00:18,  2.66it/s, loss=0.1248, acc=0.9602]\r[cosine_anneal] Stage2 Epoch 69/75:  71%|███████▏  | 117/164 [00:45\u003c00:17,  2.65it/s, loss=0.1248, acc=0.9602]\n"}
,{"stream_name":"stderr","time":5631.176253422,"data":"\r[cosine_anneal] Stage2 Epoch 69/75:  71%|███████▏  | 117/164 [00:45\u003c00:17,  2.65it/s, loss=0.1248, acc=0.9602]\r[cosine_anneal] Stage2 Epoch 69/75:  71%|███████▏  | 117/164 [00:46\u003c00:17,  2.65it/s, loss=0.1243, acc=0.9603]\n"}
,{"stream_name":"stderr","time":5631.177188812,"data":"\r[cosine_anneal] Stage2 Epoch 69/75:  71%|███████▏  | 117/164 [00:46\u003c00:17,  2.65it/s, loss=0.1243, acc=0.9603]\r[cosine_anneal] Stage2 Epoch 69/75:  72%|███████▏  | 118/164 [00:46\u003c00:17,  2.65it/s, loss=0.1243, acc=0.9603]\n"}
,{"stream_name":"stderr","time":5631.554279945,"data":"\r[cosine_anneal] Stage2 Epoch 69/75:  72%|███████▏  | 118/164 [00:46\u003c00:17,  2.65it/s, loss=0.1243, acc=0.9603]\r[cosine_anneal] Stage2 Epoch 69/75:  72%|███████▏  | 118/164 [00:46\u003c00:17,  2.65it/s, loss=0.1248, acc=0.9601]\n"}
,{"stream_name":"stderr","time":5631.554953951,"data":"\r[cosine_anneal] Stage2 Epoch 69/75:  72%|███████▏  | 118/164 [00:46\u003c00:17,  2.65it/s, loss=0.1248, acc=0.9601]\r[cosine_anneal] Stage2 Epoch 69/75:  73%|███████▎  | 119/164 [00:46\u003c00:16,  2.65it/s, loss=0.1248, acc=0.9601]\n"}
,{"stream_name":"stderr","time":5631.932813107,"data":"\r[cosine_anneal] Stage2 Epoch 69/75:  73%|███████▎  | 119/164 [00:46\u003c00:16,  2.65it/s, loss=0.1248, acc=0.9601]\r[cosine_anneal] Stage2 Epoch 69/75:  73%|███████▎  | 119/164 [00:46\u003c00:16,  2.65it/s, loss=0.1249, acc=0.9602]\n"}
,{"stream_name":"stderr","time":5631.933830514,"data":"\r[cosine_anneal] Stage2 Epoch 69/75:  73%|███████▎  | 119/164 [00:46\u003c00:16,  2.65it/s, loss=0.1249, acc=0.9602]\r[cosine_anneal] Stage2 Epoch 69/75:  73%|███████▎  | 120/164 [00:46\u003c00:16,  2.65it/s, loss=0.1249, acc=0.9602]\n"}
,{"stream_name":"stderr","time":5632.307493729,"data":"\r[cosine_anneal] Stage2 Epoch 69/75:  73%|███████▎  | 120/164 [00:46\u003c00:16,  2.65it/s, loss=0.1249, acc=0.9602]\r[cosine_anneal] Stage2 Epoch 69/75:  73%|███████▎  | 120/164 [00:47\u003c00:16,  2.65it/s, loss=0.1243, acc=0.9602]\n"}
,{"stream_name":"stderr","time":5632.319156746,"data":"\r[cosine_anneal] Stage2 Epoch 69/75:  73%|███████▎  | 120/164 [00:47\u003c00:16,  2.65it/s, loss=0.1243, acc=0.9602]\r[cosine_anneal] Stage2 Epoch 69/75:  74%|███████▍  | 121/164 [00:47\u003c00:16,  2.66it/s, loss=0.1243, acc=0.9602]\n"}
,{"stream_name":"stderr","time":5632.686309184,"data":"\r[cosine_anneal] Stage2 Epoch 69/75:  74%|███████▍  | 121/164 [00:47\u003c00:16,  2.66it/s, loss=0.1243, acc=0.9602]\r[cosine_anneal] Stage2 Epoch 69/75:  74%|███████▍  | 121/164 [00:47\u003c00:16,  2.66it/s, loss=0.1234, acc=0.9606]\n"}
,{"stream_name":"stderr","time":5632.687204785,"data":"\r[cosine_anneal] Stage2 Epoch 69/75:  74%|███████▍  | 121/164 [00:47\u003c00:16,  2.66it/s, loss=0.1234, acc=0.9606]\r[cosine_anneal] Stage2 Epoch 69/75:  74%|███████▍  | 122/164 [00:47\u003c00:15,  2.65it/s, loss=0.1234, acc=0.9606]\n"}
,{"stream_name":"stderr","time":5633.063834041,"data":"\r[cosine_anneal] Stage2 Epoch 69/75:  74%|███████▍  | 122/164 [00:47\u003c00:15,  2.65it/s, loss=0.1234, acc=0.9606]\r[cosine_anneal] Stage2 Epoch 69/75:  74%|███████▍  | 122/164 [00:48\u003c00:15,  2.65it/s, loss=0.1226, acc=0.9609]\n"}
,{"stream_name":"stderr","time":5633.070538997,"data":"\r[cosine_anneal] Stage2 Epoch 69/75:  74%|███████▍  | 122/164 [00:48\u003c00:15,  2.65it/s, loss=0.1226, acc=0.9609]\r[cosine_anneal] Stage2 Epoch 69/75:  75%|███████▌  | 123/164 [00:48\u003c00:15,  2.65it/s, loss=0.1226, acc=0.9609]\n"}
,{"stream_name":"stderr","time":5633.438730629,"data":"\r[cosine_anneal] Stage2 Epoch 69/75:  75%|███████▌  | 123/164 [00:48\u003c00:15,  2.65it/s, loss=0.1226, acc=0.9609]\r[cosine_anneal] Stage2 Epoch 69/75:  75%|███████▌  | 123/164 [00:48\u003c00:15,  2.65it/s, loss=0.1222, acc=0.9612]\n"}
,{"stream_name":"stderr","time":5633.439856433,"data":"\r[cosine_anneal] Stage2 Epoch 69/75:  75%|███████▌  | 123/164 [00:48\u003c00:15,  2.65it/s, loss=0.1222, acc=0.9612]\r[cosine_anneal] Stage2 Epoch 69/75:  76%|███████▌  | 124/164 [00:48\u003c00:15,  2.65it/s, loss=0.1222, acc=0.9612]\n"}
,{"stream_name":"stderr","time":5633.817432807,"data":"\r[cosine_anneal] Stage2 Epoch 69/75:  76%|███████▌  | 124/164 [00:48\u003c00:15,  2.65it/s, loss=0.1222, acc=0.9612]\r[cosine_anneal] Stage2 Epoch 69/75:  76%|███████▌  | 124/164 [00:48\u003c00:15,  2.65it/s, loss=0.1219, acc=0.9613]\n"}
,{"stream_name":"stderr","time":5633.818463408,"data":"\r[cosine_anneal] Stage2 Epoch 69/75:  76%|███████▌  | 124/164 [00:48\u003c00:15,  2.65it/s, loss=0.1219, acc=0.9613]\r[cosine_anneal] Stage2 Epoch 69/75:  76%|███████▌  | 125/164 [00:48\u003c00:14,  2.65it/s, loss=0.1219, acc=0.9613]\n"}
,{"stream_name":"stderr","time":5634.189464292,"data":"\r[cosine_anneal] Stage2 Epoch 69/75:  76%|███████▌  | 125/164 [00:48\u003c00:14,  2.65it/s, loss=0.1219, acc=0.9613]\r[cosine_anneal] Stage2 Epoch 69/75:  76%|███████▌  | 125/164 [00:49\u003c00:14,  2.65it/s, loss=0.1212, acc=0.9616]\n"}
,{"stream_name":"stderr","time":5634.191797571,"data":"\r[cosine_anneal] Stage2 Epoch 69/75:  76%|███████▌  | 125/164 [00:49\u003c00:14,  2.65it/s, loss=0.1212, acc=0.9616]\r[cosine_anneal] Stage2 Epoch 69/75:  77%|███████▋  | 126/164 [00:49\u003c00:14,  2.66it/s, loss=0.1212, acc=0.9616]\n"}
,{"stream_name":"stderr","time":5634.569138161,"data":"\r[cosine_anneal] Stage2 Epoch 69/75:  77%|███████▋  | 126/164 [00:49\u003c00:14,  2.66it/s, loss=0.1212, acc=0.9616]\r[cosine_anneal] Stage2 Epoch 69/75:  77%|███████▋  | 126/164 [00:49\u003c00:14,  2.66it/s, loss=0.1215, acc=0.9616]\n"}
,{"stream_name":"stderr","time":5634.570220395,"data":"\r[cosine_anneal] Stage2 Epoch 69/75:  77%|███████▋  | 126/164 [00:49\u003c00:14,  2.66it/s, loss=0.1215, acc=0.9616]\r[cosine_anneal] Stage2 Epoch 69/75:  77%|███████▋  | 127/164 [00:49\u003c00:13,  2.65it/s, loss=0.1215, acc=0.9616]\n"}
,{"stream_name":"stderr","time":5634.940792824,"data":"\r[cosine_anneal] Stage2 Epoch 69/75:  77%|███████▋  | 127/164 [00:49\u003c00:13,  2.65it/s, loss=0.1215, acc=0.9616]\r[cosine_anneal] Stage2 Epoch 69/75:  77%|███████▋  | 127/164 [00:49\u003c00:13,  2.65it/s, loss=0.1213, acc=0.9614]\n"}
,{"stream_name":"stderr","time":5634.941892485,"data":"\r[cosine_anneal] Stage2 Epoch 69/75:  77%|███████▋  | 127/164 [00:49\u003c00:13,  2.65it/s, loss=0.1213, acc=0.9614]\r[cosine_anneal] Stage2 Epoch 69/75:  78%|███████▊  | 128/164 [00:49\u003c00:13,  2.67it/s, loss=0.1213, acc=0.9614]\n"}
,{"stream_name":"stderr","time":5635.318166782,"data":"\r[cosine_anneal] Stage2 Epoch 69/75:  78%|███████▊  | 128/164 [00:49\u003c00:13,  2.67it/s, loss=0.1213, acc=0.9614]\r[cosine_anneal] Stage2 Epoch 69/75:  78%|███████▊  | 128/164 [00:50\u003c00:13,  2.67it/s, loss=0.1211, acc=0.9615]\n"}
,{"stream_name":"stderr","time":5635.319410565,"data":"\r[cosine_anneal] Stage2 Epoch 69/75:  78%|███████▊  | 128/164 [00:50\u003c00:13,  2.67it/s, loss=0.1211, acc=0.9615]\r[cosine_anneal] Stage2 Epoch 69/75:  79%|███████▊  | 129/164 [00:50\u003c00:13,  2.66it/s, loss=0.1211, acc=0.9615]\n"}
,{"stream_name":"stderr","time":5635.689545857,"data":"\r[cosine_anneal] Stage2 Epoch 69/75:  79%|███████▊  | 129/164 [00:50\u003c00:13,  2.66it/s, loss=0.1211, acc=0.9615]\r[cosine_anneal] Stage2 Epoch 69/75:  79%|███████▊  | 129/164 [00:50\u003c00:13,  2.66it/s, loss=0.1207, acc=0.9615]\n"}
,{"stream_name":"stderr","time":5635.690860222,"data":"\r[cosine_anneal] Stage2 Epoch 69/75:  79%|███████▊  | 129/164 [00:50\u003c00:13,  2.66it/s, loss=0.1207, acc=0.9615]\r[cosine_anneal] Stage2 Epoch 69/75:  79%|███████▉  | 130/164 [00:50\u003c00:12,  2.67it/s, loss=0.1207, acc=0.9615]\n"}
,{"stream_name":"stderr","time":5636.066691924,"data":"\r[cosine_anneal] Stage2 Epoch 69/75:  79%|███████▉  | 130/164 [00:50\u003c00:12,  2.67it/s, loss=0.1207, acc=0.9615]\r[cosine_anneal] Stage2 Epoch 69/75:  79%|███████▉  | 130/164 [00:51\u003c00:12,  2.67it/s, loss=0.1213, acc=0.9614]\n"}
,{"stream_name":"stderr","time":5636.067690286,"data":"\r[cosine_anneal] Stage2 Epoch 69/75:  79%|███████▉  | 130/164 [00:51\u003c00:12,  2.67it/s, loss=0.1213, acc=0.9614]\r[cosine_anneal] Stage2 Epoch 69/75:  80%|███████▉  | 131/164 [00:51\u003c00:12,  2.67it/s, loss=0.1213, acc=0.9614]\n"}
,{"stream_name":"stderr","time":5636.43687394,"data":"\r[cosine_anneal] Stage2 Epoch 69/75:  80%|███████▉  | 131/164 [00:51\u003c00:12,  2.67it/s, loss=0.1213, acc=0.9614]\r[cosine_anneal] Stage2 Epoch 69/75:  80%|███████▉  | 131/164 [00:51\u003c00:12,  2.67it/s, loss=0.1211, acc=0.9614]\n"}
,{"stream_name":"stderr","time":5636.438503539,"data":"\r[cosine_anneal] Stage2 Epoch 69/75:  80%|███████▉  | 131/164 [00:51\u003c00:12,  2.67it/s, loss=0.1211, acc=0.9614]\r[cosine_anneal] Stage2 Epoch 69/75:  80%|████████  | 132/164 [00:51\u003c00:11,  2.67it/s, loss=0.1211, acc=0.9614]\n"}
,{"stream_name":"stderr","time":5636.817647783,"data":"\r[cosine_anneal] Stage2 Epoch 69/75:  80%|████████  | 132/164 [00:51\u003c00:11,  2.67it/s, loss=0.1211, acc=0.9614]\r[cosine_anneal] Stage2 Epoch 69/75:  80%|████████  | 132/164 [00:51\u003c00:11,  2.67it/s, loss=0.1213, acc=0.9612]\n"}
,{"stream_name":"stderr","time":5636.818521595,"data":"\r[cosine_anneal] Stage2 Epoch 69/75:  80%|████████  | 132/164 [00:51\u003c00:11,  2.67it/s, loss=0.1213, acc=0.9612]\r[cosine_anneal] Stage2 Epoch 69/75:  81%|████████  | 133/164 [00:51\u003c00:11,  2.66it/s, loss=0.1213, acc=0.9612]\n"}
,{"stream_name":"stderr","time":5637.187577624,"data":"\r[cosine_anneal] Stage2 Epoch 69/75:  81%|████████  | 133/164 [00:51\u003c00:11,  2.66it/s, loss=0.1213, acc=0.9612]\r[cosine_anneal] Stage2 Epoch 69/75:  81%|████████  | 133/164 [00:52\u003c00:11,  2.66it/s, loss=0.1212, acc=0.9613]\n"}
,{"stream_name":"stderr","time":5637.191553758,"data":"\r[cosine_anneal] Stage2 Epoch 69/75:  81%|████████  | 133/164 [00:52\u003c00:11,  2.66it/s, loss=0.1212, acc=0.9613]\r[cosine_anneal] Stage2 Epoch 69/75:  82%|████████▏ | 134/164 [00:52\u003c00:11,  2.67it/s, loss=0.1212, acc=0.9613]\n"}
,{"stream_name":"stderr","time":5637.563590541,"data":"\r[cosine_anneal] Stage2 Epoch 69/75:  82%|████████▏ | 134/164 [00:52\u003c00:11,  2.67it/s, loss=0.1212, acc=0.9613]\r[cosine_anneal] Stage2 Epoch 69/75:  82%|████████▏ | 134/164 [00:52\u003c00:11,  2.67it/s, loss=0.1210, acc=0.9613]\n"}
,{"stream_name":"stderr","time":5637.56551372,"data":"\r[cosine_anneal] Stage2 Epoch 69/75:  82%|████████▏ | 134/164 [00:52\u003c00:11,  2.67it/s, loss=0.1210, acc=0.9613]\r[cosine_anneal] Stage2 Epoch 69/75:  82%|████████▏ | 135/164 [00:52\u003c00:10,  2.67it/s, loss=0.1210, acc=0.9613]\n"}
,{"stream_name":"stderr","time":5637.937071973,"data":"\r[cosine_anneal] Stage2 Epoch 69/75:  82%|████████▏ | 135/164 [00:52\u003c00:10,  2.67it/s, loss=0.1210, acc=0.9613]\r[cosine_anneal] Stage2 Epoch 69/75:  82%|████████▏ | 135/164 [00:52\u003c00:10,  2.67it/s, loss=0.1225, acc=0.9609]\n"}
,{"stream_name":"stderr","time":5637.938075424,"data":"\r[cosine_anneal] Stage2 Epoch 69/75:  82%|████████▏ | 135/164 [00:52\u003c00:10,  2.67it/s, loss=0.1225, acc=0.9609]\r[cosine_anneal] Stage2 Epoch 69/75:  83%|████████▎ | 136/164 [00:52\u003c00:10,  2.67it/s, loss=0.1225, acc=0.9609]\n"}
,{"stream_name":"stderr","time":5638.314915503,"data":"\r[cosine_anneal] Stage2 Epoch 69/75:  83%|████████▎ | 136/164 [00:52\u003c00:10,  2.67it/s, loss=0.1225, acc=0.9609]\r[cosine_anneal] Stage2 Epoch 69/75:  83%|████████▎ | 136/164 [00:53\u003c00:10,  2.67it/s, loss=0.1218, acc=0.9612]\n"}
,{"stream_name":"stderr","time":5638.316242186,"data":"\r[cosine_anneal] Stage2 Epoch 69/75:  83%|████████▎ | 136/164 [00:53\u003c00:10,  2.67it/s, loss=0.1218, acc=0.9612]\r[cosine_anneal] Stage2 Epoch 69/75:  84%|████████▎ | 137/164 [00:53\u003c00:10,  2.66it/s, loss=0.1218, acc=0.9612]\n"}
,{"stream_name":"stderr","time":5638.687046146,"data":"\r[cosine_anneal] Stage2 Epoch 69/75:  84%|████████▎ | 137/164 [00:53\u003c00:10,  2.66it/s, loss=0.1218, acc=0.9612]\r[cosine_anneal] Stage2 Epoch 69/75:  84%|████████▎ | 137/164 [00:53\u003c00:10,  2.66it/s, loss=0.1215, acc=0.9611]\n"}
,{"stream_name":"stderr","time":5638.68817425,"data":"\r[cosine_anneal] Stage2 Epoch 69/75:  84%|████████▎ | 137/164 [00:53\u003c00:10,  2.66it/s, loss=0.1215, acc=0.9611]\r[cosine_anneal] Stage2 Epoch 69/75:  84%|████████▍ | 138/164 [00:53\u003c00:09,  2.67it/s, loss=0.1215, acc=0.9611]\n"}
,{"stream_name":"stderr","time":5639.061625574,"data":"\r[cosine_anneal] Stage2 Epoch 69/75:  84%|████████▍ | 138/164 [00:53\u003c00:09,  2.67it/s, loss=0.1215, acc=0.9611]\r[cosine_anneal] Stage2 Epoch 69/75:  84%|████████▍ | 138/164 [00:54\u003c00:09,  2.67it/s, loss=0.1218, acc=0.9611]\n"}
,{"stream_name":"stderr","time":5639.062478642,"data":"\r[cosine_anneal] Stage2 Epoch 69/75:  84%|████████▍ | 138/164 [00:54\u003c00:09,  2.67it/s, loss=0.1218, acc=0.9611]\r[cosine_anneal] Stage2 Epoch 69/75:  85%|████████▍ | 139/164 [00:54\u003c00:09,  2.67it/s, loss=0.1218, acc=0.9611]\n"}
,{"stream_name":"stderr","time":5639.434976232,"data":"\r[cosine_anneal] Stage2 Epoch 69/75:  85%|████████▍ | 139/164 [00:54\u003c00:09,  2.67it/s, loss=0.1218, acc=0.9611]\r[cosine_anneal] Stage2 Epoch 69/75:  85%|████████▍ | 139/164 [00:54\u003c00:09,  2.67it/s, loss=0.1210, acc=0.9614]\n"}
,{"stream_name":"stderr","time":5639.435894603,"data":"\r[cosine_anneal] Stage2 Epoch 69/75:  85%|████████▍ | 139/164 [00:54\u003c00:09,  2.67it/s, loss=0.1210, acc=0.9614]\r[cosine_anneal] Stage2 Epoch 69/75:  85%|████████▌ | 140/164 [00:54\u003c00:08,  2.67it/s, loss=0.1210, acc=0.9614]\n"}
,{"stream_name":"stderr","time":5639.807202898,"data":"\r[cosine_anneal] Stage2 Epoch 69/75:  85%|████████▌ | 140/164 [00:54\u003c00:08,  2.67it/s, loss=0.1210, acc=0.9614]\r[cosine_anneal] Stage2 Epoch 69/75:  85%|████████▌ | 140/164 [00:54\u003c00:08,  2.67it/s, loss=0.1210, acc=0.9614]\n"}
,{"stream_name":"stderr","time":5639.808078587,"data":"\r[cosine_anneal] Stage2 Epoch 69/75:  85%|████████▌ | 140/164 [00:54\u003c00:08,  2.67it/s, loss=0.1210, acc=0.9614]\r[cosine_anneal] Stage2 Epoch 69/75:  86%|████████▌ | 141/164 [00:54\u003c00:08,  2.68it/s, loss=0.1210, acc=0.9614]\n"}
,{"stream_name":"stderr","time":5640.183002088,"data":"\r[cosine_anneal] Stage2 Epoch 69/75:  86%|████████▌ | 141/164 [00:54\u003c00:08,  2.68it/s, loss=0.1210, acc=0.9614]\r[cosine_anneal] Stage2 Epoch 69/75:  86%|████████▌ | 141/164 [00:55\u003c00:08,  2.68it/s, loss=0.1211, acc=0.9610]\n"}
,{"stream_name":"stderr","time":5640.18400726,"data":"\r[cosine_anneal] Stage2 Epoch 69/75:  86%|████████▌ | 141/164 [00:55\u003c00:08,  2.68it/s, loss=0.1211, acc=0.9610]\r[cosine_anneal] Stage2 Epoch 69/75:  87%|████████▋ | 142/164 [00:55\u003c00:08,  2.67it/s, loss=0.1211, acc=0.9610]\n"}
,{"stream_name":"stderr","time":5640.552682737,"data":"\r[cosine_anneal] Stage2 Epoch 69/75:  87%|████████▋ | 142/164 [00:55\u003c00:08,  2.67it/s, loss=0.1211, acc=0.9610]\r[cosine_anneal] Stage2 Epoch 69/75:  87%|████████▋ | 142/164 [00:55\u003c00:08,  2.67it/s, loss=0.1213, acc=0.9609]\n"}
,{"stream_name":"stderr","time":5640.553793013,"data":"\r[cosine_anneal] Stage2 Epoch 69/75:  87%|████████▋ | 142/164 [00:55\u003c00:08,  2.67it/s, loss=0.1213, acc=0.9609]\r[cosine_anneal] Stage2 Epoch 69/75:  87%|████████▋ | 143/164 [00:55\u003c00:07,  2.68it/s, loss=0.1213, acc=0.9609]\n"}
,{"stream_name":"stderr","time":5640.927957926,"data":"\r[cosine_anneal] Stage2 Epoch 69/75:  87%|████████▋ | 143/164 [00:55\u003c00:07,  2.68it/s, loss=0.1213, acc=0.9609]\r[cosine_anneal] Stage2 Epoch 69/75:  87%|████████▋ | 143/164 [00:55\u003c00:07,  2.68it/s, loss=0.1219, acc=0.9607]\n"}
,{"stream_name":"stderr","time":5640.929098028,"data":"\r[cosine_anneal] Stage2 Epoch 69/75:  87%|████████▋ | 143/164 [00:55\u003c00:07,  2.68it/s, loss=0.1219, acc=0.9607]\r[cosine_anneal] Stage2 Epoch 69/75:  88%|████████▊ | 144/164 [00:55\u003c00:07,  2.68it/s, loss=0.1219, acc=0.9607]\n"}
,{"stream_name":"stderr","time":5641.301489162,"data":"\r[cosine_anneal] Stage2 Epoch 69/75:  88%|████████▊ | 144/164 [00:55\u003c00:07,  2.68it/s, loss=0.1219, acc=0.9607]\r[cosine_anneal] Stage2 Epoch 69/75:  88%|████████▊ | 144/164 [00:56\u003c00:07,  2.68it/s, loss=0.1219, acc=0.9608]\n"}
,{"stream_name":"stderr","time":5641.302915215,"data":"\r[cosine_anneal] Stage2 Epoch 69/75:  88%|████████▊ | 144/164 [00:56\u003c00:07,  2.68it/s, loss=0.1219, acc=0.9608]\r[cosine_anneal] Stage2 Epoch 69/75:  88%|████████▊ | 145/164 [00:56\u003c00:07,  2.68it/s, loss=0.1219, acc=0.9608]\n"}
,{"stream_name":"stderr","time":5641.680002044,"data":"\r[cosine_anneal] Stage2 Epoch 69/75:  88%|████████▊ | 145/164 [00:56\u003c00:07,  2.68it/s, loss=0.1219, acc=0.9608]\r[cosine_anneal] Stage2 Epoch 69/75:  88%|████████▊ | 145/164 [00:56\u003c00:07,  2.68it/s, loss=0.1213, acc=0.9610]\n"}
,{"stream_name":"stderr","time":5641.681072129,"data":"\r[cosine_anneal] Stage2 Epoch 69/75:  88%|████████▊ | 145/164 [00:56\u003c00:07,  2.68it/s, loss=0.1213, acc=0.9610]\r[cosine_anneal] Stage2 Epoch 69/75:  89%|████████▉ | 146/164 [00:56\u003c00:06,  2.67it/s, loss=0.1213, acc=0.9610]\n"}
,{"stream_name":"stderr","time":5642.05343329,"data":"\r[cosine_anneal] Stage2 Epoch 69/75:  89%|████████▉ | 146/164 [00:56\u003c00:06,  2.67it/s, loss=0.1213, acc=0.9610]\r[cosine_anneal] Stage2 Epoch 69/75:  89%|████████▉ | 146/164 [00:57\u003c00:06,  2.67it/s, loss=0.1213, acc=0.9609]\n"}
,{"stream_name":"stderr","time":5642.054843144,"data":"\r[cosine_anneal] Stage2 Epoch 69/75:  89%|████████▉ | 146/164 [00:57\u003c00:06,  2.67it/s, loss=0.1213, acc=0.9609]\r[cosine_anneal] Stage2 Epoch 69/75:  90%|████████▉ | 147/164 [00:57\u003c00:06,  2.67it/s, loss=0.1213, acc=0.9609]\n"}
,{"stream_name":"stderr","time":5642.433626703,"data":"\r[cosine_anneal] Stage2 Epoch 69/75:  90%|████████▉ | 147/164 [00:57\u003c00:06,  2.67it/s, loss=0.1213, acc=0.9609]\r[cosine_anneal] Stage2 Epoch 69/75:  90%|████████▉ | 147/164 [00:57\u003c00:06,  2.67it/s, loss=0.1206, acc=0.9611]\n"}
,{"stream_name":"stderr","time":5642.434903737,"data":"\r[cosine_anneal] Stage2 Epoch 69/75:  90%|████████▉ | 147/164 [00:57\u003c00:06,  2.67it/s, loss=0.1206, acc=0.9611]\r[cosine_anneal] Stage2 Epoch 69/75:  90%|█████████ | 148/164 [00:57\u003c00:06,  2.66it/s, loss=0.1206, acc=0.9611]\n"}
,{"stream_name":"stderr","time":5642.809446085,"data":"\r[cosine_anneal] Stage2 Epoch 69/75:  90%|█████████ | 148/164 [00:57\u003c00:06,  2.66it/s, loss=0.1206, acc=0.9611]\r[cosine_anneal] Stage2 Epoch 69/75:  90%|█████████ | 148/164 [00:57\u003c00:06,  2.66it/s, loss=0.1203, acc=0.9612]\n"}
,{"stream_name":"stderr","time":5642.810271753,"data":"\r[cosine_anneal] Stage2 Epoch 69/75:  90%|█████████ | 148/164 [00:57\u003c00:06,  2.66it/s, loss=0.1203, acc=0.9612]\r[cosine_anneal] Stage2 Epoch 69/75:  91%|█████████ | 149/164 [00:57\u003c00:05,  2.66it/s, loss=0.1203, acc=0.9612]\n"}
,{"stream_name":"stderr","time":5643.186082926,"data":"\r[cosine_anneal] Stage2 Epoch 69/75:  91%|█████████ | 149/164 [00:57\u003c00:05,  2.66it/s, loss=0.1203, acc=0.9612]\r[cosine_anneal] Stage2 Epoch 69/75:  91%|█████████ | 149/164 [00:58\u003c00:05,  2.66it/s, loss=0.1209, acc=0.9610]\n"}
,{"stream_name":"stderr","time":5643.188460648,"data":"\r[cosine_anneal] Stage2 Epoch 69/75:  91%|█████████ | 149/164 [00:58\u003c00:05,  2.66it/s, loss=0.1209, acc=0.9610]\r[cosine_anneal] Stage2 Epoch 69/75:  91%|█████████▏| 150/164 [00:58\u003c00:05,  2.66it/s, loss=0.1209, acc=0.9610]\n"}
,{"stream_name":"stderr","time":5643.557563317,"data":"\r[cosine_anneal] Stage2 Epoch 69/75:  91%|█████████▏| 150/164 [00:58\u003c00:05,  2.66it/s, loss=0.1209, acc=0.9610]\r[cosine_anneal] Stage2 Epoch 69/75:  91%|█████████▏| 150/164 [00:58\u003c00:05,  2.66it/s, loss=0.1213, acc=0.9609]\n"}
,{"stream_name":"stderr","time":5643.558723839,"data":"\r[cosine_anneal] Stage2 Epoch 69/75:  91%|█████████▏| 150/164 [00:58\u003c00:05,  2.66it/s, loss=0.1213, acc=0.9609]\r[cosine_anneal] Stage2 Epoch 69/75:  92%|█████████▏| 151/164 [00:58\u003c00:04,  2.67it/s, loss=0.1213, acc=0.9609]\n"}
,{"stream_name":"stderr","time":5643.933882639,"data":"\r[cosine_anneal] Stage2 Epoch 69/75:  92%|█████████▏| 151/164 [00:58\u003c00:04,  2.67it/s, loss=0.1213, acc=0.9609]\r[cosine_anneal] Stage2 Epoch 69/75:  92%|█████████▏| 151/164 [00:58\u003c00:04,  2.67it/s, loss=0.1210, acc=0.9609]\n"}
,{"stream_name":"stderr","time":5643.934816518,"data":"\r[cosine_anneal] Stage2 Epoch 69/75:  92%|█████████▏| 151/164 [00:58\u003c00:04,  2.67it/s, loss=0.1210, acc=0.9609]\r[cosine_anneal] Stage2 Epoch 69/75:  93%|█████████▎| 152/164 [00:58\u003c00:04,  2.66it/s, loss=0.1210, acc=0.9609]\n"}
,{"stream_name":"stderr","time":5644.308279351,"data":"\r[cosine_anneal] Stage2 Epoch 69/75:  93%|█████████▎| 152/164 [00:58\u003c00:04,  2.66it/s, loss=0.1210, acc=0.9609]\r[cosine_anneal] Stage2 Epoch 69/75:  93%|█████████▎| 152/164 [00:59\u003c00:04,  2.66it/s, loss=0.1212, acc=0.9608]\n"}
,{"stream_name":"stderr","time":5644.30936551,"data":"\r[cosine_anneal] Stage2 Epoch 69/75:  93%|█████████▎| 152/164 [00:59\u003c00:04,  2.66it/s, loss=0.1212, acc=0.9608]\r[cosine_anneal] Stage2 Epoch 69/75:  93%|█████████▎| 153/164 [00:59\u003c00:04,  2.67it/s, loss=0.1212, acc=0.9608]\n"}
,{"stream_name":"stderr","time":5644.68445362,"data":"\r[cosine_anneal] Stage2 Epoch 69/75:  93%|█████████▎| 153/164 [00:59\u003c00:04,  2.67it/s, loss=0.1212, acc=0.9608]\r[cosine_anneal] Stage2 Epoch 69/75:  93%|█████████▎| 153/164 [00:59\u003c00:04,  2.67it/s, loss=0.1210, acc=0.9606]\n"}
,{"stream_name":"stderr","time":5644.6855434,"data":"\r[cosine_anneal] Stage2 Epoch 69/75:  93%|█████████▎| 153/164 [00:59\u003c00:04,  2.67it/s, loss=0.1210, acc=0.9606]\r[cosine_anneal] Stage2 Epoch 69/75:  94%|█████████▍| 154/164 [00:59\u003c00:03,  2.66it/s, loss=0.1210, acc=0.9606]\n"}
,{"stream_name":"stderr","time":5645.054961833,"data":"\r[cosine_anneal] Stage2 Epoch 69/75:  94%|█████████▍| 154/164 [00:59\u003c00:03,  2.66it/s, loss=0.1210, acc=0.9606]\r[cosine_anneal] Stage2 Epoch 69/75:  94%|█████████▍| 154/164 [01:00\u003c00:03,  2.66it/s, loss=0.1210, acc=0.9605]\n"}
,{"stream_name":"stderr","time":5645.056036246,"data":"\r[cosine_anneal] Stage2 Epoch 69/75:  94%|█████████▍| 154/164 [01:00\u003c00:03,  2.66it/s, loss=0.1210, acc=0.9605]\r[cosine_anneal] Stage2 Epoch 69/75:  95%|█████████▍| 155/164 [01:00\u003c00:03,  2.68it/s, loss=0.1210, acc=0.9605]\n"}
,{"stream_name":"stderr","time":5645.434335279,"data":"\r[cosine_anneal] Stage2 Epoch 69/75:  95%|█████████▍| 155/164 [01:00\u003c00:03,  2.68it/s, loss=0.1210, acc=0.9605]\r[cosine_anneal] Stage2 Epoch 69/75:  95%|█████████▍| 155/164 [01:00\u003c00:03,  2.68it/s, loss=0.1223, acc=0.9601]\n"}
,{"stream_name":"stderr","time":5645.435401787,"data":"\r[cosine_anneal] Stage2 Epoch 69/75:  95%|█████████▍| 155/164 [01:00\u003c00:03,  2.68it/s, loss=0.1223, acc=0.9601]\r[cosine_anneal] Stage2 Epoch 69/75:  95%|█████████▌| 156/164 [01:00\u003c00:03,  2.66it/s, loss=0.1223, acc=0.9601]\n"}
,{"stream_name":"stderr","time":5645.803261747,"data":"\r[cosine_anneal] Stage2 Epoch 69/75:  95%|█████████▌| 156/164 [01:00\u003c00:03,  2.66it/s, loss=0.1223, acc=0.9601]\r[cosine_anneal] Stage2 Epoch 69/75:  95%|█████████▌| 156/164 [01:00\u003c00:03,  2.66it/s, loss=0.1216, acc=0.9604]\n"}
,{"stream_name":"stderr","time":5645.804322796,"data":"\r[cosine_anneal] Stage2 Epoch 69/75:  95%|█████████▌| 156/164 [01:00\u003c00:03,  2.66it/s, loss=0.1216, acc=0.9604]\r[cosine_anneal] Stage2 Epoch 69/75:  96%|█████████▌| 157/164 [01:00\u003c00:02,  2.68it/s, loss=0.1216, acc=0.9604]\n"}
,{"stream_name":"stderr","time":5646.174603208,"data":"\r[cosine_anneal] Stage2 Epoch 69/75:  96%|█████████▌| 157/164 [01:00\u003c00:02,  2.68it/s, loss=0.1216, acc=0.9604]\r[cosine_anneal] Stage2 Epoch 69/75:  96%|█████████▌| 157/164 [01:01\u003c00:02,  2.68it/s, loss=0.1211, acc=0.9604]\n"}
,{"stream_name":"stderr","time":5646.17827219,"data":"\r[cosine_anneal] Stage2 Epoch 69/75:  96%|█████████▌| 157/164 [01:01\u003c00:02,  2.68it/s, loss=0.1211, acc=0.9604]\r[cosine_anneal] Stage2 Epoch 69/75:  96%|█████████▋| 158/164 [01:01\u003c00:02,  2.68it/s, loss=0.1211, acc=0.9604]\n"}
,{"stream_name":"stderr","time":5646.551210173,"data":"\r[cosine_anneal] Stage2 Epoch 69/75:  96%|█████████▋| 158/164 [01:01\u003c00:02,  2.68it/s, loss=0.1211, acc=0.9604]\r[cosine_anneal] Stage2 Epoch 69/75:  96%|█████████▋| 158/164 [01:01\u003c00:02,  2.68it/s, loss=0.1205, acc=0.9607]\n"}
,{"stream_name":"stderr","time":5646.552088371,"data":"\r[cosine_anneal] Stage2 Epoch 69/75:  96%|█████████▋| 158/164 [01:01\u003c00:02,  2.68it/s, loss=0.1205, acc=0.9607]\r[cosine_anneal] Stage2 Epoch 69/75:  97%|█████████▋| 159/164 [01:01\u003c00:01,  2.67it/s, loss=0.1205, acc=0.9607]\n"}
,{"stream_name":"stderr","time":5646.922306013,"data":"\r[cosine_anneal] Stage2 Epoch 69/75:  97%|█████████▋| 159/164 [01:01\u003c00:01,  2.67it/s, loss=0.1205, acc=0.9607]\r[cosine_anneal] Stage2 Epoch 69/75:  97%|█████████▋| 159/164 [01:01\u003c00:01,  2.67it/s, loss=0.1204, acc=0.9607]\n"}
,{"stream_name":"stderr","time":5646.923485896,"data":"\r[cosine_anneal] Stage2 Epoch 69/75:  97%|█████████▋| 159/164 [01:01\u003c00:01,  2.67it/s, loss=0.1204, acc=0.9607]\r[cosine_anneal] Stage2 Epoch 69/75:  98%|█████████▊| 160/164 [01:01\u003c00:01,  2.68it/s, loss=0.1204, acc=0.9607]\n"}
,{"stream_name":"stderr","time":5647.297831704,"data":"\r[cosine_anneal] Stage2 Epoch 69/75:  98%|█████████▊| 160/164 [01:01\u003c00:01,  2.68it/s, loss=0.1204, acc=0.9607]\r[cosine_anneal] Stage2 Epoch 69/75:  98%|█████████▊| 160/164 [01:02\u003c00:01,  2.68it/s, loss=0.1200, acc=0.9608]\n"}
,{"stream_name":"stderr","time":5647.298957579,"data":"\r[cosine_anneal] Stage2 Epoch 69/75:  98%|█████████▊| 160/164 [01:02\u003c00:01,  2.68it/s, loss=0.1200, acc=0.9608]\r[cosine_anneal] Stage2 Epoch 69/75:  98%|█████████▊| 161/164 [01:02\u003c00:01,  2.67it/s, loss=0.1200, acc=0.9608]\n"}
,{"stream_name":"stderr","time":5647.668869177,"data":"\r[cosine_anneal] Stage2 Epoch 69/75:  98%|█████████▊| 161/164 [01:02\u003c00:01,  2.67it/s, loss=0.1200, acc=0.9608]\r[cosine_anneal] Stage2 Epoch 69/75:  98%|█████████▊| 161/164 [01:02\u003c00:01,  2.67it/s, loss=0.1199, acc=0.9608]\n"}
,{"stream_name":"stderr","time":5647.669829391,"data":"\r[cosine_anneal] Stage2 Epoch 69/75:  98%|█████████▊| 161/164 [01:02\u003c00:01,  2.67it/s, loss=0.1199, acc=0.9608]\r[cosine_anneal] Stage2 Epoch 69/75:  99%|█████████▉| 162/164 [01:02\u003c00:00,  2.68it/s, loss=0.1199, acc=0.9608]\n"}
,{"stream_name":"stderr","time":5648.03781541,"data":"\r[cosine_anneal] Stage2 Epoch 69/75:  99%|█████████▉| 162/164 [01:02\u003c00:00,  2.68it/s, loss=0.1199, acc=0.9608]\r[cosine_anneal] Stage2 Epoch 69/75:  99%|█████████▉| 162/164 [01:03\u003c00:00,  2.68it/s, loss=0.1196, acc=0.9611]\n"}
,{"stream_name":"stderr","time":5648.03872356,"data":"\r[cosine_anneal] Stage2 Epoch 69/75:  99%|█████████▉| 162/164 [01:03\u003c00:00,  2.68it/s, loss=0.1196, acc=0.9611]\r[cosine_anneal] Stage2 Epoch 69/75:  99%|█████████▉| 163/164 [01:03\u003c00:00,  2.69it/s, loss=0.1196, acc=0.9611]\n"}
,{"stream_name":"stderr","time":5648.400787048,"data":"\r[cosine_anneal] Stage2 Epoch 69/75:  99%|█████████▉| 163/164 [01:03\u003c00:00,  2.69it/s, loss=0.1196, acc=0.9611]\r[cosine_anneal] Stage2 Epoch 69/75:  99%|█████████▉| 163/164 [01:03\u003c00:00,  2.69it/s, loss=0.1194, acc=0.9611]\n"}
,{"stream_name":"stderr","time":5648.402493229,"data":"\r[cosine_anneal] Stage2 Epoch 69/75:  99%|█████████▉| 163/164 [01:03\u003c00:00,  2.69it/s, loss=0.1194, acc=0.9611]\r[cosine_anneal] Stage2 Epoch 69/75: 100%|██████████| 164/164 [01:03\u003c00:00,  2.71it/s, loss=0.1194, acc=0.9611]\n"}
,{"stream_name":"stderr","time":5648.471439533,"data":"\r[cosine_anneal] Stage2 Epoch 69/75: 100%|██████████| 164/164 [01:03\u003c00:00,  2.71it/s, loss=0.1194, acc=0.9611]\r[cosine_anneal] Stage2 Epoch 69/75: 100%|██████████| 164/164 [01:03\u003c00:00,  2.58it/s, loss=0.1194, acc=0.9611]\n"}
,{"stream_name":"stderr","time":5648.491998545,"data":"\r[cosine_anneal] Stage2 Epoch 69/75: 100%|██████████| 164/164 [01:03\u003c00:00,  2.58it/s, loss=0.1194, acc=0.9611]\n"}
,{"stream_name":"stderr","time":5648.492091308,"data":"\n"}
,{"stream_name":"stderr","time":5648.492098867,"data":"\n"}
,{"stream_name":"stdout","time":5656.558272115,"data":"  Val Loss: 0.6319 | Val Acc: 0.8742 | Val Macro-F1: 0.7918\n"}
,{"stream_name":"stderr","time":5656.560042233,"data":"\r[cosine_anneal] Stage2 Epoch 70/75:   0%|          | 0/164 [00:00\u003c?, ?it/s]\n"}
,{"stream_name":"stderr","time":5656.561331469,"data":"\r[cosine_anneal] Stage2 Epoch 70/75:   0%|          | 0/164 [00:00\u003c?, ?it/s]\r[cosine_anneal] Stage2 Epoch 70/75:   0%|          | 0/164 [00:01\u003c?, ?it/s, loss=0.0486, acc=0.9688]\n"}
,{"stream_name":"stderr","time":5656.562570862,"data":"\r[cosine_anneal] Stage2 Epoch 70/75:   0%|          | 0/164 [00:01\u003c?, ?it/s, loss=0.0486, acc=0.9688]\r[cosine_anneal] Stage2 Epoch 70/75:   1%|          | 1/164 [00:01\u003c03:24,  1.25s/it, loss=0.0486, acc=0.9688]\n"}
,{"stream_name":"stderr","time":5656.563753776,"data":"\r[cosine_anneal] Stage2 Epoch 70/75:   1%|          | 1/164 [00:01\u003c03:24,  1.25s/it, loss=0.0486, acc=0.9688]\r[cosine_anneal] Stage2 Epoch 70/75:   1%|          | 1/164 [00:01\u003c03:24,  1.25s/it, loss=0.0353, acc=0.9844]\n"}
,{"stream_name":"stderr","time":5656.565075516,"data":"\r[cosine_anneal] Stage2 Epoch 70/75:   1%|          | 1/164 [00:01\u003c03:24,  1.25s/it, loss=0.0353, acc=0.9844]\r[cosine_anneal] Stage2 Epoch 70/75:   1%|          | 2/164 [00:01\u003c02:00,  1.34it/s, loss=0.0353, acc=0.9844]\n"}
,{"stream_name":"stderr","time":5656.566402486,"data":"\r[cosine_anneal] Stage2 Epoch 70/75:   1%|          | 2/164 [00:01\u003c02:00,  1.34it/s, loss=0.0353, acc=0.9844]\r[cosine_anneal] Stage2 Epoch 70/75:   1%|          | 2/164 [00:02\u003c02:00,  1.34it/s, loss=0.0933, acc=0.9583]\n"}
,{"stream_name":"stderr","time":5656.567808659,"data":"\r[cosine_anneal] Stage2 Epoch 70/75:   1%|          | 2/164 [00:02\u003c02:00,  1.34it/s, loss=0.0933, acc=0.9583]\r[cosine_anneal] Stage2 Epoch 70/75:   2%|▏         | 3/164 [00:02\u003c01:33,  1.73it/s, loss=0.0933, acc=0.9583]\n"}
,{"stream_name":"stderr","time":5656.569366741,"data":"\r[cosine_anneal] Stage2 Epoch 70/75:   2%|▏         | 3/164 [00:02\u003c01:33,  1.73it/s, loss=0.0933, acc=0.9583]\r[cosine_anneal] Stage2 Epoch 70/75:   2%|▏         | 3/164 [00:02\u003c01:33,  1.73it/s, loss=0.0814, acc=0.9609]\n"}
,{"stream_name":"stderr","time":5656.570762479,"data":"\r[cosine_anneal] Stage2 Epoch 70/75:   2%|▏         | 3/164 [00:02\u003c01:33,  1.73it/s, loss=0.0814, acc=0.9609]\r[cosine_anneal] Stage2 Epoch 70/75:   2%|▏         | 4/164 [00:02\u003c01:20,  1.99it/s, loss=0.0814, acc=0.9609]\n"}
,{"stream_name":"stderr","time":5656.572105219,"data":"\r[cosine_anneal] Stage2 Epoch 70/75:   2%|▏         | 4/164 [00:02\u003c01:20,  1.99it/s, loss=0.0814, acc=0.9609]\r[cosine_anneal] Stage2 Epoch 70/75:   2%|▏         | 4/164 [00:02\u003c01:20,  1.99it/s, loss=0.0777, acc=0.9625]\n"}
,{"stream_name":"stderr","time":5656.573471033,"data":"\r[cosine_anneal] Stage2 Epoch 70/75:   2%|▏         | 4/164 [00:02\u003c01:20,  1.99it/s, loss=0.0777, acc=0.9625]\r[cosine_anneal] Stage2 Epoch 70/75:   3%|▎         | 5/164 [00:02\u003c01:13,  2.16it/s, loss=0.0777, acc=0.9625]\n"}
,{"stream_name":"stderr","time":5656.640780664,"data":"\r[cosine_anneal] Stage2 Epoch 70/75:   3%|▎         | 5/164 [00:02\u003c01:13,  2.16it/s, loss=0.0777, acc=0.9625]\r[cosine_anneal] Stage2 Epoch 70/75:   3%|▎         | 5/164 [00:03\u003c01:13,  2.16it/s, loss=0.1146, acc=0.9583]\n"}
,{"stream_name":"stderr","time":5656.641854441,"data":"\r[cosine_anneal] Stage2 Epoch 70/75:   3%|▎         | 5/164 [00:03\u003c01:13,  2.16it/s, loss=0.1146, acc=0.9583]\r[cosine_anneal] Stage2 Epoch 70/75:   4%|▎         | 6/164 [00:03\u003c01:09,  2.29it/s, loss=0.1146, acc=0.9583]\n"}
,{"stream_name":"stderr","time":5657.015191664,"data":"\r[cosine_anneal] Stage2 Epoch 70/75:   4%|▎         | 6/164 [00:03\u003c01:09,  2.29it/s, loss=0.1146, acc=0.9583]\r[cosine_anneal] Stage2 Epoch 70/75:   4%|▎         | 6/164 [00:03\u003c01:09,  2.29it/s, loss=0.1323, acc=0.9509]\n"}
,{"stream_name":"stderr","time":5657.017145205,"data":"\r[cosine_anneal] Stage2 Epoch 70/75:   4%|▎         | 6/164 [00:03\u003c01:09,  2.29it/s, loss=0.1323, acc=0.9509]\r[cosine_anneal] Stage2 Epoch 70/75:   4%|▍         | 7/164 [00:03\u003c01:05,  2.40it/s, loss=0.1323, acc=0.9509]\n"}
,{"stream_name":"stderr","time":5657.398771211,"data":"\r[cosine_anneal] Stage2 Epoch 70/75:   4%|▍         | 7/164 [00:03\u003c01:05,  2.40it/s, loss=0.1323, acc=0.9509]\r[cosine_anneal] Stage2 Epoch 70/75:   4%|▍         | 7/164 [00:03\u003c01:05,  2.40it/s, loss=0.1186, acc=0.9570]\n"}
,{"stream_name":"stderr","time":5657.400887109,"data":"\r[cosine_anneal] Stage2 Epoch 70/75:   4%|▍         | 7/164 [00:03\u003c01:05,  2.40it/s, loss=0.1186, acc=0.9570]\r[cosine_anneal] Stage2 Epoch 70/75:   5%|▍         | 8/164 [00:03\u003c01:03,  2.46it/s, loss=0.1186, acc=0.9570]\n"}
,{"stream_name":"stderr","time":5657.780541373,"data":"\r[cosine_anneal] Stage2 Epoch 70/75:   5%|▍         | 8/164 [00:03\u003c01:03,  2.46it/s, loss=0.1186, acc=0.9570]\r[cosine_anneal] Stage2 Epoch 70/75:   5%|▍         | 8/164 [00:04\u003c01:03,  2.46it/s, loss=0.1350, acc=0.9549]\n"}
,{"stream_name":"stderr","time":5657.781565444,"data":"\r[cosine_anneal] Stage2 Epoch 70/75:   5%|▍         | 8/164 [00:04\u003c01:03,  2.46it/s, loss=0.1350, acc=0.9549]\r[cosine_anneal] Stage2 Epoch 70/75:   5%|▌         | 9/164 [00:04\u003c01:01,  2.51it/s, loss=0.1350, acc=0.9549]\n"}
,{"stream_name":"stderr","time":5658.152947395,"data":"\r[cosine_anneal] Stage2 Epoch 70/75:   5%|▌         | 9/164 [00:04\u003c01:01,  2.51it/s, loss=0.1350, acc=0.9549]\r[cosine_anneal] Stage2 Epoch 70/75:   5%|▌         | 9/164 [00:04\u003c01:01,  2.51it/s, loss=0.1375, acc=0.9531]\n"}
,{"stream_name":"stderr","time":5658.157631614,"data":"\r[cosine_anneal] Stage2 Epoch 70/75:   5%|▌         | 9/164 [00:04\u003c01:01,  2.51it/s, loss=0.1375, acc=0.9531]\r[cosine_anneal] Stage2 Epoch 70/75:   6%|▌         | 10/164 [00:04\u003c01:00,  2.56it/s, loss=0.1375, acc=0.9531]\n"}
,{"stream_name":"stderr","time":5658.530194447,"data":"\r[cosine_anneal] Stage2 Epoch 70/75:   6%|▌         | 10/164 [00:04\u003c01:00,  2.56it/s, loss=0.1375, acc=0.9531]\r[cosine_anneal] Stage2 Epoch 70/75:   6%|▌         | 10/164 [00:05\u003c01:00,  2.56it/s, loss=0.1340, acc=0.9545]\n"}
,{"stream_name":"stderr","time":5658.531451804,"data":"\r[cosine_anneal] Stage2 Epoch 70/75:   6%|▌         | 10/164 [00:05\u003c01:00,  2.56it/s, loss=0.1340, acc=0.9545]\r[cosine_anneal] Stage2 Epoch 70/75:   7%|▋         | 11/164 [00:05\u003c00:59,  2.59it/s, loss=0.1340, acc=0.9545]\n"}
,{"stream_name":"stderr","time":5658.903482962,"data":"\r[cosine_anneal] Stage2 Epoch 70/75:   7%|▋         | 11/164 [00:05\u003c00:59,  2.59it/s, loss=0.1340, acc=0.9545]\r[cosine_anneal] Stage2 Epoch 70/75:   7%|▋         | 11/164 [00:05\u003c00:59,  2.59it/s, loss=0.1242, acc=0.9583]\n"}
,{"stream_name":"stderr","time":5658.904383576,"data":"\r[cosine_anneal] Stage2 Epoch 70/75:   7%|▋         | 11/164 [00:05\u003c00:59,  2.59it/s, loss=0.1242, acc=0.9583]\r[cosine_anneal] Stage2 Epoch 70/75:   7%|▋         | 12/164 [00:05\u003c00:58,  2.61it/s, loss=0.1242, acc=0.9583]\n"}
,{"stream_name":"stderr","time":5659.28084339,"data":"\r[cosine_anneal] Stage2 Epoch 70/75:   7%|▋         | 12/164 [00:05\u003c00:58,  2.61it/s, loss=0.1242, acc=0.9583]\r[cosine_anneal] Stage2 Epoch 70/75:   7%|▋         | 12/164 [00:05\u003c00:58,  2.61it/s, loss=0.1382, acc=0.9591]\n"}
,{"stream_name":"stderr","time":5659.281970763,"data":"\r[cosine_anneal] Stage2 Epoch 70/75:   7%|▋         | 12/164 [00:05\u003c00:58,  2.61it/s, loss=0.1382, acc=0.9591]\r[cosine_anneal] Stage2 Epoch 70/75:   8%|▊         | 13/164 [00:05\u003c00:57,  2.63it/s, loss=0.1382, acc=0.9591]\n"}
,{"stream_name":"stderr","time":5659.655027956,"data":"\r[cosine_anneal] Stage2 Epoch 70/75:   8%|▊         | 13/164 [00:05\u003c00:57,  2.63it/s, loss=0.1382, acc=0.9591]\r[cosine_anneal] Stage2 Epoch 70/75:   8%|▊         | 13/164 [00:06\u003c00:57,  2.63it/s, loss=0.1324, acc=0.9598]\n"}
,{"stream_name":"stderr","time":5659.66349648,"data":"\r[cosine_anneal] Stage2 Epoch 70/75:   8%|▊         | 13/164 [00:06\u003c00:57,  2.63it/s, loss=0.1324, acc=0.9598]\r[cosine_anneal] Stage2 Epoch 70/75:   9%|▊         | 14/164 [00:06\u003c00:56,  2.64it/s, loss=0.1324, acc=0.9598]\n"}
,{"stream_name":"stderr","time":5660.034509843,"data":"\r[cosine_anneal] Stage2 Epoch 70/75:   9%|▊         | 14/164 [00:06\u003c00:56,  2.64it/s, loss=0.1324, acc=0.9598]\r[cosine_anneal] Stage2 Epoch 70/75:   9%|▊         | 14/164 [00:06\u003c00:56,  2.64it/s, loss=0.1265, acc=0.9625]\n"}
,{"stream_name":"stderr","time":5660.037076276,"data":"\r[cosine_anneal] Stage2 Epoch 70/75:   9%|▊         | 14/164 [00:06\u003c00:56,  2.64it/s, loss=0.1265, acc=0.9625]\r[cosine_anneal] Stage2 Epoch 70/75:   9%|▉         | 15/164 [00:06\u003c00:56,  2.64it/s, loss=0.1265, acc=0.9625]\n"}
,{"stream_name":"stderr","time":5660.410257887,"data":"\r[cosine_anneal] Stage2 Epoch 70/75:   9%|▉         | 15/164 [00:06\u003c00:56,  2.64it/s, loss=0.1265, acc=0.9625]\r[cosine_anneal] Stage2 Epoch 70/75:   9%|▉         | 15/164 [00:06\u003c00:56,  2.64it/s, loss=0.1251, acc=0.9629]\n"}
,{"stream_name":"stderr","time":5660.412026529,"data":"\r[cosine_anneal] Stage2 Epoch 70/75:   9%|▉         | 15/164 [00:06\u003c00:56,  2.64it/s, loss=0.1251, acc=0.9629]\r[cosine_anneal] Stage2 Epoch 70/75:  10%|▉         | 16/164 [00:06\u003c00:55,  2.64it/s, loss=0.1251, acc=0.9629]\n"}
,{"stream_name":"stderr","time":5660.786073567,"data":"\r[cosine_anneal] Stage2 Epoch 70/75:  10%|▉         | 16/164 [00:06\u003c00:55,  2.64it/s, loss=0.1251, acc=0.9629]\r[cosine_anneal] Stage2 Epoch 70/75:  10%|▉         | 16/164 [00:07\u003c00:55,  2.64it/s, loss=0.1232, acc=0.9632]\n"}
,{"stream_name":"stderr","time":5660.787165717,"data":"\r[cosine_anneal] Stage2 Epoch 70/75:  10%|▉         | 16/164 [00:07\u003c00:55,  2.64it/s, loss=0.1232, acc=0.9632]\r[cosine_anneal] Stage2 Epoch 70/75:  10%|█         | 17/164 [00:07\u003c00:55,  2.65it/s, loss=0.1232, acc=0.9632]\n"}
,{"stream_name":"stderr","time":5661.159220677,"data":"\r[cosine_anneal] Stage2 Epoch 70/75:  10%|█         | 17/164 [00:07\u003c00:55,  2.65it/s, loss=0.1232, acc=0.9632]\r[cosine_anneal] Stage2 Epoch 70/75:  10%|█         | 17/164 [00:07\u003c00:55,  2.65it/s, loss=0.1249, acc=0.9635]\n"}
,{"stream_name":"stderr","time":5661.160074283,"data":"\r[cosine_anneal] Stage2 Epoch 70/75:  10%|█         | 17/164 [00:07\u003c00:55,  2.65it/s, loss=0.1249, acc=0.9635]\r[cosine_anneal] Stage2 Epoch 70/75:  11%|█         | 18/164 [00:07\u003c00:54,  2.66it/s, loss=0.1249, acc=0.9635]\n"}
,{"stream_name":"stderr","time":5661.535564776,"data":"\r[cosine_anneal] Stage2 Epoch 70/75:  11%|█         | 18/164 [00:07\u003c00:54,  2.66it/s, loss=0.1249, acc=0.9635]\r[cosine_anneal] Stage2 Epoch 70/75:  11%|█         | 18/164 [00:08\u003c00:54,  2.66it/s, loss=0.1225, acc=0.9638]\n"}
,{"stream_name":"stderr","time":5661.53666243,"data":"\r[cosine_anneal] Stage2 Epoch 70/75:  11%|█         | 18/164 [00:08\u003c00:54,  2.66it/s, loss=0.1225, acc=0.9638]\r[cosine_anneal] Stage2 Epoch 70/75:  12%|█▏        | 19/164 [00:08\u003c00:54,  2.66it/s, loss=0.1225, acc=0.9638]\n"}
,{"stream_name":"stderr","time":5661.911134677,"data":"\r[cosine_anneal] Stage2 Epoch 70/75:  12%|█▏        | 19/164 [00:08\u003c00:54,  2.66it/s, loss=0.1225, acc=0.9638]\r[cosine_anneal] Stage2 Epoch 70/75:  12%|█▏        | 19/164 [00:08\u003c00:54,  2.66it/s, loss=0.1318, acc=0.9594]\n"}
,{"stream_name":"stderr","time":5661.912188347,"data":"\r[cosine_anneal] Stage2 Epoch 70/75:  12%|█▏        | 19/164 [00:08\u003c00:54,  2.66it/s, loss=0.1318, acc=0.9594]\r[cosine_anneal] Stage2 Epoch 70/75:  12%|█▏        | 20/164 [00:08\u003c00:54,  2.66it/s, loss=0.1318, acc=0.9594]\n"}
,{"stream_name":"stderr","time":5662.289241149,"data":"\r[cosine_anneal] Stage2 Epoch 70/75:  12%|█▏        | 20/164 [00:08\u003c00:54,  2.66it/s, loss=0.1318, acc=0.9594]\r[cosine_anneal] Stage2 Epoch 70/75:  12%|█▏        | 20/164 [00:08\u003c00:54,  2.66it/s, loss=0.1423, acc=0.9583]\n"}
,{"stream_name":"stderr","time":5662.294794555,"data":"\r[cosine_anneal] Stage2 Epoch 70/75:  12%|█▏        | 20/164 [00:08\u003c00:54,  2.66it/s, loss=0.1423, acc=0.9583]\r[cosine_anneal] Stage2 Epoch 70/75:  13%|█▎        | 21/164 [00:08\u003c00:53,  2.65it/s, loss=0.1423, acc=0.9583]\n"}
,{"stream_name":"stderr","time":5662.671932018,"data":"\r[cosine_anneal] Stage2 Epoch 70/75:  13%|█▎        | 21/164 [00:08\u003c00:53,  2.65it/s, loss=0.1423, acc=0.9583]\r[cosine_anneal] Stage2 Epoch 70/75:  13%|█▎        | 21/164 [00:09\u003c00:53,  2.65it/s, loss=0.1432, acc=0.9560]\n"}
,{"stream_name":"stderr","time":5662.673099318,"data":"\r[cosine_anneal] Stage2 Epoch 70/75:  13%|█▎        | 21/164 [00:09\u003c00:53,  2.65it/s, loss=0.1432, acc=0.9560]\r[cosine_anneal] Stage2 Epoch 70/75:  13%|█▎        | 22/164 [00:09\u003c00:53,  2.64it/s, loss=0.1432, acc=0.9560]\n"}
,{"stream_name":"stderr","time":5663.051806721,"data":"\r[cosine_anneal] Stage2 Epoch 70/75:  13%|█▎        | 22/164 [00:09\u003c00:53,  2.64it/s, loss=0.1432, acc=0.9560]\r[cosine_anneal] Stage2 Epoch 70/75:  13%|█▎        | 22/164 [00:09\u003c00:53,  2.64it/s, loss=0.1424, acc=0.9565]\n"}
,{"stream_name":"stderr","time":5663.056047383,"data":"\r[cosine_anneal] Stage2 Epoch 70/75:  13%|█▎        | 22/164 [00:09\u003c00:53,  2.64it/s, loss=0.1424, acc=0.9565]\r[cosine_anneal] Stage2 Epoch 70/75:  14%|█▍        | 23/164 [00:09\u003c00:53,  2.64it/s, loss=0.1424, acc=0.9565]\n"}
,{"stream_name":"stderr","time":5663.426182076,"data":"\r[cosine_anneal] Stage2 Epoch 70/75:  14%|█▍        | 23/164 [00:09\u003c00:53,  2.64it/s, loss=0.1424, acc=0.9565]\r[cosine_anneal] Stage2 Epoch 70/75:  14%|█▍        | 23/164 [00:09\u003c00:53,  2.64it/s, loss=0.1470, acc=0.9557]\n"}
,{"stream_name":"stderr","time":5663.427580377,"data":"\r[cosine_anneal] Stage2 Epoch 70/75:  14%|█▍        | 23/164 [00:09\u003c00:53,  2.64it/s, loss=0.1470, acc=0.9557]\r[cosine_anneal] Stage2 Epoch 70/75:  15%|█▍        | 24/164 [00:09\u003c00:52,  2.65it/s, loss=0.1470, acc=0.9557]\n"}
,{"stream_name":"stderr","time":5663.806329654,"data":"\r[cosine_anneal] Stage2 Epoch 70/75:  15%|█▍        | 24/164 [00:09\u003c00:52,  2.65it/s, loss=0.1470, acc=0.9557]\r[cosine_anneal] Stage2 Epoch 70/75:  15%|█▍        | 24/164 [00:10\u003c00:52,  2.65it/s, loss=0.1458, acc=0.9563]\n"}
,{"stream_name":"stderr","time":5663.807545897,"data":"\r[cosine_anneal] Stage2 Epoch 70/75:  15%|█▍        | 24/164 [00:10\u003c00:52,  2.65it/s, loss=0.1458, acc=0.9563]\r[cosine_anneal] Stage2 Epoch 70/75:  15%|█▌        | 25/164 [00:10\u003c00:52,  2.64it/s, loss=0.1458, acc=0.9563]\n"}
,{"stream_name":"stderr","time":5664.184223294,"data":"\r[cosine_anneal] Stage2 Epoch 70/75:  15%|█▌        | 25/164 [00:10\u003c00:52,  2.64it/s, loss=0.1458, acc=0.9563]\r[cosine_anneal] Stage2 Epoch 70/75:  15%|█▌        | 25/164 [00:10\u003c00:52,  2.64it/s, loss=0.1431, acc=0.9567]\n"}
,{"stream_name":"stderr","time":5664.184701319,"data":"\r[cosine_anneal] Stage2 Epoch 70/75:  15%|█▌        | 25/164 [00:10\u003c00:52,  2.64it/s, loss=0.1431, acc=0.9567]\r[cosine_anneal] Stage2 Epoch 70/75:  16%|█▌        | 26/164 [00:10\u003c00:52,  2.65it/s, loss=0.1431, acc=0.9567]\n"}
,{"stream_name":"stderr","time":5664.559555899,"data":"\r[cosine_anneal] Stage2 Epoch 70/75:  16%|█▌        | 26/164 [00:10\u003c00:52,  2.65it/s, loss=0.1431, acc=0.9567]\r[cosine_anneal] Stage2 Epoch 70/75:  16%|█▌        | 26/164 [00:11\u003c00:52,  2.65it/s, loss=0.1457, acc=0.9560]\n"}
,{"stream_name":"stderr","time":5664.560839901,"data":"\r[cosine_anneal] Stage2 Epoch 70/75:  16%|█▌        | 26/164 [00:11\u003c00:52,  2.65it/s, loss=0.1457, acc=0.9560]\r[cosine_anneal] Stage2 Epoch 70/75:  16%|█▋        | 27/164 [00:11\u003c00:51,  2.65it/s, loss=0.1457, acc=0.9560]\n"}
,{"stream_name":"stderr","time":5664.940838581,"data":"\r[cosine_anneal] Stage2 Epoch 70/75:  16%|█▋        | 27/164 [00:11\u003c00:51,  2.65it/s, loss=0.1457, acc=0.9560]\r[cosine_anneal] Stage2 Epoch 70/75:  16%|█▋        | 27/164 [00:11\u003c00:51,  2.65it/s, loss=0.1440, acc=0.9565]\n"}
,{"stream_name":"stderr","time":5664.941949942,"data":"\r[cosine_anneal] Stage2 Epoch 70/75:  16%|█▋        | 27/164 [00:11\u003c00:51,  2.65it/s, loss=0.1440, acc=0.9565]\r[cosine_anneal] Stage2 Epoch 70/75:  17%|█▋        | 28/164 [00:11\u003c00:51,  2.64it/s, loss=0.1440, acc=0.9565]\n"}
,{"stream_name":"stderr","time":5665.314917847,"data":"\r[cosine_anneal] Stage2 Epoch 70/75:  17%|█▋        | 28/164 [00:11\u003c00:51,  2.64it/s, loss=0.1440, acc=0.9565]\r[cosine_anneal] Stage2 Epoch 70/75:  17%|█▋        | 28/164 [00:11\u003c00:51,  2.64it/s, loss=0.1394, acc=0.9580]\n"}
,{"stream_name":"stderr","time":5665.316115562,"data":"\r[cosine_anneal] Stage2 Epoch 70/75:  17%|█▋        | 28/164 [00:11\u003c00:51,  2.64it/s, loss=0.1394, acc=0.9580]\r[cosine_anneal] Stage2 Epoch 70/75:  18%|█▊        | 29/164 [00:11\u003c00:50,  2.65it/s, loss=0.1394, acc=0.9580]\n"}
,{"stream_name":"stderr","time":5665.693667624,"data":"\r[cosine_anneal] Stage2 Epoch 70/75:  18%|█▊        | 29/164 [00:11\u003c00:50,  2.65it/s, loss=0.1394, acc=0.9580]\r[cosine_anneal] Stage2 Epoch 70/75:  18%|█▊        | 29/164 [00:12\u003c00:50,  2.65it/s, loss=0.1349, acc=0.9594]\n"}
,{"stream_name":"stderr","time":5665.695541983,"data":"\r[cosine_anneal] Stage2 Epoch 70/75:  18%|█▊        | 29/164 [00:12\u003c00:50,  2.65it/s, loss=0.1349, acc=0.9594]\r[cosine_anneal] Stage2 Epoch 70/75:  18%|█▊        | 30/164 [00:12\u003c00:50,  2.65it/s, loss=0.1349, acc=0.9594]\n"}
,{"stream_name":"stderr","time":5666.074577181,"data":"\r[cosine_anneal] Stage2 Epoch 70/75:  18%|█▊        | 30/164 [00:12\u003c00:50,  2.65it/s, loss=0.1349, acc=0.9594]\r[cosine_anneal] Stage2 Epoch 70/75:  18%|█▊        | 30/164 [00:12\u003c00:50,  2.65it/s, loss=0.1324, acc=0.9597]\n"}
,{"stream_name":"stderr","time":5666.075754483,"data":"\r[cosine_anneal] Stage2 Epoch 70/75:  18%|█▊        | 30/164 [00:12\u003c00:50,  2.65it/s, loss=0.1324, acc=0.9597]\r[cosine_anneal] Stage2 Epoch 70/75:  19%|█▉        | 31/164 [00:12\u003c00:50,  2.64it/s, loss=0.1324, acc=0.9597]\n"}
,{"stream_name":"stderr","time":5666.446264568,"data":"\r[cosine_anneal] Stage2 Epoch 70/75:  19%|█▉        | 31/164 [00:12\u003c00:50,  2.64it/s, loss=0.1324, acc=0.9597]\r[cosine_anneal] Stage2 Epoch 70/75:  19%|█▉        | 31/164 [00:12\u003c00:50,  2.64it/s, loss=0.1326, acc=0.9590]\n"}
,{"stream_name":"stderr","time":5666.447233171,"data":"\r[cosine_anneal] Stage2 Epoch 70/75:  19%|█▉        | 31/164 [00:12\u003c00:50,  2.64it/s, loss=0.1326, acc=0.9590]\r[cosine_anneal] Stage2 Epoch 70/75:  20%|█▉        | 32/164 [00:12\u003c00:49,  2.65it/s, loss=0.1326, acc=0.9590]\n"}
,{"stream_name":"stderr","time":5666.825587169,"data":"\r[cosine_anneal] Stage2 Epoch 70/75:  20%|█▉        | 32/164 [00:12\u003c00:49,  2.65it/s, loss=0.1326, acc=0.9590]\r[cosine_anneal] Stage2 Epoch 70/75:  20%|█▉        | 32/164 [00:13\u003c00:49,  2.65it/s, loss=0.1300, acc=0.9593]\n"}
,{"stream_name":"stderr","time":5666.826606738,"data":"\r[cosine_anneal] Stage2 Epoch 70/75:  20%|█▉        | 32/164 [00:13\u003c00:49,  2.65it/s, loss=0.1300, acc=0.9593]\r[cosine_anneal] Stage2 Epoch 70/75:  20%|██        | 33/164 [00:13\u003c00:49,  2.65it/s, loss=0.1300, acc=0.9593]\n"}
,{"stream_name":"stderr","time":5667.200109017,"data":"\r[cosine_anneal] Stage2 Epoch 70/75:  20%|██        | 33/164 [00:13\u003c00:49,  2.65it/s, loss=0.1300, acc=0.9593]\r[cosine_anneal] Stage2 Epoch 70/75:  20%|██        | 33/164 [00:13\u003c00:49,  2.65it/s, loss=0.1311, acc=0.9596]\n"}
,{"stream_name":"stderr","time":5667.201006722,"data":"\r[cosine_anneal] Stage2 Epoch 70/75:  20%|██        | 33/164 [00:13\u003c00:49,  2.65it/s, loss=0.1311, acc=0.9596]\r[cosine_anneal] Stage2 Epoch 70/75:  21%|██        | 34/164 [00:13\u003c00:48,  2.66it/s, loss=0.1311, acc=0.9596]\n"}
,{"stream_name":"stderr","time":5667.577505309,"data":"\r[cosine_anneal] Stage2 Epoch 70/75:  21%|██        | 34/164 [00:13\u003c00:48,  2.66it/s, loss=0.1311, acc=0.9596]\r[cosine_anneal] Stage2 Epoch 70/75:  21%|██        | 34/164 [00:14\u003c00:48,  2.66it/s, loss=0.1347, acc=0.9571]\n"}
,{"stream_name":"stderr","time":5667.578866902,"data":"\r[cosine_anneal] Stage2 Epoch 70/75:  21%|██        | 34/164 [00:14\u003c00:48,  2.66it/s, loss=0.1347, acc=0.9571]\r[cosine_anneal] Stage2 Epoch 70/75:  21%|██▏       | 35/164 [00:14\u003c00:48,  2.65it/s, loss=0.1347, acc=0.9571]\n"}
,{"stream_name":"stderr","time":5667.957384497,"data":"\r[cosine_anneal] Stage2 Epoch 70/75:  21%|██▏       | 35/164 [00:14\u003c00:48,  2.65it/s, loss=0.1347, acc=0.9571]\r[cosine_anneal] Stage2 Epoch 70/75:  21%|██▏       | 35/164 [00:14\u003c00:48,  2.65it/s, loss=0.1313, acc=0.9583]\n"}
,{"stream_name":"stderr","time":5667.958299367,"data":"\r[cosine_anneal] Stage2 Epoch 70/75:  21%|██▏       | 35/164 [00:14\u003c00:48,  2.65it/s, loss=0.1313, acc=0.9583]\r[cosine_anneal] Stage2 Epoch 70/75:  22%|██▏       | 36/164 [00:14\u003c00:48,  2.65it/s, loss=0.1313, acc=0.9583]\n"}
,{"stream_name":"stderr","time":5668.330811687,"data":"\r[cosine_anneal] Stage2 Epoch 70/75:  22%|██▏       | 36/164 [00:14\u003c00:48,  2.65it/s, loss=0.1313, acc=0.9583]\r[cosine_anneal] Stage2 Epoch 70/75:  22%|██▏       | 36/164 [00:14\u003c00:48,  2.65it/s, loss=0.1315, acc=0.9586]\n"}
,{"stream_name":"stderr","time":5668.332726312,"data":"\r[cosine_anneal] Stage2 Epoch 70/75:  22%|██▏       | 36/164 [00:14\u003c00:48,  2.65it/s, loss=0.1315, acc=0.9586]\r[cosine_anneal] Stage2 Epoch 70/75:  23%|██▎       | 37/164 [00:14\u003c00:47,  2.66it/s, loss=0.1315, acc=0.9586]\n"}
,{"stream_name":"stderr","time":5668.711036095,"data":"\r[cosine_anneal] Stage2 Epoch 70/75:  23%|██▎       | 37/164 [00:14\u003c00:47,  2.66it/s, loss=0.1315, acc=0.9586]\r[cosine_anneal] Stage2 Epoch 70/75:  23%|██▎       | 37/164 [00:15\u003c00:47,  2.66it/s, loss=0.1291, acc=0.9589]\n"}
,{"stream_name":"stderr","time":5668.712136255,"data":"\r[cosine_anneal] Stage2 Epoch 70/75:  23%|██▎       | 37/164 [00:15\u003c00:47,  2.66it/s, loss=0.1291, acc=0.9589]\r[cosine_anneal] Stage2 Epoch 70/75:  23%|██▎       | 38/164 [00:15\u003c00:47,  2.65it/s, loss=0.1291, acc=0.9589]\n"}
,{"stream_name":"stderr","time":5669.092866554,"data":"\r[cosine_anneal] Stage2 Epoch 70/75:  23%|██▎       | 38/164 [00:15\u003c00:47,  2.65it/s, loss=0.1291, acc=0.9589]\r[cosine_anneal] Stage2 Epoch 70/75:  23%|██▎       | 38/164 [00:15\u003c00:47,  2.65it/s, loss=0.1364, acc=0.9567]\n"}
,{"stream_name":"stderr","time":5669.09521308,"data":"\r[cosine_anneal] Stage2 Epoch 70/75:  23%|██▎       | 38/164 [00:15\u003c00:47,  2.65it/s, loss=0.1364, acc=0.9567]\r[cosine_anneal] Stage2 Epoch 70/75:  24%|██▍       | 39/164 [00:15\u003c00:47,  2.64it/s, loss=0.1364, acc=0.9567]\n"}
,{"stream_name":"stderr","time":5669.470599855,"data":"\r[cosine_anneal] Stage2 Epoch 70/75:  24%|██▍       | 39/164 [00:15\u003c00:47,  2.64it/s, loss=0.1364, acc=0.9567]\r[cosine_anneal] Stage2 Epoch 70/75:  24%|██▍       | 39/164 [00:16\u003c00:47,  2.64it/s, loss=0.1350, acc=0.9570]\n"}
,{"stream_name":"stderr","time":5669.47172847,"data":"\r[cosine_anneal] Stage2 Epoch 70/75:  24%|██▍       | 39/164 [00:16\u003c00:47,  2.64it/s, loss=0.1350, acc=0.9570]\r[cosine_anneal] Stage2 Epoch 70/75:  24%|██▍       | 40/164 [00:16\u003c00:46,  2.64it/s, loss=0.1350, acc=0.9570]\n"}
,{"stream_name":"stderr","time":5669.850844714,"data":"\r[cosine_anneal] Stage2 Epoch 70/75:  24%|██▍       | 40/164 [00:16\u003c00:46,  2.64it/s, loss=0.1350, acc=0.9570]\r[cosine_anneal] Stage2 Epoch 70/75:  24%|██▍       | 40/164 [00:16\u003c00:46,  2.64it/s, loss=0.1347, acc=0.9573]\n"}
,{"stream_name":"stderr","time":5669.851937426,"data":"\r[cosine_anneal] Stage2 Epoch 70/75:  24%|██▍       | 40/164 [00:16\u003c00:46,  2.64it/s, loss=0.1347, acc=0.9573]\r[cosine_anneal] Stage2 Epoch 70/75:  25%|██▌       | 41/164 [00:16\u003c00:46,  2.64it/s, loss=0.1347, acc=0.9573]\n"}
,{"stream_name":"stderr","time":5670.230313855,"data":"\r[cosine_anneal] Stage2 Epoch 70/75:  25%|██▌       | 41/164 [00:16\u003c00:46,  2.64it/s, loss=0.1347, acc=0.9573]\r[cosine_anneal] Stage2 Epoch 70/75:  25%|██▌       | 41/164 [00:16\u003c00:46,  2.64it/s, loss=0.1343, acc=0.9568]\n"}
,{"stream_name":"stderr","time":5670.231380141,"data":"\r[cosine_anneal] Stage2 Epoch 70/75:  25%|██▌       | 41/164 [00:16\u003c00:46,  2.64it/s, loss=0.1343, acc=0.9568]\r[cosine_anneal] Stage2 Epoch 70/75:  26%|██▌       | 42/164 [00:16\u003c00:46,  2.64it/s, loss=0.1343, acc=0.9568]\n"}
,{"stream_name":"stderr","time":5670.605005964,"data":"\r[cosine_anneal] Stage2 Epoch 70/75:  26%|██▌       | 42/164 [00:16\u003c00:46,  2.64it/s, loss=0.1343, acc=0.9568]\r[cosine_anneal] Stage2 Epoch 70/75:  26%|██▌       | 42/164 [00:17\u003c00:46,  2.64it/s, loss=0.1327, acc=0.9571]\n"}
,{"stream_name":"stderr","time":5670.606024372,"data":"\r[cosine_anneal] Stage2 Epoch 70/75:  26%|██▌       | 42/164 [00:17\u003c00:46,  2.64it/s, loss=0.1327, acc=0.9571]\r[cosine_anneal] Stage2 Epoch 70/75:  26%|██▌       | 43/164 [00:17\u003c00:45,  2.65it/s, loss=0.1327, acc=0.9571]\n"}
,{"stream_name":"stderr","time":5670.983907046,"data":"\r[cosine_anneal] Stage2 Epoch 70/75:  26%|██▌       | 43/164 [00:17\u003c00:45,  2.65it/s, loss=0.1327, acc=0.9571]\r[cosine_anneal] Stage2 Epoch 70/75:  26%|██▌       | 43/164 [00:17\u003c00:45,  2.65it/s, loss=0.1317, acc=0.9574]\n"}
,{"stream_name":"stderr","time":5670.985163563,"data":"\r[cosine_anneal] Stage2 Epoch 70/75:  26%|██▌       | 43/164 [00:17\u003c00:45,  2.65it/s, loss=0.1317, acc=0.9574]\r[cosine_anneal] Stage2 Epoch 70/75:  27%|██▋       | 44/164 [00:17\u003c00:45,  2.64it/s, loss=0.1317, acc=0.9574]\n"}
,{"stream_name":"stderr","time":5671.362752445,"data":"\r[cosine_anneal] Stage2 Epoch 70/75:  27%|██▋       | 44/164 [00:17\u003c00:45,  2.64it/s, loss=0.1317, acc=0.9574]\r[cosine_anneal] Stage2 Epoch 70/75:  27%|██▋       | 44/164 [00:17\u003c00:45,  2.64it/s, loss=0.1294, acc=0.9583]\n"}
,{"stream_name":"stderr","time":5671.363864564,"data":"\r[cosine_anneal] Stage2 Epoch 70/75:  27%|██▋       | 44/164 [00:17\u003c00:45,  2.64it/s, loss=0.1294, acc=0.9583]\r[cosine_anneal] Stage2 Epoch 70/75:  27%|██▋       | 45/164 [00:17\u003c00:45,  2.64it/s, loss=0.1294, acc=0.9583]\n"}
,{"stream_name":"stderr","time":5671.735363144,"data":"\r[cosine_anneal] Stage2 Epoch 70/75:  27%|██▋       | 45/164 [00:17\u003c00:45,  2.64it/s, loss=0.1294, acc=0.9583]\r[cosine_anneal] Stage2 Epoch 70/75:  27%|██▋       | 45/164 [00:18\u003c00:45,  2.64it/s, loss=0.1324, acc=0.9579]\n"}
,{"stream_name":"stderr","time":5671.736429391,"data":"\r[cosine_anneal] Stage2 Epoch 70/75:  27%|██▋       | 45/164 [00:18\u003c00:45,  2.64it/s, loss=0.1324, acc=0.9579]\r[cosine_anneal] Stage2 Epoch 70/75:  28%|██▊       | 46/164 [00:18\u003c00:44,  2.65it/s, loss=0.1324, acc=0.9579]\n"}
,{"stream_name":"stderr","time":5672.115510292,"data":"\r[cosine_anneal] Stage2 Epoch 70/75:  28%|██▊       | 46/164 [00:18\u003c00:44,  2.65it/s, loss=0.1324, acc=0.9579]\r[cosine_anneal] Stage2 Epoch 70/75:  28%|██▊       | 46/164 [00:18\u003c00:44,  2.65it/s, loss=0.1305, acc=0.9588]\n"}
,{"stream_name":"stderr","time":5672.122118826,"data":"\r[cosine_anneal] Stage2 Epoch 70/75:  28%|██▊       | 46/164 [00:18\u003c00:44,  2.65it/s, loss=0.1305, acc=0.9588]\r[cosine_anneal] Stage2 Epoch 70/75:  29%|██▊       | 47/164 [00:18\u003c00:44,  2.65it/s, loss=0.1305, acc=0.9588]\n"}
,{"stream_name":"stderr","time":5672.493596072,"data":"\r[cosine_anneal] Stage2 Epoch 70/75:  29%|██▊       | 47/164 [00:18\u003c00:44,  2.65it/s, loss=0.1305, acc=0.9588]\r[cosine_anneal] Stage2 Epoch 70/75:  29%|██▊       | 47/164 [00:19\u003c00:44,  2.65it/s, loss=0.1325, acc=0.9577]\n"}
,{"stream_name":"stderr","time":5672.49477229,"data":"\r[cosine_anneal] Stage2 Epoch 70/75:  29%|██▊       | 47/164 [00:19\u003c00:44,  2.65it/s, loss=0.1325, acc=0.9577]\r[cosine_anneal] Stage2 Epoch 70/75:  29%|██▉       | 48/164 [00:19\u003c00:43,  2.65it/s, loss=0.1325, acc=0.9577]\n"}
,{"stream_name":"stderr","time":5672.8727553,"data":"\r[cosine_anneal] Stage2 Epoch 70/75:  29%|██▉       | 48/164 [00:19\u003c00:43,  2.65it/s, loss=0.1325, acc=0.9577]\r[cosine_anneal] Stage2 Epoch 70/75:  29%|██▉       | 48/164 [00:19\u003c00:43,  2.65it/s, loss=0.1316, acc=0.9579]\n"}
,{"stream_name":"stderr","time":5672.880171073,"data":"\r[cosine_anneal] Stage2 Epoch 70/75:  29%|██▉       | 48/164 [00:19\u003c00:43,  2.65it/s, loss=0.1316, acc=0.9579]\r[cosine_anneal] Stage2 Epoch 70/75:  30%|██▉       | 49/164 [00:19\u003c00:43,  2.64it/s, loss=0.1316, acc=0.9579]\n"}
,{"stream_name":"stderr","time":5673.248262397,"data":"\r[cosine_anneal] Stage2 Epoch 70/75:  30%|██▉       | 49/164 [00:19\u003c00:43,  2.64it/s, loss=0.1316, acc=0.9579]\r[cosine_anneal] Stage2 Epoch 70/75:  30%|██▉       | 49/164 [00:19\u003c00:43,  2.64it/s, loss=0.1310, acc=0.9581]\n"}
,{"stream_name":"stderr","time":5673.250308644,"data":"\r[cosine_anneal] Stage2 Epoch 70/75:  30%|██▉       | 49/164 [00:19\u003c00:43,  2.64it/s, loss=0.1310, acc=0.9581]\r[cosine_anneal] Stage2 Epoch 70/75:  30%|███       | 50/164 [00:19\u003c00:43,  2.65it/s, loss=0.1310, acc=0.9581]\n"}
,{"stream_name":"stderr","time":5673.630424889,"data":"\r[cosine_anneal] Stage2 Epoch 70/75:  30%|███       | 50/164 [00:19\u003c00:43,  2.65it/s, loss=0.1310, acc=0.9581]\r[cosine_anneal] Stage2 Epoch 70/75:  30%|███       | 50/164 [00:20\u003c00:43,  2.65it/s, loss=0.1335, acc=0.9571]\n"}
,{"stream_name":"stderr","time":5673.631387886,"data":"\r[cosine_anneal] Stage2 Epoch 70/75:  30%|███       | 50/164 [00:20\u003c00:43,  2.65it/s, loss=0.1335, acc=0.9571]\r[cosine_anneal] Stage2 Epoch 70/75:  31%|███       | 51/164 [00:20\u003c00:42,  2.64it/s, loss=0.1335, acc=0.9571]\n"}
,{"stream_name":"stderr","time":5674.003503046,"data":"\r[cosine_anneal] Stage2 Epoch 70/75:  31%|███       | 51/164 [00:20\u003c00:42,  2.64it/s, loss=0.1335, acc=0.9571]\r[cosine_anneal] Stage2 Epoch 70/75:  31%|███       | 51/164 [00:20\u003c00:42,  2.64it/s, loss=0.1351, acc=0.9567]\n"}
,{"stream_name":"stderr","time":5674.004639786,"data":"\r[cosine_anneal] Stage2 Epoch 70/75:  31%|███       | 51/164 [00:20\u003c00:42,  2.64it/s, loss=0.1351, acc=0.9567]\r[cosine_anneal] Stage2 Epoch 70/75:  32%|███▏      | 52/164 [00:20\u003c00:42,  2.65it/s, loss=0.1351, acc=0.9567]\n"}
,{"stream_name":"stderr","time":5674.383339048,"data":"\r[cosine_anneal] Stage2 Epoch 70/75:  32%|███▏      | 52/164 [00:20\u003c00:42,  2.65it/s, loss=0.1351, acc=0.9567]\r[cosine_anneal] Stage2 Epoch 70/75:  32%|███▏      | 52/164 [00:20\u003c00:42,  2.65it/s, loss=0.1358, acc=0.9570]\n"}
,{"stream_name":"stderr","time":5674.384517235,"data":"\r[cosine_anneal] Stage2 Epoch 70/75:  32%|███▏      | 52/164 [00:20\u003c00:42,  2.65it/s, loss=0.1358, acc=0.9570]\r[cosine_anneal] Stage2 Epoch 70/75:  32%|███▏      | 53/164 [00:20\u003c00:41,  2.65it/s, loss=0.1358, acc=0.9570]\n"}
,{"stream_name":"stderr","time":5674.759236552,"data":"\r[cosine_anneal] Stage2 Epoch 70/75:  32%|███▏      | 53/164 [00:20\u003c00:41,  2.65it/s, loss=0.1358, acc=0.9570]\r[cosine_anneal] Stage2 Epoch 70/75:  32%|███▏      | 53/164 [00:21\u003c00:41,  2.65it/s, loss=0.1380, acc=0.9560]\n"}
,{"stream_name":"stderr","time":5674.762682584,"data":"\r[cosine_anneal] Stage2 Epoch 70/75:  32%|███▏      | 53/164 [00:21\u003c00:41,  2.65it/s, loss=0.1380, acc=0.9560]\r[cosine_anneal] Stage2 Epoch 70/75:  33%|███▎      | 54/164 [00:21\u003c00:41,  2.65it/s, loss=0.1380, acc=0.9560]\n"}
,{"stream_name":"stderr","time":5675.138913478,"data":"\r[cosine_anneal] Stage2 Epoch 70/75:  33%|███▎      | 54/164 [00:21\u003c00:41,  2.65it/s, loss=0.1380, acc=0.9560]\r[cosine_anneal] Stage2 Epoch 70/75:  33%|███▎      | 54/164 [00:21\u003c00:41,  2.65it/s, loss=0.1366, acc=0.9563]\n"}
,{"stream_name":"stderr","time":5675.140350109,"data":"\r[cosine_anneal] Stage2 Epoch 70/75:  33%|███▎      | 54/164 [00:21\u003c00:41,  2.65it/s, loss=0.1366, acc=0.9563]\r[cosine_anneal] Stage2 Epoch 70/75:  34%|███▎      | 55/164 [00:21\u003c00:41,  2.65it/s, loss=0.1366, acc=0.9563]\n"}
,{"stream_name":"stderr","time":5675.521939565,"data":"\r[cosine_anneal] Stage2 Epoch 70/75:  34%|███▎      | 55/164 [00:21\u003c00:41,  2.65it/s, loss=0.1366, acc=0.9563]\r[cosine_anneal] Stage2 Epoch 70/75:  34%|███▎      | 55/164 [00:22\u003c00:41,  2.65it/s, loss=0.1406, acc=0.9537]\n"}
,{"stream_name":"stderr","time":5675.523447921,"data":"\r[cosine_anneal] Stage2 Epoch 70/75:  34%|███▎      | 55/164 [00:22\u003c00:41,  2.65it/s, loss=0.1406, acc=0.9537]\r[cosine_anneal] Stage2 Epoch 70/75:  34%|███▍      | 56/164 [00:22\u003c00:40,  2.63it/s, loss=0.1406, acc=0.9537]\n"}
,{"stream_name":"stderr","time":5675.905500575,"data":"\r[cosine_anneal] Stage2 Epoch 70/75:  34%|███▍      | 56/164 [00:22\u003c00:40,  2.63it/s, loss=0.1406, acc=0.9537]\r[cosine_anneal] Stage2 Epoch 70/75:  34%|███▍      | 56/164 [00:22\u003c00:40,  2.63it/s, loss=0.1432, acc=0.9529]\n"}
,{"stream_name":"stderr","time":5675.906506607,"data":"\r[cosine_anneal] Stage2 Epoch 70/75:  34%|███▍      | 56/164 [00:22\u003c00:40,  2.63it/s, loss=0.1432, acc=0.9529]\r[cosine_anneal] Stage2 Epoch 70/75:  35%|███▍      | 57/164 [00:22\u003c00:40,  2.63it/s, loss=0.1432, acc=0.9529]\n"}
,{"stream_name":"stderr","time":5676.286853532,"data":"\r[cosine_anneal] Stage2 Epoch 70/75:  35%|███▍      | 57/164 [00:22\u003c00:40,  2.63it/s, loss=0.1432, acc=0.9529]\r[cosine_anneal] Stage2 Epoch 70/75:  35%|███▍      | 57/164 [00:22\u003c00:40,  2.63it/s, loss=0.1447, acc=0.9520]\n"}
,{"stream_name":"stderr","time":5676.289059811,"data":"\r[cosine_anneal] Stage2 Epoch 70/75:  35%|███▍      | 57/164 [00:22\u003c00:40,  2.63it/s, loss=0.1447, acc=0.9520]\r[cosine_anneal] Stage2 Epoch 70/75:  35%|███▌      | 58/164 [00:22\u003c00:40,  2.62it/s, loss=0.1447, acc=0.9520]\n"}
,{"stream_name":"stderr","time":5676.666948333,"data":"\r[cosine_anneal] Stage2 Epoch 70/75:  35%|███▌      | 58/164 [00:22\u003c00:40,  2.62it/s, loss=0.1447, acc=0.9520]\r[cosine_anneal] Stage2 Epoch 70/75:  35%|███▌      | 58/164 [00:23\u003c00:40,  2.62it/s, loss=0.1429, acc=0.9529]\n"}
,{"stream_name":"stderr","time":5676.667824948,"data":"\r[cosine_anneal] Stage2 Epoch 70/75:  35%|███▌      | 58/164 [00:23\u003c00:40,  2.62it/s, loss=0.1429, acc=0.9529]\r[cosine_anneal] Stage2 Epoch 70/75:  36%|███▌      | 59/164 [00:23\u003c00:39,  2.63it/s, loss=0.1429, acc=0.9529]\n"}
,{"stream_name":"stderr","time":5677.04288034,"data":"\r[cosine_anneal] Stage2 Epoch 70/75:  36%|███▌      | 59/164 [00:23\u003c00:39,  2.63it/s, loss=0.1429, acc=0.9529]\r[cosine_anneal] Stage2 Epoch 70/75:  36%|███▌      | 59/164 [00:23\u003c00:39,  2.63it/s, loss=0.1426, acc=0.9526]\n"}
,{"stream_name":"stderr","time":5677.04405975,"data":"\r[cosine_anneal] Stage2 Epoch 70/75:  36%|███▌      | 59/164 [00:23\u003c00:39,  2.63it/s, loss=0.1426, acc=0.9526]\r[cosine_anneal] Stage2 Epoch 70/75:  37%|███▋      | 60/164 [00:23\u003c00:39,  2.64it/s, loss=0.1426, acc=0.9526]\n"}
,{"stream_name":"stderr","time":5677.424878053,"data":"\r[cosine_anneal] Stage2 Epoch 70/75:  37%|███▋      | 60/164 [00:23\u003c00:39,  2.64it/s, loss=0.1426, acc=0.9526]\r[cosine_anneal] Stage2 Epoch 70/75:  37%|███▋      | 60/164 [00:23\u003c00:39,  2.64it/s, loss=0.1425, acc=0.9524]\n"}
,{"stream_name":"stderr","time":5677.426158902,"data":"\r[cosine_anneal] Stage2 Epoch 70/75:  37%|███▋      | 60/164 [00:23\u003c00:39,  2.64it/s, loss=0.1425, acc=0.9524]\r[cosine_anneal] Stage2 Epoch 70/75:  37%|███▋      | 61/164 [00:23\u003c00:39,  2.63it/s, loss=0.1425, acc=0.9524]\n"}
,{"stream_name":"stderr","time":5677.80846591,"data":"\r[cosine_anneal] Stage2 Epoch 70/75:  37%|███▋      | 61/164 [00:23\u003c00:39,  2.63it/s, loss=0.1425, acc=0.9524]\r[cosine_anneal] Stage2 Epoch 70/75:  37%|███▋      | 61/164 [00:24\u003c00:39,  2.63it/s, loss=0.1409, acc=0.9526]\n"}
,{"stream_name":"stderr","time":5677.80957432,"data":"\r[cosine_anneal] Stage2 Epoch 70/75:  37%|███▋      | 61/164 [00:24\u003c00:39,  2.63it/s, loss=0.1409, acc=0.9526]\r[cosine_anneal] Stage2 Epoch 70/75:  38%|███▊      | 62/164 [00:24\u003c00:38,  2.62it/s, loss=0.1409, acc=0.9526]\n"}
,{"stream_name":"stderr","time":5678.189985602,"data":"\r[cosine_anneal] Stage2 Epoch 70/75:  38%|███▊      | 62/164 [00:24\u003c00:38,  2.62it/s, loss=0.1409, acc=0.9526]\r[cosine_anneal] Stage2 Epoch 70/75:  38%|███▊      | 62/164 [00:24\u003c00:38,  2.62it/s, loss=0.1415, acc=0.9519]\n"}
,{"stream_name":"stderr","time":5678.191090374,"data":"\r[cosine_anneal] Stage2 Epoch 70/75:  38%|███▊      | 62/164 [00:24\u003c00:38,  2.62it/s, loss=0.1415, acc=0.9519]\r[cosine_anneal] Stage2 Epoch 70/75:  38%|███▊      | 63/164 [00:24\u003c00:38,  2.62it/s, loss=0.1415, acc=0.9519]\n"}
,{"stream_name":"stderr","time":5678.567187861,"data":"\r[cosine_anneal] Stage2 Epoch 70/75:  38%|███▊      | 63/164 [00:24\u003c00:38,  2.62it/s, loss=0.1415, acc=0.9519]\r[cosine_anneal] Stage2 Epoch 70/75:  38%|███▊      | 63/164 [00:25\u003c00:38,  2.62it/s, loss=0.1400, acc=0.9521]\n"}
,{"stream_name":"stderr","time":5678.568234263,"data":"\r[cosine_anneal] Stage2 Epoch 70/75:  38%|███▊      | 63/164 [00:25\u003c00:38,  2.62it/s, loss=0.1400, acc=0.9521]\r[cosine_anneal] Stage2 Epoch 70/75:  39%|███▉      | 64/164 [00:25\u003c00:37,  2.63it/s, loss=0.1400, acc=0.9521]\n"}
,{"stream_name":"stderr","time":5678.946018855,"data":"\r[cosine_anneal] Stage2 Epoch 70/75:  39%|███▉      | 64/164 [00:25\u003c00:37,  2.63it/s, loss=0.1400, acc=0.9521]\r[cosine_anneal] Stage2 Epoch 70/75:  39%|███▉      | 64/164 [00:25\u003c00:37,  2.63it/s, loss=0.1392, acc=0.9524]\n"}
,{"stream_name":"stderr","time":5678.946986063,"data":"\r[cosine_anneal] Stage2 Epoch 70/75:  39%|███▉      | 64/164 [00:25\u003c00:37,  2.63it/s, loss=0.1392, acc=0.9524]\r[cosine_anneal] Stage2 Epoch 70/75:  40%|███▉      | 65/164 [00:25\u003c00:37,  2.63it/s, loss=0.1392, acc=0.9524]\n"}
,{"stream_name":"stderr","time":5679.329523669,"data":"\r[cosine_anneal] Stage2 Epoch 70/75:  40%|███▉      | 65/164 [00:25\u003c00:37,  2.63it/s, loss=0.1392, acc=0.9524]\r[cosine_anneal] Stage2 Epoch 70/75:  40%|███▉      | 65/164 [00:25\u003c00:37,  2.63it/s, loss=0.1384, acc=0.9522]\n"}
,{"stream_name":"stderr","time":5679.330849923,"data":"\r[cosine_anneal] Stage2 Epoch 70/75:  40%|███▉      | 65/164 [00:25\u003c00:37,  2.63it/s, loss=0.1384, acc=0.9522]\r[cosine_anneal] Stage2 Epoch 70/75:  40%|████      | 66/164 [00:25\u003c00:37,  2.62it/s, loss=0.1384, acc=0.9522]\n"}
,{"stream_name":"stderr","time":5679.711634654,"data":"\r[cosine_anneal] Stage2 Epoch 70/75:  40%|████      | 66/164 [00:25\u003c00:37,  2.62it/s, loss=0.1384, acc=0.9522]\r[cosine_anneal] Stage2 Epoch 70/75:  40%|████      | 66/164 [00:26\u003c00:37,  2.62it/s, loss=0.1387, acc=0.9520]\n"}
,{"stream_name":"stderr","time":5679.713002515,"data":"\r[cosine_anneal] Stage2 Epoch 70/75:  40%|████      | 66/164 [00:26\u003c00:37,  2.62it/s, loss=0.1387, acc=0.9520]\r[cosine_anneal] Stage2 Epoch 70/75:  41%|████      | 67/164 [00:26\u003c00:36,  2.62it/s, loss=0.1387, acc=0.9520]\n"}
,{"stream_name":"stderr","time":5680.096577662,"data":"\r[cosine_anneal] Stage2 Epoch 70/75:  41%|████      | 67/164 [00:26\u003c00:36,  2.62it/s, loss=0.1387, acc=0.9520]\r[cosine_anneal] Stage2 Epoch 70/75:  41%|████      | 67/164 [00:26\u003c00:36,  2.62it/s, loss=0.1410, acc=0.9517]\n"}
,{"stream_name":"stderr","time":5680.09792033,"data":"\r[cosine_anneal] Stage2 Epoch 70/75:  41%|████      | 67/164 [00:26\u003c00:36,  2.62it/s, loss=0.1410, acc=0.9517]\r[cosine_anneal] Stage2 Epoch 70/75:  41%|████▏     | 68/164 [00:26\u003c00:36,  2.62it/s, loss=0.1410, acc=0.9517]\n"}
,{"stream_name":"stderr","time":5680.471772078,"data":"\r[cosine_anneal] Stage2 Epoch 70/75:  41%|████▏     | 68/164 [00:26\u003c00:36,  2.62it/s, loss=0.1410, acc=0.9517]\r[cosine_anneal] Stage2 Epoch 70/75:  41%|████▏     | 68/164 [00:27\u003c00:36,  2.62it/s, loss=0.1428, acc=0.9506]\n"}
,{"stream_name":"stderr","time":5680.473006738,"data":"\r[cosine_anneal] Stage2 Epoch 70/75:  41%|████▏     | 68/164 [00:27\u003c00:36,  2.62it/s, loss=0.1428, acc=0.9506]\r[cosine_anneal] Stage2 Epoch 70/75:  42%|████▏     | 69/164 [00:27\u003c00:36,  2.63it/s, loss=0.1428, acc=0.9506]\n"}
,{"stream_name":"stderr","time":5680.849749817,"data":"\r[cosine_anneal] Stage2 Epoch 70/75:  42%|████▏     | 69/164 [00:27\u003c00:36,  2.63it/s, loss=0.1428, acc=0.9506]\r[cosine_anneal] Stage2 Epoch 70/75:  42%|████▏     | 69/164 [00:27\u003c00:36,  2.63it/s, loss=0.1418, acc=0.9509]\n"}
,{"stream_name":"stderr","time":5680.851005858,"data":"\r[cosine_anneal] Stage2 Epoch 70/75:  42%|████▏     | 69/164 [00:27\u003c00:36,  2.63it/s, loss=0.1418, acc=0.9509]\r[cosine_anneal] Stage2 Epoch 70/75:  43%|████▎     | 70/164 [00:27\u003c00:35,  2.63it/s, loss=0.1418, acc=0.9509]\n"}
,{"stream_name":"stderr","time":5681.23133972,"data":"\r[cosine_anneal] Stage2 Epoch 70/75:  43%|████▎     | 70/164 [00:27\u003c00:35,  2.63it/s, loss=0.1418, acc=0.9509]\r[cosine_anneal] Stage2 Epoch 70/75:  43%|████▎     | 70/164 [00:27\u003c00:35,  2.63it/s, loss=0.1452, acc=0.9494]\n"}
,{"stream_name":"stderr","time":5681.232532898,"data":"\r[cosine_anneal] Stage2 Epoch 70/75:  43%|████▎     | 70/164 [00:27\u003c00:35,  2.63it/s, loss=0.1452, acc=0.9494]\r[cosine_anneal] Stage2 Epoch 70/75:  43%|████▎     | 71/164 [00:27\u003c00:35,  2.63it/s, loss=0.1452, acc=0.9494]\n"}
,{"stream_name":"stderr","time":5681.614852406,"data":"\r[cosine_anneal] Stage2 Epoch 70/75:  43%|████▎     | 71/164 [00:27\u003c00:35,  2.63it/s, loss=0.1452, acc=0.9494]\r[cosine_anneal] Stage2 Epoch 70/75:  43%|████▎     | 71/164 [00:28\u003c00:35,  2.63it/s, loss=0.1448, acc=0.9497]\n"}
,{"stream_name":"stderr","time":5681.616076387,"data":"\r[cosine_anneal] Stage2 Epoch 70/75:  43%|████▎     | 71/164 [00:28\u003c00:35,  2.63it/s, loss=0.1448, acc=0.9497]\r[cosine_anneal] Stage2 Epoch 70/75:  44%|████▍     | 72/164 [00:28\u003c00:35,  2.62it/s, loss=0.1448, acc=0.9497]\n"}
,{"stream_name":"stderr","time":5681.998465609,"data":"\r[cosine_anneal] Stage2 Epoch 70/75:  44%|████▍     | 72/164 [00:28\u003c00:35,  2.62it/s, loss=0.1448, acc=0.9497]\r[cosine_anneal] Stage2 Epoch 70/75:  44%|████▍     | 72/164 [00:28\u003c00:35,  2.62it/s, loss=0.1446, acc=0.9495]\n"}
,{"stream_name":"stderr","time":5682.00000106,"data":"\r[cosine_anneal] Stage2 Epoch 70/75:  44%|████▍     | 72/164 [00:28\u003c00:35,  2.62it/s, loss=0.1446, acc=0.9495]\r[cosine_anneal] Stage2 Epoch 70/75:  45%|████▍     | 73/164 [00:28\u003c00:34,  2.62it/s, loss=0.1446, acc=0.9495]\n"}
,{"stream_name":"stderr","time":5682.384508848,"data":"\r[cosine_anneal] Stage2 Epoch 70/75:  45%|████▍     | 73/164 [00:28\u003c00:34,  2.62it/s, loss=0.1446, acc=0.9495]\r[cosine_anneal] Stage2 Epoch 70/75:  45%|████▍     | 73/164 [00:28\u003c00:34,  2.62it/s, loss=0.1431, acc=0.9502]\n"}
,{"stream_name":"stderr","time":5682.3852543,"data":"\r[cosine_anneal] Stage2 Epoch 70/75:  45%|████▍     | 73/164 [00:28\u003c00:34,  2.62it/s, loss=0.1431, acc=0.9502]\r[cosine_anneal] Stage2 Epoch 70/75:  45%|████▌     | 74/164 [00:28\u003c00:34,  2.61it/s, loss=0.1431, acc=0.9502]\n"}
,{"stream_name":"stderr","time":5682.759829859,"data":"\r[cosine_anneal] Stage2 Epoch 70/75:  45%|████▌     | 74/164 [00:28\u003c00:34,  2.61it/s, loss=0.1431, acc=0.9502]\r[cosine_anneal] Stage2 Epoch 70/75:  45%|████▌     | 74/164 [00:29\u003c00:34,  2.61it/s, loss=0.1428, acc=0.9504]\n"}
,{"stream_name":"stderr","time":5682.761492021,"data":"\r[cosine_anneal] Stage2 Epoch 70/75:  45%|████▌     | 74/164 [00:29\u003c00:34,  2.61it/s, loss=0.1428, acc=0.9504]\r[cosine_anneal] Stage2 Epoch 70/75:  46%|████▌     | 75/164 [00:29\u003c00:33,  2.63it/s, loss=0.1428, acc=0.9504]\n"}
,{"stream_name":"stderr","time":5683.137090503,"data":"\r[cosine_anneal] Stage2 Epoch 70/75:  46%|████▌     | 75/164 [00:29\u003c00:33,  2.63it/s, loss=0.1428, acc=0.9504]\r[cosine_anneal] Stage2 Epoch 70/75:  46%|████▌     | 75/164 [00:29\u003c00:33,  2.63it/s, loss=0.1412, acc=0.9511]\n"}
,{"stream_name":"stderr","time":5683.138096862,"data":"\r[cosine_anneal] Stage2 Epoch 70/75:  46%|████▌     | 75/164 [00:29\u003c00:33,  2.63it/s, loss=0.1412, acc=0.9511]\r[cosine_anneal] Stage2 Epoch 70/75:  46%|████▋     | 76/164 [00:29\u003c00:33,  2.63it/s, loss=0.1412, acc=0.9511]\n"}
,{"stream_name":"stderr","time":5683.519799801,"data":"\r[cosine_anneal] Stage2 Epoch 70/75:  46%|████▋     | 76/164 [00:29\u003c00:33,  2.63it/s, loss=0.1412, acc=0.9511]\r[cosine_anneal] Stage2 Epoch 70/75:  46%|████▋     | 76/164 [00:30\u003c00:33,  2.63it/s, loss=0.1401, acc=0.9513]\n"}
,{"stream_name":"stderr","time":5683.520262263,"data":"\r[cosine_anneal] Stage2 Epoch 70/75:  46%|████▋     | 76/164 [00:30\u003c00:33,  2.63it/s, loss=0.1401, acc=0.9513]\r[cosine_anneal] Stage2 Epoch 70/75:  47%|████▋     | 77/164 [00:30\u003c00:33,  2.63it/s, loss=0.1401, acc=0.9513]\n"}
,{"stream_name":"stderr","time":5683.893016425,"data":"\r[cosine_anneal] Stage2 Epoch 70/75:  47%|████▋     | 77/164 [00:30\u003c00:33,  2.63it/s, loss=0.1401, acc=0.9513]\r[cosine_anneal] Stage2 Epoch 70/75:  47%|████▋     | 77/164 [00:30\u003c00:33,  2.63it/s, loss=0.1420, acc=0.9511]\n"}
,{"stream_name":"stderr","time":5683.894068598,"data":"\r[cosine_anneal] Stage2 Epoch 70/75:  47%|████▋     | 77/164 [00:30\u003c00:33,  2.63it/s, loss=0.1420, acc=0.9511]\r[cosine_anneal] Stage2 Epoch 70/75:  48%|████▊     | 78/164 [00:30\u003c00:32,  2.64it/s, loss=0.1420, acc=0.9511]\n"}
,{"stream_name":"stderr","time":5684.271643714,"data":"\r[cosine_anneal] Stage2 Epoch 70/75:  48%|████▊     | 78/164 [00:30\u003c00:32,  2.64it/s, loss=0.1420, acc=0.9511]\r[cosine_anneal] Stage2 Epoch 70/75:  48%|████▊     | 78/164 [00:30\u003c00:32,  2.64it/s, loss=0.1434, acc=0.9513]\n"}
,{"stream_name":"stderr","time":5684.272773034,"data":"\r[cosine_anneal] Stage2 Epoch 70/75:  48%|████▊     | 78/164 [00:30\u003c00:32,  2.64it/s, loss=0.1434, acc=0.9513]\r[cosine_anneal] Stage2 Epoch 70/75:  48%|████▊     | 79/164 [00:30\u003c00:32,  2.64it/s, loss=0.1434, acc=0.9513]\n"}
,{"stream_name":"stderr","time":5684.65421086,"data":"\r[cosine_anneal] Stage2 Epoch 70/75:  48%|████▊     | 79/164 [00:30\u003c00:32,  2.64it/s, loss=0.1434, acc=0.9513]\r[cosine_anneal] Stage2 Epoch 70/75:  48%|████▊     | 79/164 [00:31\u003c00:32,  2.64it/s, loss=0.1446, acc=0.9508]\n"}
,{"stream_name":"stderr","time":5684.655312115,"data":"\r[cosine_anneal] Stage2 Epoch 70/75:  48%|████▊     | 79/164 [00:31\u003c00:32,  2.64it/s, loss=0.1446, acc=0.9508]\r[cosine_anneal] Stage2 Epoch 70/75:  49%|████▉     | 80/164 [00:31\u003c00:31,  2.63it/s, loss=0.1446, acc=0.9508]\n"}
,{"stream_name":"stderr","time":5685.036033788,"data":"\r[cosine_anneal] Stage2 Epoch 70/75:  49%|████▉     | 80/164 [00:31\u003c00:31,  2.63it/s, loss=0.1446, acc=0.9508]\r[cosine_anneal] Stage2 Epoch 70/75:  49%|████▉     | 80/164 [00:31\u003c00:31,  2.63it/s, loss=0.1431, acc=0.9514]\n"}
,{"stream_name":"stderr","time":5685.036979561,"data":"\r[cosine_anneal] Stage2 Epoch 70/75:  49%|████▉     | 80/164 [00:31\u003c00:31,  2.63it/s, loss=0.1431, acc=0.9514]\r[cosine_anneal] Stage2 Epoch 70/75:  49%|████▉     | 81/164 [00:31\u003c00:31,  2.63it/s, loss=0.1431, acc=0.9514]\n"}
,{"stream_name":"stderr","time":5685.409750777,"data":"\r[cosine_anneal] Stage2 Epoch 70/75:  49%|████▉     | 81/164 [00:31\u003c00:31,  2.63it/s, loss=0.1431, acc=0.9514]\r[cosine_anneal] Stage2 Epoch 70/75:  49%|████▉     | 81/164 [00:31\u003c00:31,  2.63it/s, loss=0.1440, acc=0.9508]\n"}
,{"stream_name":"stderr","time":5685.410942983,"data":"\r[cosine_anneal] Stage2 Epoch 70/75:  49%|████▉     | 81/164 [00:31\u003c00:31,  2.63it/s, loss=0.1440, acc=0.9508]\r[cosine_anneal] Stage2 Epoch 70/75:  50%|█████     | 82/164 [00:31\u003c00:31,  2.64it/s, loss=0.1440, acc=0.9508]\n"}
,{"stream_name":"stderr","time":5685.787668969,"data":"\r[cosine_anneal] Stage2 Epoch 70/75:  50%|█████     | 82/164 [00:31\u003c00:31,  2.64it/s, loss=0.1440, acc=0.9508]\r[cosine_anneal] Stage2 Epoch 70/75:  50%|█████     | 82/164 [00:32\u003c00:31,  2.64it/s, loss=0.1486, acc=0.9503]\n"}
,{"stream_name":"stderr","time":5685.789354716,"data":"\r[cosine_anneal] Stage2 Epoch 70/75:  50%|█████     | 82/164 [00:32\u003c00:31,  2.64it/s, loss=0.1486, acc=0.9503]\r[cosine_anneal] Stage2 Epoch 70/75:  51%|█████     | 83/164 [00:32\u003c00:30,  2.64it/s, loss=0.1486, acc=0.9503]\n"}
,{"stream_name":"stderr","time":5686.171482065,"data":"\r[cosine_anneal] Stage2 Epoch 70/75:  51%|█████     | 83/164 [00:32\u003c00:30,  2.64it/s, loss=0.1486, acc=0.9503]\r[cosine_anneal] Stage2 Epoch 70/75:  51%|█████     | 83/164 [00:32\u003c00:30,  2.64it/s, loss=0.1483, acc=0.9501]\n"}
,{"stream_name":"stderr","time":5686.172508611,"data":"\r[cosine_anneal] Stage2 Epoch 70/75:  51%|█████     | 83/164 [00:32\u003c00:30,  2.64it/s, loss=0.1483, acc=0.9501]\r[cosine_anneal] Stage2 Epoch 70/75:  51%|█████     | 84/164 [00:32\u003c00:30,  2.63it/s, loss=0.1483, acc=0.9501]\n"}
,{"stream_name":"stderr","time":5686.554719756,"data":"\r[cosine_anneal] Stage2 Epoch 70/75:  51%|█████     | 84/164 [00:32\u003c00:30,  2.63it/s, loss=0.1483, acc=0.9501]\r[cosine_anneal] Stage2 Epoch 70/75:  51%|█████     | 84/164 [00:33\u003c00:30,  2.63it/s, loss=0.1479, acc=0.9500]\n"}
,{"stream_name":"stderr","time":5686.55564353,"data":"\r[cosine_anneal] Stage2 Epoch 70/75:  51%|█████     | 84/164 [00:33\u003c00:30,  2.63it/s, loss=0.1479, acc=0.9500]\r[cosine_anneal] Stage2 Epoch 70/75:  52%|█████▏    | 85/164 [00:33\u003c00:30,  2.63it/s, loss=0.1479, acc=0.9500]\n"}
,{"stream_name":"stderr","time":5689.010056539,"data":"\r[cosine_anneal] Stage2 Epoch 70/75:  52%|█████▏    | 85/164 [00:33\u003c00:30,  2.63it/s, loss=0.1479, acc=0.9500]\r[cosine_anneal] Stage2 Epoch 70/75:  52%|█████▏    | 85/164 [00:33\u003c00:30,  2.63it/s, loss=0.1487, acc=0.9499]\n"}
,{"stream_name":"stderr","time":5689.011570875,"data":"\r[cosine_anneal] Stage2 Epoch 70/75:  52%|█████▏    | 85/164 [00:33\u003c00:30,  2.63it/s, loss=0.1487, acc=0.9499]\r[cosine_anneal] Stage2 Epoch 70/75:  52%|█████▏    | 86/164 [00:33\u003c00:29,  2.64it/s, loss=0.1487, acc=0.9499]\n"}
,{"stream_name":"stderr","time":5689.012669513,"data":"\r[cosine_anneal] Stage2 Epoch 70/75:  52%|█████▏    | 86/164 [00:33\u003c00:29,  2.64it/s, loss=0.1487, acc=0.9499]\r[cosine_anneal] Stage2 Epoch 70/75:  52%|█████▏    | 86/164 [00:33\u003c00:29,  2.64it/s, loss=0.1480, acc=0.9501]\n"}
,{"stream_name":"stderr","time":5689.013611898,"data":"\r[cosine_anneal] Stage2 Epoch 70/75:  52%|█████▏    | 86/164 [00:33\u003c00:29,  2.64it/s, loss=0.1480, acc=0.9501]\r[cosine_anneal] Stage2 Epoch 70/75:  53%|█████▎    | 87/164 [00:33\u003c00:29,  2.64it/s, loss=0.1480, acc=0.9501]\n"}
,{"stream_name":"stderr","time":5689.014537176,"data":"\r[cosine_anneal] Stage2 Epoch 70/75:  53%|█████▎    | 87/164 [00:33\u003c00:29,  2.64it/s, loss=0.1480, acc=0.9501]\r[cosine_anneal] Stage2 Epoch 70/75:  53%|█████▎    | 87/164 [00:34\u003c00:29,  2.64it/s, loss=0.1464, acc=0.9506]\n"}
,{"stream_name":"stderr","time":5689.015521318,"data":"\r[cosine_anneal] Stage2 Epoch 70/75:  53%|█████▎    | 87/164 [00:34\u003c00:29,  2.64it/s, loss=0.1464, acc=0.9506]\r[cosine_anneal] Stage2 Epoch 70/75:  54%|█████▎    | 88/164 [00:34\u003c00:28,  2.63it/s, loss=0.1464, acc=0.9506]\n"}
,{"stream_name":"stderr","time":5689.016198327,"data":"\r[cosine_anneal] Stage2 Epoch 70/75:  54%|█████▎    | 88/164 [00:34\u003c00:28,  2.63it/s, loss=0.1464, acc=0.9506]\r[cosine_anneal] Stage2 Epoch 70/75:  54%|█████▎    | 88/164 [00:34\u003c00:28,  2.63it/s, loss=0.1453, acc=0.9512]\n"}
,{"stream_name":"stderr","time":5689.017125148,"data":"\r[cosine_anneal] Stage2 Epoch 70/75:  54%|█████▎    | 88/164 [00:34\u003c00:28,  2.63it/s, loss=0.1453, acc=0.9512]\r[cosine_anneal] Stage2 Epoch 70/75:  54%|█████▍    | 89/164 [00:34\u003c00:28,  2.63it/s, loss=0.1453, acc=0.9512]\n"}
,{"stream_name":"stderr","time":5689.018052063,"data":"\r[cosine_anneal] Stage2 Epoch 70/75:  54%|█████▍    | 89/164 [00:34\u003c00:28,  2.63it/s, loss=0.1453, acc=0.9512]\r[cosine_anneal] Stage2 Epoch 70/75:  54%|█████▍    | 89/164 [00:35\u003c00:28,  2.63it/s, loss=0.1438, acc=0.9517]\n"}
,{"stream_name":"stderr","time":5689.018887895,"data":"\r[cosine_anneal] Stage2 Epoch 70/75:  54%|█████▍    | 89/164 [00:35\u003c00:28,  2.63it/s, loss=0.1438, acc=0.9517]\r[cosine_anneal] Stage2 Epoch 70/75:  55%|█████▍    | 90/164 [00:35\u003c00:28,  2.63it/s, loss=0.1438, acc=0.9517]\n"}
,{"stream_name":"stderr","time":5689.019702184,"data":"\r[cosine_anneal] Stage2 Epoch 70/75:  55%|█████▍    | 90/164 [00:35\u003c00:28,  2.63it/s, loss=0.1438, acc=0.9517]\r[cosine_anneal] Stage2 Epoch 70/75:  55%|█████▍    | 90/164 [00:35\u003c00:28,  2.63it/s, loss=0.1425, acc=0.9523]\n"}
,{"stream_name":"stderr","time":5689.020483688,"data":"\r[cosine_anneal] Stage2 Epoch 70/75:  55%|█████▍    | 90/164 [00:35\u003c00:28,  2.63it/s, loss=0.1425, acc=0.9523]\r[cosine_anneal] Stage2 Epoch 70/75:  55%|█████▌    | 91/164 [00:35\u003c00:27,  2.64it/s, loss=0.1425, acc=0.9523]\n"}
,{"stream_name":"stderr","time":5689.211643831,"data":"\r[cosine_anneal] Stage2 Epoch 70/75:  55%|█████▌    | 91/164 [00:35\u003c00:27,  2.64it/s, loss=0.1425, acc=0.9523]\r[cosine_anneal] Stage2 Epoch 70/75:  55%|█████▌    | 91/164 [00:35\u003c00:27,  2.64it/s, loss=0.1410, acc=0.9528]\n"}
,{"stream_name":"stderr","time":5689.212919664,"data":"\r[cosine_anneal] Stage2 Epoch 70/75:  55%|█████▌    | 91/164 [00:35\u003c00:27,  2.64it/s, loss=0.1410, acc=0.9528]\r[cosine_anneal] Stage2 Epoch 70/75:  56%|█████▌    | 92/164 [00:35\u003c00:27,  2.63it/s, loss=0.1410, acc=0.9528]\n"}
,{"stream_name":"stderr","time":5689.591353192,"data":"\r[cosine_anneal] Stage2 Epoch 70/75:  56%|█████▌    | 92/164 [00:35\u003c00:27,  2.63it/s, loss=0.1410, acc=0.9528]\r[cosine_anneal] Stage2 Epoch 70/75:  56%|█████▌    | 92/164 [00:36\u003c00:27,  2.63it/s, loss=0.1417, acc=0.9519]\n"}
,{"stream_name":"stderr","time":5689.59470755,"data":"\r[cosine_anneal] Stage2 Epoch 70/75:  56%|█████▌    | 92/164 [00:36\u003c00:27,  2.63it/s, loss=0.1417, acc=0.9519]\r[cosine_anneal] Stage2 Epoch 70/75:  57%|█████▋    | 93/164 [00:36\u003c00:26,  2.63it/s, loss=0.1417, acc=0.9519]\n"}
,{"stream_name":"stderr","time":5689.976594513,"data":"\r[cosine_anneal] Stage2 Epoch 70/75:  57%|█████▋    | 93/164 [00:36\u003c00:26,  2.63it/s, loss=0.1417, acc=0.9519]\r[cosine_anneal] Stage2 Epoch 70/75:  57%|█████▋    | 93/164 [00:36\u003c00:26,  2.63it/s, loss=0.1412, acc=0.9521]\n"}
,{"stream_name":"stderr","time":5689.977738256,"data":"\r[cosine_anneal] Stage2 Epoch 70/75:  57%|█████▋    | 93/164 [00:36\u003c00:26,  2.63it/s, loss=0.1412, acc=0.9521]\r[cosine_anneal] Stage2 Epoch 70/75:  57%|█████▋    | 94/164 [00:36\u003c00:26,  2.62it/s, loss=0.1412, acc=0.9521]\n"}
,{"stream_name":"stderr","time":5690.354970856,"data":"\r[cosine_anneal] Stage2 Epoch 70/75:  57%|█████▋    | 94/164 [00:36\u003c00:26,  2.62it/s, loss=0.1412, acc=0.9521]\r[cosine_anneal] Stage2 Epoch 70/75:  57%|█████▋    | 94/164 [00:36\u003c00:26,  2.62it/s, loss=0.1398, acc=0.9526]\n"}
,{"stream_name":"stderr","time":5690.35605727,"data":"\r[cosine_anneal] Stage2 Epoch 70/75:  57%|█████▋    | 94/164 [00:36\u003c00:26,  2.62it/s, loss=0.1398, acc=0.9526]\r[cosine_anneal] Stage2 Epoch 70/75:  58%|█████▊    | 95/164 [00:36\u003c00:26,  2.63it/s, loss=0.1398, acc=0.9526]\n"}
,{"stream_name":"stderr","time":5690.735452916,"data":"\r[cosine_anneal] Stage2 Epoch 70/75:  58%|█████▊    | 95/164 [00:36\u003c00:26,  2.63it/s, loss=0.1398, acc=0.9526]\r[cosine_anneal] Stage2 Epoch 70/75:  58%|█████▊    | 95/164 [00:37\u003c00:26,  2.63it/s, loss=0.1391, acc=0.9528]\n"}
,{"stream_name":"stderr","time":5690.736501333,"data":"\r[cosine_anneal] Stage2 Epoch 70/75:  58%|█████▊    | 95/164 [00:37\u003c00:26,  2.63it/s, loss=0.1391, acc=0.9528]\r[cosine_anneal] Stage2 Epoch 70/75:  59%|█████▊    | 96/164 [00:37\u003c00:25,  2.63it/s, loss=0.1391, acc=0.9528]\n"}
,{"stream_name":"stderr","time":5691.11617073,"data":"\r[cosine_anneal] Stage2 Epoch 70/75:  59%|█████▊    | 96/164 [00:37\u003c00:25,  2.63it/s, loss=0.1391, acc=0.9528]\r[cosine_anneal] Stage2 Epoch 70/75:  59%|█████▊    | 96/164 [00:37\u003c00:25,  2.63it/s, loss=0.1378, acc=0.9533]\n"}
,{"stream_name":"stderr","time":5691.117045055,"data":"\r[cosine_anneal] Stage2 Epoch 70/75:  59%|█████▊    | 96/164 [00:37\u003c00:25,  2.63it/s, loss=0.1378, acc=0.9533]\r[cosine_anneal] Stage2 Epoch 70/75:  59%|█████▉    | 97/164 [00:37\u003c00:25,  2.63it/s, loss=0.1378, acc=0.9533]\n"}
,{"stream_name":"stderr","time":5691.492178464,"data":"\r[cosine_anneal] Stage2 Epoch 70/75:  59%|█████▉    | 97/164 [00:37\u003c00:25,  2.63it/s, loss=0.1378, acc=0.9533]\r[cosine_anneal] Stage2 Epoch 70/75:  59%|█████▉    | 97/164 [00:38\u003c00:25,  2.63it/s, loss=0.1397, acc=0.9531]\n"}
,{"stream_name":"stderr","time":5691.49305634,"data":"\r[cosine_anneal] Stage2 Epoch 70/75:  59%|█████▉    | 97/164 [00:38\u003c00:25,  2.63it/s, loss=0.1397, acc=0.9531]\r[cosine_anneal] Stage2 Epoch 70/75:  60%|█████▉    | 98/164 [00:38\u003c00:25,  2.64it/s, loss=0.1397, acc=0.9531]\n"}
,{"stream_name":"stderr","time":5691.871498133,"data":"\r[cosine_anneal] Stage2 Epoch 70/75:  60%|█████▉    | 98/164 [00:38\u003c00:25,  2.64it/s, loss=0.1397, acc=0.9531]\r[cosine_anneal] Stage2 Epoch 70/75:  60%|█████▉    | 98/164 [00:38\u003c00:25,  2.64it/s, loss=0.1385, acc=0.9536]\n"}
,{"stream_name":"stderr","time":5691.872034064,"data":"\r[cosine_anneal] Stage2 Epoch 70/75:  60%|█████▉    | 98/164 [00:38\u003c00:25,  2.64it/s, loss=0.1385, acc=0.9536]\r[cosine_anneal] Stage2 Epoch 70/75:  60%|██████    | 99/164 [00:38\u003c00:24,  2.64it/s, loss=0.1385, acc=0.9536]\n"}
,{"stream_name":"stderr","time":5692.252585836,"data":"\r[cosine_anneal] Stage2 Epoch 70/75:  60%|██████    | 99/164 [00:38\u003c00:24,  2.64it/s, loss=0.1385, acc=0.9536]\r[cosine_anneal] Stage2 Epoch 70/75:  60%|██████    | 99/164 [00:38\u003c00:24,  2.64it/s, loss=0.1377, acc=0.9541]\n"}
,{"stream_name":"stderr","time":5692.255349039,"data":"\r[cosine_anneal] Stage2 Epoch 70/75:  60%|██████    | 99/164 [00:38\u003c00:24,  2.64it/s, loss=0.1377, acc=0.9541]\r[cosine_anneal] Stage2 Epoch 70/75:  61%|██████    | 100/164 [00:38\u003c00:24,  2.63it/s, loss=0.1377, acc=0.9541]\n"}
,{"stream_name":"stderr","time":5692.636433413,"data":"\r[cosine_anneal] Stage2 Epoch 70/75:  61%|██████    | 100/164 [00:38\u003c00:24,  2.63it/s, loss=0.1377, acc=0.9541]\r[cosine_anneal] Stage2 Epoch 70/75:  61%|██████    | 100/164 [00:39\u003c00:24,  2.63it/s, loss=0.1367, acc=0.9545]\n"}
,{"stream_name":"stderr","time":5692.639176856,"data":"\r[cosine_anneal] Stage2 Epoch 70/75:  61%|██████    | 100/164 [00:39\u003c00:24,  2.63it/s, loss=0.1367, acc=0.9545]\r[cosine_anneal] Stage2 Epoch 70/75:  62%|██████▏   | 101/164 [00:39\u003c00:24,  2.62it/s, loss=0.1367, acc=0.9545]\n"}
,{"stream_name":"stderr","time":5693.022028177,"data":"\r[cosine_anneal] Stage2 Epoch 70/75:  62%|██████▏   | 101/164 [00:39\u003c00:24,  2.62it/s, loss=0.1367, acc=0.9545]\r[cosine_anneal] Stage2 Epoch 70/75:  62%|██████▏   | 101/164 [00:39\u003c00:24,  2.62it/s, loss=0.1367, acc=0.9544]\n"}
,{"stream_name":"stderr","time":5693.023191433,"data":"\r[cosine_anneal] Stage2 Epoch 70/75:  62%|██████▏   | 101/164 [00:39\u003c00:24,  2.62it/s, loss=0.1367, acc=0.9544]\r[cosine_anneal] Stage2 Epoch 70/75:  62%|██████▏   | 102/164 [00:39\u003c00:23,  2.62it/s, loss=0.1367, acc=0.9544]\n"}
,{"stream_name":"stderr","time":5693.405703852,"data":"\r[cosine_anneal] Stage2 Epoch 70/75:  62%|██████▏   | 102/164 [00:39\u003c00:23,  2.62it/s, loss=0.1367, acc=0.9544]\r[cosine_anneal] Stage2 Epoch 70/75:  62%|██████▏   | 102/164 [00:39\u003c00:23,  2.62it/s, loss=0.1385, acc=0.9539]\n"}
,{"stream_name":"stderr","time":5693.406642601,"data":"\r[cosine_anneal] Stage2 Epoch 70/75:  62%|██████▏   | 102/164 [00:39\u003c00:23,  2.62it/s, loss=0.1385, acc=0.9539]\r[cosine_anneal] Stage2 Epoch 70/75:  63%|██████▎   | 103/164 [00:39\u003c00:23,  2.61it/s, loss=0.1385, acc=0.9539]\n"}
,{"stream_name":"stderr","time":5693.789694155,"data":"\r[cosine_anneal] Stage2 Epoch 70/75:  63%|██████▎   | 103/164 [00:39\u003c00:23,  2.61it/s, loss=0.1385, acc=0.9539]\r[cosine_anneal] Stage2 Epoch 70/75:  63%|██████▎   | 103/164 [00:40\u003c00:23,  2.61it/s, loss=0.1385, acc=0.9540]\n"}
,{"stream_name":"stderr","time":5693.790760675,"data":"\r[cosine_anneal] Stage2 Epoch 70/75:  63%|██████▎   | 103/164 [00:40\u003c00:23,  2.61it/s, loss=0.1385, acc=0.9540]\r[cosine_anneal] Stage2 Epoch 70/75:  63%|██████▎   | 104/164 [00:40\u003c00:22,  2.61it/s, loss=0.1385, acc=0.9540]\n"}
,{"stream_name":"stderr","time":5694.166271454,"data":"\r[cosine_anneal] Stage2 Epoch 70/75:  63%|██████▎   | 104/164 [00:40\u003c00:22,  2.61it/s, loss=0.1385, acc=0.9540]\r[cosine_anneal] Stage2 Epoch 70/75:  63%|██████▎   | 104/164 [00:40\u003c00:22,  2.61it/s, loss=0.1379, acc=0.9545]\n"}
,{"stream_name":"stderr","time":5694.168277366,"data":"\r[cosine_anneal] Stage2 Epoch 70/75:  63%|██████▎   | 104/164 [00:40\u003c00:22,  2.61it/s, loss=0.1379, acc=0.9545]\r[cosine_anneal] Stage2 Epoch 70/75:  64%|██████▍   | 105/164 [00:40\u003c00:22,  2.62it/s, loss=0.1379, acc=0.9545]\n"}
,{"stream_name":"stderr","time":5694.546368463,"data":"\r[cosine_anneal] Stage2 Epoch 70/75:  64%|██████▍   | 105/164 [00:40\u003c00:22,  2.62it/s, loss=0.1379, acc=0.9545]\r[cosine_anneal] Stage2 Epoch 70/75:  64%|██████▍   | 105/164 [00:41\u003c00:22,  2.62it/s, loss=0.1368, acc=0.9549]\n"}
,{"stream_name":"stderr","time":5694.548050859,"data":"\r[cosine_anneal] Stage2 Epoch 70/75:  64%|██████▍   | 105/164 [00:41\u003c00:22,  2.62it/s, loss=0.1368, acc=0.9549]\r[cosine_anneal] Stage2 Epoch 70/75:  65%|██████▍   | 106/164 [00:41\u003c00:22,  2.63it/s, loss=0.1368, acc=0.9549]\n"}
,{"stream_name":"stderr","time":5694.930027456,"data":"\r[cosine_anneal] Stage2 Epoch 70/75:  65%|██████▍   | 106/164 [00:41\u003c00:22,  2.63it/s, loss=0.1368, acc=0.9549]\r[cosine_anneal] Stage2 Epoch 70/75:  65%|██████▍   | 106/164 [00:41\u003c00:22,  2.63it/s, loss=0.1373, acc=0.9547]\n"}
,{"stream_name":"stderr","time":5694.93122753,"data":"\r[cosine_anneal] Stage2 Epoch 70/75:  65%|██████▍   | 106/164 [00:41\u003c00:22,  2.63it/s, loss=0.1373, acc=0.9547]\r[cosine_anneal] Stage2 Epoch 70/75:  65%|██████▌   | 107/164 [00:41\u003c00:21,  2.62it/s, loss=0.1373, acc=0.9547]\n"}
,{"stream_name":"stderr","time":5695.313109796,"data":"\r[cosine_anneal] Stage2 Epoch 70/75:  65%|██████▌   | 107/164 [00:41\u003c00:21,  2.62it/s, loss=0.1373, acc=0.9547]\r[cosine_anneal] Stage2 Epoch 70/75:  65%|██████▌   | 107/164 [00:41\u003c00:21,  2.62it/s, loss=0.1372, acc=0.9546]\n"}
,{"stream_name":"stderr","time":5695.314652794,"data":"\r[cosine_anneal] Stage2 Epoch 70/75:  65%|██████▌   | 107/164 [00:41\u003c00:21,  2.62it/s, loss=0.1372, acc=0.9546]\r[cosine_anneal] Stage2 Epoch 70/75:  66%|██████▌   | 108/164 [00:41\u003c00:21,  2.62it/s, loss=0.1372, acc=0.9546]\n"}
,{"stream_name":"stderr","time":5695.694872432,"data":"\r[cosine_anneal] Stage2 Epoch 70/75:  66%|██████▌   | 108/164 [00:41\u003c00:21,  2.62it/s, loss=0.1372, acc=0.9546]\r[cosine_anneal] Stage2 Epoch 70/75:  66%|██████▌   | 108/164 [00:42\u003c00:21,  2.62it/s, loss=0.1368, acc=0.9547]\n"}
,{"stream_name":"stderr","time":5695.696162777,"data":"\r[cosine_anneal] Stage2 Epoch 70/75:  66%|██████▌   | 108/164 [00:42\u003c00:21,  2.62it/s, loss=0.1368, acc=0.9547]\r[cosine_anneal] Stage2 Epoch 70/75:  66%|██████▋   | 109/164 [00:42\u003c00:21,  2.62it/s, loss=0.1368, acc=0.9547]\n"}
,{"stream_name":"stderr","time":5696.078514904,"data":"\r[cosine_anneal] Stage2 Epoch 70/75:  66%|██████▋   | 109/164 [00:42\u003c00:21,  2.62it/s, loss=0.1368, acc=0.9547]\r[cosine_anneal] Stage2 Epoch 70/75:  66%|██████▋   | 109/164 [00:42\u003c00:21,  2.62it/s, loss=0.1362, acc=0.9548]\n"}
,{"stream_name":"stderr","time":5696.079781334,"data":"\r[cosine_anneal] Stage2 Epoch 70/75:  66%|██████▋   | 109/164 [00:42\u003c00:21,  2.62it/s, loss=0.1362, acc=0.9548]\r[cosine_anneal] Stage2 Epoch 70/75:  67%|██████▋   | 110/164 [00:42\u003c00:20,  2.61it/s, loss=0.1362, acc=0.9548]\n"}
,{"stream_name":"stderr","time":5696.454275976,"data":"\r[cosine_anneal] Stage2 Epoch 70/75:  67%|██████▋   | 110/164 [00:42\u003c00:20,  2.61it/s, loss=0.1362, acc=0.9548]\r[cosine_anneal] Stage2 Epoch 70/75:  67%|██████▋   | 110/164 [00:43\u003c00:20,  2.61it/s, loss=0.1384, acc=0.9544]\n"}
,{"stream_name":"stderr","time":5696.45534661,"data":"\r[cosine_anneal] Stage2 Epoch 70/75:  67%|██████▋   | 110/164 [00:43\u003c00:20,  2.61it/s, loss=0.1384, acc=0.9544]\r[cosine_anneal] Stage2 Epoch 70/75:  68%|██████▊   | 111/164 [00:43\u003c00:20,  2.63it/s, loss=0.1384, acc=0.9544]\n"}
,{"stream_name":"stderr","time":5696.833304832,"data":"\r[cosine_anneal] Stage2 Epoch 70/75:  68%|██████▊   | 111/164 [00:43\u003c00:20,  2.63it/s, loss=0.1384, acc=0.9544]\r[cosine_anneal] Stage2 Epoch 70/75:  68%|██████▊   | 111/164 [00:43\u003c00:20,  2.63it/s, loss=0.1376, acc=0.9548]\n"}
,{"stream_name":"stderr","time":5696.835048124,"data":"\r[cosine_anneal] Stage2 Epoch 70/75:  68%|██████▊   | 111/164 [00:43\u003c00:20,  2.63it/s, loss=0.1376, acc=0.9548]\r[cosine_anneal] Stage2 Epoch 70/75:  68%|██████▊   | 112/164 [00:43\u003c00:19,  2.63it/s, loss=0.1376, acc=0.9548]\n"}
,{"stream_name":"stderr","time":5697.217349058,"data":"\r[cosine_anneal] Stage2 Epoch 70/75:  68%|██████▊   | 112/164 [00:43\u003c00:19,  2.63it/s, loss=0.1376, acc=0.9548]\r[cosine_anneal] Stage2 Epoch 70/75:  68%|██████▊   | 112/164 [00:43\u003c00:19,  2.63it/s, loss=0.1392, acc=0.9541]\n"}
,{"stream_name":"stderr","time":5697.219276701,"data":"\r[cosine_anneal] Stage2 Epoch 70/75:  68%|██████▊   | 112/164 [00:43\u003c00:19,  2.63it/s, loss=0.1392, acc=0.9541]\r[cosine_anneal] Stage2 Epoch 70/75:  69%|██████▉   | 113/164 [00:43\u003c00:19,  2.63it/s, loss=0.1392, acc=0.9541]\n"}
,{"stream_name":"stderr","time":5697.59902964,"data":"\r[cosine_anneal] Stage2 Epoch 70/75:  69%|██████▉   | 113/164 [00:43\u003c00:19,  2.63it/s, loss=0.1392, acc=0.9541]\r[cosine_anneal] Stage2 Epoch 70/75:  69%|██████▉   | 113/164 [00:44\u003c00:19,  2.63it/s, loss=0.1391, acc=0.9537]\n"}
,{"stream_name":"stderr","time":5697.599951904,"data":"\r[cosine_anneal] Stage2 Epoch 70/75:  69%|██████▉   | 113/164 [00:44\u003c00:19,  2.63it/s, loss=0.1391, acc=0.9537]\r[cosine_anneal] Stage2 Epoch 70/75:  70%|██████▉   | 114/164 [00:44\u003c00:19,  2.62it/s, loss=0.1391, acc=0.9537]\n"}
,{"stream_name":"stderr","time":5697.981336468,"data":"\r[cosine_anneal] Stage2 Epoch 70/75:  70%|██████▉   | 114/164 [00:44\u003c00:19,  2.62it/s, loss=0.1391, acc=0.9537]\r[cosine_anneal] Stage2 Epoch 70/75:  70%|██████▉   | 114/164 [00:44\u003c00:19,  2.62it/s, loss=0.1389, acc=0.9538]\n"}
,{"stream_name":"stderr","time":5697.982237598,"data":"\r[cosine_anneal] Stage2 Epoch 70/75:  70%|██████▉   | 114/164 [00:44\u003c00:19,  2.62it/s, loss=0.1389, acc=0.9538]\r[cosine_anneal] Stage2 Epoch 70/75:  70%|███████   | 115/164 [00:44\u003c00:18,  2.62it/s, loss=0.1389, acc=0.9538]\n"}
,{"stream_name":"stderr","time":5698.361708008,"data":"\r[cosine_anneal] Stage2 Epoch 70/75:  70%|███████   | 115/164 [00:44\u003c00:18,  2.62it/s, loss=0.1389, acc=0.9538]\r[cosine_anneal] Stage2 Epoch 70/75:  70%|███████   | 115/164 [00:44\u003c00:18,  2.62it/s, loss=0.1379, acc=0.9542]\n"}
,{"stream_name":"stderr","time":5698.362600899,"data":"\r[cosine_anneal] Stage2 Epoch 70/75:  70%|███████   | 115/164 [00:44\u003c00:18,  2.62it/s, loss=0.1379, acc=0.9542]\r[cosine_anneal] Stage2 Epoch 70/75:  71%|███████   | 116/164 [00:44\u003c00:18,  2.62it/s, loss=0.1379, acc=0.9542]\n"}
,{"stream_name":"stderr","time":5698.737639876,"data":"\r[cosine_anneal] Stage2 Epoch 70/75:  71%|███████   | 116/164 [00:44\u003c00:18,  2.62it/s, loss=0.1379, acc=0.9542]\r[cosine_anneal] Stage2 Epoch 70/75:  71%|███████   | 116/164 [00:45\u003c00:18,  2.62it/s, loss=0.1379, acc=0.9541]\n"}
,{"stream_name":"stderr","time":5698.738672434,"data":"\r[cosine_anneal] Stage2 Epoch 70/75:  71%|███████   | 116/164 [00:45\u003c00:18,  2.62it/s, loss=0.1379, acc=0.9541]\r[cosine_anneal] Stage2 Epoch 70/75:  71%|███████▏  | 117/164 [00:45\u003c00:17,  2.63it/s, loss=0.1379, acc=0.9541]\n"}
,{"stream_name":"stderr","time":5699.118671109,"data":"\r[cosine_anneal] Stage2 Epoch 70/75:  71%|███████▏  | 117/164 [00:45\u003c00:17,  2.63it/s, loss=0.1379, acc=0.9541]\r[cosine_anneal] Stage2 Epoch 70/75:  71%|███████▏  | 117/164 [00:45\u003c00:17,  2.63it/s, loss=0.1376, acc=0.9539]\n"}
,{"stream_name":"stderr","time":5699.120056476,"data":"\r[cosine_anneal] Stage2 Epoch 70/75:  71%|███████▏  | 117/164 [00:45\u003c00:17,  2.63it/s, loss=0.1376, acc=0.9539]\r[cosine_anneal] Stage2 Epoch 70/75:  72%|███████▏  | 118/164 [00:45\u003c00:17,  2.63it/s, loss=0.1376, acc=0.9539]\n"}
,{"stream_name":"stderr","time":5699.492174645,"data":"\r[cosine_anneal] Stage2 Epoch 70/75:  72%|███████▏  | 118/164 [00:45\u003c00:17,  2.63it/s, loss=0.1376, acc=0.9539]\r[cosine_anneal] Stage2 Epoch 70/75:  72%|███████▏  | 118/164 [00:46\u003c00:17,  2.63it/s, loss=0.1374, acc=0.9540]\n"}
,{"stream_name":"stderr","time":5699.4940575,"data":"\r[cosine_anneal] Stage2 Epoch 70/75:  72%|███████▏  | 118/164 [00:46\u003c00:17,  2.63it/s, loss=0.1374, acc=0.9540]\r[cosine_anneal] Stage2 Epoch 70/75:  73%|███████▎  | 119/164 [00:46\u003c00:17,  2.64it/s, loss=0.1374, acc=0.9540]\n"}
,{"stream_name":"stderr","time":5699.871436415,"data":"\r[cosine_anneal] Stage2 Epoch 70/75:  73%|███████▎  | 119/164 [00:46\u003c00:17,  2.64it/s, loss=0.1374, acc=0.9540]\r[cosine_anneal] Stage2 Epoch 70/75:  73%|███████▎  | 119/164 [00:46\u003c00:17,  2.64it/s, loss=0.1374, acc=0.9542]\n"}
,{"stream_name":"stderr","time":5699.872375775,"data":"\r[cosine_anneal] Stage2 Epoch 70/75:  73%|███████▎  | 119/164 [00:46\u003c00:17,  2.64it/s, loss=0.1374, acc=0.9542]\r[cosine_anneal] Stage2 Epoch 70/75:  73%|███████▎  | 120/164 [00:46\u003c00:16,  2.64it/s, loss=0.1374, acc=0.9542]\n"}
,{"stream_name":"stderr","time":5700.251534189,"data":"\r[cosine_anneal] Stage2 Epoch 70/75:  73%|███████▎  | 120/164 [00:46\u003c00:16,  2.64it/s, loss=0.1374, acc=0.9542]\r[cosine_anneal] Stage2 Epoch 70/75:  73%|███████▎  | 120/164 [00:46\u003c00:16,  2.64it/s, loss=0.1368, acc=0.9543]\n"}
,{"stream_name":"stderr","time":5700.25204115,"data":"\r[cosine_anneal] Stage2 Epoch 70/75:  73%|███████▎  | 120/164 [00:46\u003c00:16,  2.64it/s, loss=0.1368, acc=0.9543]\r[cosine_anneal] Stage2 Epoch 70/75:  74%|███████▍  | 121/164 [00:46\u003c00:16,  2.64it/s, loss=0.1368, acc=0.9543]\n"}
,{"stream_name":"stderr","time":5700.627693767,"data":"\r[cosine_anneal] Stage2 Epoch 70/75:  74%|███████▍  | 121/164 [00:46\u003c00:16,  2.64it/s, loss=0.1368, acc=0.9543]\r[cosine_anneal] Stage2 Epoch 70/75:  74%|███████▍  | 121/164 [00:47\u003c00:16,  2.64it/s, loss=0.1374, acc=0.9539]\n"}
,{"stream_name":"stderr","time":5700.628707137,"data":"\r[cosine_anneal] Stage2 Epoch 70/75:  74%|███████▍  | 121/164 [00:47\u003c00:16,  2.64it/s, loss=0.1374, acc=0.9539]\r[cosine_anneal] Stage2 Epoch 70/75:  74%|███████▍  | 122/164 [00:47\u003c00:15,  2.64it/s, loss=0.1374, acc=0.9539]\n"}
,{"stream_name":"stderr","time":5701.004854842,"data":"\r[cosine_anneal] Stage2 Epoch 70/75:  74%|███████▍  | 122/164 [00:47\u003c00:15,  2.64it/s, loss=0.1374, acc=0.9539]\r[cosine_anneal] Stage2 Epoch 70/75:  74%|███████▍  | 122/164 [00:47\u003c00:15,  2.64it/s, loss=0.1373, acc=0.9540]\n"}
,{"stream_name":"stderr","time":5701.006044447,"data":"\r[cosine_anneal] Stage2 Epoch 70/75:  74%|███████▍  | 122/164 [00:47\u003c00:15,  2.64it/s, loss=0.1373, acc=0.9540]\r[cosine_anneal] Stage2 Epoch 70/75:  75%|███████▌  | 123/164 [00:47\u003c00:15,  2.65it/s, loss=0.1373, acc=0.9540]\n"}
,{"stream_name":"stderr","time":5701.384873926,"data":"\r[cosine_anneal] Stage2 Epoch 70/75:  75%|███████▌  | 123/164 [00:47\u003c00:15,  2.65it/s, loss=0.1373, acc=0.9540]\r[cosine_anneal] Stage2 Epoch 70/75:  75%|███████▌  | 123/164 [00:47\u003c00:15,  2.65it/s, loss=0.1369, acc=0.9541]\n"}
,{"stream_name":"stderr","time":5701.386255205,"data":"\r[cosine_anneal] Stage2 Epoch 70/75:  75%|███████▌  | 123/164 [00:47\u003c00:15,  2.65it/s, loss=0.1369, acc=0.9541]\r[cosine_anneal] Stage2 Epoch 70/75:  76%|███████▌  | 124/164 [00:47\u003c00:15,  2.64it/s, loss=0.1369, acc=0.9541]\n"}
,{"stream_name":"stderr","time":5701.763460507,"data":"\r[cosine_anneal] Stage2 Epoch 70/75:  76%|███████▌  | 124/164 [00:47\u003c00:15,  2.64it/s, loss=0.1369, acc=0.9541]\r[cosine_anneal] Stage2 Epoch 70/75:  76%|███████▌  | 124/164 [00:48\u003c00:15,  2.64it/s, loss=0.1365, acc=0.9543]\n"}
,{"stream_name":"stderr","time":5701.764772767,"data":"\r[cosine_anneal] Stage2 Epoch 70/75:  76%|███████▌  | 124/164 [00:48\u003c00:15,  2.64it/s, loss=0.1365, acc=0.9543]\r[cosine_anneal] Stage2 Epoch 70/75:  76%|███████▌  | 125/164 [00:48\u003c00:14,  2.64it/s, loss=0.1365, acc=0.9543]\n"}
,{"stream_name":"stderr","time":5702.139957298,"data":"\r[cosine_anneal] Stage2 Epoch 70/75:  76%|███████▌  | 125/164 [00:48\u003c00:14,  2.64it/s, loss=0.1365, acc=0.9543]\r[cosine_anneal] Stage2 Epoch 70/75:  76%|███████▌  | 125/164 [00:48\u003c00:14,  2.64it/s, loss=0.1355, acc=0.9546]\n"}
,{"stream_name":"stderr","time":5702.143941481,"data":"\r[cosine_anneal] Stage2 Epoch 70/75:  76%|███████▌  | 125/164 [00:48\u003c00:14,  2.64it/s, loss=0.1355, acc=0.9546]\r[cosine_anneal] Stage2 Epoch 70/75:  77%|███████▋  | 126/164 [00:48\u003c00:14,  2.65it/s, loss=0.1355, acc=0.9546]\n"}
,{"stream_name":"stderr","time":5702.520525917,"data":"\r[cosine_anneal] Stage2 Epoch 70/75:  77%|███████▋  | 126/164 [00:48\u003c00:14,  2.65it/s, loss=0.1355, acc=0.9546]\r[cosine_anneal] Stage2 Epoch 70/75:  77%|███████▋  | 126/164 [00:49\u003c00:14,  2.65it/s, loss=0.1351, acc=0.9547]\n"}
,{"stream_name":"stderr","time":5702.52126244,"data":"\r[cosine_anneal] Stage2 Epoch 70/75:  77%|███████▋  | 126/164 [00:49\u003c00:14,  2.65it/s, loss=0.1351, acc=0.9547]\r[cosine_anneal] Stage2 Epoch 70/75:  77%|███████▋  | 127/164 [00:49\u003c00:14,  2.64it/s, loss=0.1351, acc=0.9547]\n"}
,{"stream_name":"stderr","time":5702.895463941,"data":"\r[cosine_anneal] Stage2 Epoch 70/75:  77%|███████▋  | 127/164 [00:49\u003c00:14,  2.64it/s, loss=0.1351, acc=0.9547]\r[cosine_anneal] Stage2 Epoch 70/75:  77%|███████▋  | 127/164 [00:49\u003c00:14,  2.64it/s, loss=0.1346, acc=0.9548]\n"}
,{"stream_name":"stderr","time":5702.896389755,"data":"\r[cosine_anneal] Stage2 Epoch 70/75:  77%|███████▋  | 127/164 [00:49\u003c00:14,  2.64it/s, loss=0.1346, acc=0.9548]\r[cosine_anneal] Stage2 Epoch 70/75:  78%|███████▊  | 128/164 [00:49\u003c00:13,  2.65it/s, loss=0.1346, acc=0.9548]\n"}
,{"stream_name":"stderr","time":5703.275565473,"data":"\r[cosine_anneal] Stage2 Epoch 70/75:  78%|███████▊  | 128/164 [00:49\u003c00:13,  2.65it/s, loss=0.1346, acc=0.9548]\r[cosine_anneal] Stage2 Epoch 70/75:  78%|███████▊  | 128/164 [00:49\u003c00:13,  2.65it/s, loss=0.1349, acc=0.9545]\n"}
,{"stream_name":"stderr","time":5703.276779737,"data":"\r[cosine_anneal] Stage2 Epoch 70/75:  78%|███████▊  | 128/164 [00:49\u003c00:13,  2.65it/s, loss=0.1349, acc=0.9545]\r[cosine_anneal] Stage2 Epoch 70/75:  79%|███████▊  | 129/164 [00:49\u003c00:13,  2.64it/s, loss=0.1349, acc=0.9545]\n"}
,{"stream_name":"stderr","time":5703.655108339,"data":"\r[cosine_anneal] Stage2 Epoch 70/75:  79%|███████▊  | 129/164 [00:49\u003c00:13,  2.64it/s, loss=0.1349, acc=0.9545]\r[cosine_anneal] Stage2 Epoch 70/75:  79%|███████▊  | 129/164 [00:50\u003c00:13,  2.64it/s, loss=0.1348, acc=0.9543]\n"}
,{"stream_name":"stderr","time":5703.656067652,"data":"\r[cosine_anneal] Stage2 Epoch 70/75:  79%|███████▊  | 129/164 [00:50\u003c00:13,  2.64it/s, loss=0.1348, acc=0.9543]\r[cosine_anneal] Stage2 Epoch 70/75:  79%|███████▉  | 130/164 [00:50\u003c00:12,  2.64it/s, loss=0.1348, acc=0.9543]\n"}
,{"stream_name":"stderr","time":5704.029960719,"data":"\r[cosine_anneal] Stage2 Epoch 70/75:  79%|███████▉  | 130/164 [00:50\u003c00:12,  2.64it/s, loss=0.1348, acc=0.9543]\r[cosine_anneal] Stage2 Epoch 70/75:  79%|███████▉  | 130/164 [00:50\u003c00:12,  2.64it/s, loss=0.1345, acc=0.9544]\n"}
,{"stream_name":"stderr","time":5704.030802663,"data":"\r[cosine_anneal] Stage2 Epoch 70/75:  79%|███████▉  | 130/164 [00:50\u003c00:12,  2.64it/s, loss=0.1345, acc=0.9544]\r[cosine_anneal] Stage2 Epoch 70/75:  80%|███████▉  | 131/164 [00:50\u003c00:12,  2.65it/s, loss=0.1345, acc=0.9544]\n"}
,{"stream_name":"stderr","time":5704.409679028,"data":"\r[cosine_anneal] Stage2 Epoch 70/75:  80%|███████▉  | 131/164 [00:50\u003c00:12,  2.65it/s, loss=0.1345, acc=0.9544]\r[cosine_anneal] Stage2 Epoch 70/75:  80%|███████▉  | 131/164 [00:50\u003c00:12,  2.65it/s, loss=0.1360, acc=0.9538]\n"}
,{"stream_name":"stderr","time":5704.410910887,"data":"\r[cosine_anneal] Stage2 Epoch 70/75:  80%|███████▉  | 131/164 [00:50\u003c00:12,  2.65it/s, loss=0.1360, acc=0.9538]\r[cosine_anneal] Stage2 Epoch 70/75:  80%|████████  | 132/164 [00:50\u003c00:12,  2.64it/s, loss=0.1360, acc=0.9538]\n"}
,{"stream_name":"stderr","time":5704.792090127,"data":"\r[cosine_anneal] Stage2 Epoch 70/75:  80%|████████  | 132/164 [00:50\u003c00:12,  2.64it/s, loss=0.1360, acc=0.9538]\r[cosine_anneal] Stage2 Epoch 70/75:  80%|████████  | 132/164 [00:51\u003c00:12,  2.64it/s, loss=0.1351, acc=0.9542]\n"}
,{"stream_name":"stderr","time":5704.792408204,"data":"\r[cosine_anneal] Stage2 Epoch 70/75:  80%|████████  | 132/164 [00:51\u003c00:12,  2.64it/s, loss=0.1351, acc=0.9542]\r[cosine_anneal] Stage2 Epoch 70/75:  81%|████████  | 133/164 [00:51\u003c00:11,  2.64it/s, loss=0.1351, acc=0.9542]\n"}
,{"stream_name":"stderr","time":5705.166785648,"data":"\r[cosine_anneal] Stage2 Epoch 70/75:  81%|████████  | 133/164 [00:51\u003c00:11,  2.64it/s, loss=0.1351, acc=0.9542]\r[cosine_anneal] Stage2 Epoch 70/75:  81%|████████  | 133/164 [00:51\u003c00:11,  2.64it/s, loss=0.1354, acc=0.9541]\n"}
,{"stream_name":"stderr","time":5705.168022057,"data":"\r[cosine_anneal] Stage2 Epoch 70/75:  81%|████████  | 133/164 [00:51\u003c00:11,  2.64it/s, loss=0.1354, acc=0.9541]\r[cosine_anneal] Stage2 Epoch 70/75:  82%|████████▏ | 134/164 [00:51\u003c00:11,  2.64it/s, loss=0.1354, acc=0.9541]\n"}
,{"stream_name":"stderr","time":5705.544931798,"data":"\r[cosine_anneal] Stage2 Epoch 70/75:  82%|████████▏ | 134/164 [00:51\u003c00:11,  2.64it/s, loss=0.1354, acc=0.9541]\r[cosine_anneal] Stage2 Epoch 70/75:  82%|████████▏ | 134/164 [00:52\u003c00:11,  2.64it/s, loss=0.1361, acc=0.9535]\n"}
,{"stream_name":"stderr","time":5705.54588768,"data":"\r[cosine_anneal] Stage2 Epoch 70/75:  82%|████████▏ | 134/164 [00:52\u003c00:11,  2.64it/s, loss=0.1361, acc=0.9535]\r[cosine_anneal] Stage2 Epoch 70/75:  82%|████████▏ | 135/164 [00:52\u003c00:10,  2.64it/s, loss=0.1361, acc=0.9535]\n"}
,{"stream_name":"stderr","time":5705.926092245,"data":"\r[cosine_anneal] Stage2 Epoch 70/75:  82%|████████▏ | 135/164 [00:52\u003c00:10,  2.64it/s, loss=0.1361, acc=0.9535]\r[cosine_anneal] Stage2 Epoch 70/75:  82%|████████▏ | 135/164 [00:52\u003c00:10,  2.64it/s, loss=0.1363, acc=0.9534]\n"}
,{"stream_name":"stderr","time":5705.926746877,"data":"\r[cosine_anneal] Stage2 Epoch 70/75:  82%|████████▏ | 135/164 [00:52\u003c00:10,  2.64it/s, loss=0.1363, acc=0.9534]\r[cosine_anneal] Stage2 Epoch 70/75:  83%|████████▎ | 136/164 [00:52\u003c00:10,  2.64it/s, loss=0.1363, acc=0.9534]\n"}
,{"stream_name":"stderr","time":5706.299378409,"data":"\r[cosine_anneal] Stage2 Epoch 70/75:  83%|████████▎ | 136/164 [00:52\u003c00:10,  2.64it/s, loss=0.1363, acc=0.9534]\r[cosine_anneal] Stage2 Epoch 70/75:  83%|████████▎ | 136/164 [00:52\u003c00:10,  2.64it/s, loss=0.1368, acc=0.9530]\n"}
,{"stream_name":"stderr","time":5706.301461461,"data":"\r[cosine_anneal] Stage2 Epoch 70/75:  83%|████████▎ | 136/164 [00:52\u003c00:10,  2.64it/s, loss=0.1368, acc=0.9530]\r[cosine_anneal] Stage2 Epoch 70/75:  84%|████████▎ | 137/164 [00:52\u003c00:10,  2.65it/s, loss=0.1368, acc=0.9530]\n"}
,{"stream_name":"stderr","time":5706.679587786,"data":"\r[cosine_anneal] Stage2 Epoch 70/75:  84%|████████▎ | 137/164 [00:52\u003c00:10,  2.65it/s, loss=0.1368, acc=0.9530]\r[cosine_anneal] Stage2 Epoch 70/75:  84%|████████▎ | 137/164 [00:53\u003c00:10,  2.65it/s, loss=0.1359, acc=0.9534]\n"}
,{"stream_name":"stderr","time":5706.680859202,"data":"\r[cosine_anneal] Stage2 Epoch 70/75:  84%|████████▎ | 137/164 [00:53\u003c00:10,  2.65it/s, loss=0.1359, acc=0.9534]\r[cosine_anneal] Stage2 Epoch 70/75:  84%|████████▍ | 138/164 [00:53\u003c00:09,  2.64it/s, loss=0.1359, acc=0.9534]\n"}
,{"stream_name":"stderr","time":5707.058265259,"data":"\r[cosine_anneal] Stage2 Epoch 70/75:  84%|████████▍ | 138/164 [00:53\u003c00:09,  2.64it/s, loss=0.1359, acc=0.9534]\r[cosine_anneal] Stage2 Epoch 70/75:  84%|████████▍ | 138/164 [00:53\u003c00:09,  2.64it/s, loss=0.1358, acc=0.9535]\n"}
,{"stream_name":"stderr","time":5707.059608043,"data":"\r[cosine_anneal] Stage2 Epoch 70/75:  84%|████████▍ | 138/164 [00:53\u003c00:09,  2.64it/s, loss=0.1358, acc=0.9535]\r[cosine_anneal] Stage2 Epoch 70/75:  85%|████████▍ | 139/164 [00:53\u003c00:09,  2.64it/s, loss=0.1358, acc=0.9535]\n"}
,{"stream_name":"stderr","time":5707.43114294,"data":"\r[cosine_anneal] Stage2 Epoch 70/75:  85%|████████▍ | 139/164 [00:53\u003c00:09,  2.64it/s, loss=0.1358, acc=0.9535]\r[cosine_anneal] Stage2 Epoch 70/75:  85%|████████▍ | 139/164 [00:53\u003c00:09,  2.64it/s, loss=0.1361, acc=0.9533]\n"}
,{"stream_name":"stderr","time":5707.432243826,"data":"\r[cosine_anneal] Stage2 Epoch 70/75:  85%|████████▍ | 139/164 [00:53\u003c00:09,  2.64it/s, loss=0.1361, acc=0.9533]\r[cosine_anneal] Stage2 Epoch 70/75:  85%|████████▌ | 140/164 [00:53\u003c00:09,  2.66it/s, loss=0.1361, acc=0.9533]\n"}
,{"stream_name":"stderr","time":5707.811564931,"data":"\r[cosine_anneal] Stage2 Epoch 70/75:  85%|████████▌ | 140/164 [00:53\u003c00:09,  2.66it/s, loss=0.1361, acc=0.9533]\r[cosine_anneal] Stage2 Epoch 70/75:  85%|████████▌ | 140/164 [00:54\u003c00:09,  2.66it/s, loss=0.1356, acc=0.9535]\n"}
,{"stream_name":"stderr","time":5707.812766745,"data":"\r[cosine_anneal] Stage2 Epoch 70/75:  85%|████████▌ | 140/164 [00:54\u003c00:09,  2.66it/s, loss=0.1356, acc=0.9535]\r[cosine_anneal] Stage2 Epoch 70/75:  86%|████████▌ | 141/164 [00:54\u003c00:08,  2.65it/s, loss=0.1356, acc=0.9535]\n"}
,{"stream_name":"stderr","time":5708.185849356,"data":"\r[cosine_anneal] Stage2 Epoch 70/75:  86%|████████▌ | 141/164 [00:54\u003c00:08,  2.65it/s, loss=0.1356, acc=0.9535]\r[cosine_anneal] Stage2 Epoch 70/75:  86%|████████▌ | 141/164 [00:54\u003c00:08,  2.65it/s, loss=0.1351, acc=0.9538]\n"}
,{"stream_name":"stderr","time":5708.186754224,"data":"\r[cosine_anneal] Stage2 Epoch 70/75:  86%|████████▌ | 141/164 [00:54\u003c00:08,  2.65it/s, loss=0.1351, acc=0.9538]\r[cosine_anneal] Stage2 Epoch 70/75:  87%|████████▋ | 142/164 [00:54\u003c00:08,  2.65it/s, loss=0.1351, acc=0.9538]\n"}
,{"stream_name":"stderr","time":5708.560880352,"data":"\r[cosine_anneal] Stage2 Epoch 70/75:  87%|████████▋ | 142/164 [00:54\u003c00:08,  2.65it/s, loss=0.1351, acc=0.9538]\r[cosine_anneal] Stage2 Epoch 70/75:  87%|████████▋ | 142/164 [00:55\u003c00:08,  2.65it/s, loss=0.1367, acc=0.9532]\n"}
,{"stream_name":"stderr","time":5708.561878706,"data":"\r[cosine_anneal] Stage2 Epoch 70/75:  87%|████████▋ | 142/164 [00:55\u003c00:08,  2.65it/s, loss=0.1367, acc=0.9532]\r[cosine_anneal] Stage2 Epoch 70/75:  87%|████████▋ | 143/164 [00:55\u003c00:07,  2.66it/s, loss=0.1367, acc=0.9532]\n"}
,{"stream_name":"stderr","time":5708.940472045,"data":"\r[cosine_anneal] Stage2 Epoch 70/75:  87%|████████▋ | 143/164 [00:55\u003c00:07,  2.66it/s, loss=0.1367, acc=0.9532]\r[cosine_anneal] Stage2 Epoch 70/75:  87%|████████▋ | 143/164 [00:55\u003c00:07,  2.66it/s, loss=0.1361, acc=0.9536]\n"}
,{"stream_name":"stderr","time":5708.941573566,"data":"\r[cosine_anneal] Stage2 Epoch 70/75:  87%|████████▋ | 143/164 [00:55\u003c00:07,  2.66it/s, loss=0.1361, acc=0.9536]\r[cosine_anneal] Stage2 Epoch 70/75:  88%|████████▊ | 144/164 [00:55\u003c00:07,  2.65it/s, loss=0.1361, acc=0.9536]\n"}
,{"stream_name":"stderr","time":5709.314550646,"data":"\r[cosine_anneal] Stage2 Epoch 70/75:  88%|████████▊ | 144/164 [00:55\u003c00:07,  2.65it/s, loss=0.1361, acc=0.9536]\r[cosine_anneal] Stage2 Epoch 70/75:  88%|████████▊ | 144/164 [00:55\u003c00:07,  2.65it/s, loss=0.1364, acc=0.9534]\n"}
,{"stream_name":"stderr","time":5709.315502785,"data":"\r[cosine_anneal] Stage2 Epoch 70/75:  88%|████████▊ | 144/164 [00:55\u003c00:07,  2.65it/s, loss=0.1364, acc=0.9534]\r[cosine_anneal] Stage2 Epoch 70/75:  88%|████████▊ | 145/164 [00:55\u003c00:07,  2.66it/s, loss=0.1364, acc=0.9534]\n"}
,{"stream_name":"stderr","time":5709.692534149,"data":"\r[cosine_anneal] Stage2 Epoch 70/75:  88%|████████▊ | 145/164 [00:55\u003c00:07,  2.66it/s, loss=0.1364, acc=0.9534]\r[cosine_anneal] Stage2 Epoch 70/75:  88%|████████▊ | 145/164 [00:56\u003c00:07,  2.66it/s, loss=0.1364, acc=0.9536]\n"}
,{"stream_name":"stderr","time":5709.693666315,"data":"\r[cosine_anneal] Stage2 Epoch 70/75:  88%|████████▊ | 145/164 [00:56\u003c00:07,  2.66it/s, loss=0.1364, acc=0.9536]\r[cosine_anneal] Stage2 Epoch 70/75:  89%|████████▉ | 146/164 [00:56\u003c00:06,  2.65it/s, loss=0.1364, acc=0.9536]\n"}
,{"stream_name":"stderr","time":5710.065958879,"data":"\r[cosine_anneal] Stage2 Epoch 70/75:  89%|████████▉ | 146/164 [00:56\u003c00:06,  2.65it/s, loss=0.1364, acc=0.9536]\r[cosine_anneal] Stage2 Epoch 70/75:  89%|████████▉ | 146/164 [00:56\u003c00:06,  2.65it/s, loss=0.1361, acc=0.9534]\n"}
,{"stream_name":"stderr","time":5710.066987473,"data":"\r[cosine_anneal] Stage2 Epoch 70/75:  89%|████████▉ | 146/164 [00:56\u003c00:06,  2.65it/s, loss=0.1361, acc=0.9534]\r[cosine_anneal] Stage2 Epoch 70/75:  90%|████████▉ | 147/164 [00:56\u003c00:06,  2.66it/s, loss=0.1361, acc=0.9534]\n"}
,{"stream_name":"stderr","time":5710.445867272,"data":"\r[cosine_anneal] Stage2 Epoch 70/75:  90%|████████▉ | 147/164 [00:56\u003c00:06,  2.66it/s, loss=0.1361, acc=0.9534]\r[cosine_anneal] Stage2 Epoch 70/75:  90%|████████▉ | 147/164 [00:56\u003c00:06,  2.66it/s, loss=0.1363, acc=0.9531]\n"}
,{"stream_name":"stderr","time":5710.446982984,"data":"\r[cosine_anneal] Stage2 Epoch 70/75:  90%|████████▉ | 147/164 [00:56\u003c00:06,  2.66it/s, loss=0.1363, acc=0.9531]\r[cosine_anneal] Stage2 Epoch 70/75:  90%|█████████ | 148/164 [00:56\u003c00:06,  2.65it/s, loss=0.1363, acc=0.9531]\n"}
,{"stream_name":"stderr","time":5710.819027389,"data":"\r[cosine_anneal] Stage2 Epoch 70/75:  90%|█████████ | 148/164 [00:56\u003c00:06,  2.65it/s, loss=0.1363, acc=0.9531]\r[cosine_anneal] Stage2 Epoch 70/75:  90%|█████████ | 148/164 [00:57\u003c00:06,  2.65it/s, loss=0.1358, acc=0.9532]\n"}
,{"stream_name":"stderr","time":5710.82025164,"data":"\r[cosine_anneal] Stage2 Epoch 70/75:  90%|█████████ | 148/164 [00:57\u003c00:06,  2.65it/s, loss=0.1358, acc=0.9532]\r[cosine_anneal] Stage2 Epoch 70/75:  91%|█████████ | 149/164 [00:57\u003c00:05,  2.66it/s, loss=0.1358, acc=0.9532]\n"}
,{"stream_name":"stderr","time":5711.196645581,"data":"\r[cosine_anneal] Stage2 Epoch 70/75:  91%|█████████ | 149/164 [00:57\u003c00:05,  2.66it/s, loss=0.1358, acc=0.9532]\r[cosine_anneal] Stage2 Epoch 70/75:  91%|█████████ | 149/164 [00:57\u003c00:05,  2.66it/s, loss=0.1357, acc=0.9531]\n"}
,{"stream_name":"stderr","time":5711.197727493,"data":"\r[cosine_anneal] Stage2 Epoch 70/75:  91%|█████████ | 149/164 [00:57\u003c00:05,  2.66it/s, loss=0.1357, acc=0.9531]\r[cosine_anneal] Stage2 Epoch 70/75:  91%|█████████▏| 150/164 [00:57\u003c00:05,  2.66it/s, loss=0.1357, acc=0.9531]\n"}
,{"stream_name":"stderr","time":5711.571433318,"data":"\r[cosine_anneal] Stage2 Epoch 70/75:  91%|█████████▏| 150/164 [00:57\u003c00:05,  2.66it/s, loss=0.1357, acc=0.9531]\r[cosine_anneal] Stage2 Epoch 70/75:  91%|█████████▏| 150/164 [00:58\u003c00:05,  2.66it/s, loss=0.1354, acc=0.9530]\n"}
,{"stream_name":"stderr","time":5711.572726887,"data":"\r[cosine_anneal] Stage2 Epoch 70/75:  91%|█████████▏| 150/164 [00:58\u003c00:05,  2.66it/s, loss=0.1354, acc=0.9530]\r[cosine_anneal] Stage2 Epoch 70/75:  92%|█████████▏| 151/164 [00:58\u003c00:04,  2.66it/s, loss=0.1354, acc=0.9530]\n"}
,{"stream_name":"stderr","time":5711.948698881,"data":"\r[cosine_anneal] Stage2 Epoch 70/75:  92%|█████████▏| 151/164 [00:58\u003c00:04,  2.66it/s, loss=0.1354, acc=0.9530]\r[cosine_anneal] Stage2 Epoch 70/75:  92%|█████████▏| 151/164 [00:58\u003c00:04,  2.66it/s, loss=0.1355, acc=0.9531]\n"}
,{"stream_name":"stderr","time":5711.950537731,"data":"\r[cosine_anneal] Stage2 Epoch 70/75:  92%|█████████▏| 151/164 [00:58\u003c00:04,  2.66it/s, loss=0.1355, acc=0.9531]\r[cosine_anneal] Stage2 Epoch 70/75:  93%|█████████▎| 152/164 [00:58\u003c00:04,  2.66it/s, loss=0.1355, acc=0.9531]\n"}
,{"stream_name":"stderr","time":5712.325726433,"data":"\r[cosine_anneal] Stage2 Epoch 70/75:  93%|█████████▎| 152/164 [00:58\u003c00:04,  2.66it/s, loss=0.1355, acc=0.9531]\r[cosine_anneal] Stage2 Epoch 70/75:  93%|█████████▎| 152/164 [00:58\u003c00:04,  2.66it/s, loss=0.1356, acc=0.9528]\n"}
,{"stream_name":"stderr","time":5712.330606793,"data":"\r[cosine_anneal] Stage2 Epoch 70/75:  93%|█████████▎| 152/164 [00:58\u003c00:04,  2.66it/s, loss=0.1356, acc=0.9528]\r[cosine_anneal] Stage2 Epoch 70/75:  93%|█████████▎| 153/164 [00:58\u003c00:04,  2.66it/s, loss=0.1356, acc=0.9528]\n"}
,{"stream_name":"stderr","time":5712.700834958,"data":"\r[cosine_anneal] Stage2 Epoch 70/75:  93%|█████████▎| 153/164 [00:58\u003c00:04,  2.66it/s, loss=0.1356, acc=0.9528]\r[cosine_anneal] Stage2 Epoch 70/75:  93%|█████████▎| 153/164 [00:59\u003c00:04,  2.66it/s, loss=0.1348, acc=0.9531]\n"}
,{"stream_name":"stderr","time":5712.701963349,"data":"\r[cosine_anneal] Stage2 Epoch 70/75:  93%|█████████▎| 153/164 [00:59\u003c00:04,  2.66it/s, loss=0.1348, acc=0.9531]\r[cosine_anneal] Stage2 Epoch 70/75:  94%|█████████▍| 154/164 [00:59\u003c00:03,  2.66it/s, loss=0.1348, acc=0.9531]\n"}
,{"stream_name":"stderr","time":5713.077530224,"data":"\r[cosine_anneal] Stage2 Epoch 70/75:  94%|█████████▍| 154/164 [00:59\u003c00:03,  2.66it/s, loss=0.1348, acc=0.9531]\r[cosine_anneal] Stage2 Epoch 70/75:  94%|█████████▍| 154/164 [00:59\u003c00:03,  2.66it/s, loss=0.1348, acc=0.9532]\n"}
,{"stream_name":"stderr","time":5713.078917361,"data":"\r[cosine_anneal] Stage2 Epoch 70/75:  94%|█████████▍| 154/164 [00:59\u003c00:03,  2.66it/s, loss=0.1348, acc=0.9532]\r[cosine_anneal] Stage2 Epoch 70/75:  95%|█████████▍| 155/164 [00:59\u003c00:03,  2.66it/s, loss=0.1348, acc=0.9532]\n"}
,{"stream_name":"stderr","time":5713.453457681,"data":"\r[cosine_anneal] Stage2 Epoch 70/75:  95%|█████████▍| 155/164 [00:59\u003c00:03,  2.66it/s, loss=0.1348, acc=0.9532]\r[cosine_anneal] Stage2 Epoch 70/75:  95%|█████████▍| 155/164 [01:00\u003c00:03,  2.66it/s, loss=0.1340, acc=0.9535]\n"}
,{"stream_name":"stderr","time":5713.454509933,"data":"\r[cosine_anneal] Stage2 Epoch 70/75:  95%|█████████▍| 155/164 [01:00\u003c00:03,  2.66it/s, loss=0.1340, acc=0.9535]\r[cosine_anneal] Stage2 Epoch 70/75:  95%|█████████▌| 156/164 [01:00\u003c00:03,  2.66it/s, loss=0.1340, acc=0.9535]\n"}
,{"stream_name":"stderr","time":5713.829515051,"data":"\r[cosine_anneal] Stage2 Epoch 70/75:  95%|█████████▌| 156/164 [01:00\u003c00:03,  2.66it/s, loss=0.1340, acc=0.9535]\r[cosine_anneal] Stage2 Epoch 70/75:  95%|█████████▌| 156/164 [01:00\u003c00:03,  2.66it/s, loss=0.1337, acc=0.9536]\n"}
,{"stream_name":"stderr","time":5713.830407022,"data":"\r[cosine_anneal] Stage2 Epoch 70/75:  95%|█████████▌| 156/164 [01:00\u003c00:03,  2.66it/s, loss=0.1337, acc=0.9536]\r[cosine_anneal] Stage2 Epoch 70/75:  96%|█████████▌| 157/164 [01:00\u003c00:02,  2.66it/s, loss=0.1337, acc=0.9536]\n"}
,{"stream_name":"stderr","time":5714.203689306,"data":"\r[cosine_anneal] Stage2 Epoch 70/75:  96%|█████████▌| 157/164 [01:00\u003c00:02,  2.66it/s, loss=0.1337, acc=0.9536]\r[cosine_anneal] Stage2 Epoch 70/75:  96%|█████████▌| 157/164 [01:00\u003c00:02,  2.66it/s, loss=0.1335, acc=0.9535]\n"}
,{"stream_name":"stderr","time":5714.204803484,"data":"\r[cosine_anneal] Stage2 Epoch 70/75:  96%|█████████▌| 157/164 [01:00\u003c00:02,  2.66it/s, loss=0.1335, acc=0.9535]\r[cosine_anneal] Stage2 Epoch 70/75:  96%|█████████▋| 158/164 [01:00\u003c00:02,  2.66it/s, loss=0.1335, acc=0.9535]\n"}
,{"stream_name":"stderr","time":5714.581072503,"data":"\r[cosine_anneal] Stage2 Epoch 70/75:  96%|█████████▋| 158/164 [01:00\u003c00:02,  2.66it/s, loss=0.1335, acc=0.9535]\r[cosine_anneal] Stage2 Epoch 70/75:  96%|█████████▋| 158/164 [01:01\u003c00:02,  2.66it/s, loss=0.1329, acc=0.9538]\n"}
,{"stream_name":"stderr","time":5714.582130304,"data":"\r[cosine_anneal] Stage2 Epoch 70/75:  96%|█████████▋| 158/164 [01:01\u003c00:02,  2.66it/s, loss=0.1329, acc=0.9538]\r[cosine_anneal] Stage2 Epoch 70/75:  97%|█████████▋| 159/164 [01:01\u003c00:01,  2.66it/s, loss=0.1329, acc=0.9538]\n"}
,{"stream_name":"stderr","time":5714.955169388,"data":"\r[cosine_anneal] Stage2 Epoch 70/75:  97%|█████████▋| 159/164 [01:01\u003c00:01,  2.66it/s, loss=0.1329, acc=0.9538]\r[cosine_anneal] Stage2 Epoch 70/75:  97%|█████████▋| 159/164 [01:01\u003c00:01,  2.66it/s, loss=0.1324, acc=0.9541]\n"}
,{"stream_name":"stderr","time":5714.956020064,"data":"\r[cosine_anneal] Stage2 Epoch 70/75:  97%|█████████▋| 159/164 [01:01\u003c00:01,  2.66it/s, loss=0.1324, acc=0.9541]\r[cosine_anneal] Stage2 Epoch 70/75:  98%|█████████▊| 160/164 [01:01\u003c00:01,  2.66it/s, loss=0.1324, acc=0.9541]\n"}
,{"stream_name":"stderr","time":5715.332972213,"data":"\r[cosine_anneal] Stage2 Epoch 70/75:  98%|█████████▊| 160/164 [01:01\u003c00:01,  2.66it/s, loss=0.1324, acc=0.9541]\r[cosine_anneal] Stage2 Epoch 70/75:  98%|█████████▊| 160/164 [01:01\u003c00:01,  2.66it/s, loss=0.1341, acc=0.9536]\n"}
,{"stream_name":"stderr","time":5715.33406387,"data":"\r[cosine_anneal] Stage2 Epoch 70/75:  98%|█████████▊| 160/164 [01:01\u003c00:01,  2.66it/s, loss=0.1341, acc=0.9536]\r[cosine_anneal] Stage2 Epoch 70/75:  98%|█████████▊| 161/164 [01:01\u003c00:01,  2.66it/s, loss=0.1341, acc=0.9536]\n"}
,{"stream_name":"stderr","time":5715.706128218,"data":"\r[cosine_anneal] Stage2 Epoch 70/75:  98%|█████████▊| 161/164 [01:01\u003c00:01,  2.66it/s, loss=0.1341, acc=0.9536]\r[cosine_anneal] Stage2 Epoch 70/75:  98%|█████████▊| 161/164 [01:02\u003c00:01,  2.66it/s, loss=0.1341, acc=0.9537]\n"}
,{"stream_name":"stderr","time":5715.707058945,"data":"\r[cosine_anneal] Stage2 Epoch 70/75:  98%|█████████▊| 161/164 [01:02\u003c00:01,  2.66it/s, loss=0.1341, acc=0.9537]\r[cosine_anneal] Stage2 Epoch 70/75:  99%|█████████▉| 162/164 [01:02\u003c00:00,  2.66it/s, loss=0.1341, acc=0.9537]\n"}
,{"stream_name":"stderr","time":5716.081655379,"data":"\r[cosine_anneal] Stage2 Epoch 70/75:  99%|█████████▉| 162/164 [01:02\u003c00:00,  2.66it/s, loss=0.1341, acc=0.9537]\r[cosine_anneal] Stage2 Epoch 70/75:  99%|█████████▉| 162/164 [01:02\u003c00:00,  2.66it/s, loss=0.1348, acc=0.9536]\n"}
,{"stream_name":"stderr","time":5716.082753771,"data":"\r[cosine_anneal] Stage2 Epoch 70/75:  99%|█████████▉| 162/164 [01:02\u003c00:00,  2.66it/s, loss=0.1348, acc=0.9536]\r[cosine_anneal] Stage2 Epoch 70/75:  99%|█████████▉| 163/164 [01:02\u003c00:00,  2.66it/s, loss=0.1348, acc=0.9536]\n"}
,{"stream_name":"stderr","time":5716.44949281,"data":"\r[cosine_anneal] Stage2 Epoch 70/75:  99%|█████████▉| 163/164 [01:02\u003c00:00,  2.66it/s, loss=0.1348, acc=0.9536]\r[cosine_anneal] Stage2 Epoch 70/75:  99%|█████████▉| 163/164 [01:02\u003c00:00,  2.66it/s, loss=0.1342, acc=0.9539]\n"}
,{"stream_name":"stderr","time":5716.450457313,"data":"\r[cosine_anneal] Stage2 Epoch 70/75:  99%|█████████▉| 163/164 [01:02\u003c00:00,  2.66it/s, loss=0.1342, acc=0.9539]\r[cosine_anneal] Stage2 Epoch 70/75: 100%|██████████| 164/164 [01:02\u003c00:00,  2.68it/s, loss=0.1342, acc=0.9539]\n"}
,{"stream_name":"stderr","time":5716.51658247,"data":"\r[cosine_anneal] Stage2 Epoch 70/75: 100%|██████████| 164/164 [01:02\u003c00:00,  2.68it/s, loss=0.1342, acc=0.9539]\r[cosine_anneal] Stage2 Epoch 70/75: 100%|██████████| 164/164 [01:03\u003c00:00,  2.60it/s, loss=0.1342, acc=0.9539]\n"}
,{"stream_name":"stderr","time":5716.542949697,"data":"\r[cosine_anneal] Stage2 Epoch 70/75: 100%|██████████| 164/164 [01:03\u003c00:00,  2.60it/s, loss=0.1342, acc=0.9539]\n"}
,{"stream_name":"stderr","time":5716.543022344,"data":"\n"}
,{"stream_name":"stderr","time":5716.543028704,"data":"\n"}
,{"stream_name":"stdout","time":5724.681031658,"data":"  Val Loss: 0.6127 | Val Acc: 0.8765 | Val Macro-F1: 0.7938\n"}
,{"stream_name":"stderr","time":5724.685121922,"data":"\r[cosine_anneal] Stage2 Epoch 71/75:   0%|          | 0/164 [00:00\u003c?, ?it/s]\n"}
,{"stream_name":"stderr","time":5724.686306625,"data":"\r[cosine_anneal] Stage2 Epoch 71/75:   0%|          | 0/164 [00:00\u003c?, ?it/s]\r[cosine_anneal] Stage2 Epoch 71/75:   0%|          | 0/164 [00:01\u003c?, ?it/s, loss=0.1593, acc=0.9375]\n"}
,{"stream_name":"stderr","time":5724.689433408,"data":"\r[cosine_anneal] Stage2 Epoch 71/75:   0%|          | 0/164 [00:01\u003c?, ?it/s, loss=0.1593, acc=0.9375]\r[cosine_anneal] Stage2 Epoch 71/75:   1%|          | 1/164 [00:01\u003c02:55,  1.08s/it, loss=0.1593, acc=0.9375]\n"}
,{"stream_name":"stderr","time":5724.690519611,"data":"\r[cosine_anneal] Stage2 Epoch 71/75:   1%|          | 1/164 [00:01\u003c02:55,  1.08s/it, loss=0.1593, acc=0.9375]\r[cosine_anneal] Stage2 Epoch 71/75:   1%|          | 1/164 [00:01\u003c02:55,  1.08s/it, loss=0.1170, acc=0.9531]\n"}
,{"stream_name":"stderr","time":5724.694477898,"data":"\r[cosine_anneal] Stage2 Epoch 71/75:   1%|          | 1/164 [00:01\u003c02:55,  1.08s/it, loss=0.1170, acc=0.9531]\r[cosine_anneal] Stage2 Epoch 71/75:   1%|          | 2/164 [00:01\u003c01:57,  1.38it/s, loss=0.1170, acc=0.9531]\n"}
,{"stream_name":"stderr","time":5724.695697609,"data":"\r[cosine_anneal] Stage2 Epoch 71/75:   1%|          | 2/164 [00:01\u003c01:57,  1.38it/s, loss=0.1170, acc=0.9531]\r[cosine_anneal] Stage2 Epoch 71/75:   1%|          | 2/164 [00:01\u003c01:57,  1.38it/s, loss=0.1193, acc=0.9479]\n"}
,{"stream_name":"stderr","time":5724.696761617,"data":"\r[cosine_anneal] Stage2 Epoch 71/75:   1%|          | 2/164 [00:01\u003c01:57,  1.38it/s, loss=0.1193, acc=0.9479]\r[cosine_anneal] Stage2 Epoch 71/75:   2%|▏         | 3/164 [00:01\u003c01:31,  1.76it/s, loss=0.1193, acc=0.9479]\n"}
,{"stream_name":"stderr","time":5724.700362141,"data":"\r[cosine_anneal] Stage2 Epoch 71/75:   2%|▏         | 3/164 [00:01\u003c01:31,  1.76it/s, loss=0.1193, acc=0.9479]\r[cosine_anneal] Stage2 Epoch 71/75:   2%|▏         | 3/164 [00:02\u003c01:31,  1.76it/s, loss=0.1187, acc=0.9453]\n"}
,{"stream_name":"stderr","time":5724.701303182,"data":"\r[cosine_anneal] Stage2 Epoch 71/75:   2%|▏         | 3/164 [00:02\u003c01:31,  1.76it/s, loss=0.1187, acc=0.9453]\r[cosine_anneal] Stage2 Epoch 71/75:   2%|▏         | 4/164 [00:02\u003c01:19,  2.02it/s, loss=0.1187, acc=0.9453]\n"}
,{"stream_name":"stderr","time":5724.702214988,"data":"\r[cosine_anneal] Stage2 Epoch 71/75:   2%|▏         | 4/164 [00:02\u003c01:19,  2.02it/s, loss=0.1187, acc=0.9453]\r[cosine_anneal] Stage2 Epoch 71/75:   2%|▏         | 4/164 [00:02\u003c01:19,  2.02it/s, loss=0.0980, acc=0.9563]\n"}
,{"stream_name":"stderr","time":5724.705651831,"data":"\r[cosine_anneal] Stage2 Epoch 71/75:   2%|▏         | 4/164 [00:02\u003c01:19,  2.02it/s, loss=0.0980, acc=0.9563]\r[cosine_anneal] Stage2 Epoch 71/75:   3%|▎         | 5/164 [00:02\u003c01:11,  2.22it/s, loss=0.0980, acc=0.9563]\n"}
,{"stream_name":"stderr","time":5724.706649274,"data":"\r[cosine_anneal] Stage2 Epoch 71/75:   3%|▎         | 5/164 [00:02\u003c01:11,  2.22it/s, loss=0.0980, acc=0.9563]\r[cosine_anneal] Stage2 Epoch 71/75:   3%|▎         | 5/164 [00:03\u003c01:11,  2.22it/s, loss=0.1107, acc=0.9531]\n"}
,{"stream_name":"stderr","time":5724.707686797,"data":"\r[cosine_anneal] Stage2 Epoch 71/75:   3%|▎         | 5/164 [00:03\u003c01:11,  2.22it/s, loss=0.1107, acc=0.9531]\r[cosine_anneal] Stage2 Epoch 71/75:   4%|▎         | 6/164 [00:03\u003c01:07,  2.34it/s, loss=0.1107, acc=0.9531]\n"}
,{"stream_name":"stderr","time":5724.944525841,"data":"\r[cosine_anneal] Stage2 Epoch 71/75:   4%|▎         | 6/164 [00:03\u003c01:07,  2.34it/s, loss=0.1107, acc=0.9531]\r[cosine_anneal] Stage2 Epoch 71/75:   4%|▎         | 6/164 [00:03\u003c01:07,  2.34it/s, loss=0.1243, acc=0.9509]\n"}
,{"stream_name":"stderr","time":5724.946207672,"data":"\r[cosine_anneal] Stage2 Epoch 71/75:   4%|▎         | 6/164 [00:03\u003c01:07,  2.34it/s, loss=0.1243, acc=0.9509]\r[cosine_anneal] Stage2 Epoch 71/75:   4%|▍         | 7/164 [00:03\u003c01:04,  2.42it/s, loss=0.1243, acc=0.9509]\n"}
,{"stream_name":"stderr","time":5725.322123779,"data":"\r[cosine_anneal] Stage2 Epoch 71/75:   4%|▍         | 7/164 [00:03\u003c01:04,  2.42it/s, loss=0.1243, acc=0.9509]\r[cosine_anneal] Stage2 Epoch 71/75:   4%|▍         | 7/164 [00:03\u003c01:04,  2.42it/s, loss=0.1132, acc=0.9570]\n"}
,{"stream_name":"stderr","time":5725.326651114,"data":"\r[cosine_anneal] Stage2 Epoch 71/75:   4%|▍         | 7/164 [00:03\u003c01:04,  2.42it/s, loss=0.1132, acc=0.9570]\r[cosine_anneal] Stage2 Epoch 71/75:   5%|▍         | 8/164 [00:03\u003c01:02,  2.49it/s, loss=0.1132, acc=0.9570]\n"}
,{"stream_name":"stderr","time":5725.69584848,"data":"\r[cosine_anneal] Stage2 Epoch 71/75:   5%|▍         | 8/164 [00:03\u003c01:02,  2.49it/s, loss=0.1132, acc=0.9570]\r[cosine_anneal] Stage2 Epoch 71/75:   5%|▍         | 8/164 [00:04\u003c01:02,  2.49it/s, loss=0.1150, acc=0.9583]\n"}
,{"stream_name":"stderr","time":5725.697487776,"data":"\r[cosine_anneal] Stage2 Epoch 71/75:   5%|▍         | 8/164 [00:04\u003c01:02,  2.49it/s, loss=0.1150, acc=0.9583]\r[cosine_anneal] Stage2 Epoch 71/75:   5%|▌         | 9/164 [00:04\u003c01:00,  2.55it/s, loss=0.1150, acc=0.9583]\n"}
,{"stream_name":"stderr","time":5726.067121796,"data":"\r[cosine_anneal] Stage2 Epoch 71/75:   5%|▌         | 9/164 [00:04\u003c01:00,  2.55it/s, loss=0.1150, acc=0.9583]\r[cosine_anneal] Stage2 Epoch 71/75:   5%|▌         | 9/164 [00:04\u003c01:00,  2.55it/s, loss=0.1122, acc=0.9563]\n"}
,{"stream_name":"stderr","time":5726.075366282,"data":"\r[cosine_anneal] Stage2 Epoch 71/75:   5%|▌         | 9/164 [00:04\u003c01:00,  2.55it/s, loss=0.1122, acc=0.9563]\r[cosine_anneal] Stage2 Epoch 71/75:   6%|▌         | 10/164 [00:04\u003c00:59,  2.59it/s, loss=0.1122, acc=0.9563]\n"}
,{"stream_name":"stderr","time":5726.446461859,"data":"\r[cosine_anneal] Stage2 Epoch 71/75:   6%|▌         | 10/164 [00:04\u003c00:59,  2.59it/s, loss=0.1122, acc=0.9563]\r[cosine_anneal] Stage2 Epoch 71/75:   6%|▌         | 10/164 [00:04\u003c00:59,  2.59it/s, loss=0.1210, acc=0.9545]\n"}
,{"stream_name":"stderr","time":5726.447818464,"data":"\r[cosine_anneal] Stage2 Epoch 71/75:   6%|▌         | 10/164 [00:04\u003c00:59,  2.59it/s, loss=0.1210, acc=0.9545]\r[cosine_anneal] Stage2 Epoch 71/75:   7%|▋         | 11/164 [00:04\u003c00:58,  2.60it/s, loss=0.1210, acc=0.9545]\n"}
,{"stream_name":"stderr","time":5726.819361046,"data":"\r[cosine_anneal] Stage2 Epoch 71/75:   7%|▋         | 11/164 [00:04\u003c00:58,  2.60it/s, loss=0.1210, acc=0.9545]\r[cosine_anneal] Stage2 Epoch 71/75:   7%|▋         | 11/164 [00:05\u003c00:58,  2.60it/s, loss=0.1334, acc=0.9531]\n"}
,{"stream_name":"stderr","time":5726.820465484,"data":"\r[cosine_anneal] Stage2 Epoch 71/75:   7%|▋         | 11/164 [00:05\u003c00:58,  2.60it/s, loss=0.1334, acc=0.9531]\r[cosine_anneal] Stage2 Epoch 71/75:   7%|▋         | 12/164 [00:05\u003c00:57,  2.63it/s, loss=0.1334, acc=0.9531]\n"}
,{"stream_name":"stderr","time":5727.197672891,"data":"\r[cosine_anneal] Stage2 Epoch 71/75:   7%|▋         | 12/164 [00:05\u003c00:57,  2.63it/s, loss=0.1334, acc=0.9531]\r[cosine_anneal] Stage2 Epoch 71/75:   7%|▋         | 12/164 [00:05\u003c00:57,  2.63it/s, loss=0.1425, acc=0.9495]\n"}
,{"stream_name":"stderr","time":5727.198703026,"data":"\r[cosine_anneal] Stage2 Epoch 71/75:   7%|▋         | 12/164 [00:05\u003c00:57,  2.63it/s, loss=0.1425, acc=0.9495]\r[cosine_anneal] Stage2 Epoch 71/75:   8%|▊         | 13/164 [00:05\u003c00:57,  2.63it/s, loss=0.1425, acc=0.9495]\n"}
,{"stream_name":"stderr","time":5727.571024707,"data":"\r[cosine_anneal] Stage2 Epoch 71/75:   8%|▊         | 13/164 [00:05\u003c00:57,  2.63it/s, loss=0.1425, acc=0.9495]\r[cosine_anneal] Stage2 Epoch 71/75:   8%|▊         | 13/164 [00:06\u003c00:57,  2.63it/s, loss=0.1492, acc=0.9509]\n"}
,{"stream_name":"stderr","time":5727.576904403,"data":"\r[cosine_anneal] Stage2 Epoch 71/75:   8%|▊         | 13/164 [00:06\u003c00:57,  2.63it/s, loss=0.1492, acc=0.9509]\r[cosine_anneal] Stage2 Epoch 71/75:   9%|▊         | 14/164 [00:06\u003c00:56,  2.65it/s, loss=0.1492, acc=0.9509]\n"}
,{"stream_name":"stderr","time":5727.947964838,"data":"\r[cosine_anneal] Stage2 Epoch 71/75:   9%|▊         | 14/164 [00:06\u003c00:56,  2.65it/s, loss=0.1492, acc=0.9509]\r[cosine_anneal] Stage2 Epoch 71/75:   9%|▊         | 14/164 [00:06\u003c00:56,  2.65it/s, loss=0.1419, acc=0.9542]\n"}
,{"stream_name":"stderr","time":5727.950357281,"data":"\r[cosine_anneal] Stage2 Epoch 71/75:   9%|▊         | 14/164 [00:06\u003c00:56,  2.65it/s, loss=0.1419, acc=0.9542]\r[cosine_anneal] Stage2 Epoch 71/75:   9%|▉         | 15/164 [00:06\u003c00:56,  2.65it/s, loss=0.1419, acc=0.9542]\n"}
,{"stream_name":"stderr","time":5728.321992017,"data":"\r[cosine_anneal] Stage2 Epoch 71/75:   9%|▉         | 15/164 [00:06\u003c00:56,  2.65it/s, loss=0.1419, acc=0.9542]\r[cosine_anneal] Stage2 Epoch 71/75:   9%|▉         | 15/164 [00:06\u003c00:56,  2.65it/s, loss=0.1336, acc=0.9570]\n"}
,{"stream_name":"stderr","time":5728.323112777,"data":"\r[cosine_anneal] Stage2 Epoch 71/75:   9%|▉         | 15/164 [00:06\u003c00:56,  2.65it/s, loss=0.1336, acc=0.9570]\r[cosine_anneal] Stage2 Epoch 71/75:  10%|▉         | 16/164 [00:06\u003c00:55,  2.66it/s, loss=0.1336, acc=0.9570]\n"}
,{"stream_name":"stderr","time":5728.698213893,"data":"\r[cosine_anneal] Stage2 Epoch 71/75:  10%|▉         | 16/164 [00:06\u003c00:55,  2.66it/s, loss=0.1336, acc=0.9570]\r[cosine_anneal] Stage2 Epoch 71/75:  10%|▉         | 16/164 [00:07\u003c00:55,  2.66it/s, loss=0.1299, acc=0.9577]\n"}
,{"stream_name":"stderr","time":5728.699566738,"data":"\r[cosine_anneal] Stage2 Epoch 71/75:  10%|▉         | 16/164 [00:07\u003c00:55,  2.66it/s, loss=0.1299, acc=0.9577]\r[cosine_anneal] Stage2 Epoch 71/75:  10%|█         | 17/164 [00:07\u003c00:55,  2.66it/s, loss=0.1299, acc=0.9577]\n"}
,{"stream_name":"stderr","time":5729.068925533,"data":"\r[cosine_anneal] Stage2 Epoch 71/75:  10%|█         | 17/164 [00:07\u003c00:55,  2.66it/s, loss=0.1299, acc=0.9577]\r[cosine_anneal] Stage2 Epoch 71/75:  10%|█         | 17/164 [00:07\u003c00:55,  2.66it/s, loss=0.1279, acc=0.9566]\n"}
,{"stream_name":"stderr","time":5729.069646009,"data":"\r[cosine_anneal] Stage2 Epoch 71/75:  10%|█         | 17/164 [00:07\u003c00:55,  2.66it/s, loss=0.1279, acc=0.9566]\r[cosine_anneal] Stage2 Epoch 71/75:  11%|█         | 18/164 [00:07\u003c00:54,  2.67it/s, loss=0.1279, acc=0.9566]\n"}
,{"stream_name":"stderr","time":5729.443851004,"data":"\r[cosine_anneal] Stage2 Epoch 71/75:  11%|█         | 18/164 [00:07\u003c00:54,  2.67it/s, loss=0.1279, acc=0.9566]\r[cosine_anneal] Stage2 Epoch 71/75:  11%|█         | 18/164 [00:07\u003c00:54,  2.67it/s, loss=0.1216, acc=0.9589]\n"}
,{"stream_name":"stderr","time":5729.445002017,"data":"\r[cosine_anneal] Stage2 Epoch 71/75:  11%|█         | 18/164 [00:07\u003c00:54,  2.67it/s, loss=0.1216, acc=0.9589]\r[cosine_anneal] Stage2 Epoch 71/75:  12%|█▏        | 19/164 [00:07\u003c00:54,  2.67it/s, loss=0.1216, acc=0.9589]\n"}
,{"stream_name":"stderr","time":5729.817001255,"data":"\r[cosine_anneal] Stage2 Epoch 71/75:  12%|█▏        | 19/164 [00:07\u003c00:54,  2.67it/s, loss=0.1216, acc=0.9589]\r[cosine_anneal] Stage2 Epoch 71/75:  12%|█▏        | 19/164 [00:08\u003c00:54,  2.67it/s, loss=0.1241, acc=0.9594]\n"}
,{"stream_name":"stderr","time":5729.818180477,"data":"\r[cosine_anneal] Stage2 Epoch 71/75:  12%|█▏        | 19/164 [00:08\u003c00:54,  2.67it/s, loss=0.1241, acc=0.9594]\r[cosine_anneal] Stage2 Epoch 71/75:  12%|█▏        | 20/164 [00:08\u003c00:53,  2.67it/s, loss=0.1241, acc=0.9594]\n"}
,{"stream_name":"stderr","time":5730.198522554,"data":"\r[cosine_anneal] Stage2 Epoch 71/75:  12%|█▏        | 20/164 [00:08\u003c00:53,  2.67it/s, loss=0.1241, acc=0.9594]\r[cosine_anneal] Stage2 Epoch 71/75:  12%|█▏        | 20/164 [00:08\u003c00:53,  2.67it/s, loss=0.1317, acc=0.9568]\n"}
,{"stream_name":"stderr","time":5730.199838548,"data":"\r[cosine_anneal] Stage2 Epoch 71/75:  12%|█▏        | 20/164 [00:08\u003c00:53,  2.67it/s, loss=0.1317, acc=0.9568]\r[cosine_anneal] Stage2 Epoch 71/75:  13%|█▎        | 21/164 [00:08\u003c00:53,  2.66it/s, loss=0.1317, acc=0.9568]\n"}
,{"stream_name":"stderr","time":5730.56806031,"data":"\r[cosine_anneal] Stage2 Epoch 71/75:  13%|█▎        | 21/164 [00:08\u003c00:53,  2.66it/s, loss=0.1317, acc=0.9568]\r[cosine_anneal] Stage2 Epoch 71/75:  13%|█▎        | 21/164 [00:09\u003c00:53,  2.66it/s, loss=0.1373, acc=0.9531]\n"}
,{"stream_name":"stderr","time":5730.56923877,"data":"\r[cosine_anneal] Stage2 Epoch 71/75:  13%|█▎        | 21/164 [00:09\u003c00:53,  2.66it/s, loss=0.1373, acc=0.9531]\r[cosine_anneal] Stage2 Epoch 71/75:  13%|█▎        | 22/164 [00:09\u003c00:53,  2.67it/s, loss=0.1373, acc=0.9531]\n"}
,{"stream_name":"stderr","time":5730.946158841,"data":"\r[cosine_anneal] Stage2 Epoch 71/75:  13%|█▎        | 22/164 [00:09\u003c00:53,  2.67it/s, loss=0.1373, acc=0.9531]\r[cosine_anneal] Stage2 Epoch 71/75:  13%|█▎        | 22/164 [00:09\u003c00:53,  2.67it/s, loss=0.1321, acc=0.9552]\n"}
,{"stream_name":"stderr","time":5730.947579898,"data":"\r[cosine_anneal] Stage2 Epoch 71/75:  13%|█▎        | 22/164 [00:09\u003c00:53,  2.67it/s, loss=0.1321, acc=0.9552]\r[cosine_anneal] Stage2 Epoch 71/75:  14%|█▍        | 23/164 [00:09\u003c00:52,  2.66it/s, loss=0.1321, acc=0.9552]\n"}
,{"stream_name":"stderr","time":5731.319608803,"data":"\r[cosine_anneal] Stage2 Epoch 71/75:  14%|█▍        | 23/164 [00:09\u003c00:52,  2.66it/s, loss=0.1321, acc=0.9552]\r[cosine_anneal] Stage2 Epoch 71/75:  14%|█▍        | 23/164 [00:09\u003c00:52,  2.66it/s, loss=0.1312, acc=0.9557]\n"}
,{"stream_name":"stderr","time":5731.320536036,"data":"\r[cosine_anneal] Stage2 Epoch 71/75:  14%|█▍        | 23/164 [00:09\u003c00:52,  2.66it/s, loss=0.1312, acc=0.9557]\r[cosine_anneal] Stage2 Epoch 71/75:  15%|█▍        | 24/164 [00:09\u003c00:52,  2.67it/s, loss=0.1312, acc=0.9557]\n"}
,{"stream_name":"stderr","time":5731.703062176,"data":"\r[cosine_anneal] Stage2 Epoch 71/75:  15%|█▍        | 24/164 [00:09\u003c00:52,  2.67it/s, loss=0.1312, acc=0.9557]\r[cosine_anneal] Stage2 Epoch 71/75:  15%|█▍        | 24/164 [00:10\u003c00:52,  2.67it/s, loss=0.1294, acc=0.9563]\n"}
,{"stream_name":"stderr","time":5731.703519642,"data":"\r[cosine_anneal] Stage2 Epoch 71/75:  15%|█▍        | 24/164 [00:10\u003c00:52,  2.67it/s, loss=0.1294, acc=0.9563]\r[cosine_anneal] Stage2 Epoch 71/75:  15%|█▌        | 25/164 [00:10\u003c00:52,  2.66it/s, loss=0.1294, acc=0.9563]\n"}
,{"stream_name":"stderr","time":5732.074592608,"data":"\r[cosine_anneal] Stage2 Epoch 71/75:  15%|█▌        | 25/164 [00:10\u003c00:52,  2.66it/s, loss=0.1294, acc=0.9563]\r[cosine_anneal] Stage2 Epoch 71/75:  15%|█▌        | 25/164 [00:10\u003c00:52,  2.66it/s, loss=0.1277, acc=0.9567]\n"}
,{"stream_name":"stderr","time":5732.076003341,"data":"\r[cosine_anneal] Stage2 Epoch 71/75:  15%|█▌        | 25/164 [00:10\u003c00:52,  2.66it/s, loss=0.1277, acc=0.9567]\r[cosine_anneal] Stage2 Epoch 71/75:  16%|█▌        | 26/164 [00:10\u003c00:51,  2.66it/s, loss=0.1277, acc=0.9567]\n"}
,{"stream_name":"stderr","time":5732.449846582,"data":"\r[cosine_anneal] Stage2 Epoch 71/75:  16%|█▌        | 26/164 [00:10\u003c00:51,  2.66it/s, loss=0.1277, acc=0.9567]\r[cosine_anneal] Stage2 Epoch 71/75:  16%|█▌        | 26/164 [00:10\u003c00:51,  2.66it/s, loss=0.1239, acc=0.9583]\n"}
,{"stream_name":"stderr","time":5732.450997901,"data":"\r[cosine_anneal] Stage2 Epoch 71/75:  16%|█▌        | 26/164 [00:10\u003c00:51,  2.66it/s, loss=0.1239, acc=0.9583]\r[cosine_anneal] Stage2 Epoch 71/75:  16%|█▋        | 27/164 [00:10\u003c00:51,  2.66it/s, loss=0.1239, acc=0.9583]\n"}
,{"stream_name":"stderr","time":5732.825643535,"data":"\r[cosine_anneal] Stage2 Epoch 71/75:  16%|█▋        | 27/164 [00:10\u003c00:51,  2.66it/s, loss=0.1239, acc=0.9583]\r[cosine_anneal] Stage2 Epoch 71/75:  16%|█▋        | 27/164 [00:11\u003c00:51,  2.66it/s, loss=0.1230, acc=0.9576]\n"}
,{"stream_name":"stderr","time":5732.826727481,"data":"\r[cosine_anneal] Stage2 Epoch 71/75:  16%|█▋        | 27/164 [00:11\u003c00:51,  2.66it/s, loss=0.1230, acc=0.9576]\r[cosine_anneal] Stage2 Epoch 71/75:  17%|█▋        | 28/164 [00:11\u003c00:51,  2.66it/s, loss=0.1230, acc=0.9576]\n"}
,{"stream_name":"stderr","time":5733.199111288,"data":"\r[cosine_anneal] Stage2 Epoch 71/75:  17%|█▋        | 28/164 [00:11\u003c00:51,  2.66it/s, loss=0.1230, acc=0.9576]\r[cosine_anneal] Stage2 Epoch 71/75:  17%|█▋        | 28/164 [00:11\u003c00:51,  2.66it/s, loss=0.1207, acc=0.9591]\n"}
,{"stream_name":"stderr","time":5733.200561069,"data":"\r[cosine_anneal] Stage2 Epoch 71/75:  17%|█▋        | 28/164 [00:11\u003c00:51,  2.66it/s, loss=0.1207, acc=0.9591]\r[cosine_anneal] Stage2 Epoch 71/75:  18%|█▊        | 29/164 [00:11\u003c00:50,  2.67it/s, loss=0.1207, acc=0.9591]\n"}
,{"stream_name":"stderr","time":5733.575378347,"data":"\r[cosine_anneal] Stage2 Epoch 71/75:  18%|█▊        | 29/164 [00:11\u003c00:50,  2.67it/s, loss=0.1207, acc=0.9591]\r[cosine_anneal] Stage2 Epoch 71/75:  18%|█▊        | 29/164 [00:12\u003c00:50,  2.67it/s, loss=0.1220, acc=0.9583]\n"}
,{"stream_name":"stderr","time":5733.578505315,"data":"\r[cosine_anneal] Stage2 Epoch 71/75:  18%|█▊        | 29/164 [00:12\u003c00:50,  2.67it/s, loss=0.1220, acc=0.9583]\r[cosine_anneal] Stage2 Epoch 71/75:  18%|█▊        | 30/164 [00:12\u003c00:50,  2.66it/s, loss=0.1220, acc=0.9583]\n"}
,{"stream_name":"stderr","time":5733.949546665,"data":"\r[cosine_anneal] Stage2 Epoch 71/75:  18%|█▊        | 30/164 [00:12\u003c00:50,  2.66it/s, loss=0.1220, acc=0.9583]\r[cosine_anneal] Stage2 Epoch 71/75:  18%|█▊        | 30/164 [00:12\u003c00:50,  2.66it/s, loss=0.1217, acc=0.9577]\n"}
,{"stream_name":"stderr","time":5733.950143266,"data":"\r[cosine_anneal] Stage2 Epoch 71/75:  18%|█▊        | 30/164 [00:12\u003c00:50,  2.66it/s, loss=0.1217, acc=0.9577]\r[cosine_anneal] Stage2 Epoch 71/75:  19%|█▉        | 31/164 [00:12\u003c00:49,  2.67it/s, loss=0.1217, acc=0.9577]\n"}
,{"stream_name":"stderr","time":5734.323972384,"data":"\r[cosine_anneal] Stage2 Epoch 71/75:  19%|█▉        | 31/164 [00:12\u003c00:49,  2.67it/s, loss=0.1217, acc=0.9577]\r[cosine_anneal] Stage2 Epoch 71/75:  19%|█▉        | 31/164 [00:12\u003c00:49,  2.67it/s, loss=0.1187, acc=0.9590]\n"}
,{"stream_name":"stderr","time":5734.325167953,"data":"\r[cosine_anneal] Stage2 Epoch 71/75:  19%|█▉        | 31/164 [00:12\u003c00:49,  2.67it/s, loss=0.1187, acc=0.9590]\r[cosine_anneal] Stage2 Epoch 71/75:  20%|█▉        | 32/164 [00:12\u003c00:49,  2.67it/s, loss=0.1187, acc=0.9590]\n"}
,{"stream_name":"stderr","time":5734.698647568,"data":"\r[cosine_anneal] Stage2 Epoch 71/75:  20%|█▉        | 32/164 [00:12\u003c00:49,  2.67it/s, loss=0.1187, acc=0.9590]\r[cosine_anneal] Stage2 Epoch 71/75:  20%|█▉        | 32/164 [00:13\u003c00:49,  2.67it/s, loss=0.1158, acc=0.9602]\n"}
,{"stream_name":"stderr","time":5734.699851133,"data":"\r[cosine_anneal] Stage2 Epoch 71/75:  20%|█▉        | 32/164 [00:13\u003c00:49,  2.67it/s, loss=0.1158, acc=0.9602]\r[cosine_anneal] Stage2 Epoch 71/75:  20%|██        | 33/164 [00:13\u003c00:49,  2.67it/s, loss=0.1158, acc=0.9602]\n"}
,{"stream_name":"stderr","time":5735.06802144,"data":"\r[cosine_anneal] Stage2 Epoch 71/75:  20%|██        | 33/164 [00:13\u003c00:49,  2.67it/s, loss=0.1158, acc=0.9602]\r[cosine_anneal] Stage2 Epoch 71/75:  20%|██        | 33/164 [00:13\u003c00:49,  2.67it/s, loss=0.1158, acc=0.9596]\n"}
,{"stream_name":"stderr","time":5735.069040056,"data":"\r[cosine_anneal] Stage2 Epoch 71/75:  20%|██        | 33/164 [00:13\u003c00:49,  2.67it/s, loss=0.1158, acc=0.9596]\r[cosine_anneal] Stage2 Epoch 71/75:  21%|██        | 34/164 [00:13\u003c00:48,  2.68it/s, loss=0.1158, acc=0.9596]\n"}
,{"stream_name":"stderr","time":5735.446361436,"data":"\r[cosine_anneal] Stage2 Epoch 71/75:  21%|██        | 34/164 [00:13\u003c00:48,  2.68it/s, loss=0.1158, acc=0.9596]\r[cosine_anneal] Stage2 Epoch 71/75:  21%|██        | 34/164 [00:13\u003c00:48,  2.68it/s, loss=0.1159, acc=0.9598]\n"}
,{"stream_name":"stderr","time":5735.447856999,"data":"\r[cosine_anneal] Stage2 Epoch 71/75:  21%|██        | 34/164 [00:13\u003c00:48,  2.68it/s, loss=0.1159, acc=0.9598]\r[cosine_anneal] Stage2 Epoch 71/75:  21%|██▏       | 35/164 [00:13\u003c00:48,  2.67it/s, loss=0.1159, acc=0.9598]\n"}
,{"stream_name":"stderr","time":5735.818586022,"data":"\r[cosine_anneal] Stage2 Epoch 71/75:  21%|██▏       | 35/164 [00:13\u003c00:48,  2.67it/s, loss=0.1159, acc=0.9598]\r[cosine_anneal] Stage2 Epoch 71/75:  21%|██▏       | 35/164 [00:14\u003c00:48,  2.67it/s, loss=0.1132, acc=0.9609]\n"}
,{"stream_name":"stderr","time":5735.820527983,"data":"\r[cosine_anneal] Stage2 Epoch 71/75:  21%|██▏       | 35/164 [00:14\u003c00:48,  2.67it/s, loss=0.1132, acc=0.9609]\r[cosine_anneal] Stage2 Epoch 71/75:  22%|██▏       | 36/164 [00:14\u003c00:47,  2.68it/s, loss=0.1132, acc=0.9609]\n"}
,{"stream_name":"stderr","time":5736.191948851,"data":"\r[cosine_anneal] Stage2 Epoch 71/75:  22%|██▏       | 36/164 [00:14\u003c00:47,  2.68it/s, loss=0.1132, acc=0.9609]\r[cosine_anneal] Stage2 Epoch 71/75:  22%|██▏       | 36/164 [00:14\u003c00:47,  2.68it/s, loss=0.1113, acc=0.9620]\n"}
,{"stream_name":"stderr","time":5736.192882171,"data":"\r[cosine_anneal] Stage2 Epoch 71/75:  22%|██▏       | 36/164 [00:14\u003c00:47,  2.68it/s, loss=0.1113, acc=0.9620]\r[cosine_anneal] Stage2 Epoch 71/75:  23%|██▎       | 37/164 [00:14\u003c00:47,  2.67it/s, loss=0.1113, acc=0.9620]\n"}
,{"stream_name":"stderr","time":5736.561733229,"data":"\r[cosine_anneal] Stage2 Epoch 71/75:  23%|██▎       | 37/164 [00:14\u003c00:47,  2.67it/s, loss=0.1113, acc=0.9620]\r[cosine_anneal] Stage2 Epoch 71/75:  23%|██▎       | 37/164 [00:15\u003c00:47,  2.67it/s, loss=0.1102, acc=0.9630]\n"}
,{"stream_name":"stderr","time":5736.563098014,"data":"\r[cosine_anneal] Stage2 Epoch 71/75:  23%|██▎       | 37/164 [00:15\u003c00:47,  2.67it/s, loss=0.1102, acc=0.9630]\r[cosine_anneal] Stage2 Epoch 71/75:  23%|██▎       | 38/164 [00:15\u003c00:46,  2.68it/s, loss=0.1102, acc=0.9630]\n"}
,{"stream_name":"stderr","time":5736.932122093,"data":"\r[cosine_anneal] Stage2 Epoch 71/75:  23%|██▎       | 38/164 [00:15\u003c00:46,  2.68it/s, loss=0.1102, acc=0.9630]\r[cosine_anneal] Stage2 Epoch 71/75:  23%|██▎       | 38/164 [00:15\u003c00:46,  2.68it/s, loss=0.1089, acc=0.9639]\n"}
,{"stream_name":"stderr","time":5736.933350419,"data":"\r[cosine_anneal] Stage2 Epoch 71/75:  23%|██▎       | 38/164 [00:15\u003c00:46,  2.68it/s, loss=0.1089, acc=0.9639]\r[cosine_anneal] Stage2 Epoch 71/75:  24%|██▍       | 39/164 [00:15\u003c00:46,  2.69it/s, loss=0.1089, acc=0.9639]\n"}
,{"stream_name":"stderr","time":5737.310168443,"data":"\r[cosine_anneal] Stage2 Epoch 71/75:  24%|██▍       | 39/164 [00:15\u003c00:46,  2.69it/s, loss=0.1089, acc=0.9639]\r[cosine_anneal] Stage2 Epoch 71/75:  24%|██▍       | 39/164 [00:15\u003c00:46,  2.69it/s, loss=0.1091, acc=0.9641]\n"}
,{"stream_name":"stderr","time":5737.311253292,"data":"\r[cosine_anneal] Stage2 Epoch 71/75:  24%|██▍       | 39/164 [00:15\u003c00:46,  2.69it/s, loss=0.1091, acc=0.9641]\r[cosine_anneal] Stage2 Epoch 71/75:  24%|██▍       | 40/164 [00:15\u003c00:46,  2.67it/s, loss=0.1091, acc=0.9641]\n"}
,{"stream_name":"stderr","time":5737.68179729,"data":"\r[cosine_anneal] Stage2 Epoch 71/75:  24%|██▍       | 40/164 [00:15\u003c00:46,  2.67it/s, loss=0.1091, acc=0.9641]\r[cosine_anneal] Stage2 Epoch 71/75:  24%|██▍       | 40/164 [00:16\u003c00:46,  2.67it/s, loss=0.1087, acc=0.9642]\n"}
,{"stream_name":"stderr","time":5737.683721294,"data":"\r[cosine_anneal] Stage2 Epoch 71/75:  24%|██▍       | 40/164 [00:16\u003c00:46,  2.67it/s, loss=0.1087, acc=0.9642]\r[cosine_anneal] Stage2 Epoch 71/75:  25%|██▌       | 41/164 [00:16\u003c00:45,  2.68it/s, loss=0.1087, acc=0.9642]\n"}
,{"stream_name":"stderr","time":5738.06299821,"data":"\r[cosine_anneal] Stage2 Epoch 71/75:  25%|██▌       | 41/164 [00:16\u003c00:45,  2.68it/s, loss=0.1087, acc=0.9642]\r[cosine_anneal] Stage2 Epoch 71/75:  25%|██▌       | 41/164 [00:16\u003c00:45,  2.68it/s, loss=0.1096, acc=0.9643]\n"}
,{"stream_name":"stderr","time":5738.063904546,"data":"\r[cosine_anneal] Stage2 Epoch 71/75:  25%|██▌       | 41/164 [00:16\u003c00:45,  2.68it/s, loss=0.1096, acc=0.9643]\r[cosine_anneal] Stage2 Epoch 71/75:  26%|██▌       | 42/164 [00:16\u003c00:45,  2.66it/s, loss=0.1096, acc=0.9643]\n"}
,{"stream_name":"stderr","time":5738.430401939,"data":"\r[cosine_anneal] Stage2 Epoch 71/75:  26%|██▌       | 42/164 [00:16\u003c00:45,  2.66it/s, loss=0.1096, acc=0.9643]\r[cosine_anneal] Stage2 Epoch 71/75:  26%|██▌       | 42/164 [00:16\u003c00:45,  2.66it/s, loss=0.1104, acc=0.9644]\n"}
,{"stream_name":"stderr","time":5738.431457012,"data":"\r[cosine_anneal] Stage2 Epoch 71/75:  26%|██▌       | 42/164 [00:16\u003c00:45,  2.66it/s, loss=0.1104, acc=0.9644]\r[cosine_anneal] Stage2 Epoch 71/75:  26%|██▌       | 43/164 [00:16\u003c00:45,  2.68it/s, loss=0.1104, acc=0.9644]\n"}
,{"stream_name":"stderr","time":5738.803089426,"data":"\r[cosine_anneal] Stage2 Epoch 71/75:  26%|██▌       | 43/164 [00:16\u003c00:45,  2.68it/s, loss=0.1104, acc=0.9644]\r[cosine_anneal] Stage2 Epoch 71/75:  26%|██▌       | 43/164 [00:17\u003c00:45,  2.68it/s, loss=0.1080, acc=0.9652]\n"}
,{"stream_name":"stderr","time":5738.804120417,"data":"\r[cosine_anneal] Stage2 Epoch 71/75:  26%|██▌       | 43/164 [00:17\u003c00:45,  2.68it/s, loss=0.1080, acc=0.9652]\r[cosine_anneal] Stage2 Epoch 71/75:  27%|██▋       | 44/164 [00:17\u003c00:44,  2.68it/s, loss=0.1080, acc=0.9652]\n"}
,{"stream_name":"stderr","time":5739.17724483,"data":"\r[cosine_anneal] Stage2 Epoch 71/75:  27%|██▋       | 44/164 [00:17\u003c00:44,  2.68it/s, loss=0.1080, acc=0.9652]\r[cosine_anneal] Stage2 Epoch 71/75:  27%|██▋       | 44/164 [00:17\u003c00:44,  2.68it/s, loss=0.1107, acc=0.9646]\n"}
,{"stream_name":"stderr","time":5739.178139611,"data":"\r[cosine_anneal] Stage2 Epoch 71/75:  27%|██▋       | 44/164 [00:17\u003c00:44,  2.68it/s, loss=0.1107, acc=0.9646]\r[cosine_anneal] Stage2 Epoch 71/75:  27%|██▋       | 45/164 [00:17\u003c00:44,  2.68it/s, loss=0.1107, acc=0.9646]\n"}
,{"stream_name":"stderr","time":5739.551608712,"data":"\r[cosine_anneal] Stage2 Epoch 71/75:  27%|██▋       | 45/164 [00:17\u003c00:44,  2.68it/s, loss=0.1107, acc=0.9646]\r[cosine_anneal] Stage2 Epoch 71/75:  27%|██▋       | 45/164 [00:18\u003c00:44,  2.68it/s, loss=0.1103, acc=0.9647]\n"}
,{"stream_name":"stderr","time":5739.552612178,"data":"\r[cosine_anneal] Stage2 Epoch 71/75:  27%|██▋       | 45/164 [00:18\u003c00:44,  2.68it/s, loss=0.1103, acc=0.9647]\r[cosine_anneal] Stage2 Epoch 71/75:  28%|██▊       | 46/164 [00:18\u003c00:44,  2.68it/s, loss=0.1103, acc=0.9647]\n"}
,{"stream_name":"stderr","time":5739.927590409,"data":"\r[cosine_anneal] Stage2 Epoch 71/75:  28%|██▊       | 46/164 [00:18\u003c00:44,  2.68it/s, loss=0.1103, acc=0.9647]\r[cosine_anneal] Stage2 Epoch 71/75:  28%|██▊       | 46/164 [00:18\u003c00:44,  2.68it/s, loss=0.1128, acc=0.9634]\n"}
,{"stream_name":"stderr","time":5739.928986062,"data":"\r[cosine_anneal] Stage2 Epoch 71/75:  28%|██▊       | 46/164 [00:18\u003c00:44,  2.68it/s, loss=0.1128, acc=0.9634]\r[cosine_anneal] Stage2 Epoch 71/75:  29%|██▊       | 47/164 [00:18\u003c00:43,  2.67it/s, loss=0.1128, acc=0.9634]\n"}
,{"stream_name":"stderr","time":5740.302169432,"data":"\r[cosine_anneal] Stage2 Epoch 71/75:  29%|██▊       | 47/164 [00:18\u003c00:43,  2.67it/s, loss=0.1128, acc=0.9634]\r[cosine_anneal] Stage2 Epoch 71/75:  29%|██▊       | 47/164 [00:18\u003c00:43,  2.67it/s, loss=0.1133, acc=0.9635]\n"}
,{"stream_name":"stderr","time":5740.303916742,"data":"\r[cosine_anneal] Stage2 Epoch 71/75:  29%|██▊       | 47/164 [00:18\u003c00:43,  2.67it/s, loss=0.1133, acc=0.9635]\r[cosine_anneal] Stage2 Epoch 71/75:  29%|██▉       | 48/164 [00:18\u003c00:43,  2.67it/s, loss=0.1133, acc=0.9635]\n"}
,{"stream_name":"stderr","time":5740.677846365,"data":"\r[cosine_anneal] Stage2 Epoch 71/75:  29%|██▉       | 48/164 [00:18\u003c00:43,  2.67it/s, loss=0.1133, acc=0.9635]\r[cosine_anneal] Stage2 Epoch 71/75:  29%|██▉       | 48/164 [00:19\u003c00:43,  2.67it/s, loss=0.1132, acc=0.9636]\n"}
,{"stream_name":"stderr","time":5740.679002341,"data":"\r[cosine_anneal] Stage2 Epoch 71/75:  29%|██▉       | 48/164 [00:19\u003c00:43,  2.67it/s, loss=0.1132, acc=0.9636]\r[cosine_anneal] Stage2 Epoch 71/75:  30%|██▉       | 49/164 [00:19\u003c00:43,  2.67it/s, loss=0.1132, acc=0.9636]\n"}
,{"stream_name":"stderr","time":5741.054910771,"data":"\r[cosine_anneal] Stage2 Epoch 71/75:  30%|██▉       | 49/164 [00:19\u003c00:43,  2.67it/s, loss=0.1132, acc=0.9636]\r[cosine_anneal] Stage2 Epoch 71/75:  30%|██▉       | 49/164 [00:19\u003c00:43,  2.67it/s, loss=0.1187, acc=0.9631]\n"}
,{"stream_name":"stderr","time":5741.056567051,"data":"\r[cosine_anneal] Stage2 Epoch 71/75:  30%|██▉       | 49/164 [00:19\u003c00:43,  2.67it/s, loss=0.1187, acc=0.9631]\r[cosine_anneal] Stage2 Epoch 71/75:  30%|███       | 50/164 [00:19\u003c00:42,  2.66it/s, loss=0.1187, acc=0.9631]\n"}
,{"stream_name":"stderr","time":5741.427296971,"data":"\r[cosine_anneal] Stage2 Epoch 71/75:  30%|███       | 50/164 [00:19\u003c00:42,  2.66it/s, loss=0.1187, acc=0.9631]\r[cosine_anneal] Stage2 Epoch 71/75:  30%|███       | 50/164 [00:19\u003c00:42,  2.66it/s, loss=0.1207, acc=0.9632]\n"}
,{"stream_name":"stderr","time":5741.42849674,"data":"\r[cosine_anneal] Stage2 Epoch 71/75:  30%|███       | 50/164 [00:19\u003c00:42,  2.66it/s, loss=0.1207, acc=0.9632]\r[cosine_anneal] Stage2 Epoch 71/75:  31%|███       | 51/164 [00:19\u003c00:42,  2.67it/s, loss=0.1207, acc=0.9632]\n"}
,{"stream_name":"stderr","time":5741.804070031,"data":"\r[cosine_anneal] Stage2 Epoch 71/75:  31%|███       | 51/164 [00:19\u003c00:42,  2.67it/s, loss=0.1207, acc=0.9632]\r[cosine_anneal] Stage2 Epoch 71/75:  31%|███       | 51/164 [00:20\u003c00:42,  2.67it/s, loss=0.1228, acc=0.9621]\n"}
,{"stream_name":"stderr","time":5741.804805952,"data":"\r[cosine_anneal] Stage2 Epoch 71/75:  31%|███       | 51/164 [00:20\u003c00:42,  2.67it/s, loss=0.1228, acc=0.9621]\r[cosine_anneal] Stage2 Epoch 71/75:  32%|███▏      | 52/164 [00:20\u003c00:42,  2.66it/s, loss=0.1228, acc=0.9621]\n"}
,{"stream_name":"stderr","time":5742.180111781,"data":"\r[cosine_anneal] Stage2 Epoch 71/75:  32%|███▏      | 52/164 [00:20\u003c00:42,  2.66it/s, loss=0.1228, acc=0.9621]\r[cosine_anneal] Stage2 Epoch 71/75:  32%|███▏      | 52/164 [00:20\u003c00:42,  2.66it/s, loss=0.1231, acc=0.9617]\n"}
,{"stream_name":"stderr","time":5742.180785638,"data":"\r[cosine_anneal] Stage2 Epoch 71/75:  32%|███▏      | 52/164 [00:20\u003c00:42,  2.66it/s, loss=0.1231, acc=0.9617]\r[cosine_anneal] Stage2 Epoch 71/75:  32%|███▏      | 53/164 [00:20\u003c00:41,  2.66it/s, loss=0.1231, acc=0.9617]\n"}
,{"stream_name":"stderr","time":5742.562422036,"data":"\r[cosine_anneal] Stage2 Epoch 71/75:  32%|███▏      | 53/164 [00:20\u003c00:41,  2.66it/s, loss=0.1231, acc=0.9617]\r[cosine_anneal] Stage2 Epoch 71/75:  32%|███▏      | 53/164 [00:21\u003c00:41,  2.66it/s, loss=0.1222, acc=0.9618]\n"}
,{"stream_name":"stderr","time":5742.56245861,"data":"\r[cosine_anneal] Stage2 Epoch 71/75:  32%|███▏      | 53/164 [00:21\u003c00:41,  2.66it/s, loss=0.1222, acc=0.9618]\r[cosine_anneal] Stage2 Epoch 71/75:  33%|███▎      | 54/164 [00:21\u003c00:41,  2.65it/s, loss=0.1222, acc=0.9618]\n"}
,{"stream_name":"stderr","time":5742.935597736,"data":"\r[cosine_anneal] Stage2 Epoch 71/75:  33%|███▎      | 54/164 [00:21\u003c00:41,  2.65it/s, loss=0.1222, acc=0.9618]\r[cosine_anneal] Stage2 Epoch 71/75:  33%|███▎      | 54/164 [00:21\u003c00:41,  2.65it/s, loss=0.1221, acc=0.9619]\n"}
,{"stream_name":"stderr","time":5742.937775598,"data":"\r[cosine_anneal] Stage2 Epoch 71/75:  33%|███▎      | 54/164 [00:21\u003c00:41,  2.65it/s, loss=0.1221, acc=0.9619]\r[cosine_anneal] Stage2 Epoch 71/75:  34%|███▎      | 55/164 [00:21\u003c00:41,  2.66it/s, loss=0.1221, acc=0.9619]\n"}
,{"stream_name":"stderr","time":5743.310189516,"data":"\r[cosine_anneal] Stage2 Epoch 71/75:  34%|███▎      | 55/164 [00:21\u003c00:41,  2.66it/s, loss=0.1221, acc=0.9619]\r[cosine_anneal] Stage2 Epoch 71/75:  34%|███▎      | 55/164 [00:21\u003c00:41,  2.66it/s, loss=0.1227, acc=0.9615]\n"}
,{"stream_name":"stderr","time":5743.311340029,"data":"\r[cosine_anneal] Stage2 Epoch 71/75:  34%|███▎      | 55/164 [00:21\u003c00:41,  2.66it/s, loss=0.1227, acc=0.9615]\r[cosine_anneal] Stage2 Epoch 71/75:  34%|███▍      | 56/164 [00:21\u003c00:40,  2.66it/s, loss=0.1227, acc=0.9615]\n"}
,{"stream_name":"stderr","time":5743.684600249,"data":"\r[cosine_anneal] Stage2 Epoch 71/75:  34%|███▍      | 56/164 [00:21\u003c00:40,  2.66it/s, loss=0.1227, acc=0.9615]\r[cosine_anneal] Stage2 Epoch 71/75:  34%|███▍      | 56/164 [00:22\u003c00:40,  2.66it/s, loss=0.1213, acc=0.9616]\n"}
,{"stream_name":"stderr","time":5743.685646981,"data":"\r[cosine_anneal] Stage2 Epoch 71/75:  34%|███▍      | 56/164 [00:22\u003c00:40,  2.66it/s, loss=0.1213, acc=0.9616]\r[cosine_anneal] Stage2 Epoch 71/75:  35%|███▍      | 57/164 [00:22\u003c00:40,  2.66it/s, loss=0.1213, acc=0.9616]\n"}
,{"stream_name":"stderr","time":5744.059702897,"data":"\r[cosine_anneal] Stage2 Epoch 71/75:  35%|███▍      | 57/164 [00:22\u003c00:40,  2.66it/s, loss=0.1213, acc=0.9616]\r[cosine_anneal] Stage2 Epoch 71/75:  35%|███▍      | 57/164 [00:22\u003c00:40,  2.66it/s, loss=0.1204, acc=0.9623]\n"}
,{"stream_name":"stderr","time":5744.060766795,"data":"\r[cosine_anneal] Stage2 Epoch 71/75:  35%|███▍      | 57/164 [00:22\u003c00:40,  2.66it/s, loss=0.1204, acc=0.9623]\r[cosine_anneal] Stage2 Epoch 71/75:  35%|███▌      | 58/164 [00:22\u003c00:39,  2.66it/s, loss=0.1204, acc=0.9623]\n"}
,{"stream_name":"stderr","time":5744.42969035,"data":"\r[cosine_anneal] Stage2 Epoch 71/75:  35%|███▌      | 58/164 [00:22\u003c00:39,  2.66it/s, loss=0.1204, acc=0.9623]\r[cosine_anneal] Stage2 Epoch 71/75:  35%|███▌      | 58/164 [00:22\u003c00:39,  2.66it/s, loss=0.1188, acc=0.9629]\n"}
,{"stream_name":"stderr","time":5744.431014028,"data":"\r[cosine_anneal] Stage2 Epoch 71/75:  35%|███▌      | 58/164 [00:22\u003c00:39,  2.66it/s, loss=0.1188, acc=0.9629]\r[cosine_anneal] Stage2 Epoch 71/75:  36%|███▌      | 59/164 [00:22\u003c00:39,  2.68it/s, loss=0.1188, acc=0.9629]\n"}
,{"stream_name":"stderr","time":5744.809044703,"data":"\r[cosine_anneal] Stage2 Epoch 71/75:  36%|███▌      | 59/164 [00:22\u003c00:39,  2.68it/s, loss=0.1188, acc=0.9629]\r[cosine_anneal] Stage2 Epoch 71/75:  36%|███▌      | 59/164 [00:23\u003c00:39,  2.68it/s, loss=0.1199, acc=0.9630]\n"}
,{"stream_name":"stderr","time":5744.810422433,"data":"\r[cosine_anneal] Stage2 Epoch 71/75:  36%|███▌      | 59/164 [00:23\u003c00:39,  2.68it/s, loss=0.1199, acc=0.9630]\r[cosine_anneal] Stage2 Epoch 71/75:  37%|███▋      | 60/164 [00:23\u003c00:39,  2.67it/s, loss=0.1199, acc=0.9630]\n"}
,{"stream_name":"stderr","time":5745.181403577,"data":"\r[cosine_anneal] Stage2 Epoch 71/75:  37%|███▋      | 60/164 [00:23\u003c00:39,  2.67it/s, loss=0.1199, acc=0.9630]\r[cosine_anneal] Stage2 Epoch 71/75:  37%|███▋      | 60/164 [00:23\u003c00:39,  2.67it/s, loss=0.1212, acc=0.9631]\n"}
,{"stream_name":"stderr","time":5745.182482947,"data":"\r[cosine_anneal] Stage2 Epoch 71/75:  37%|███▋      | 60/164 [00:23\u003c00:39,  2.67it/s, loss=0.1212, acc=0.9631]\r[cosine_anneal] Stage2 Epoch 71/75:  37%|███▋      | 61/164 [00:23\u003c00:38,  2.67it/s, loss=0.1212, acc=0.9631]\n"}
,{"stream_name":"stderr","time":5745.556546019,"data":"\r[cosine_anneal] Stage2 Epoch 71/75:  37%|███▋      | 61/164 [00:23\u003c00:38,  2.67it/s, loss=0.1212, acc=0.9631]\r[cosine_anneal] Stage2 Epoch 71/75:  37%|███▋      | 61/164 [00:24\u003c00:38,  2.67it/s, loss=0.1231, acc=0.9632]\n"}
,{"stream_name":"stderr","time":5745.559051844,"data":"\r[cosine_anneal] Stage2 Epoch 71/75:  37%|███▋      | 61/164 [00:24\u003c00:38,  2.67it/s, loss=0.1231, acc=0.9632]\r[cosine_anneal] Stage2 Epoch 71/75:  38%|███▊      | 62/164 [00:24\u003c00:38,  2.67it/s, loss=0.1231, acc=0.9632]\n"}
,{"stream_name":"stderr","time":5745.937833771,"data":"\r[cosine_anneal] Stage2 Epoch 71/75:  38%|███▊      | 62/164 [00:24\u003c00:38,  2.67it/s, loss=0.1231, acc=0.9632]\r[cosine_anneal] Stage2 Epoch 71/75:  38%|███▊      | 62/164 [00:24\u003c00:38,  2.67it/s, loss=0.1234, acc=0.9628]\n"}
,{"stream_name":"stderr","time":5745.939525812,"data":"\r[cosine_anneal] Stage2 Epoch 71/75:  38%|███▊      | 62/164 [00:24\u003c00:38,  2.67it/s, loss=0.1234, acc=0.9628]\r[cosine_anneal] Stage2 Epoch 71/75:  38%|███▊      | 63/164 [00:24\u003c00:38,  2.66it/s, loss=0.1234, acc=0.9628]\n"}
,{"stream_name":"stderr","time":5746.309524374,"data":"\r[cosine_anneal] Stage2 Epoch 71/75:  38%|███▊      | 63/164 [00:24\u003c00:38,  2.66it/s, loss=0.1234, acc=0.9628]\r[cosine_anneal] Stage2 Epoch 71/75:  38%|███▊      | 63/164 [00:24\u003c00:38,  2.66it/s, loss=0.1276, acc=0.9619]\n"}
,{"stream_name":"stderr","time":5746.31057667,"data":"\r[cosine_anneal] Stage2 Epoch 71/75:  38%|███▊      | 63/164 [00:24\u003c00:38,  2.66it/s, loss=0.1276, acc=0.9619]\r[cosine_anneal] Stage2 Epoch 71/75:  39%|███▉      | 64/164 [00:24\u003c00:37,  2.67it/s, loss=0.1276, acc=0.9619]\n"}
,{"stream_name":"stderr","time":5746.680878279,"data":"\r[cosine_anneal] Stage2 Epoch 71/75:  39%|███▉      | 64/164 [00:24\u003c00:37,  2.67it/s, loss=0.1276, acc=0.9619]\r[cosine_anneal] Stage2 Epoch 71/75:  39%|███▉      | 64/164 [00:25\u003c00:37,  2.67it/s, loss=0.1294, acc=0.9620]\n"}
,{"stream_name":"stderr","time":5746.682084672,"data":"\r[cosine_anneal] Stage2 Epoch 71/75:  39%|███▉      | 64/164 [00:25\u003c00:37,  2.67it/s, loss=0.1294, acc=0.9620]\r[cosine_anneal] Stage2 Epoch 71/75:  40%|███▉      | 65/164 [00:25\u003c00:37,  2.67it/s, loss=0.1294, acc=0.9620]\n"}
,{"stream_name":"stderr","time":5747.053504717,"data":"\r[cosine_anneal] Stage2 Epoch 71/75:  40%|███▉      | 65/164 [00:25\u003c00:37,  2.67it/s, loss=0.1294, acc=0.9620]\r[cosine_anneal] Stage2 Epoch 71/75:  40%|███▉      | 65/164 [00:25\u003c00:37,  2.67it/s, loss=0.1294, acc=0.9616]\n"}
,{"stream_name":"stderr","time":5747.054837705,"data":"\r[cosine_anneal] Stage2 Epoch 71/75:  40%|███▉      | 65/164 [00:25\u003c00:37,  2.67it/s, loss=0.1294, acc=0.9616]\r[cosine_anneal] Stage2 Epoch 71/75:  40%|████      | 66/164 [00:25\u003c00:36,  2.68it/s, loss=0.1294, acc=0.9616]\n"}
,{"stream_name":"stderr","time":5747.423688742,"data":"\r[cosine_anneal] Stage2 Epoch 71/75:  40%|████      | 66/164 [00:25\u003c00:36,  2.68it/s, loss=0.1294, acc=0.9616]\r[cosine_anneal] Stage2 Epoch 71/75:  40%|████      | 66/164 [00:25\u003c00:36,  2.68it/s, loss=0.1288, acc=0.9618]\n"}
,{"stream_name":"stderr","time":5747.424793912,"data":"\r[cosine_anneal] Stage2 Epoch 71/75:  40%|████      | 66/164 [00:25\u003c00:36,  2.68it/s, loss=0.1288, acc=0.9618]\r[cosine_anneal] Stage2 Epoch 71/75:  41%|████      | 67/164 [00:25\u003c00:36,  2.68it/s, loss=0.1288, acc=0.9618]\n"}
,{"stream_name":"stderr","time":5747.804447991,"data":"\r[cosine_anneal] Stage2 Epoch 71/75:  41%|████      | 67/164 [00:25\u003c00:36,  2.68it/s, loss=0.1288, acc=0.9618]\r[cosine_anneal] Stage2 Epoch 71/75:  41%|████      | 67/164 [00:26\u003c00:36,  2.68it/s, loss=0.1274, acc=0.9623]\n"}
,{"stream_name":"stderr","time":5747.805179408,"data":"\r[cosine_anneal] Stage2 Epoch 71/75:  41%|████      | 67/164 [00:26\u003c00:36,  2.68it/s, loss=0.1274, acc=0.9623]\r[cosine_anneal] Stage2 Epoch 71/75:  41%|████▏     | 68/164 [00:26\u003c00:35,  2.67it/s, loss=0.1274, acc=0.9623]\n"}
,{"stream_name":"stderr","time":5748.172876796,"data":"\r[cosine_anneal] Stage2 Epoch 71/75:  41%|████▏     | 68/164 [00:26\u003c00:35,  2.67it/s, loss=0.1274, acc=0.9623]\r[cosine_anneal] Stage2 Epoch 71/75:  41%|████▏     | 68/164 [00:26\u003c00:35,  2.67it/s, loss=0.1270, acc=0.9624]\n"}
,{"stream_name":"stderr","time":5748.177880111,"data":"\r[cosine_anneal] Stage2 Epoch 71/75:  41%|████▏     | 68/164 [00:26\u003c00:35,  2.67it/s, loss=0.1270, acc=0.9624]\r[cosine_anneal] Stage2 Epoch 71/75:  42%|████▏     | 69/164 [00:26\u003c00:35,  2.68it/s, loss=0.1270, acc=0.9624]\n"}
,{"stream_name":"stderr","time":5748.547747868,"data":"\r[cosine_anneal] Stage2 Epoch 71/75:  42%|████▏     | 69/164 [00:26\u003c00:35,  2.68it/s, loss=0.1270, acc=0.9624]\r[cosine_anneal] Stage2 Epoch 71/75:  42%|████▏     | 69/164 [00:27\u003c00:35,  2.68it/s, loss=0.1279, acc=0.9621]\n"}
,{"stream_name":"stderr","time":5748.54880444,"data":"\r[cosine_anneal] Stage2 Epoch 71/75:  42%|████▏     | 69/164 [00:27\u003c00:35,  2.68it/s, loss=0.1279, acc=0.9621]\r[cosine_anneal] Stage2 Epoch 71/75:  43%|████▎     | 70/164 [00:27\u003c00:35,  2.68it/s, loss=0.1279, acc=0.9621]\n"}
,{"stream_name":"stderr","time":5748.917808421,"data":"\r[cosine_anneal] Stage2 Epoch 71/75:  43%|████▎     | 70/164 [00:27\u003c00:35,  2.68it/s, loss=0.1279, acc=0.9621]\r[cosine_anneal] Stage2 Epoch 71/75:  43%|████▎     | 70/164 [00:27\u003c00:35,  2.68it/s, loss=0.1278, acc=0.9617]\n"}
,{"stream_name":"stderr","time":5748.918927054,"data":"\r[cosine_anneal] Stage2 Epoch 71/75:  43%|████▎     | 70/164 [00:27\u003c00:35,  2.68it/s, loss=0.1278, acc=0.9617]\r[cosine_anneal] Stage2 Epoch 71/75:  43%|████▎     | 71/164 [00:27\u003c00:34,  2.68it/s, loss=0.1278, acc=0.9617]\n"}
,{"stream_name":"stderr","time":5749.290575125,"data":"\r[cosine_anneal] Stage2 Epoch 71/75:  43%|████▎     | 71/164 [00:27\u003c00:34,  2.68it/s, loss=0.1278, acc=0.9617]\r[cosine_anneal] Stage2 Epoch 71/75:  43%|████▎     | 71/164 [00:27\u003c00:34,  2.68it/s, loss=0.1272, acc=0.9618]\n"}
,{"stream_name":"stderr","time":5749.292194142,"data":"\r[cosine_anneal] Stage2 Epoch 71/75:  43%|████▎     | 71/164 [00:27\u003c00:34,  2.68it/s, loss=0.1272, acc=0.9618]\r[cosine_anneal] Stage2 Epoch 71/75:  44%|████▍     | 72/164 [00:27\u003c00:34,  2.68it/s, loss=0.1272, acc=0.9618]\n"}
,{"stream_name":"stderr","time":5749.667678582,"data":"\r[cosine_anneal] Stage2 Epoch 71/75:  44%|████▍     | 72/164 [00:27\u003c00:34,  2.68it/s, loss=0.1272, acc=0.9618]\r[cosine_anneal] Stage2 Epoch 71/75:  44%|████▍     | 72/164 [00:28\u003c00:34,  2.68it/s, loss=0.1259, acc=0.9623]\n"}
,{"stream_name":"stderr","time":5749.668678088,"data":"\r[cosine_anneal] Stage2 Epoch 71/75:  44%|████▍     | 72/164 [00:28\u003c00:34,  2.68it/s, loss=0.1259, acc=0.9623]\r[cosine_anneal] Stage2 Epoch 71/75:  45%|████▍     | 73/164 [00:28\u003c00:34,  2.67it/s, loss=0.1259, acc=0.9623]\n"}
,{"stream_name":"stderr","time":5750.037521588,"data":"\r[cosine_anneal] Stage2 Epoch 71/75:  45%|████▍     | 73/164 [00:28\u003c00:34,  2.67it/s, loss=0.1259, acc=0.9623]\r[cosine_anneal] Stage2 Epoch 71/75:  45%|████▍     | 73/164 [00:28\u003c00:34,  2.67it/s, loss=0.1259, acc=0.9624]\n"}
,{"stream_name":"stderr","time":5750.038755765,"data":"\r[cosine_anneal] Stage2 Epoch 71/75:  45%|████▍     | 73/164 [00:28\u003c00:34,  2.67it/s, loss=0.1259, acc=0.9624]\r[cosine_anneal] Stage2 Epoch 71/75:  45%|████▌     | 74/164 [00:28\u003c00:33,  2.68it/s, loss=0.1259, acc=0.9624]\n"}
,{"stream_name":"stderr","time":5750.41778129,"data":"\r[cosine_anneal] Stage2 Epoch 71/75:  45%|████▌     | 74/164 [00:28\u003c00:33,  2.68it/s, loss=0.1259, acc=0.9624]\r[cosine_anneal] Stage2 Epoch 71/75:  45%|████▌     | 74/164 [00:28\u003c00:33,  2.68it/s, loss=0.1246, acc=0.9629]\n"}
,{"stream_name":"stderr","time":5750.4190774,"data":"\r[cosine_anneal] Stage2 Epoch 71/75:  45%|████▌     | 74/164 [00:28\u003c00:33,  2.68it/s, loss=0.1246, acc=0.9629]\r[cosine_anneal] Stage2 Epoch 71/75:  46%|████▌     | 75/164 [00:28\u003c00:33,  2.67it/s, loss=0.1246, acc=0.9629]\n"}
,{"stream_name":"stderr","time":5750.791553908,"data":"\r[cosine_anneal] Stage2 Epoch 71/75:  46%|████▌     | 75/164 [00:28\u003c00:33,  2.67it/s, loss=0.1246, acc=0.9629]\r[cosine_anneal] Stage2 Epoch 71/75:  46%|████▌     | 75/164 [00:29\u003c00:33,  2.67it/s, loss=0.1245, acc=0.9630]\n"}
,{"stream_name":"stderr","time":5750.792806109,"data":"\r[cosine_anneal] Stage2 Epoch 71/75:  46%|████▌     | 75/164 [00:29\u003c00:33,  2.67it/s, loss=0.1245, acc=0.9630]\r[cosine_anneal] Stage2 Epoch 71/75:  46%|████▋     | 76/164 [00:29\u003c00:32,  2.67it/s, loss=0.1245, acc=0.9630]\n"}
,{"stream_name":"stderr","time":5751.168971413,"data":"\r[cosine_anneal] Stage2 Epoch 71/75:  46%|████▋     | 76/164 [00:29\u003c00:32,  2.67it/s, loss=0.1245, acc=0.9630]\r[cosine_anneal] Stage2 Epoch 71/75:  46%|████▋     | 76/164 [00:29\u003c00:32,  2.67it/s, loss=0.1232, acc=0.9635]\n"}
,{"stream_name":"stderr","time":5751.170072923,"data":"\r[cosine_anneal] Stage2 Epoch 71/75:  46%|████▋     | 76/164 [00:29\u003c00:32,  2.67it/s, loss=0.1232, acc=0.9635]\r[cosine_anneal] Stage2 Epoch 71/75:  47%|████▋     | 77/164 [00:29\u003c00:32,  2.66it/s, loss=0.1232, acc=0.9635]\n"}
,{"stream_name":"stderr","time":5751.538527089,"data":"\r[cosine_anneal] Stage2 Epoch 71/75:  47%|████▋     | 77/164 [00:29\u003c00:32,  2.66it/s, loss=0.1232, acc=0.9635]\r[cosine_anneal] Stage2 Epoch 71/75:  47%|████▋     | 77/164 [00:30\u003c00:32,  2.66it/s, loss=0.1253, acc=0.9627]\n"}
,{"stream_name":"stderr","time":5751.539143257,"data":"\r[cosine_anneal] Stage2 Epoch 71/75:  47%|████▋     | 77/164 [00:30\u003c00:32,  2.66it/s, loss=0.1253, acc=0.9627]\r[cosine_anneal] Stage2 Epoch 71/75:  48%|████▊     | 78/164 [00:30\u003c00:32,  2.68it/s, loss=0.1253, acc=0.9627]\n"}
,{"stream_name":"stderr","time":5751.916970109,"data":"\r[cosine_anneal] Stage2 Epoch 71/75:  48%|████▊     | 78/164 [00:30\u003c00:32,  2.68it/s, loss=0.1253, acc=0.9627]\r[cosine_anneal] Stage2 Epoch 71/75:  48%|████▊     | 78/164 [00:30\u003c00:32,  2.68it/s, loss=0.1242, acc=0.9632]\n"}
,{"stream_name":"stderr","time":5751.918671183,"data":"\r[cosine_anneal] Stage2 Epoch 71/75:  48%|████▊     | 78/164 [00:30\u003c00:32,  2.68it/s, loss=0.1242, acc=0.9632]\r[cosine_anneal] Stage2 Epoch 71/75:  48%|████▊     | 79/164 [00:30\u003c00:31,  2.66it/s, loss=0.1242, acc=0.9632]\n"}
,{"stream_name":"stderr","time":5752.292051158,"data":"\r[cosine_anneal] Stage2 Epoch 71/75:  48%|████▊     | 79/164 [00:30\u003c00:31,  2.66it/s, loss=0.1242, acc=0.9632]\r[cosine_anneal] Stage2 Epoch 71/75:  48%|████▊     | 79/164 [00:30\u003c00:31,  2.66it/s, loss=0.1244, acc=0.9629]\n"}
,{"stream_name":"stderr","time":5752.293443795,"data":"\r[cosine_anneal] Stage2 Epoch 71/75:  48%|████▊     | 79/164 [00:30\u003c00:31,  2.66it/s, loss=0.1244, acc=0.9629]\r[cosine_anneal] Stage2 Epoch 71/75:  49%|████▉     | 80/164 [00:30\u003c00:31,  2.67it/s, loss=0.1244, acc=0.9629]\n"}
,{"stream_name":"stderr","time":5752.666621233,"data":"\r[cosine_anneal] Stage2 Epoch 71/75:  49%|████▉     | 80/164 [00:30\u003c00:31,  2.67it/s, loss=0.1244, acc=0.9629]\r[cosine_anneal] Stage2 Epoch 71/75:  49%|████▉     | 80/164 [00:31\u003c00:31,  2.67it/s, loss=0.1235, acc=0.9630]\n"}
,{"stream_name":"stderr","time":5752.667599409,"data":"\r[cosine_anneal] Stage2 Epoch 71/75:  49%|████▉     | 80/164 [00:31\u003c00:31,  2.67it/s, loss=0.1235, acc=0.9630]\r[cosine_anneal] Stage2 Epoch 71/75:  49%|████▉     | 81/164 [00:31\u003c00:31,  2.67it/s, loss=0.1235, acc=0.9630]\n"}
,{"stream_name":"stderr","time":5753.035382115,"data":"\r[cosine_anneal] Stage2 Epoch 71/75:  49%|████▉     | 81/164 [00:31\u003c00:31,  2.67it/s, loss=0.1235, acc=0.9630]\r[cosine_anneal] Stage2 Epoch 71/75:  49%|████▉     | 81/164 [00:31\u003c00:31,  2.67it/s, loss=0.1236, acc=0.9630]\n"}
,{"stream_name":"stderr","time":5753.036309971,"data":"\r[cosine_anneal] Stage2 Epoch 71/75:  49%|████▉     | 81/164 [00:31\u003c00:31,  2.67it/s, loss=0.1236, acc=0.9630]\r[cosine_anneal] Stage2 Epoch 71/75:  50%|█████     | 82/164 [00:31\u003c00:30,  2.68it/s, loss=0.1236, acc=0.9630]\n"}
,{"stream_name":"stderr","time":5753.408627604,"data":"\r[cosine_anneal] Stage2 Epoch 71/75:  50%|█████     | 82/164 [00:31\u003c00:30,  2.68it/s, loss=0.1236, acc=0.9630]\r[cosine_anneal] Stage2 Epoch 71/75:  50%|█████     | 82/164 [00:31\u003c00:30,  2.68it/s, loss=0.1247, acc=0.9627]\n"}
,{"stream_name":"stderr","time":5753.409694782,"data":"\r[cosine_anneal] Stage2 Epoch 71/75:  50%|█████     | 82/164 [00:31\u003c00:30,  2.68it/s, loss=0.1247, acc=0.9627]\r[cosine_anneal] Stage2 Epoch 71/75:  51%|█████     | 83/164 [00:31\u003c00:30,  2.68it/s, loss=0.1247, acc=0.9627]\n"}
,{"stream_name":"stderr","time":5753.783188463,"data":"\r[cosine_anneal] Stage2 Epoch 71/75:  51%|█████     | 83/164 [00:31\u003c00:30,  2.68it/s, loss=0.1247, acc=0.9627]\r[cosine_anneal] Stage2 Epoch 71/75:  51%|█████     | 83/164 [00:32\u003c00:30,  2.68it/s, loss=0.1242, acc=0.9628]\n"}
,{"stream_name":"stderr","time":5753.787781513,"data":"\r[cosine_anneal] Stage2 Epoch 71/75:  51%|█████     | 83/164 [00:32\u003c00:30,  2.68it/s, loss=0.1242, acc=0.9628]\r[cosine_anneal] Stage2 Epoch 71/75:  51%|█████     | 84/164 [00:32\u003c00:29,  2.68it/s, loss=0.1242, acc=0.9628]\n"}
,{"stream_name":"stderr","time":5754.152654655,"data":"\r[cosine_anneal] Stage2 Epoch 71/75:  51%|█████     | 84/164 [00:32\u003c00:29,  2.68it/s, loss=0.1242, acc=0.9628]\r[cosine_anneal] Stage2 Epoch 71/75:  51%|█████     | 84/164 [00:32\u003c00:29,  2.68it/s, loss=0.1234, acc=0.9632]\n"}
,{"stream_name":"stderr","time":5754.154085701,"data":"\r[cosine_anneal] Stage2 Epoch 71/75:  51%|█████     | 84/164 [00:32\u003c00:29,  2.68it/s, loss=0.1234, acc=0.9632]\r[cosine_anneal] Stage2 Epoch 71/75:  52%|█████▏    | 85/164 [00:32\u003c00:29,  2.69it/s, loss=0.1234, acc=0.9632]\n"}
,{"stream_name":"stderr","time":5754.533766281,"data":"\r[cosine_anneal] Stage2 Epoch 71/75:  52%|█████▏    | 85/164 [00:32\u003c00:29,  2.69it/s, loss=0.1234, acc=0.9632]\r[cosine_anneal] Stage2 Epoch 71/75:  52%|█████▏    | 85/164 [00:33\u003c00:29,  2.69it/s, loss=0.1226, acc=0.9637]\n"}
,{"stream_name":"stderr","time":5754.535509309,"data":"\r[cosine_anneal] Stage2 Epoch 71/75:  52%|█████▏    | 85/164 [00:33\u003c00:29,  2.69it/s, loss=0.1226, acc=0.9637]\r[cosine_anneal] Stage2 Epoch 71/75:  52%|█████▏    | 86/164 [00:33\u003c00:29,  2.67it/s, loss=0.1226, acc=0.9637]\n"}
,{"stream_name":"stderr","time":5757.23352207,"data":"\r[cosine_anneal] Stage2 Epoch 71/75:  52%|█████▏    | 86/164 [00:33\u003c00:29,  2.67it/s, loss=0.1226, acc=0.9637]\r[cosine_anneal] Stage2 Epoch 71/75:  52%|█████▏    | 86/164 [00:33\u003c00:29,  2.67it/s, loss=0.1238, acc=0.9630]\n"}
,{"stream_name":"stderr","time":5757.235017584,"data":"\r[cosine_anneal] Stage2 Epoch 71/75:  52%|█████▏    | 86/164 [00:33\u003c00:29,  2.67it/s, loss=0.1238, acc=0.9630]\r[cosine_anneal] Stage2 Epoch 71/75:  53%|█████▎    | 87/164 [00:33\u003c00:28,  2.66it/s, loss=0.1238, acc=0.9630]\n"}
,{"stream_name":"stderr","time":5757.236144057,"data":"\r[cosine_anneal] Stage2 Epoch 71/75:  53%|█████▎    | 87/164 [00:33\u003c00:28,  2.66it/s, loss=0.1238, acc=0.9630]\r[cosine_anneal] Stage2 Epoch 71/75:  53%|█████▎    | 87/164 [00:33\u003c00:28,  2.66it/s, loss=0.1233, acc=0.9631]\n"}
,{"stream_name":"stderr","time":5757.237251524,"data":"\r[cosine_anneal] Stage2 Epoch 71/75:  53%|█████▎    | 87/164 [00:33\u003c00:28,  2.66it/s, loss=0.1233, acc=0.9631]\r[cosine_anneal] Stage2 Epoch 71/75:  54%|█████▎    | 88/164 [00:33\u003c00:28,  2.66it/s, loss=0.1233, acc=0.9631]\n"}
,{"stream_name":"stderr","time":5757.238250378,"data":"\r[cosine_anneal] Stage2 Epoch 71/75:  54%|█████▎    | 88/164 [00:33\u003c00:28,  2.66it/s, loss=0.1233, acc=0.9631]\r[cosine_anneal] Stage2 Epoch 71/75:  54%|█████▎    | 88/164 [00:34\u003c00:28,  2.66it/s, loss=0.1225, acc=0.9635]\n"}
,{"stream_name":"stderr","time":5757.239254806,"data":"\r[cosine_anneal] Stage2 Epoch 71/75:  54%|█████▎    | 88/164 [00:34\u003c00:28,  2.66it/s, loss=0.1225, acc=0.9635]\r[cosine_anneal] Stage2 Epoch 71/75:  54%|█████▍    | 89/164 [00:34\u003c00:28,  2.65it/s, loss=0.1225, acc=0.9635]\n"}
,{"stream_name":"stderr","time":5757.240311067,"data":"\r[cosine_anneal] Stage2 Epoch 71/75:  54%|█████▍    | 89/164 [00:34\u003c00:28,  2.65it/s, loss=0.1225, acc=0.9635]\r[cosine_anneal] Stage2 Epoch 71/75:  54%|█████▍    | 89/164 [00:34\u003c00:28,  2.65it/s, loss=0.1220, acc=0.9635]\n"}
,{"stream_name":"stderr","time":5757.241326294,"data":"\r[cosine_anneal] Stage2 Epoch 71/75:  54%|█████▍    | 89/164 [00:34\u003c00:28,  2.65it/s, loss=0.1220, acc=0.9635]\r[cosine_anneal] Stage2 Epoch 71/75:  55%|█████▍    | 90/164 [00:34\u003c00:27,  2.66it/s, loss=0.1220, acc=0.9635]\n"}
,{"stream_name":"stderr","time":5757.242323137,"data":"\r[cosine_anneal] Stage2 Epoch 71/75:  55%|█████▍    | 90/164 [00:34\u003c00:27,  2.66it/s, loss=0.1220, acc=0.9635]\r[cosine_anneal] Stage2 Epoch 71/75:  55%|█████▍    | 90/164 [00:34\u003c00:27,  2.66it/s, loss=0.1214, acc=0.9636]\n"}
,{"stream_name":"stderr","time":5757.243299525,"data":"\r[cosine_anneal] Stage2 Epoch 71/75:  55%|█████▍    | 90/164 [00:34\u003c00:27,  2.66it/s, loss=0.1214, acc=0.9636]\r[cosine_anneal] Stage2 Epoch 71/75:  55%|█████▌    | 91/164 [00:34\u003c00:27,  2.66it/s, loss=0.1214, acc=0.9636]\n"}
,{"stream_name":"stderr","time":5757.244291981,"data":"\r[cosine_anneal] Stage2 Epoch 71/75:  55%|█████▌    | 91/164 [00:34\u003c00:27,  2.66it/s, loss=0.1214, acc=0.9636]\r[cosine_anneal] Stage2 Epoch 71/75:  55%|█████▌    | 91/164 [00:35\u003c00:27,  2.66it/s, loss=0.1228, acc=0.9637]\n"}
,{"stream_name":"stderr","time":5757.245304979,"data":"\r[cosine_anneal] Stage2 Epoch 71/75:  55%|█████▌    | 91/164 [00:35\u003c00:27,  2.66it/s, loss=0.1228, acc=0.9637]\r[cosine_anneal] Stage2 Epoch 71/75:  56%|█████▌    | 92/164 [00:35\u003c00:26,  2.67it/s, loss=0.1228, acc=0.9637]\n"}
,{"stream_name":"stderr","time":5757.246312708,"data":"\r[cosine_anneal] Stage2 Epoch 71/75:  56%|█████▌    | 92/164 [00:35\u003c00:26,  2.67it/s, loss=0.1228, acc=0.9637]\r[cosine_anneal] Stage2 Epoch 71/75:  56%|█████▌    | 92/164 [00:35\u003c00:26,  2.67it/s, loss=0.1225, acc=0.9640]\n"}
,{"stream_name":"stderr","time":5757.247221003,"data":"\r[cosine_anneal] Stage2 Epoch 71/75:  56%|█████▌    | 92/164 [00:35\u003c00:26,  2.67it/s, loss=0.1225, acc=0.9640]\r[cosine_anneal] Stage2 Epoch 71/75:  57%|█████▋    | 93/164 [00:35\u003c00:26,  2.66it/s, loss=0.1225, acc=0.9640]\n"}
,{"stream_name":"stderr","time":5757.540208191,"data":"\r[cosine_anneal] Stage2 Epoch 71/75:  57%|█████▋    | 93/164 [00:35\u003c00:26,  2.66it/s, loss=0.1225, acc=0.9640]\r[cosine_anneal] Stage2 Epoch 71/75:  57%|█████▋    | 93/164 [00:36\u003c00:26,  2.66it/s, loss=0.1233, acc=0.9638]\n"}
,{"stream_name":"stderr","time":5757.542177705,"data":"\r[cosine_anneal] Stage2 Epoch 71/75:  57%|█████▋    | 93/164 [00:36\u003c00:26,  2.66it/s, loss=0.1233, acc=0.9638]\r[cosine_anneal] Stage2 Epoch 71/75:  57%|█████▋    | 94/164 [00:36\u003c00:26,  2.67it/s, loss=0.1233, acc=0.9638]\n"}
,{"stream_name":"stderr","time":5757.916879588,"data":"\r[cosine_anneal] Stage2 Epoch 71/75:  57%|█████▋    | 94/164 [00:36\u003c00:26,  2.67it/s, loss=0.1233, acc=0.9638]\r[cosine_anneal] Stage2 Epoch 71/75:  57%|█████▋    | 94/164 [00:36\u003c00:26,  2.67it/s, loss=0.1224, acc=0.9641]\n"}
,{"stream_name":"stderr","time":5757.919573589,"data":"\r[cosine_anneal] Stage2 Epoch 71/75:  57%|█████▋    | 94/164 [00:36\u003c00:26,  2.67it/s, loss=0.1224, acc=0.9641]\r[cosine_anneal] Stage2 Epoch 71/75:  58%|█████▊    | 95/164 [00:36\u003c00:25,  2.66it/s, loss=0.1224, acc=0.9641]\n"}
,{"stream_name":"stderr","time":5758.292668585,"data":"\r[cosine_anneal] Stage2 Epoch 71/75:  58%|█████▊    | 95/164 [00:36\u003c00:25,  2.66it/s, loss=0.1224, acc=0.9641]\r[cosine_anneal] Stage2 Epoch 71/75:  58%|█████▊    | 95/164 [00:36\u003c00:25,  2.66it/s, loss=0.1220, acc=0.9642]\n"}
,{"stream_name":"stderr","time":5758.294642352,"data":"\r[cosine_anneal] Stage2 Epoch 71/75:  58%|█████▊    | 95/164 [00:36\u003c00:25,  2.66it/s, loss=0.1220, acc=0.9642]\r[cosine_anneal] Stage2 Epoch 71/75:  59%|█████▊    | 96/164 [00:36\u003c00:25,  2.66it/s, loss=0.1220, acc=0.9642]\n"}
,{"stream_name":"stderr","time":5758.66672243,"data":"\r[cosine_anneal] Stage2 Epoch 71/75:  59%|█████▊    | 96/164 [00:36\u003c00:25,  2.66it/s, loss=0.1220, acc=0.9642]\r[cosine_anneal] Stage2 Epoch 71/75:  59%|█████▊    | 96/164 [00:37\u003c00:25,  2.66it/s, loss=0.1234, acc=0.9642]\n"}
,{"stream_name":"stderr","time":5758.667778164,"data":"\r[cosine_anneal] Stage2 Epoch 71/75:  59%|█████▊    | 96/164 [00:37\u003c00:25,  2.66it/s, loss=0.1234, acc=0.9642]\r[cosine_anneal] Stage2 Epoch 71/75:  59%|█████▉    | 97/164 [00:37\u003c00:25,  2.67it/s, loss=0.1234, acc=0.9642]\n"}
,{"stream_name":"stderr","time":5759.038121277,"data":"\r[cosine_anneal] Stage2 Epoch 71/75:  59%|█████▉    | 97/164 [00:37\u003c00:25,  2.67it/s, loss=0.1234, acc=0.9642]\r[cosine_anneal] Stage2 Epoch 71/75:  59%|█████▉    | 97/164 [00:37\u003c00:25,  2.67it/s, loss=0.1243, acc=0.9636]\n"}
,{"stream_name":"stderr","time":5759.039633042,"data":"\r[cosine_anneal] Stage2 Epoch 71/75:  59%|█████▉    | 97/164 [00:37\u003c00:25,  2.67it/s, loss=0.1243, acc=0.9636]\r[cosine_anneal] Stage2 Epoch 71/75:  60%|█████▉    | 98/164 [00:37\u003c00:24,  2.67it/s, loss=0.1243, acc=0.9636]\n"}
,{"stream_name":"stderr","time":5759.417630787,"data":"\r[cosine_anneal] Stage2 Epoch 71/75:  60%|█████▉    | 98/164 [00:37\u003c00:24,  2.67it/s, loss=0.1243, acc=0.9636]\r[cosine_anneal] Stage2 Epoch 71/75:  60%|█████▉    | 98/164 [00:37\u003c00:24,  2.67it/s, loss=0.1243, acc=0.9637]\n"}
,{"stream_name":"stderr","time":5759.418937533,"data":"\r[cosine_anneal] Stage2 Epoch 71/75:  60%|█████▉    | 98/164 [00:37\u003c00:24,  2.67it/s, loss=0.1243, acc=0.9637]\r[cosine_anneal] Stage2 Epoch 71/75:  60%|██████    | 99/164 [00:37\u003c00:24,  2.66it/s, loss=0.1243, acc=0.9637]\n"}
,{"stream_name":"stderr","time":5759.789785266,"data":"\r[cosine_anneal] Stage2 Epoch 71/75:  60%|██████    | 99/164 [00:37\u003c00:24,  2.66it/s, loss=0.1243, acc=0.9637]\r[cosine_anneal] Stage2 Epoch 71/75:  60%|██████    | 99/164 [00:38\u003c00:24,  2.66it/s, loss=0.1232, acc=0.9641]\n"}
,{"stream_name":"stderr","time":5759.790946902,"data":"\r[cosine_anneal] Stage2 Epoch 71/75:  60%|██████    | 99/164 [00:38\u003c00:24,  2.66it/s, loss=0.1232, acc=0.9641]\r[cosine_anneal] Stage2 Epoch 71/75:  61%|██████    | 100/164 [00:38\u003c00:23,  2.67it/s, loss=0.1232, acc=0.9641]\n"}
,{"stream_name":"stderr","time":5760.167546092,"data":"\r[cosine_anneal] Stage2 Epoch 71/75:  61%|██████    | 100/164 [00:38\u003c00:23,  2.67it/s, loss=0.1232, acc=0.9641]\r[cosine_anneal] Stage2 Epoch 71/75:  61%|██████    | 100/164 [00:38\u003c00:23,  2.67it/s, loss=0.1231, acc=0.9638]\n"}
,{"stream_name":"stderr","time":5760.168757747,"data":"\r[cosine_anneal] Stage2 Epoch 71/75:  61%|██████    | 100/164 [00:38\u003c00:23,  2.67it/s, loss=0.1231, acc=0.9638]\r[cosine_anneal] Stage2 Epoch 71/75:  62%|██████▏   | 101/164 [00:38\u003c00:23,  2.66it/s, loss=0.1231, acc=0.9638]\n"}
,{"stream_name":"stderr","time":5760.545619135,"data":"\r[cosine_anneal] Stage2 Epoch 71/75:  62%|██████▏   | 101/164 [00:38\u003c00:23,  2.66it/s, loss=0.1231, acc=0.9638]\r[cosine_anneal] Stage2 Epoch 71/75:  62%|██████▏   | 101/164 [00:39\u003c00:23,  2.66it/s, loss=0.1244, acc=0.9638]\n"}
,{"stream_name":"stderr","time":5760.547203187,"data":"\r[cosine_anneal] Stage2 Epoch 71/75:  62%|██████▏   | 101/164 [00:39\u003c00:23,  2.66it/s, loss=0.1244, acc=0.9638]\r[cosine_anneal] Stage2 Epoch 71/75:  62%|██████▏   | 102/164 [00:39\u003c00:23,  2.66it/s, loss=0.1244, acc=0.9638]\n"}
,{"stream_name":"stderr","time":5760.919323147,"data":"\r[cosine_anneal] Stage2 Epoch 71/75:  62%|██████▏   | 102/164 [00:39\u003c00:23,  2.66it/s, loss=0.1244, acc=0.9638]\r[cosine_anneal] Stage2 Epoch 71/75:  62%|██████▏   | 102/164 [00:39\u003c00:23,  2.66it/s, loss=0.1263, acc=0.9633]\n"}
,{"stream_name":"stderr","time":5760.920744093,"data":"\r[cosine_anneal] Stage2 Epoch 71/75:  62%|██████▏   | 102/164 [00:39\u003c00:23,  2.66it/s, loss=0.1263, acc=0.9633]\r[cosine_anneal] Stage2 Epoch 71/75:  63%|██████▎   | 103/164 [00:39\u003c00:22,  2.66it/s, loss=0.1263, acc=0.9633]\n"}
,{"stream_name":"stderr","time":5761.295950654,"data":"\r[cosine_anneal] Stage2 Epoch 71/75:  63%|██████▎   | 103/164 [00:39\u003c00:22,  2.66it/s, loss=0.1263, acc=0.9633]\r[cosine_anneal] Stage2 Epoch 71/75:  63%|██████▎   | 103/164 [00:39\u003c00:22,  2.66it/s, loss=0.1297, acc=0.9624]\n"}
,{"stream_name":"stderr","time":5761.297493284,"data":"\r[cosine_anneal] Stage2 Epoch 71/75:  63%|██████▎   | 103/164 [00:39\u003c00:22,  2.66it/s, loss=0.1297, acc=0.9624]\r[cosine_anneal] Stage2 Epoch 71/75:  63%|██████▎   | 104/164 [00:39\u003c00:22,  2.66it/s, loss=0.1297, acc=0.9624]\n"}
,{"stream_name":"stderr","time":5761.667998214,"data":"\r[cosine_anneal] Stage2 Epoch 71/75:  63%|██████▎   | 104/164 [00:39\u003c00:22,  2.66it/s, loss=0.1297, acc=0.9624]\r[cosine_anneal] Stage2 Epoch 71/75:  63%|██████▎   | 104/164 [00:40\u003c00:22,  2.66it/s, loss=0.1288, acc=0.9628]\n"}
,{"stream_name":"stderr","time":5761.670536364,"data":"\r[cosine_anneal] Stage2 Epoch 71/75:  63%|██████▎   | 104/164 [00:40\u003c00:22,  2.66it/s, loss=0.1288, acc=0.9628]\r[cosine_anneal] Stage2 Epoch 71/75:  64%|██████▍   | 105/164 [00:40\u003c00:22,  2.67it/s, loss=0.1288, acc=0.9628]\n"}
,{"stream_name":"stderr","time":5762.043489017,"data":"\r[cosine_anneal] Stage2 Epoch 71/75:  64%|██████▍   | 105/164 [00:40\u003c00:22,  2.67it/s, loss=0.1288, acc=0.9628]\r[cosine_anneal] Stage2 Epoch 71/75:  64%|██████▍   | 105/164 [00:40\u003c00:22,  2.67it/s, loss=0.1281, acc=0.9629]\n"}
,{"stream_name":"stderr","time":5762.04730273,"data":"\r[cosine_anneal] Stage2 Epoch 71/75:  64%|██████▍   | 105/164 [00:40\u003c00:22,  2.67it/s, loss=0.1281, acc=0.9629]\r[cosine_anneal] Stage2 Epoch 71/75:  65%|██████▍   | 106/164 [00:40\u003c00:21,  2.67it/s, loss=0.1281, acc=0.9629]\n"}
,{"stream_name":"stderr","time":5762.420171384,"data":"\r[cosine_anneal] Stage2 Epoch 71/75:  65%|██████▍   | 106/164 [00:40\u003c00:21,  2.67it/s, loss=0.1281, acc=0.9629]\r[cosine_anneal] Stage2 Epoch 71/75:  65%|██████▍   | 106/164 [00:40\u003c00:21,  2.67it/s, loss=0.1279, acc=0.9629]\n"}
,{"stream_name":"stderr","time":5762.422478541,"data":"\r[cosine_anneal] Stage2 Epoch 71/75:  65%|██████▍   | 106/164 [00:40\u003c00:21,  2.67it/s, loss=0.1279, acc=0.9629]\r[cosine_anneal] Stage2 Epoch 71/75:  65%|██████▌   | 107/164 [00:40\u003c00:21,  2.66it/s, loss=0.1279, acc=0.9629]\n"}
,{"stream_name":"stderr","time":5762.80041591,"data":"\r[cosine_anneal] Stage2 Epoch 71/75:  65%|██████▌   | 107/164 [00:40\u003c00:21,  2.66it/s, loss=0.1279, acc=0.9629]\r[cosine_anneal] Stage2 Epoch 71/75:  65%|██████▌   | 107/164 [00:41\u003c00:21,  2.66it/s, loss=0.1280, acc=0.9630]\n"}
,{"stream_name":"stderr","time":5762.801345191,"data":"\r[cosine_anneal] Stage2 Epoch 71/75:  65%|██████▌   | 107/164 [00:41\u003c00:21,  2.66it/s, loss=0.1280, acc=0.9630]\r[cosine_anneal] Stage2 Epoch 71/75:  66%|██████▌   | 108/164 [00:41\u003c00:21,  2.65it/s, loss=0.1280, acc=0.9630]\n"}
,{"stream_name":"stderr","time":5763.16856686,"data":"\r[cosine_anneal] Stage2 Epoch 71/75:  66%|██████▌   | 108/164 [00:41\u003c00:21,  2.65it/s, loss=0.1280, acc=0.9630]\r[cosine_anneal] Stage2 Epoch 71/75:  66%|██████▌   | 108/164 [00:41\u003c00:21,  2.65it/s, loss=0.1274, acc=0.9633]\n"}
,{"stream_name":"stderr","time":5763.169839269,"data":"\r[cosine_anneal] Stage2 Epoch 71/75:  66%|██████▌   | 108/164 [00:41\u003c00:21,  2.65it/s, loss=0.1274, acc=0.9633]\r[cosine_anneal] Stage2 Epoch 71/75:  66%|██████▋   | 109/164 [00:41\u003c00:20,  2.67it/s, loss=0.1274, acc=0.9633]\n"}
,{"stream_name":"stderr","time":5763.544296736,"data":"\r[cosine_anneal] Stage2 Epoch 71/75:  66%|██████▋   | 109/164 [00:41\u003c00:20,  2.67it/s, loss=0.1274, acc=0.9633]\r[cosine_anneal] Stage2 Epoch 71/75:  66%|██████▋   | 109/164 [00:42\u003c00:20,  2.67it/s, loss=0.1265, acc=0.9636]\n"}
,{"stream_name":"stderr","time":5763.545350486,"data":"\r[cosine_anneal] Stage2 Epoch 71/75:  66%|██████▋   | 109/164 [00:42\u003c00:20,  2.67it/s, loss=0.1265, acc=0.9636]\r[cosine_anneal] Stage2 Epoch 71/75:  67%|██████▋   | 110/164 [00:42\u003c00:20,  2.67it/s, loss=0.1265, acc=0.9636]\n"}
,{"stream_name":"stderr","time":5763.918315574,"data":"\r[cosine_anneal] Stage2 Epoch 71/75:  67%|██████▋   | 110/164 [00:42\u003c00:20,  2.67it/s, loss=0.1265, acc=0.9636]\r[cosine_anneal] Stage2 Epoch 71/75:  67%|██████▋   | 110/164 [00:42\u003c00:20,  2.67it/s, loss=0.1267, acc=0.9634]\n"}
,{"stream_name":"stderr","time":5763.919611911,"data":"\r[cosine_anneal] Stage2 Epoch 71/75:  67%|██████▋   | 110/164 [00:42\u003c00:20,  2.67it/s, loss=0.1267, acc=0.9634]\r[cosine_anneal] Stage2 Epoch 71/75:  68%|██████▊   | 111/164 [00:42\u003c00:19,  2.67it/s, loss=0.1267, acc=0.9634]\n"}
,{"stream_name":"stderr","time":5764.295211293,"data":"\r[cosine_anneal] Stage2 Epoch 71/75:  68%|██████▊   | 111/164 [00:42\u003c00:19,  2.67it/s, loss=0.1267, acc=0.9634]\r[cosine_anneal] Stage2 Epoch 71/75:  68%|██████▊   | 111/164 [00:42\u003c00:19,  2.67it/s, loss=0.1258, acc=0.9637]\n"}
,{"stream_name":"stderr","time":5764.296235786,"data":"\r[cosine_anneal] Stage2 Epoch 71/75:  68%|██████▊   | 111/164 [00:42\u003c00:19,  2.67it/s, loss=0.1258, acc=0.9637]\r[cosine_anneal] Stage2 Epoch 71/75:  68%|██████▊   | 112/164 [00:42\u003c00:19,  2.67it/s, loss=0.1258, acc=0.9637]\n"}
,{"stream_name":"stderr","time":5764.672095212,"data":"\r[cosine_anneal] Stage2 Epoch 71/75:  68%|██████▊   | 112/164 [00:42\u003c00:19,  2.67it/s, loss=0.1258, acc=0.9637]\r[cosine_anneal] Stage2 Epoch 71/75:  68%|██████▊   | 112/164 [00:43\u003c00:19,  2.67it/s, loss=0.1268, acc=0.9635]\n"}
,{"stream_name":"stderr","time":5764.67360941,"data":"\r[cosine_anneal] Stage2 Epoch 71/75:  68%|██████▊   | 112/164 [00:43\u003c00:19,  2.67it/s, loss=0.1268, acc=0.9635]\r[cosine_anneal] Stage2 Epoch 71/75:  69%|██████▉   | 113/164 [00:43\u003c00:19,  2.66it/s, loss=0.1268, acc=0.9635]\n"}
,{"stream_name":"stderr","time":5765.052625616,"data":"\r[cosine_anneal] Stage2 Epoch 71/75:  69%|██████▉   | 113/164 [00:43\u003c00:19,  2.66it/s, loss=0.1268, acc=0.9635]\r[cosine_anneal] Stage2 Epoch 71/75:  69%|██████▉   | 113/164 [00:43\u003c00:19,  2.66it/s, loss=0.1258, acc=0.9638]\n"}
,{"stream_name":"stderr","time":5765.057569856,"data":"\r[cosine_anneal] Stage2 Epoch 71/75:  69%|██████▉   | 113/164 [00:43\u003c00:19,  2.66it/s, loss=0.1258, acc=0.9638]\r[cosine_anneal] Stage2 Epoch 71/75:  70%|██████▉   | 114/164 [00:43\u003c00:18,  2.66it/s, loss=0.1258, acc=0.9638]\n"}
,{"stream_name":"stderr","time":5765.430141168,"data":"\r[cosine_anneal] Stage2 Epoch 71/75:  70%|██████▉   | 114/164 [00:43\u003c00:18,  2.66it/s, loss=0.1258, acc=0.9638]\r[cosine_anneal] Stage2 Epoch 71/75:  70%|██████▉   | 114/164 [00:43\u003c00:18,  2.66it/s, loss=0.1253, acc=0.9641]\n"}
,{"stream_name":"stderr","time":5765.432029476,"data":"\r[cosine_anneal] Stage2 Epoch 71/75:  70%|██████▉   | 114/164 [00:43\u003c00:18,  2.66it/s, loss=0.1253, acc=0.9641]\r[cosine_anneal] Stage2 Epoch 71/75:  70%|███████   | 115/164 [00:43\u003c00:18,  2.65it/s, loss=0.1253, acc=0.9641]\n"}
,{"stream_name":"stderr","time":5765.804980156,"data":"\r[cosine_anneal] Stage2 Epoch 71/75:  70%|███████   | 115/164 [00:43\u003c00:18,  2.65it/s, loss=0.1253, acc=0.9641]\r[cosine_anneal] Stage2 Epoch 71/75:  70%|███████   | 115/164 [00:44\u003c00:18,  2.65it/s, loss=0.1255, acc=0.9639]\n"}
,{"stream_name":"stderr","time":5765.807498182,"data":"\r[cosine_anneal] Stage2 Epoch 71/75:  70%|███████   | 115/164 [00:44\u003c00:18,  2.65it/s, loss=0.1255, acc=0.9639]\r[cosine_anneal] Stage2 Epoch 71/75:  71%|███████   | 116/164 [00:44\u003c00:18,  2.65it/s, loss=0.1255, acc=0.9639]\n"}
,{"stream_name":"stderr","time":5766.184429715,"data":"\r[cosine_anneal] Stage2 Epoch 71/75:  71%|███████   | 116/164 [00:44\u003c00:18,  2.65it/s, loss=0.1255, acc=0.9639]\r[cosine_anneal] Stage2 Epoch 71/75:  71%|███████   | 116/164 [00:44\u003c00:18,  2.65it/s, loss=0.1256, acc=0.9639]\n"}
,{"stream_name":"stderr","time":5766.185988456,"data":"\r[cosine_anneal] Stage2 Epoch 71/75:  71%|███████   | 116/164 [00:44\u003c00:18,  2.65it/s, loss=0.1256, acc=0.9639]\r[cosine_anneal] Stage2 Epoch 71/75:  71%|███████▏  | 117/164 [00:44\u003c00:17,  2.65it/s, loss=0.1256, acc=0.9639]\n"}
,{"stream_name":"stderr","time":5766.560023355,"data":"\r[cosine_anneal] Stage2 Epoch 71/75:  71%|███████▏  | 117/164 [00:44\u003c00:17,  2.65it/s, loss=0.1256, acc=0.9639]\r[cosine_anneal] Stage2 Epoch 71/75:  71%|███████▏  | 117/164 [00:45\u003c00:17,  2.65it/s, loss=0.1248, acc=0.9642]\n"}
,{"stream_name":"stderr","time":5766.561434386,"data":"\r[cosine_anneal] Stage2 Epoch 71/75:  71%|███████▏  | 117/164 [00:45\u003c00:17,  2.65it/s, loss=0.1248, acc=0.9642]\r[cosine_anneal] Stage2 Epoch 71/75:  72%|███████▏  | 118/164 [00:45\u003c00:17,  2.65it/s, loss=0.1248, acc=0.9642]\n"}
,{"stream_name":"stderr","time":5766.935473673,"data":"\r[cosine_anneal] Stage2 Epoch 71/75:  72%|███████▏  | 118/164 [00:45\u003c00:17,  2.65it/s, loss=0.1248, acc=0.9642]\r[cosine_anneal] Stage2 Epoch 71/75:  72%|███████▏  | 118/164 [00:45\u003c00:17,  2.65it/s, loss=0.1250, acc=0.9640]\n"}
,{"stream_name":"stderr","time":5766.936712177,"data":"\r[cosine_anneal] Stage2 Epoch 71/75:  72%|███████▏  | 118/164 [00:45\u003c00:17,  2.65it/s, loss=0.1250, acc=0.9640]\r[cosine_anneal] Stage2 Epoch 71/75:  73%|███████▎  | 119/164 [00:45\u003c00:16,  2.66it/s, loss=0.1250, acc=0.9640]\n"}
,{"stream_name":"stderr","time":5767.308509326,"data":"\r[cosine_anneal] Stage2 Epoch 71/75:  73%|███████▎  | 119/164 [00:45\u003c00:16,  2.66it/s, loss=0.1250, acc=0.9640]\r[cosine_anneal] Stage2 Epoch 71/75:  73%|███████▎  | 119/164 [00:45\u003c00:16,  2.66it/s, loss=0.1256, acc=0.9641]\n"}
,{"stream_name":"stderr","time":5767.309521124,"data":"\r[cosine_anneal] Stage2 Epoch 71/75:  73%|███████▎  | 119/164 [00:45\u003c00:16,  2.66it/s, loss=0.1256, acc=0.9641]\r[cosine_anneal] Stage2 Epoch 71/75:  73%|███████▎  | 120/164 [00:45\u003c00:16,  2.66it/s, loss=0.1256, acc=0.9641]\n"}
,{"stream_name":"stderr","time":5767.684143457,"data":"\r[cosine_anneal] Stage2 Epoch 71/75:  73%|███████▎  | 120/164 [00:45\u003c00:16,  2.66it/s, loss=0.1256, acc=0.9641]\r[cosine_anneal] Stage2 Epoch 71/75:  73%|███████▎  | 120/164 [00:46\u003c00:16,  2.66it/s, loss=0.1261, acc=0.9641]\n"}
,{"stream_name":"stderr","time":5767.685450362,"data":"\r[cosine_anneal] Stage2 Epoch 71/75:  73%|███████▎  | 120/164 [00:46\u003c00:16,  2.66it/s, loss=0.1261, acc=0.9641]\r[cosine_anneal] Stage2 Epoch 71/75:  74%|███████▍  | 121/164 [00:46\u003c00:16,  2.66it/s, loss=0.1261, acc=0.9641]\n"}
,{"stream_name":"stderr","time":5768.057793727,"data":"\r[cosine_anneal] Stage2 Epoch 71/75:  74%|███████▍  | 121/164 [00:46\u003c00:16,  2.66it/s, loss=0.1261, acc=0.9641]\r[cosine_anneal] Stage2 Epoch 71/75:  74%|███████▍  | 121/164 [00:46\u003c00:16,  2.66it/s, loss=0.1264, acc=0.9639]\n"}
,{"stream_name":"stderr","time":5768.059590263,"data":"\r[cosine_anneal] Stage2 Epoch 71/75:  74%|███████▍  | 121/164 [00:46\u003c00:16,  2.66it/s, loss=0.1264, acc=0.9639]\r[cosine_anneal] Stage2 Epoch 71/75:  74%|███████▍  | 122/164 [00:46\u003c00:15,  2.67it/s, loss=0.1264, acc=0.9639]\n"}
,{"stream_name":"stderr","time":5768.431896697,"data":"\r[cosine_anneal] Stage2 Epoch 71/75:  74%|███████▍  | 122/164 [00:46\u003c00:15,  2.67it/s, loss=0.1264, acc=0.9639]\r[cosine_anneal] Stage2 Epoch 71/75:  74%|███████▍  | 122/164 [00:46\u003c00:15,  2.67it/s, loss=0.1256, acc=0.9642]\n"}
,{"stream_name":"stderr","time":5768.433113137,"data":"\r[cosine_anneal] Stage2 Epoch 71/75:  74%|███████▍  | 122/164 [00:46\u003c00:15,  2.67it/s, loss=0.1256, acc=0.9642]\r[cosine_anneal] Stage2 Epoch 71/75:  75%|███████▌  | 123/164 [00:46\u003c00:15,  2.67it/s, loss=0.1256, acc=0.9642]\n"}
,{"stream_name":"stderr","time":5768.805889678,"data":"\r[cosine_anneal] Stage2 Epoch 71/75:  75%|███████▌  | 123/164 [00:46\u003c00:15,  2.67it/s, loss=0.1256, acc=0.9642]\r[cosine_anneal] Stage2 Epoch 71/75:  75%|███████▌  | 123/164 [00:47\u003c00:15,  2.67it/s, loss=0.1259, acc=0.9642]\n"}
,{"stream_name":"stderr","time":5768.806913115,"data":"\r[cosine_anneal] Stage2 Epoch 71/75:  75%|███████▌  | 123/164 [00:47\u003c00:15,  2.67it/s, loss=0.1259, acc=0.9642]\r[cosine_anneal] Stage2 Epoch 71/75:  76%|███████▌  | 124/164 [00:47\u003c00:14,  2.67it/s, loss=0.1259, acc=0.9642]\n"}
,{"stream_name":"stderr","time":5769.182062884,"data":"\r[cosine_anneal] Stage2 Epoch 71/75:  76%|███████▌  | 124/164 [00:47\u003c00:14,  2.67it/s, loss=0.1259, acc=0.9642]\r[cosine_anneal] Stage2 Epoch 71/75:  76%|███████▌  | 124/164 [00:47\u003c00:14,  2.67it/s, loss=0.1261, acc=0.9640]\n"}
,{"stream_name":"stderr","time":5769.18322958,"data":"\r[cosine_anneal] Stage2 Epoch 71/75:  76%|███████▌  | 124/164 [00:47\u003c00:14,  2.67it/s, loss=0.1261, acc=0.9640]\r[cosine_anneal] Stage2 Epoch 71/75:  76%|███████▌  | 125/164 [00:47\u003c00:14,  2.67it/s, loss=0.1261, acc=0.9640]\n"}
,{"stream_name":"stderr","time":5769.553187718,"data":"\r[cosine_anneal] Stage2 Epoch 71/75:  76%|███████▌  | 125/164 [00:47\u003c00:14,  2.67it/s, loss=0.1261, acc=0.9640]\r[cosine_anneal] Stage2 Epoch 71/75:  76%|███████▌  | 125/164 [00:48\u003c00:14,  2.67it/s, loss=0.1271, acc=0.9640]\n"}
,{"stream_name":"stderr","time":5769.554216708,"data":"\r[cosine_anneal] Stage2 Epoch 71/75:  76%|███████▌  | 125/164 [00:48\u003c00:14,  2.67it/s, loss=0.1271, acc=0.9640]\r[cosine_anneal] Stage2 Epoch 71/75:  77%|███████▋  | 126/164 [00:48\u003c00:14,  2.68it/s, loss=0.1271, acc=0.9640]\n"}
,{"stream_name":"stderr","time":5769.932131086,"data":"\r[cosine_anneal] Stage2 Epoch 71/75:  77%|███████▋  | 126/164 [00:48\u003c00:14,  2.68it/s, loss=0.1271, acc=0.9640]\r[cosine_anneal] Stage2 Epoch 71/75:  77%|███████▋  | 126/164 [00:48\u003c00:14,  2.68it/s, loss=0.1272, acc=0.9638]\n"}
,{"stream_name":"stderr","time":5769.933290994,"data":"\r[cosine_anneal] Stage2 Epoch 71/75:  77%|███████▋  | 126/164 [00:48\u003c00:14,  2.68it/s, loss=0.1272, acc=0.9638]\r[cosine_anneal] Stage2 Epoch 71/75:  77%|███████▋  | 127/164 [00:48\u003c00:13,  2.66it/s, loss=0.1272, acc=0.9638]\n"}
,{"stream_name":"stderr","time":5770.306817874,"data":"\r[cosine_anneal] Stage2 Epoch 71/75:  77%|███████▋  | 127/164 [00:48\u003c00:13,  2.66it/s, loss=0.1272, acc=0.9638]\r[cosine_anneal] Stage2 Epoch 71/75:  77%|███████▋  | 127/164 [00:48\u003c00:13,  2.66it/s, loss=0.1284, acc=0.9631]\n"}
,{"stream_name":"stderr","time":5770.30804598,"data":"\r[cosine_anneal] Stage2 Epoch 71/75:  77%|███████▋  | 127/164 [00:48\u003c00:13,  2.66it/s, loss=0.1284, acc=0.9631]\r[cosine_anneal] Stage2 Epoch 71/75:  78%|███████▊  | 128/164 [00:48\u003c00:13,  2.66it/s, loss=0.1284, acc=0.9631]\n"}
,{"stream_name":"stderr","time":5770.681273372,"data":"\r[cosine_anneal] Stage2 Epoch 71/75:  78%|███████▊  | 128/164 [00:48\u003c00:13,  2.66it/s, loss=0.1284, acc=0.9631]\r[cosine_anneal] Stage2 Epoch 71/75:  78%|███████▊  | 128/164 [00:49\u003c00:13,  2.66it/s, loss=0.1276, acc=0.9634]\n"}
,{"stream_name":"stderr","time":5770.682527633,"data":"\r[cosine_anneal] Stage2 Epoch 71/75:  78%|███████▊  | 128/164 [00:49\u003c00:13,  2.66it/s, loss=0.1276, acc=0.9634]\r[cosine_anneal] Stage2 Epoch 71/75:  79%|███████▊  | 129/164 [00:49\u003c00:13,  2.67it/s, loss=0.1276, acc=0.9634]\n"}
,{"stream_name":"stderr","time":5771.055577563,"data":"\r[cosine_anneal] Stage2 Epoch 71/75:  79%|███████▊  | 129/164 [00:49\u003c00:13,  2.67it/s, loss=0.1276, acc=0.9634]\r[cosine_anneal] Stage2 Epoch 71/75:  79%|███████▊  | 129/164 [00:49\u003c00:13,  2.67it/s, loss=0.1275, acc=0.9632]\n"}
,{"stream_name":"stderr","time":5771.056823221,"data":"\r[cosine_anneal] Stage2 Epoch 71/75:  79%|███████▊  | 129/164 [00:49\u003c00:13,  2.67it/s, loss=0.1275, acc=0.9632]\r[cosine_anneal] Stage2 Epoch 71/75:  79%|███████▉  | 130/164 [00:49\u003c00:12,  2.67it/s, loss=0.1275, acc=0.9632]\n"}
,{"stream_name":"stderr","time":5771.432669842,"data":"\r[cosine_anneal] Stage2 Epoch 71/75:  79%|███████▉  | 130/164 [00:49\u003c00:12,  2.67it/s, loss=0.1275, acc=0.9632]\r[cosine_anneal] Stage2 Epoch 71/75:  79%|███████▉  | 130/164 [00:49\u003c00:12,  2.67it/s, loss=0.1272, acc=0.9633]\n"}
,{"stream_name":"stderr","time":5771.435132708,"data":"\r[cosine_anneal] Stage2 Epoch 71/75:  79%|███████▉  | 130/164 [00:49\u003c00:12,  2.67it/s, loss=0.1272, acc=0.9633]\r[cosine_anneal] Stage2 Epoch 71/75:  80%|███████▉  | 131/164 [00:49\u003c00:12,  2.66it/s, loss=0.1272, acc=0.9633]\n"}
,{"stream_name":"stderr","time":5771.81356736,"data":"\r[cosine_anneal] Stage2 Epoch 71/75:  80%|███████▉  | 131/164 [00:49\u003c00:12,  2.66it/s, loss=0.1272, acc=0.9633]\r[cosine_anneal] Stage2 Epoch 71/75:  80%|███████▉  | 131/164 [00:50\u003c00:12,  2.66it/s, loss=0.1276, acc=0.9633]\n"}
,{"stream_name":"stderr","time":5771.81486686,"data":"\r[cosine_anneal] Stage2 Epoch 71/75:  80%|███████▉  | 131/164 [00:50\u003c00:12,  2.66it/s, loss=0.1276, acc=0.9633]\r[cosine_anneal] Stage2 Epoch 71/75:  80%|████████  | 132/164 [00:50\u003c00:12,  2.65it/s, loss=0.1276, acc=0.9633]\n"}
,{"stream_name":"stderr","time":5772.186852396,"data":"\r[cosine_anneal] Stage2 Epoch 71/75:  80%|████████  | 132/164 [00:50\u003c00:12,  2.65it/s, loss=0.1276, acc=0.9633]\r[cosine_anneal] Stage2 Epoch 71/75:  80%|████████  | 132/164 [00:50\u003c00:12,  2.65it/s, loss=0.1277, acc=0.9631]\n"}
,{"stream_name":"stderr","time":5772.188149492,"data":"\r[cosine_anneal] Stage2 Epoch 71/75:  80%|████████  | 132/164 [00:50\u003c00:12,  2.65it/s, loss=0.1277, acc=0.9631]\r[cosine_anneal] Stage2 Epoch 71/75:  81%|████████  | 133/164 [00:50\u003c00:11,  2.66it/s, loss=0.1277, acc=0.9631]\n"}
,{"stream_name":"stderr","time":5772.567104399,"data":"\r[cosine_anneal] Stage2 Epoch 71/75:  81%|████████  | 133/164 [00:50\u003c00:11,  2.66it/s, loss=0.1277, acc=0.9631]\r[cosine_anneal] Stage2 Epoch 71/75:  81%|████████  | 133/164 [00:51\u003c00:11,  2.66it/s, loss=0.1283, acc=0.9629]\n"}
,{"stream_name":"stderr","time":5772.569749063,"data":"\r[cosine_anneal] Stage2 Epoch 71/75:  81%|████████  | 133/164 [00:51\u003c00:11,  2.66it/s, loss=0.1283, acc=0.9629]\r[cosine_anneal] Stage2 Epoch 71/75:  82%|████████▏ | 134/164 [00:51\u003c00:11,  2.65it/s, loss=0.1283, acc=0.9629]\n"}
,{"stream_name":"stderr","time":5772.948197292,"data":"\r[cosine_anneal] Stage2 Epoch 71/75:  82%|████████▏ | 134/164 [00:51\u003c00:11,  2.65it/s, loss=0.1283, acc=0.9629]\r[cosine_anneal] Stage2 Epoch 71/75:  82%|████████▏ | 134/164 [00:51\u003c00:11,  2.65it/s, loss=0.1294, acc=0.9627]\n"}
,{"stream_name":"stderr","time":5772.949879883,"data":"\r[cosine_anneal] Stage2 Epoch 71/75:  82%|████████▏ | 134/164 [00:51\u003c00:11,  2.65it/s, loss=0.1294, acc=0.9627]\r[cosine_anneal] Stage2 Epoch 71/75:  82%|████████▏ | 135/164 [00:51\u003c00:10,  2.64it/s, loss=0.1294, acc=0.9627]\n"}
,{"stream_name":"stderr","time":5773.323853136,"data":"\r[cosine_anneal] Stage2 Epoch 71/75:  82%|████████▏ | 135/164 [00:51\u003c00:10,  2.64it/s, loss=0.1294, acc=0.9627]\r[cosine_anneal] Stage2 Epoch 71/75:  82%|████████▏ | 135/164 [00:51\u003c00:10,  2.64it/s, loss=0.1290, acc=0.9630]\n"}
,{"stream_name":"stderr","time":5773.324978201,"data":"\r[cosine_anneal] Stage2 Epoch 71/75:  82%|████████▏ | 135/164 [00:51\u003c00:10,  2.64it/s, loss=0.1290, acc=0.9630]\r[cosine_anneal] Stage2 Epoch 71/75:  83%|████████▎ | 136/164 [00:51\u003c00:10,  2.65it/s, loss=0.1290, acc=0.9630]\n"}
,{"stream_name":"stderr","time":5773.701376481,"data":"\r[cosine_anneal] Stage2 Epoch 71/75:  83%|████████▎ | 136/164 [00:51\u003c00:10,  2.65it/s, loss=0.1290, acc=0.9630]\r[cosine_anneal] Stage2 Epoch 71/75:  83%|████████▎ | 136/164 [00:52\u003c00:10,  2.65it/s, loss=0.1283, acc=0.9633]\n"}
,{"stream_name":"stderr","time":5773.702520892,"data":"\r[cosine_anneal] Stage2 Epoch 71/75:  83%|████████▎ | 136/164 [00:52\u003c00:10,  2.65it/s, loss=0.1283, acc=0.9633]\r[cosine_anneal] Stage2 Epoch 71/75:  84%|████████▎ | 137/164 [00:52\u003c00:10,  2.65it/s, loss=0.1283, acc=0.9633]\n"}
,{"stream_name":"stderr","time":5774.078142755,"data":"\r[cosine_anneal] Stage2 Epoch 71/75:  84%|████████▎ | 137/164 [00:52\u003c00:10,  2.65it/s, loss=0.1283, acc=0.9633]\r[cosine_anneal] Stage2 Epoch 71/75:  84%|████████▎ | 137/164 [00:52\u003c00:10,  2.65it/s, loss=0.1277, acc=0.9633]\n"}
,{"stream_name":"stderr","time":5774.079735379,"data":"\r[cosine_anneal] Stage2 Epoch 71/75:  84%|████████▎ | 137/164 [00:52\u003c00:10,  2.65it/s, loss=0.1277, acc=0.9633]\r[cosine_anneal] Stage2 Epoch 71/75:  84%|████████▍ | 138/164 [00:52\u003c00:09,  2.65it/s, loss=0.1277, acc=0.9633]\n"}
,{"stream_name":"stderr","time":5774.454331302,"data":"\r[cosine_anneal] Stage2 Epoch 71/75:  84%|████████▍ | 138/164 [00:52\u003c00:09,  2.65it/s, loss=0.1277, acc=0.9633]\r[cosine_anneal] Stage2 Epoch 71/75:  84%|████████▍ | 138/164 [00:52\u003c00:09,  2.65it/s, loss=0.1286, acc=0.9631]\n"}
,{"stream_name":"stderr","time":5774.454980464,"data":"\r[cosine_anneal] Stage2 Epoch 71/75:  84%|████████▍ | 138/164 [00:52\u003c00:09,  2.65it/s, loss=0.1286, acc=0.9631]\r[cosine_anneal] Stage2 Epoch 71/75:  85%|████████▍ | 139/164 [00:52\u003c00:09,  2.65it/s, loss=0.1286, acc=0.9631]\n"}
,{"stream_name":"stderr","time":5774.827327777,"data":"\r[cosine_anneal] Stage2 Epoch 71/75:  85%|████████▍ | 139/164 [00:52\u003c00:09,  2.65it/s, loss=0.1286, acc=0.9631]\r[cosine_anneal] Stage2 Epoch 71/75:  85%|████████▍ | 139/164 [00:53\u003c00:09,  2.65it/s, loss=0.1284, acc=0.9629]\n"}
,{"stream_name":"stderr","time":5774.828429509,"data":"\r[cosine_anneal] Stage2 Epoch 71/75:  85%|████████▍ | 139/164 [00:53\u003c00:09,  2.65it/s, loss=0.1284, acc=0.9629]\r[cosine_anneal] Stage2 Epoch 71/75:  85%|████████▌ | 140/164 [00:53\u003c00:09,  2.66it/s, loss=0.1284, acc=0.9629]\n"}
,{"stream_name":"stderr","time":5775.204403275,"data":"\r[cosine_anneal] Stage2 Epoch 71/75:  85%|████████▌ | 140/164 [00:53\u003c00:09,  2.66it/s, loss=0.1284, acc=0.9629]\r[cosine_anneal] Stage2 Epoch 71/75:  85%|████████▌ | 140/164 [00:53\u003c00:09,  2.66it/s, loss=0.1298, acc=0.9625]\n"}
,{"stream_name":"stderr","time":5775.20558283,"data":"\r[cosine_anneal] Stage2 Epoch 71/75:  85%|████████▌ | 140/164 [00:53\u003c00:09,  2.66it/s, loss=0.1298, acc=0.9625]\r[cosine_anneal] Stage2 Epoch 71/75:  86%|████████▌ | 141/164 [00:53\u003c00:08,  2.66it/s, loss=0.1298, acc=0.9625]\n"}
,{"stream_name":"stderr","time":5775.582931161,"data":"\r[cosine_anneal] Stage2 Epoch 71/75:  86%|████████▌ | 141/164 [00:53\u003c00:08,  2.66it/s, loss=0.1298, acc=0.9625]\r[cosine_anneal] Stage2 Epoch 71/75:  86%|████████▌ | 141/164 [00:54\u003c00:08,  2.66it/s, loss=0.1295, acc=0.9626]\n"}
,{"stream_name":"stderr","time":5775.584214534,"data":"\r[cosine_anneal] Stage2 Epoch 71/75:  86%|████████▌ | 141/164 [00:54\u003c00:08,  2.66it/s, loss=0.1295, acc=0.9626]\r[cosine_anneal] Stage2 Epoch 71/75:  87%|████████▋ | 142/164 [00:54\u003c00:08,  2.65it/s, loss=0.1295, acc=0.9626]\n"}
,{"stream_name":"stderr","time":5775.956028623,"data":"\r[cosine_anneal] Stage2 Epoch 71/75:  87%|████████▋ | 142/164 [00:54\u003c00:08,  2.65it/s, loss=0.1295, acc=0.9626]\r[cosine_anneal] Stage2 Epoch 71/75:  87%|████████▋ | 142/164 [00:54\u003c00:08,  2.65it/s, loss=0.1294, acc=0.9626]\n"}
,{"stream_name":"stderr","time":5775.957428576,"data":"\r[cosine_anneal] Stage2 Epoch 71/75:  87%|████████▋ | 142/164 [00:54\u003c00:08,  2.65it/s, loss=0.1294, acc=0.9626]\r[cosine_anneal] Stage2 Epoch 71/75:  87%|████████▋ | 143/164 [00:54\u003c00:07,  2.66it/s, loss=0.1294, acc=0.9626]\n"}
,{"stream_name":"stderr","time":5776.333605682,"data":"\r[cosine_anneal] Stage2 Epoch 71/75:  87%|████████▋ | 143/164 [00:54\u003c00:07,  2.66it/s, loss=0.1294, acc=0.9626]\r[cosine_anneal] Stage2 Epoch 71/75:  87%|████████▋ | 143/164 [00:54\u003c00:07,  2.66it/s, loss=0.1293, acc=0.9627]\n"}
,{"stream_name":"stderr","time":5776.334563535,"data":"\r[cosine_anneal] Stage2 Epoch 71/75:  87%|████████▋ | 143/164 [00:54\u003c00:07,  2.66it/s, loss=0.1293, acc=0.9627]\r[cosine_anneal] Stage2 Epoch 71/75:  88%|████████▊ | 144/164 [00:54\u003c00:07,  2.66it/s, loss=0.1293, acc=0.9627]\n"}
,{"stream_name":"stderr","time":5776.70659552,"data":"\r[cosine_anneal] Stage2 Epoch 71/75:  88%|████████▊ | 144/164 [00:54\u003c00:07,  2.66it/s, loss=0.1293, acc=0.9627]\r[cosine_anneal] Stage2 Epoch 71/75:  88%|████████▊ | 144/164 [00:55\u003c00:07,  2.66it/s, loss=0.1289, acc=0.9627]\n"}
,{"stream_name":"stderr","time":5776.708519002,"data":"\r[cosine_anneal] Stage2 Epoch 71/75:  88%|████████▊ | 144/164 [00:55\u003c00:07,  2.66it/s, loss=0.1289, acc=0.9627]\r[cosine_anneal] Stage2 Epoch 71/75:  88%|████████▊ | 145/164 [00:55\u003c00:07,  2.66it/s, loss=0.1289, acc=0.9627]\n"}
,{"stream_name":"stderr","time":5777.087142511,"data":"\r[cosine_anneal] Stage2 Epoch 71/75:  88%|████████▊ | 145/164 [00:55\u003c00:07,  2.66it/s, loss=0.1289, acc=0.9627]\r[cosine_anneal] Stage2 Epoch 71/75:  88%|████████▊ | 145/164 [00:55\u003c00:07,  2.66it/s, loss=0.1283, acc=0.9630]\n"}
,{"stream_name":"stderr","time":5777.089014977,"data":"\r[cosine_anneal] Stage2 Epoch 71/75:  88%|████████▊ | 145/164 [00:55\u003c00:07,  2.66it/s, loss=0.1283, acc=0.9630]\r[cosine_anneal] Stage2 Epoch 71/75:  89%|████████▉ | 146/164 [00:55\u003c00:06,  2.65it/s, loss=0.1283, acc=0.9630]\n"}
,{"stream_name":"stderr","time":5777.462740031,"data":"\r[cosine_anneal] Stage2 Epoch 71/75:  89%|████████▉ | 146/164 [00:55\u003c00:06,  2.65it/s, loss=0.1283, acc=0.9630]\r[cosine_anneal] Stage2 Epoch 71/75:  89%|████████▉ | 146/164 [00:55\u003c00:06,  2.65it/s, loss=0.1281, acc=0.9628]\n"}
,{"stream_name":"stderr","time":5777.46401963,"data":"\r[cosine_anneal] Stage2 Epoch 71/75:  89%|████████▉ | 146/164 [00:55\u003c00:06,  2.65it/s, loss=0.1281, acc=0.9628]\r[cosine_anneal] Stage2 Epoch 71/75:  90%|████████▉ | 147/164 [00:55\u003c00:06,  2.66it/s, loss=0.1281, acc=0.9628]\n"}
,{"stream_name":"stderr","time":5777.837207421,"data":"\r[cosine_anneal] Stage2 Epoch 71/75:  90%|████████▉ | 147/164 [00:55\u003c00:06,  2.66it/s, loss=0.1281, acc=0.9628]\r[cosine_anneal] Stage2 Epoch 71/75:  90%|████████▉ | 147/164 [00:56\u003c00:06,  2.66it/s, loss=0.1275, acc=0.9630]\n"}
,{"stream_name":"stderr","time":5777.838180611,"data":"\r[cosine_anneal] Stage2 Epoch 71/75:  90%|████████▉ | 147/164 [00:56\u003c00:06,  2.66it/s, loss=0.1275, acc=0.9630]\r[cosine_anneal] Stage2 Epoch 71/75:  90%|█████████ | 148/164 [00:56\u003c00:06,  2.66it/s, loss=0.1275, acc=0.9630]\n"}
,{"stream_name":"stderr","time":5778.218496931,"data":"\r[cosine_anneal] Stage2 Epoch 71/75:  90%|█████████ | 148/164 [00:56\u003c00:06,  2.66it/s, loss=0.1275, acc=0.9630]\r[cosine_anneal] Stage2 Epoch 71/75:  90%|█████████ | 148/164 [00:56\u003c00:06,  2.66it/s, loss=0.1269, acc=0.9633]\n"}
,{"stream_name":"stderr","time":5778.219608464,"data":"\r[cosine_anneal] Stage2 Epoch 71/75:  90%|█████████ | 148/164 [00:56\u003c00:06,  2.66it/s, loss=0.1269, acc=0.9633]\r[cosine_anneal] Stage2 Epoch 71/75:  91%|█████████ | 149/164 [00:56\u003c00:05,  2.65it/s, loss=0.1269, acc=0.9633]\n"}
,{"stream_name":"stderr","time":5778.588483233,"data":"\r[cosine_anneal] Stage2 Epoch 71/75:  91%|█████████ | 149/164 [00:56\u003c00:05,  2.65it/s, loss=0.1269, acc=0.9633]\r[cosine_anneal] Stage2 Epoch 71/75:  91%|█████████ | 149/164 [00:57\u003c00:05,  2.65it/s, loss=0.1274, acc=0.9629]\n"}
,{"stream_name":"stderr","time":5778.58971946,"data":"\r[cosine_anneal] Stage2 Epoch 71/75:  91%|█████████ | 149/164 [00:57\u003c00:05,  2.65it/s, loss=0.1274, acc=0.9629]\r[cosine_anneal] Stage2 Epoch 71/75:  91%|█████████▏| 150/164 [00:57\u003c00:05,  2.66it/s, loss=0.1274, acc=0.9629]\n"}
,{"stream_name":"stderr","time":5778.958257285,"data":"\r[cosine_anneal] Stage2 Epoch 71/75:  91%|█████████▏| 150/164 [00:57\u003c00:05,  2.66it/s, loss=0.1274, acc=0.9629]\r[cosine_anneal] Stage2 Epoch 71/75:  91%|█████████▏| 150/164 [00:57\u003c00:05,  2.66it/s, loss=0.1266, acc=0.9632]\n"}
,{"stream_name":"stderr","time":5778.959497607,"data":"\r[cosine_anneal] Stage2 Epoch 71/75:  91%|█████████▏| 150/164 [00:57\u003c00:05,  2.66it/s, loss=0.1266, acc=0.9632]\r[cosine_anneal] Stage2 Epoch 71/75:  92%|█████████▏| 151/164 [00:57\u003c00:04,  2.68it/s, loss=0.1266, acc=0.9632]\n"}
,{"stream_name":"stderr","time":5779.337788199,"data":"\r[cosine_anneal] Stage2 Epoch 71/75:  92%|█████████▏| 151/164 [00:57\u003c00:04,  2.68it/s, loss=0.1266, acc=0.9632]\r[cosine_anneal] Stage2 Epoch 71/75:  92%|█████████▏| 151/164 [00:57\u003c00:04,  2.68it/s, loss=0.1262, acc=0.9634]\n"}
,{"stream_name":"stderr","time":5779.339028543,"data":"\r[cosine_anneal] Stage2 Epoch 71/75:  92%|█████████▏| 151/164 [00:57\u003c00:04,  2.68it/s, loss=0.1262, acc=0.9634]\r[cosine_anneal] Stage2 Epoch 71/75:  93%|█████████▎| 152/164 [00:57\u003c00:04,  2.66it/s, loss=0.1262, acc=0.9634]\n"}
,{"stream_name":"stderr","time":5779.708249946,"data":"\r[cosine_anneal] Stage2 Epoch 71/75:  93%|█████████▎| 152/164 [00:57\u003c00:04,  2.66it/s, loss=0.1262, acc=0.9634]\r[cosine_anneal] Stage2 Epoch 71/75:  93%|█████████▎| 152/164 [00:58\u003c00:04,  2.66it/s, loss=0.1253, acc=0.9636]\n"}
,{"stream_name":"stderr","time":5779.709479793,"data":"\r[cosine_anneal] Stage2 Epoch 71/75:  93%|█████████▎| 152/164 [00:58\u003c00:04,  2.66it/s, loss=0.1253, acc=0.9636]\r[cosine_anneal] Stage2 Epoch 71/75:  93%|█████████▎| 153/164 [00:58\u003c00:04,  2.67it/s, loss=0.1253, acc=0.9636]\n"}
,{"stream_name":"stderr","time":5780.086887873,"data":"\r[cosine_anneal] Stage2 Epoch 71/75:  93%|█████████▎| 153/164 [00:58\u003c00:04,  2.67it/s, loss=0.1253, acc=0.9636]\r[cosine_anneal] Stage2 Epoch 71/75:  93%|█████████▎| 153/164 [00:58\u003c00:04,  2.67it/s, loss=0.1260, acc=0.9633]\n"}
,{"stream_name":"stderr","time":5780.088033378,"data":"\r[cosine_anneal] Stage2 Epoch 71/75:  93%|█████████▎| 153/164 [00:58\u003c00:04,  2.67it/s, loss=0.1260, acc=0.9633]\r[cosine_anneal] Stage2 Epoch 71/75:  94%|█████████▍| 154/164 [00:58\u003c00:03,  2.66it/s, loss=0.1260, acc=0.9633]\n"}
,{"stream_name":"stderr","time":5780.458622523,"data":"\r[cosine_anneal] Stage2 Epoch 71/75:  94%|█████████▍| 154/164 [00:58\u003c00:03,  2.66it/s, loss=0.1260, acc=0.9633]\r[cosine_anneal] Stage2 Epoch 71/75:  94%|█████████▍| 154/164 [00:58\u003c00:03,  2.66it/s, loss=0.1254, acc=0.9635]\n"}
,{"stream_name":"stderr","time":5780.459529868,"data":"\r[cosine_anneal] Stage2 Epoch 71/75:  94%|█████████▍| 154/164 [00:58\u003c00:03,  2.66it/s, loss=0.1254, acc=0.9635]\r[cosine_anneal] Stage2 Epoch 71/75:  95%|█████████▍| 155/164 [00:58\u003c00:03,  2.67it/s, loss=0.1254, acc=0.9635]\n"}
,{"stream_name":"stderr","time":5780.838965373,"data":"\r[cosine_anneal] Stage2 Epoch 71/75:  95%|█████████▍| 155/164 [00:58\u003c00:03,  2.67it/s, loss=0.1254, acc=0.9635]\r[cosine_anneal] Stage2 Epoch 71/75:  95%|█████████▍| 155/164 [00:59\u003c00:03,  2.67it/s, loss=0.1248, acc=0.9637]\n"}
,{"stream_name":"stderr","time":5780.840150479,"data":"\r[cosine_anneal] Stage2 Epoch 71/75:  95%|█████████▍| 155/164 [00:59\u003c00:03,  2.67it/s, loss=0.1248, acc=0.9637]\r[cosine_anneal] Stage2 Epoch 71/75:  95%|█████████▌| 156/164 [00:59\u003c00:03,  2.66it/s, loss=0.1248, acc=0.9637]\n"}
,{"stream_name":"stderr","time":5781.2102043,"data":"\r[cosine_anneal] Stage2 Epoch 71/75:  95%|█████████▌| 156/164 [00:59\u003c00:03,  2.66it/s, loss=0.1248, acc=0.9637]\r[cosine_anneal] Stage2 Epoch 71/75:  95%|█████████▌| 156/164 [00:59\u003c00:03,  2.66it/s, loss=0.1246, acc=0.9638]\n"}
,{"stream_name":"stderr","time":5781.210946354,"data":"\r[cosine_anneal] Stage2 Epoch 71/75:  95%|█████████▌| 156/164 [00:59\u003c00:03,  2.66it/s, loss=0.1246, acc=0.9638]\r[cosine_anneal] Stage2 Epoch 71/75:  96%|█████████▌| 157/164 [00:59\u003c00:02,  2.67it/s, loss=0.1246, acc=0.9638]\n"}
,{"stream_name":"stderr","time":5781.588579047,"data":"\r[cosine_anneal] Stage2 Epoch 71/75:  96%|█████████▌| 157/164 [00:59\u003c00:02,  2.67it/s, loss=0.1246, acc=0.9638]\r[cosine_anneal] Stage2 Epoch 71/75:  96%|█████████▌| 157/164 [01:00\u003c00:02,  2.67it/s, loss=0.1264, acc=0.9636]\n"}
,{"stream_name":"stderr","time":5781.589623245,"data":"\r[cosine_anneal] Stage2 Epoch 71/75:  96%|█████████▌| 157/164 [01:00\u003c00:02,  2.67it/s, loss=0.1264, acc=0.9636]\r[cosine_anneal] Stage2 Epoch 71/75:  96%|█████████▋| 158/164 [01:00\u003c00:02,  2.66it/s, loss=0.1264, acc=0.9636]\n"}
,{"stream_name":"stderr","time":5781.960019309,"data":"\r[cosine_anneal] Stage2 Epoch 71/75:  96%|█████████▋| 158/164 [01:00\u003c00:02,  2.66it/s, loss=0.1264, acc=0.9636]\r[cosine_anneal] Stage2 Epoch 71/75:  96%|█████████▋| 158/164 [01:00\u003c00:02,  2.66it/s, loss=0.1264, acc=0.9632]\n"}
,{"stream_name":"stderr","time":5781.961282432,"data":"\r[cosine_anneal] Stage2 Epoch 71/75:  96%|█████████▋| 158/164 [01:00\u003c00:02,  2.66it/s, loss=0.1264, acc=0.9632]\r[cosine_anneal] Stage2 Epoch 71/75:  97%|█████████▋| 159/164 [01:00\u003c00:01,  2.67it/s, loss=0.1264, acc=0.9632]\n"}
,{"stream_name":"stderr","time":5782.336839824,"data":"\r[cosine_anneal] Stage2 Epoch 71/75:  97%|█████████▋| 159/164 [01:00\u003c00:01,  2.67it/s, loss=0.1264, acc=0.9632]\r[cosine_anneal] Stage2 Epoch 71/75:  97%|█████████▋| 159/164 [01:00\u003c00:01,  2.67it/s, loss=0.1259, acc=0.9635]\n"}
,{"stream_name":"stderr","time":5782.337837005,"data":"\r[cosine_anneal] Stage2 Epoch 71/75:  97%|█████████▋| 159/164 [01:00\u003c00:01,  2.67it/s, loss=0.1259, acc=0.9635]\r[cosine_anneal] Stage2 Epoch 71/75:  98%|█████████▊| 160/164 [01:00\u003c00:01,  2.66it/s, loss=0.1259, acc=0.9635]\n"}
,{"stream_name":"stderr","time":5782.710783867,"data":"\r[cosine_anneal] Stage2 Epoch 71/75:  98%|█████████▊| 160/164 [01:00\u003c00:01,  2.66it/s, loss=0.1259, acc=0.9635]\r[cosine_anneal] Stage2 Epoch 71/75:  98%|█████████▊| 160/164 [01:01\u003c00:01,  2.66it/s, loss=0.1270, acc=0.9631]\n"}
,{"stream_name":"stderr","time":5782.712155162,"data":"\r[cosine_anneal] Stage2 Epoch 71/75:  98%|█████████▊| 160/164 [01:01\u003c00:01,  2.66it/s, loss=0.1270, acc=0.9631]\r[cosine_anneal] Stage2 Epoch 71/75:  98%|█████████▊| 161/164 [01:01\u003c00:01,  2.67it/s, loss=0.1270, acc=0.9631]\n"}
,{"stream_name":"stderr","time":5783.091291023,"data":"\r[cosine_anneal] Stage2 Epoch 71/75:  98%|█████████▊| 161/164 [01:01\u003c00:01,  2.67it/s, loss=0.1270, acc=0.9631]\r[cosine_anneal] Stage2 Epoch 71/75:  98%|█████████▊| 161/164 [01:01\u003c00:01,  2.67it/s, loss=0.1269, acc=0.9632]\n"}
,{"stream_name":"stderr","time":5783.092179063,"data":"\r[cosine_anneal] Stage2 Epoch 71/75:  98%|█████████▊| 161/164 [01:01\u003c00:01,  2.67it/s, loss=0.1269, acc=0.9632]\r[cosine_anneal] Stage2 Epoch 71/75:  99%|█████████▉| 162/164 [01:01\u003c00:00,  2.66it/s, loss=0.1269, acc=0.9632]\n"}
,{"stream_name":"stderr","time":5783.463726585,"data":"\r[cosine_anneal] Stage2 Epoch 71/75:  99%|█████████▉| 162/164 [01:01\u003c00:00,  2.66it/s, loss=0.1269, acc=0.9632]\r[cosine_anneal] Stage2 Epoch 71/75:  99%|█████████▉| 162/164 [01:01\u003c00:00,  2.66it/s, loss=0.1268, acc=0.9632]\n"}
,{"stream_name":"stderr","time":5783.464557806,"data":"\r[cosine_anneal] Stage2 Epoch 71/75:  99%|█████████▉| 162/164 [01:01\u003c00:00,  2.66it/s, loss=0.1268, acc=0.9632]\r[cosine_anneal] Stage2 Epoch 71/75:  99%|█████████▉| 163/164 [01:01\u003c00:00,  2.66it/s, loss=0.1268, acc=0.9632]\n"}
,{"stream_name":"stderr","time":5783.830094565,"data":"\r[cosine_anneal] Stage2 Epoch 71/75:  99%|█████████▉| 163/164 [01:01\u003c00:00,  2.66it/s, loss=0.1268, acc=0.9632]\r[cosine_anneal] Stage2 Epoch 71/75:  99%|█████████▉| 163/164 [01:02\u003c00:00,  2.66it/s, loss=0.1277, acc=0.9630]\n"}
,{"stream_name":"stderr","time":5783.831349499,"data":"\r[cosine_anneal] Stage2 Epoch 71/75:  99%|█████████▉| 163/164 [01:02\u003c00:00,  2.66it/s, loss=0.1277, acc=0.9630]\r[cosine_anneal] Stage2 Epoch 71/75: 100%|██████████| 164/164 [01:02\u003c00:00,  2.68it/s, loss=0.1277, acc=0.9630]\n"}
,{"stream_name":"stderr","time":5783.914433361,"data":"\r[cosine_anneal] Stage2 Epoch 71/75: 100%|██████████| 164/164 [01:02\u003c00:00,  2.68it/s, loss=0.1277, acc=0.9630]\r[cosine_anneal] Stage2 Epoch 71/75: 100%|██████████| 164/164 [01:02\u003c00:00,  2.63it/s, loss=0.1277, acc=0.9630]\n"}
,{"stream_name":"stderr","time":5783.918034686,"data":"\r[cosine_anneal] Stage2 Epoch 71/75: 100%|██████████| 164/164 [01:02\u003c00:00,  2.63it/s, loss=0.1277, acc=0.9630]\n"}
,{"stream_name":"stderr","time":5783.918059494,"data":"\n"}
,{"stream_name":"stderr","time":5783.9180647,"data":"\n"}
,{"stream_name":"stdout","time":5792.389451602,"data":"  Val Loss: 0.6247 | Val Acc: 0.8773 | Val Macro-F1: 0.7970\n"}
,{"stream_name":"stderr","time":5792.391239336,"data":"\r[cosine_anneal] Stage2 Epoch 72/75:   0%|          | 0/164 [00:00\u003c?, ?it/s]\n"}
,{"stream_name":"stderr","time":5792.39272571,"data":"\r[cosine_anneal] Stage2 Epoch 72/75:   0%|          | 0/164 [00:00\u003c?, ?it/s]\r[cosine_anneal] Stage2 Epoch 72/75:   0%|          | 0/164 [00:01\u003c?, ?it/s, loss=0.0624, acc=1.0000]\n"}
,{"stream_name":"stderr","time":5792.393996631,"data":"\r[cosine_anneal] Stage2 Epoch 72/75:   0%|          | 0/164 [00:01\u003c?, ?it/s, loss=0.0624, acc=1.0000]\r[cosine_anneal] Stage2 Epoch 72/75:   1%|          | 1/164 [00:01\u003c03:32,  1.30s/it, loss=0.0624, acc=1.0000]\n"}
,{"stream_name":"stderr","time":5792.395222826,"data":"\r[cosine_anneal] Stage2 Epoch 72/75:   1%|          | 1/164 [00:01\u003c03:32,  1.30s/it, loss=0.0624, acc=1.0000]\r[cosine_anneal] Stage2 Epoch 72/75:   1%|          | 1/164 [00:01\u003c03:32,  1.30s/it, loss=0.3071, acc=0.9062]\n"}
,{"stream_name":"stderr","time":5792.39646889,"data":"\r[cosine_anneal] Stage2 Epoch 72/75:   1%|          | 1/164 [00:01\u003c03:32,  1.30s/it, loss=0.3071, acc=0.9062]\r[cosine_anneal] Stage2 Epoch 72/75:   1%|          | 2/164 [00:01\u003c02:04,  1.30it/s, loss=0.3071, acc=0.9062]\n"}
,{"stream_name":"stderr","time":5792.397757904,"data":"\r[cosine_anneal] Stage2 Epoch 72/75:   1%|          | 2/164 [00:01\u003c02:04,  1.30it/s, loss=0.3071, acc=0.9062]\r[cosine_anneal] Stage2 Epoch 72/75:   1%|          | 2/164 [00:02\u003c02:04,  1.30it/s, loss=0.2138, acc=0.9375]\n"}
,{"stream_name":"stderr","time":5792.399511373,"data":"\r[cosine_anneal] Stage2 Epoch 72/75:   1%|          | 2/164 [00:02\u003c02:04,  1.30it/s, loss=0.2138, acc=0.9375]\r[cosine_anneal] Stage2 Epoch 72/75:   2%|▏         | 3/164 [00:02\u003c01:34,  1.70it/s, loss=0.2138, acc=0.9375]\n"}
,{"stream_name":"stderr","time":5792.40028855,"data":"\r[cosine_anneal] Stage2 Epoch 72/75:   2%|▏         | 3/164 [00:02\u003c01:34,  1.70it/s, loss=0.2138, acc=0.9375]\r[cosine_anneal] Stage2 Epoch 72/75:   2%|▏         | 3/164 [00:02\u003c01:34,  1.70it/s, loss=0.1721, acc=0.9453]\n"}
,{"stream_name":"stderr","time":5792.401663161,"data":"\r[cosine_anneal] Stage2 Epoch 72/75:   2%|▏         | 3/164 [00:02\u003c01:34,  1.70it/s, loss=0.1721, acc=0.9453]\r[cosine_anneal] Stage2 Epoch 72/75:   2%|▏         | 4/164 [00:02\u003c01:21,  1.96it/s, loss=0.1721, acc=0.9453]\n"}
,{"stream_name":"stderr","time":5792.402917837,"data":"\r[cosine_anneal] Stage2 Epoch 72/75:   2%|▏         | 4/164 [00:02\u003c01:21,  1.96it/s, loss=0.1721, acc=0.9453]\r[cosine_anneal] Stage2 Epoch 72/75:   2%|▏         | 4/164 [00:02\u003c01:21,  1.96it/s, loss=0.1540, acc=0.9500]\n"}
,{"stream_name":"stderr","time":5792.404248563,"data":"\r[cosine_anneal] Stage2 Epoch 72/75:   2%|▏         | 4/164 [00:02\u003c01:21,  1.96it/s, loss=0.1540, acc=0.9500]\r[cosine_anneal] Stage2 Epoch 72/75:   3%|▎         | 5/164 [00:02\u003c01:14,  2.14it/s, loss=0.1540, acc=0.9500]\n"}
,{"stream_name":"stderr","time":5792.405467132,"data":"\r[cosine_anneal] Stage2 Epoch 72/75:   3%|▎         | 5/164 [00:02\u003c01:14,  2.14it/s, loss=0.1540, acc=0.9500]\r[cosine_anneal] Stage2 Epoch 72/75:   3%|▎         | 5/164 [00:03\u003c01:14,  2.14it/s, loss=0.1420, acc=0.9479]\n"}
,{"stream_name":"stderr","time":5792.406723615,"data":"\r[cosine_anneal] Stage2 Epoch 72/75:   3%|▎         | 5/164 [00:03\u003c01:14,  2.14it/s, loss=0.1420, acc=0.9479]\r[cosine_anneal] Stage2 Epoch 72/75:   4%|▎         | 6/164 [00:03\u003c01:08,  2.30it/s, loss=0.1420, acc=0.9479]\n"}
,{"stream_name":"stderr","time":5792.639030168,"data":"\r[cosine_anneal] Stage2 Epoch 72/75:   4%|▎         | 6/164 [00:03\u003c01:08,  2.30it/s, loss=0.1420, acc=0.9479]\r[cosine_anneal] Stage2 Epoch 72/75:   4%|▎         | 6/164 [00:03\u003c01:08,  2.30it/s, loss=0.1657, acc=0.9464]\n"}
,{"stream_name":"stderr","time":5792.645653466,"data":"\r[cosine_anneal] Stage2 Epoch 72/75:   4%|▎         | 6/164 [00:03\u003c01:08,  2.30it/s, loss=0.1657, acc=0.9464]\r[cosine_anneal] Stage2 Epoch 72/75:   4%|▍         | 7/164 [00:03\u003c01:06,  2.36it/s, loss=0.1657, acc=0.9464]\n"}
,{"stream_name":"stderr","time":5793.011619487,"data":"\r[cosine_anneal] Stage2 Epoch 72/75:   4%|▍         | 7/164 [00:03\u003c01:06,  2.36it/s, loss=0.1657, acc=0.9464]\r[cosine_anneal] Stage2 Epoch 72/75:   4%|▍         | 7/164 [00:03\u003c01:06,  2.36it/s, loss=0.1498, acc=0.9531]\n"}
,{"stream_name":"stderr","time":5793.012716214,"data":"\r[cosine_anneal] Stage2 Epoch 72/75:   4%|▍         | 7/164 [00:03\u003c01:06,  2.36it/s, loss=0.1498, acc=0.9531]\r[cosine_anneal] Stage2 Epoch 72/75:   5%|▍         | 8/164 [00:03\u003c01:03,  2.46it/s, loss=0.1498, acc=0.9531]\n"}
,{"stream_name":"stderr","time":5793.387549927,"data":"\r[cosine_anneal] Stage2 Epoch 72/75:   5%|▍         | 8/164 [00:03\u003c01:03,  2.46it/s, loss=0.1498, acc=0.9531]\r[cosine_anneal] Stage2 Epoch 72/75:   5%|▍         | 8/164 [00:04\u003c01:03,  2.46it/s, loss=0.1580, acc=0.9479]\n"}
,{"stream_name":"stderr","time":5793.389027531,"data":"\r[cosine_anneal] Stage2 Epoch 72/75:   5%|▍         | 8/164 [00:04\u003c01:03,  2.46it/s, loss=0.1580, acc=0.9479]\r[cosine_anneal] Stage2 Epoch 72/75:   5%|▌         | 9/164 [00:04\u003c01:01,  2.52it/s, loss=0.1580, acc=0.9479]\n"}
,{"stream_name":"stderr","time":5793.759780073,"data":"\r[cosine_anneal] Stage2 Epoch 72/75:   5%|▌         | 9/164 [00:04\u003c01:01,  2.52it/s, loss=0.1580, acc=0.9479]\r[cosine_anneal] Stage2 Epoch 72/75:   5%|▌         | 9/164 [00:04\u003c01:01,  2.52it/s, loss=0.1499, acc=0.9500]\n"}
,{"stream_name":"stderr","time":5793.760737806,"data":"\r[cosine_anneal] Stage2 Epoch 72/75:   5%|▌         | 9/164 [00:04\u003c01:01,  2.52it/s, loss=0.1499, acc=0.9500]\r[cosine_anneal] Stage2 Epoch 72/75:   6%|▌         | 10/164 [00:04\u003c01:00,  2.57it/s, loss=0.1499, acc=0.9500]\n"}
,{"stream_name":"stderr","time":5794.141972679,"data":"\r[cosine_anneal] Stage2 Epoch 72/75:   6%|▌         | 10/164 [00:04\u003c01:00,  2.57it/s, loss=0.1499, acc=0.9500]\r[cosine_anneal] Stage2 Epoch 72/75:   6%|▌         | 10/164 [00:05\u003c01:00,  2.57it/s, loss=0.1395, acc=0.9545]\n"}
,{"stream_name":"stderr","time":5794.143286452,"data":"\r[cosine_anneal] Stage2 Epoch 72/75:   6%|▌         | 10/164 [00:05\u003c01:00,  2.57it/s, loss=0.1395, acc=0.9545]\r[cosine_anneal] Stage2 Epoch 72/75:   7%|▋         | 11/164 [00:05\u003c00:59,  2.58it/s, loss=0.1395, acc=0.9545]\n"}
,{"stream_name":"stderr","time":5794.512715872,"data":"\r[cosine_anneal] Stage2 Epoch 72/75:   7%|▋         | 11/164 [00:05\u003c00:59,  2.58it/s, loss=0.1395, acc=0.9545]\r[cosine_anneal] Stage2 Epoch 72/75:   7%|▋         | 11/164 [00:05\u003c00:59,  2.58it/s, loss=0.1301, acc=0.9557]\n"}
,{"stream_name":"stderr","time":5794.522290993,"data":"\r[cosine_anneal] Stage2 Epoch 72/75:   7%|▋         | 11/164 [00:05\u003c00:59,  2.58it/s, loss=0.1301, acc=0.9557]\r[cosine_anneal] Stage2 Epoch 72/75:   7%|▋         | 12/164 [00:05\u003c00:58,  2.61it/s, loss=0.1301, acc=0.9557]\n"}
,{"stream_name":"stderr","time":5794.891197819,"data":"\r[cosine_anneal] Stage2 Epoch 72/75:   7%|▋         | 12/164 [00:05\u003c00:58,  2.61it/s, loss=0.1301, acc=0.9557]\r[cosine_anneal] Stage2 Epoch 72/75:   7%|▋         | 12/164 [00:05\u003c00:58,  2.61it/s, loss=0.1228, acc=0.9591]\n"}
,{"stream_name":"stderr","time":5794.892218441,"data":"\r[cosine_anneal] Stage2 Epoch 72/75:   7%|▋         | 12/164 [00:05\u003c00:58,  2.61it/s, loss=0.1228, acc=0.9591]\r[cosine_anneal] Stage2 Epoch 72/75:   8%|▊         | 13/164 [00:05\u003c00:57,  2.62it/s, loss=0.1228, acc=0.9591]\n"}
,{"stream_name":"stderr","time":5795.262100851,"data":"\r[cosine_anneal] Stage2 Epoch 72/75:   8%|▊         | 13/164 [00:05\u003c00:57,  2.62it/s, loss=0.1228, acc=0.9591]\r[cosine_anneal] Stage2 Epoch 72/75:   8%|▊         | 13/164 [00:06\u003c00:57,  2.62it/s, loss=0.1207, acc=0.9598]\n"}
,{"stream_name":"stderr","time":5795.264420103,"data":"\r[cosine_anneal] Stage2 Epoch 72/75:   8%|▊         | 13/164 [00:06\u003c00:57,  2.62it/s, loss=0.1207, acc=0.9598]\r[cosine_anneal] Stage2 Epoch 72/75:   9%|▊         | 14/164 [00:06\u003c00:56,  2.64it/s, loss=0.1207, acc=0.9598]\n"}
,{"stream_name":"stderr","time":5795.643754416,"data":"\r[cosine_anneal] Stage2 Epoch 72/75:   9%|▊         | 14/164 [00:06\u003c00:56,  2.64it/s, loss=0.1207, acc=0.9598]\r[cosine_anneal] Stage2 Epoch 72/75:   9%|▊         | 14/164 [00:06\u003c00:56,  2.64it/s, loss=0.1172, acc=0.9583]\n"}
,{"stream_name":"stderr","time":5795.644996881,"data":"\r[cosine_anneal] Stage2 Epoch 72/75:   9%|▊         | 14/164 [00:06\u003c00:56,  2.64it/s, loss=0.1172, acc=0.9583]\r[cosine_anneal] Stage2 Epoch 72/75:   9%|▉         | 15/164 [00:06\u003c00:56,  2.64it/s, loss=0.1172, acc=0.9583]\n"}
,{"stream_name":"stderr","time":5796.016796307,"data":"\r[cosine_anneal] Stage2 Epoch 72/75:   9%|▉         | 15/164 [00:06\u003c00:56,  2.64it/s, loss=0.1172, acc=0.9583]\r[cosine_anneal] Stage2 Epoch 72/75:   9%|▉         | 15/164 [00:07\u003c00:56,  2.64it/s, loss=0.1146, acc=0.9590]\n"}
,{"stream_name":"stderr","time":5796.018169787,"data":"\r[cosine_anneal] Stage2 Epoch 72/75:   9%|▉         | 15/164 [00:07\u003c00:56,  2.64it/s, loss=0.1146, acc=0.9590]\r[cosine_anneal] Stage2 Epoch 72/75:  10%|▉         | 16/164 [00:07\u003c00:55,  2.65it/s, loss=0.1146, acc=0.9590]\n"}
,{"stream_name":"stderr","time":5796.392546233,"data":"\r[cosine_anneal] Stage2 Epoch 72/75:  10%|▉         | 16/164 [00:07\u003c00:55,  2.65it/s, loss=0.1146, acc=0.9590]\r[cosine_anneal] Stage2 Epoch 72/75:  10%|▉         | 16/164 [00:07\u003c00:55,  2.65it/s, loss=0.1244, acc=0.9577]\n"}
,{"stream_name":"stderr","time":5796.394215545,"data":"\r[cosine_anneal] Stage2 Epoch 72/75:  10%|▉         | 16/164 [00:07\u003c00:55,  2.65it/s, loss=0.1244, acc=0.9577]\r[cosine_anneal] Stage2 Epoch 72/75:  10%|█         | 17/164 [00:07\u003c00:55,  2.65it/s, loss=0.1244, acc=0.9577]\n"}
,{"stream_name":"stderr","time":5796.768423139,"data":"\r[cosine_anneal] Stage2 Epoch 72/75:  10%|█         | 17/164 [00:07\u003c00:55,  2.65it/s, loss=0.1244, acc=0.9577]\r[cosine_anneal] Stage2 Epoch 72/75:  10%|█         | 17/164 [00:07\u003c00:55,  2.65it/s, loss=0.1281, acc=0.9583]\n"}
,{"stream_name":"stderr","time":5796.770367865,"data":"\r[cosine_anneal] Stage2 Epoch 72/75:  10%|█         | 17/164 [00:07\u003c00:55,  2.65it/s, loss=0.1281, acc=0.9583]\r[cosine_anneal] Stage2 Epoch 72/75:  11%|█         | 18/164 [00:07\u003c00:54,  2.66it/s, loss=0.1281, acc=0.9583]\n"}
,{"stream_name":"stderr","time":5797.150365494,"data":"\r[cosine_anneal] Stage2 Epoch 72/75:  11%|█         | 18/164 [00:07\u003c00:54,  2.66it/s, loss=0.1281, acc=0.9583]\r[cosine_anneal] Stage2 Epoch 72/75:  11%|█         | 18/164 [00:08\u003c00:54,  2.66it/s, loss=0.1236, acc=0.9589]\n"}
,{"stream_name":"stderr","time":5797.150820292,"data":"\r[cosine_anneal] Stage2 Epoch 72/75:  11%|█         | 18/164 [00:08\u003c00:54,  2.66it/s, loss=0.1236, acc=0.9589]\r[cosine_anneal] Stage2 Epoch 72/75:  12%|█▏        | 19/164 [00:08\u003c00:54,  2.65it/s, loss=0.1236, acc=0.9589]\n"}
,{"stream_name":"stderr","time":5797.529249129,"data":"\r[cosine_anneal] Stage2 Epoch 72/75:  12%|█▏        | 19/164 [00:08\u003c00:54,  2.65it/s, loss=0.1236, acc=0.9589]\r[cosine_anneal] Stage2 Epoch 72/75:  12%|█▏        | 19/164 [00:08\u003c00:54,  2.65it/s, loss=0.1178, acc=0.9609]\n"}
,{"stream_name":"stderr","time":5797.531595156,"data":"\r[cosine_anneal] Stage2 Epoch 72/75:  12%|█▏        | 19/164 [00:08\u003c00:54,  2.65it/s, loss=0.1178, acc=0.9609]\r[cosine_anneal] Stage2 Epoch 72/75:  12%|█▏        | 20/164 [00:08\u003c00:54,  2.64it/s, loss=0.1178, acc=0.9609]\n"}
,{"stream_name":"stderr","time":5797.907168051,"data":"\r[cosine_anneal] Stage2 Epoch 72/75:  12%|█▏        | 20/164 [00:08\u003c00:54,  2.64it/s, loss=0.1178, acc=0.9609]\r[cosine_anneal] Stage2 Epoch 72/75:  12%|█▏        | 20/164 [00:08\u003c00:54,  2.64it/s, loss=0.1199, acc=0.9598]\n"}
,{"stream_name":"stderr","time":5797.907755973,"data":"\r[cosine_anneal] Stage2 Epoch 72/75:  12%|█▏        | 20/164 [00:08\u003c00:54,  2.64it/s, loss=0.1199, acc=0.9598]\r[cosine_anneal] Stage2 Epoch 72/75:  13%|█▎        | 21/164 [00:08\u003c00:54,  2.65it/s, loss=0.1199, acc=0.9598]\n"}
,{"stream_name":"stderr","time":5798.280467396,"data":"\r[cosine_anneal] Stage2 Epoch 72/75:  13%|█▎        | 21/164 [00:08\u003c00:54,  2.65it/s, loss=0.1199, acc=0.9598]\r[cosine_anneal] Stage2 Epoch 72/75:  13%|█▎        | 21/164 [00:09\u003c00:54,  2.65it/s, loss=0.1179, acc=0.9616]\n"}
,{"stream_name":"stderr","time":5798.282476553,"data":"\r[cosine_anneal] Stage2 Epoch 72/75:  13%|█▎        | 21/164 [00:09\u003c00:54,  2.65it/s, loss=0.1179, acc=0.9616]\r[cosine_anneal] Stage2 Epoch 72/75:  13%|█▎        | 22/164 [00:09\u003c00:53,  2.65it/s, loss=0.1179, acc=0.9616]\n"}
,{"stream_name":"stderr","time":5798.658978325,"data":"\r[cosine_anneal] Stage2 Epoch 72/75:  13%|█▎        | 22/164 [00:09\u003c00:53,  2.65it/s, loss=0.1179, acc=0.9616]\r[cosine_anneal] Stage2 Epoch 72/75:  13%|█▎        | 22/164 [00:09\u003c00:53,  2.65it/s, loss=0.1236, acc=0.9592]\n"}
,{"stream_name":"stderr","time":5798.659921231,"data":"\r[cosine_anneal] Stage2 Epoch 72/75:  13%|█▎        | 22/164 [00:09\u003c00:53,  2.65it/s, loss=0.1236, acc=0.9592]\r[cosine_anneal] Stage2 Epoch 72/75:  14%|█▍        | 23/164 [00:09\u003c00:53,  2.65it/s, loss=0.1236, acc=0.9592]\n"}
,{"stream_name":"stderr","time":5799.035365941,"data":"\r[cosine_anneal] Stage2 Epoch 72/75:  14%|█▍        | 23/164 [00:09\u003c00:53,  2.65it/s, loss=0.1236, acc=0.9592]\r[cosine_anneal] Stage2 Epoch 72/75:  14%|█▍        | 23/164 [00:10\u003c00:53,  2.65it/s, loss=0.1210, acc=0.9596]\n"}
,{"stream_name":"stderr","time":5799.03637434,"data":"\r[cosine_anneal] Stage2 Epoch 72/75:  14%|█▍        | 23/164 [00:10\u003c00:53,  2.65it/s, loss=0.1210, acc=0.9596]\r[cosine_anneal] Stage2 Epoch 72/75:  15%|█▍        | 24/164 [00:10\u003c00:52,  2.65it/s, loss=0.1210, acc=0.9596]\n"}
,{"stream_name":"stderr","time":5799.417347663,"data":"\r[cosine_anneal] Stage2 Epoch 72/75:  15%|█▍        | 24/164 [00:10\u003c00:52,  2.65it/s, loss=0.1210, acc=0.9596]\r[cosine_anneal] Stage2 Epoch 72/75:  15%|█▍        | 24/164 [00:10\u003c00:52,  2.65it/s, loss=0.1209, acc=0.9600]\n"}
,{"stream_name":"stderr","time":5799.419484347,"data":"\r[cosine_anneal] Stage2 Epoch 72/75:  15%|█▍        | 24/164 [00:10\u003c00:52,  2.65it/s, loss=0.1209, acc=0.9600]\r[cosine_anneal] Stage2 Epoch 72/75:  15%|█▌        | 25/164 [00:10\u003c00:52,  2.64it/s, loss=0.1209, acc=0.9600]\n"}
,{"stream_name":"stderr","time":5799.796309985,"data":"\r[cosine_anneal] Stage2 Epoch 72/75:  15%|█▌        | 25/164 [00:10\u003c00:52,  2.64it/s, loss=0.1209, acc=0.9600]\r[cosine_anneal] Stage2 Epoch 72/75:  15%|█▌        | 25/164 [00:10\u003c00:52,  2.64it/s, loss=0.1172, acc=0.9615]\n"}
,{"stream_name":"stderr","time":5799.800922242,"data":"\r[cosine_anneal] Stage2 Epoch 72/75:  15%|█▌        | 25/164 [00:10\u003c00:52,  2.64it/s, loss=0.1172, acc=0.9615]\r[cosine_anneal] Stage2 Epoch 72/75:  16%|█▌        | 26/164 [00:10\u003c00:52,  2.64it/s, loss=0.1172, acc=0.9615]\n"}
,{"stream_name":"stderr","time":5800.177888256,"data":"\r[cosine_anneal] Stage2 Epoch 72/75:  16%|█▌        | 26/164 [00:10\u003c00:52,  2.64it/s, loss=0.1172, acc=0.9615]\r[cosine_anneal] Stage2 Epoch 72/75:  16%|█▌        | 26/164 [00:11\u003c00:52,  2.64it/s, loss=0.1167, acc=0.9618]\n"}
,{"stream_name":"stderr","time":5800.178907148,"data":"\r[cosine_anneal] Stage2 Epoch 72/75:  16%|█▌        | 26/164 [00:11\u003c00:52,  2.64it/s, loss=0.1167, acc=0.9618]\r[cosine_anneal] Stage2 Epoch 72/75:  16%|█▋        | 27/164 [00:11\u003c00:51,  2.64it/s, loss=0.1167, acc=0.9618]\n"}
,{"stream_name":"stderr","time":5800.553752992,"data":"\r[cosine_anneal] Stage2 Epoch 72/75:  16%|█▋        | 27/164 [00:11\u003c00:51,  2.64it/s, loss=0.1167, acc=0.9618]\r[cosine_anneal] Stage2 Epoch 72/75:  16%|█▋        | 27/164 [00:11\u003c00:51,  2.64it/s, loss=0.1158, acc=0.9621]\n"}
,{"stream_name":"stderr","time":5800.559148833,"data":"\r[cosine_anneal] Stage2 Epoch 72/75:  16%|█▋        | 27/164 [00:11\u003c00:51,  2.64it/s, loss=0.1158, acc=0.9621]\r[cosine_anneal] Stage2 Epoch 72/75:  17%|█▋        | 28/164 [00:11\u003c00:51,  2.64it/s, loss=0.1158, acc=0.9621]\n"}
,{"stream_name":"stderr","time":5800.933669677,"data":"\r[cosine_anneal] Stage2 Epoch 72/75:  17%|█▋        | 28/164 [00:11\u003c00:51,  2.64it/s, loss=0.1158, acc=0.9621]\r[cosine_anneal] Stage2 Epoch 72/75:  17%|█▋        | 28/164 [00:11\u003c00:51,  2.64it/s, loss=0.1132, acc=0.9634]\n"}
,{"stream_name":"stderr","time":5800.935344605,"data":"\r[cosine_anneal] Stage2 Epoch 72/75:  17%|█▋        | 28/164 [00:11\u003c00:51,  2.64it/s, loss=0.1132, acc=0.9634]\r[cosine_anneal] Stage2 Epoch 72/75:  18%|█▊        | 29/164 [00:11\u003c00:51,  2.64it/s, loss=0.1132, acc=0.9634]\n"}
,{"stream_name":"stderr","time":5801.318867299,"data":"\r[cosine_anneal] Stage2 Epoch 72/75:  18%|█▊        | 29/164 [00:11\u003c00:51,  2.64it/s, loss=0.1132, acc=0.9634]\r[cosine_anneal] Stage2 Epoch 72/75:  18%|█▊        | 29/164 [00:12\u003c00:51,  2.64it/s, loss=0.1100, acc=0.9646]\n"}
,{"stream_name":"stderr","time":5801.320588628,"data":"\r[cosine_anneal] Stage2 Epoch 72/75:  18%|█▊        | 29/164 [00:12\u003c00:51,  2.64it/s, loss=0.1100, acc=0.9646]\r[cosine_anneal] Stage2 Epoch 72/75:  18%|█▊        | 30/164 [00:12\u003c00:51,  2.63it/s, loss=0.1100, acc=0.9646]\n"}
,{"stream_name":"stderr","time":5801.696130126,"data":"\r[cosine_anneal] Stage2 Epoch 72/75:  18%|█▊        | 30/164 [00:12\u003c00:51,  2.63it/s, loss=0.1100, acc=0.9646]\r[cosine_anneal] Stage2 Epoch 72/75:  18%|█▊        | 30/164 [00:12\u003c00:51,  2.63it/s, loss=0.1087, acc=0.9637]\n"}
,{"stream_name":"stderr","time":5801.697189951,"data":"\r[cosine_anneal] Stage2 Epoch 72/75:  18%|█▊        | 30/164 [00:12\u003c00:51,  2.63it/s, loss=0.1087, acc=0.9637]\r[cosine_anneal] Stage2 Epoch 72/75:  19%|█▉        | 31/164 [00:12\u003c00:50,  2.63it/s, loss=0.1087, acc=0.9637]\n"}
,{"stream_name":"stderr","time":5802.071512226,"data":"\r[cosine_anneal] Stage2 Epoch 72/75:  19%|█▉        | 31/164 [00:12\u003c00:50,  2.63it/s, loss=0.1087, acc=0.9637]\r[cosine_anneal] Stage2 Epoch 72/75:  19%|█▉        | 31/164 [00:13\u003c00:50,  2.63it/s, loss=0.1162, acc=0.9619]\n"}
,{"stream_name":"stderr","time":5802.072480167,"data":"\r[cosine_anneal] Stage2 Epoch 72/75:  19%|█▉        | 31/164 [00:13\u003c00:50,  2.63it/s, loss=0.1162, acc=0.9619]\r[cosine_anneal] Stage2 Epoch 72/75:  20%|█▉        | 32/164 [00:13\u003c00:49,  2.64it/s, loss=0.1162, acc=0.9619]\n"}
,{"stream_name":"stderr","time":5802.45210007,"data":"\r[cosine_anneal] Stage2 Epoch 72/75:  20%|█▉        | 32/164 [00:13\u003c00:49,  2.64it/s, loss=0.1162, acc=0.9619]\r[cosine_anneal] Stage2 Epoch 72/75:  20%|█▉        | 32/164 [00:13\u003c00:49,  2.64it/s, loss=0.1165, acc=0.9621]\n"}
,{"stream_name":"stderr","time":5802.457494013,"data":"\r[cosine_anneal] Stage2 Epoch 72/75:  20%|█▉        | 32/164 [00:13\u003c00:49,  2.64it/s, loss=0.1165, acc=0.9621]\r[cosine_anneal] Stage2 Epoch 72/75:  20%|██        | 33/164 [00:13\u003c00:49,  2.64it/s, loss=0.1165, acc=0.9621]\n"}
,{"stream_name":"stderr","time":5802.822990767,"data":"\r[cosine_anneal] Stage2 Epoch 72/75:  20%|██        | 33/164 [00:13\u003c00:49,  2.64it/s, loss=0.1165, acc=0.9621]\r[cosine_anneal] Stage2 Epoch 72/75:  20%|██        | 33/164 [00:13\u003c00:49,  2.64it/s, loss=0.1157, acc=0.9623]\n"}
,{"stream_name":"stderr","time":5802.823989175,"data":"\r[cosine_anneal] Stage2 Epoch 72/75:  20%|██        | 33/164 [00:13\u003c00:49,  2.64it/s, loss=0.1157, acc=0.9623]\r[cosine_anneal] Stage2 Epoch 72/75:  21%|██        | 34/164 [00:13\u003c00:48,  2.65it/s, loss=0.1157, acc=0.9623]\n"}
,{"stream_name":"stderr","time":5803.202646718,"data":"\r[cosine_anneal] Stage2 Epoch 72/75:  21%|██        | 34/164 [00:13\u003c00:48,  2.65it/s, loss=0.1157, acc=0.9623]\r[cosine_anneal] Stage2 Epoch 72/75:  21%|██        | 34/164 [00:14\u003c00:48,  2.65it/s, loss=0.1130, acc=0.9634]\n"}
,{"stream_name":"stderr","time":5803.207850153,"data":"\r[cosine_anneal] Stage2 Epoch 72/75:  21%|██        | 34/164 [00:14\u003c00:48,  2.65it/s, loss=0.1130, acc=0.9634]\r[cosine_anneal] Stage2 Epoch 72/75:  21%|██▏       | 35/164 [00:14\u003c00:48,  2.65it/s, loss=0.1130, acc=0.9634]\n"}
,{"stream_name":"stderr","time":5803.577878884,"data":"\r[cosine_anneal] Stage2 Epoch 72/75:  21%|██▏       | 35/164 [00:14\u003c00:48,  2.65it/s, loss=0.1130, acc=0.9634]\r[cosine_anneal] Stage2 Epoch 72/75:  21%|██▏       | 35/164 [00:14\u003c00:48,  2.65it/s, loss=0.1159, acc=0.9627]\n"}
,{"stream_name":"stderr","time":5803.578994166,"data":"\r[cosine_anneal] Stage2 Epoch 72/75:  21%|██▏       | 35/164 [00:14\u003c00:48,  2.65it/s, loss=0.1159, acc=0.9627]\r[cosine_anneal] Stage2 Epoch 72/75:  22%|██▏       | 36/164 [00:14\u003c00:48,  2.65it/s, loss=0.1159, acc=0.9627]\n"}
,{"stream_name":"stderr","time":5803.954692196,"data":"\r[cosine_anneal] Stage2 Epoch 72/75:  22%|██▏       | 36/164 [00:14\u003c00:48,  2.65it/s, loss=0.1159, acc=0.9627]\r[cosine_anneal] Stage2 Epoch 72/75:  22%|██▏       | 36/164 [00:14\u003c00:48,  2.65it/s, loss=0.1155, acc=0.9628]\n"}
,{"stream_name":"stderr","time":5803.956706964,"data":"\r[cosine_anneal] Stage2 Epoch 72/75:  22%|██▏       | 36/164 [00:14\u003c00:48,  2.65it/s, loss=0.1155, acc=0.9628]\r[cosine_anneal] Stage2 Epoch 72/75:  23%|██▎       | 37/164 [00:14\u003c00:47,  2.65it/s, loss=0.1155, acc=0.9628]\n"}
,{"stream_name":"stderr","time":5804.33606472,"data":"\r[cosine_anneal] Stage2 Epoch 72/75:  23%|██▎       | 37/164 [00:14\u003c00:47,  2.65it/s, loss=0.1155, acc=0.9628]\r[cosine_anneal] Stage2 Epoch 72/75:  23%|██▎       | 37/164 [00:15\u003c00:47,  2.65it/s, loss=0.1198, acc=0.9605]\n"}
,{"stream_name":"stderr","time":5804.337499697,"data":"\r[cosine_anneal] Stage2 Epoch 72/75:  23%|██▎       | 37/164 [00:15\u003c00:47,  2.65it/s, loss=0.1198, acc=0.9605]\r[cosine_anneal] Stage2 Epoch 72/75:  23%|██▎       | 38/164 [00:15\u003c00:47,  2.65it/s, loss=0.1198, acc=0.9605]\n"}
,{"stream_name":"stderr","time":5804.711458143,"data":"\r[cosine_anneal] Stage2 Epoch 72/75:  23%|██▎       | 38/164 [00:15\u003c00:47,  2.65it/s, loss=0.1198, acc=0.9605]\r[cosine_anneal] Stage2 Epoch 72/75:  23%|██▎       | 38/164 [00:15\u003c00:47,  2.65it/s, loss=0.1190, acc=0.9607]\n"}
,{"stream_name":"stderr","time":5804.713073735,"data":"\r[cosine_anneal] Stage2 Epoch 72/75:  23%|██▎       | 38/164 [00:15\u003c00:47,  2.65it/s, loss=0.1190, acc=0.9607]\r[cosine_anneal] Stage2 Epoch 72/75:  24%|██▍       | 39/164 [00:15\u003c00:47,  2.65it/s, loss=0.1190, acc=0.9607]\n"}
,{"stream_name":"stderr","time":5805.088920269,"data":"\r[cosine_anneal] Stage2 Epoch 72/75:  24%|██▍       | 39/164 [00:15\u003c00:47,  2.65it/s, loss=0.1190, acc=0.9607]\r[cosine_anneal] Stage2 Epoch 72/75:  24%|██▍       | 39/164 [00:16\u003c00:47,  2.65it/s, loss=0.1167, acc=0.9617]\n"}
,{"stream_name":"stderr","time":5805.090230945,"data":"\r[cosine_anneal] Stage2 Epoch 72/75:  24%|██▍       | 39/164 [00:16\u003c00:47,  2.65it/s, loss=0.1167, acc=0.9617]\r[cosine_anneal] Stage2 Epoch 72/75:  24%|██▍       | 40/164 [00:16\u003c00:46,  2.65it/s, loss=0.1167, acc=0.9617]\n"}
,{"stream_name":"stderr","time":5805.470754085,"data":"\r[cosine_anneal] Stage2 Epoch 72/75:  24%|██▍       | 40/164 [00:16\u003c00:46,  2.65it/s, loss=0.1167, acc=0.9617]\r[cosine_anneal] Stage2 Epoch 72/75:  24%|██▍       | 40/164 [00:16\u003c00:46,  2.65it/s, loss=0.1158, acc=0.9619]\n"}
,{"stream_name":"stderr","time":5805.471975574,"data":"\r[cosine_anneal] Stage2 Epoch 72/75:  24%|██▍       | 40/164 [00:16\u003c00:46,  2.65it/s, loss=0.1158, acc=0.9619]\r[cosine_anneal] Stage2 Epoch 72/75:  25%|██▌       | 41/164 [00:16\u003c00:46,  2.64it/s, loss=0.1158, acc=0.9619]\n"}
,{"stream_name":"stderr","time":5805.845294642,"data":"\r[cosine_anneal] Stage2 Epoch 72/75:  25%|██▌       | 41/164 [00:16\u003c00:46,  2.64it/s, loss=0.1158, acc=0.9619]\r[cosine_anneal] Stage2 Epoch 72/75:  25%|██▌       | 41/164 [00:16\u003c00:46,  2.64it/s, loss=0.1136, acc=0.9628]\n"}
,{"stream_name":"stderr","time":5805.846208205,"data":"\r[cosine_anneal] Stage2 Epoch 72/75:  25%|██▌       | 41/164 [00:16\u003c00:46,  2.64it/s, loss=0.1136, acc=0.9628]\r[cosine_anneal] Stage2 Epoch 72/75:  26%|██▌       | 42/164 [00:16\u003c00:46,  2.65it/s, loss=0.1136, acc=0.9628]\n"}
,{"stream_name":"stderr","time":5806.223732418,"data":"\r[cosine_anneal] Stage2 Epoch 72/75:  26%|██▌       | 42/164 [00:16\u003c00:46,  2.65it/s, loss=0.1136, acc=0.9628]\r[cosine_anneal] Stage2 Epoch 72/75:  26%|██▌       | 42/164 [00:17\u003c00:46,  2.65it/s, loss=0.1175, acc=0.9622]\n"}
,{"stream_name":"stderr","time":5806.224912676,"data":"\r[cosine_anneal] Stage2 Epoch 72/75:  26%|██▌       | 42/164 [00:17\u003c00:46,  2.65it/s, loss=0.1175, acc=0.9622]\r[cosine_anneal] Stage2 Epoch 72/75:  26%|██▌       | 43/164 [00:17\u003c00:45,  2.65it/s, loss=0.1175, acc=0.9622]\n"}
,{"stream_name":"stderr","time":5806.603221113,"data":"\r[cosine_anneal] Stage2 Epoch 72/75:  26%|██▌       | 43/164 [00:17\u003c00:45,  2.65it/s, loss=0.1175, acc=0.9622]\r[cosine_anneal] Stage2 Epoch 72/75:  26%|██▌       | 43/164 [00:17\u003c00:45,  2.65it/s, loss=0.1167, acc=0.9624]\n"}
,{"stream_name":"stderr","time":5806.604629579,"data":"\r[cosine_anneal] Stage2 Epoch 72/75:  26%|██▌       | 43/164 [00:17\u003c00:45,  2.65it/s, loss=0.1167, acc=0.9624]\r[cosine_anneal] Stage2 Epoch 72/75:  27%|██▋       | 44/164 [00:17\u003c00:45,  2.64it/s, loss=0.1167, acc=0.9624]\n"}
,{"stream_name":"stderr","time":5806.982436906,"data":"\r[cosine_anneal] Stage2 Epoch 72/75:  27%|██▋       | 44/164 [00:17\u003c00:45,  2.64it/s, loss=0.1167, acc=0.9624]\r[cosine_anneal] Stage2 Epoch 72/75:  27%|██▋       | 44/164 [00:17\u003c00:45,  2.64it/s, loss=0.1161, acc=0.9625]\n"}
,{"stream_name":"stderr","time":5806.983424744,"data":"\r[cosine_anneal] Stage2 Epoch 72/75:  27%|██▋       | 44/164 [00:17\u003c00:45,  2.64it/s, loss=0.1161, acc=0.9625]\r[cosine_anneal] Stage2 Epoch 72/75:  27%|██▋       | 45/164 [00:17\u003c00:45,  2.64it/s, loss=0.1161, acc=0.9625]\n"}
,{"stream_name":"stderr","time":5807.357674392,"data":"\r[cosine_anneal] Stage2 Epoch 72/75:  27%|██▋       | 45/164 [00:17\u003c00:45,  2.64it/s, loss=0.1161, acc=0.9625]\r[cosine_anneal] Stage2 Epoch 72/75:  27%|██▋       | 45/164 [00:18\u003c00:45,  2.64it/s, loss=0.1154, acc=0.9626]\n"}
,{"stream_name":"stderr","time":5807.36237905,"data":"\r[cosine_anneal] Stage2 Epoch 72/75:  27%|██▋       | 45/164 [00:18\u003c00:45,  2.64it/s, loss=0.1154, acc=0.9626]\r[cosine_anneal] Stage2 Epoch 72/75:  28%|██▊       | 46/164 [00:18\u003c00:44,  2.65it/s, loss=0.1154, acc=0.9626]\n"}
,{"stream_name":"stderr","time":5807.739033313,"data":"\r[cosine_anneal] Stage2 Epoch 72/75:  28%|██▊       | 46/164 [00:18\u003c00:44,  2.65it/s, loss=0.1154, acc=0.9626]\r[cosine_anneal] Stage2 Epoch 72/75:  28%|██▊       | 46/164 [00:18\u003c00:44,  2.65it/s, loss=0.1169, acc=0.9621]\n"}
,{"stream_name":"stderr","time":5807.740020243,"data":"\r[cosine_anneal] Stage2 Epoch 72/75:  28%|██▊       | 46/164 [00:18\u003c00:44,  2.65it/s, loss=0.1169, acc=0.9621]\r[cosine_anneal] Stage2 Epoch 72/75:  29%|██▊       | 47/164 [00:18\u003c00:44,  2.64it/s, loss=0.1169, acc=0.9621]\n"}
,{"stream_name":"stderr","time":5808.118642279,"data":"\r[cosine_anneal] Stage2 Epoch 72/75:  29%|██▊       | 47/164 [00:18\u003c00:44,  2.64it/s, loss=0.1169, acc=0.9621]\r[cosine_anneal] Stage2 Epoch 72/75:  29%|██▊       | 47/164 [00:19\u003c00:44,  2.64it/s, loss=0.1179, acc=0.9609]\n"}
,{"stream_name":"stderr","time":5808.11960521,"data":"\r[cosine_anneal] Stage2 Epoch 72/75:  29%|██▊       | 47/164 [00:19\u003c00:44,  2.64it/s, loss=0.1179, acc=0.9609]\r[cosine_anneal] Stage2 Epoch 72/75:  29%|██▉       | 48/164 [00:19\u003c00:43,  2.64it/s, loss=0.1179, acc=0.9609]\n"}
,{"stream_name":"stderr","time":5808.492037491,"data":"\r[cosine_anneal] Stage2 Epoch 72/75:  29%|██▉       | 48/164 [00:19\u003c00:43,  2.64it/s, loss=0.1179, acc=0.9609]\r[cosine_anneal] Stage2 Epoch 72/75:  29%|██▉       | 48/164 [00:19\u003c00:43,  2.64it/s, loss=0.1169, acc=0.9617]\n"}
,{"stream_name":"stderr","time":5808.492984049,"data":"\r[cosine_anneal] Stage2 Epoch 72/75:  29%|██▉       | 48/164 [00:19\u003c00:43,  2.64it/s, loss=0.1169, acc=0.9617]\r[cosine_anneal] Stage2 Epoch 72/75:  30%|██▉       | 49/164 [00:19\u003c00:43,  2.65it/s, loss=0.1169, acc=0.9617]\n"}
,{"stream_name":"stderr","time":5808.872974694,"data":"\r[cosine_anneal] Stage2 Epoch 72/75:  30%|██▉       | 49/164 [00:19\u003c00:43,  2.65it/s, loss=0.1169, acc=0.9617]\r[cosine_anneal] Stage2 Epoch 72/75:  30%|██▉       | 49/164 [00:19\u003c00:43,  2.65it/s, loss=0.1162, acc=0.9619]\n"}
,{"stream_name":"stderr","time":5808.874087099,"data":"\r[cosine_anneal] Stage2 Epoch 72/75:  30%|██▉       | 49/164 [00:19\u003c00:43,  2.65it/s, loss=0.1162, acc=0.9619]\r[cosine_anneal] Stage2 Epoch 72/75:  30%|███       | 50/164 [00:19\u003c00:43,  2.64it/s, loss=0.1162, acc=0.9619]\n"}
,{"stream_name":"stderr","time":5809.257943111,"data":"\r[cosine_anneal] Stage2 Epoch 72/75:  30%|███       | 50/164 [00:19\u003c00:43,  2.64it/s, loss=0.1162, acc=0.9619]\r[cosine_anneal] Stage2 Epoch 72/75:  30%|███       | 50/164 [00:20\u003c00:43,  2.64it/s, loss=0.1227, acc=0.9608]\n"}
,{"stream_name":"stderr","time":5809.258842892,"data":"\r[cosine_anneal] Stage2 Epoch 72/75:  30%|███       | 50/164 [00:20\u003c00:43,  2.64it/s, loss=0.1227, acc=0.9608]\r[cosine_anneal] Stage2 Epoch 72/75:  31%|███       | 51/164 [00:20\u003c00:42,  2.63it/s, loss=0.1227, acc=0.9608]\n"}
,{"stream_name":"stderr","time":5809.632567027,"data":"\r[cosine_anneal] Stage2 Epoch 72/75:  31%|███       | 51/164 [00:20\u003c00:42,  2.63it/s, loss=0.1227, acc=0.9608]\r[cosine_anneal] Stage2 Epoch 72/75:  31%|███       | 51/164 [00:20\u003c00:42,  2.63it/s, loss=0.1205, acc=0.9615]\n"}
,{"stream_name":"stderr","time":5809.633603073,"data":"\r[cosine_anneal] Stage2 Epoch 72/75:  31%|███       | 51/164 [00:20\u003c00:42,  2.63it/s, loss=0.1205, acc=0.9615]\r[cosine_anneal] Stage2 Epoch 72/75:  32%|███▏      | 52/164 [00:20\u003c00:42,  2.64it/s, loss=0.1205, acc=0.9615]\n"}
,{"stream_name":"stderr","time":5810.01060559,"data":"\r[cosine_anneal] Stage2 Epoch 72/75:  32%|███▏      | 52/164 [00:20\u003c00:42,  2.64it/s, loss=0.1205, acc=0.9615]\r[cosine_anneal] Stage2 Epoch 72/75:  32%|███▏      | 52/164 [00:20\u003c00:42,  2.64it/s, loss=0.1196, acc=0.9617]\n"}
,{"stream_name":"stderr","time":5810.011873332,"data":"\r[cosine_anneal] Stage2 Epoch 72/75:  32%|███▏      | 52/164 [00:20\u003c00:42,  2.64it/s, loss=0.1196, acc=0.9617]\r[cosine_anneal] Stage2 Epoch 72/75:  32%|███▏      | 53/164 [00:20\u003c00:42,  2.64it/s, loss=0.1196, acc=0.9617]\n"}
,{"stream_name":"stderr","time":5810.390809823,"data":"\r[cosine_anneal] Stage2 Epoch 72/75:  32%|███▏      | 53/164 [00:20\u003c00:42,  2.64it/s, loss=0.1196, acc=0.9617]\r[cosine_anneal] Stage2 Epoch 72/75:  32%|███▏      | 53/164 [00:21\u003c00:42,  2.64it/s, loss=0.1211, acc=0.9618]\n"}
,{"stream_name":"stderr","time":5810.392654655,"data":"\r[cosine_anneal] Stage2 Epoch 72/75:  32%|███▏      | 53/164 [00:21\u003c00:42,  2.64it/s, loss=0.1211, acc=0.9618]\r[cosine_anneal] Stage2 Epoch 72/75:  33%|███▎      | 54/164 [00:21\u003c00:41,  2.64it/s, loss=0.1211, acc=0.9618]\n"}
,{"stream_name":"stderr","time":5810.773597434,"data":"\r[cosine_anneal] Stage2 Epoch 72/75:  33%|███▎      | 54/164 [00:21\u003c00:41,  2.64it/s, loss=0.1211, acc=0.9618]\r[cosine_anneal] Stage2 Epoch 72/75:  33%|███▎      | 54/164 [00:21\u003c00:41,  2.64it/s, loss=0.1195, acc=0.9625]\n"}
,{"stream_name":"stderr","time":5810.77444678,"data":"\r[cosine_anneal] Stage2 Epoch 72/75:  33%|███▎      | 54/164 [00:21\u003c00:41,  2.64it/s, loss=0.1195, acc=0.9625]\r[cosine_anneal] Stage2 Epoch 72/75:  34%|███▎      | 55/164 [00:21\u003c00:41,  2.63it/s, loss=0.1195, acc=0.9625]\n"}
,{"stream_name":"stderr","time":5811.154360461,"data":"\r[cosine_anneal] Stage2 Epoch 72/75:  34%|███▎      | 55/164 [00:21\u003c00:41,  2.63it/s, loss=0.1195, acc=0.9625]\r[cosine_anneal] Stage2 Epoch 72/75:  34%|███▎      | 55/164 [00:22\u003c00:41,  2.63it/s, loss=0.1217, acc=0.9615]\n"}
,{"stream_name":"stderr","time":5811.156542718,"data":"\r[cosine_anneal] Stage2 Epoch 72/75:  34%|███▎      | 55/164 [00:22\u003c00:41,  2.63it/s, loss=0.1217, acc=0.9615]\r[cosine_anneal] Stage2 Epoch 72/75:  34%|███▍      | 56/164 [00:22\u003c00:41,  2.63it/s, loss=0.1217, acc=0.9615]\n"}
,{"stream_name":"stderr","time":5811.532177113,"data":"\r[cosine_anneal] Stage2 Epoch 72/75:  34%|███▍      | 56/164 [00:22\u003c00:41,  2.63it/s, loss=0.1217, acc=0.9615]\r[cosine_anneal] Stage2 Epoch 72/75:  34%|███▍      | 56/164 [00:22\u003c00:41,  2.63it/s, loss=0.1244, acc=0.9600]\n"}
,{"stream_name":"stderr","time":5811.532214976,"data":"\r[cosine_anneal] Stage2 Epoch 72/75:  34%|███▍      | 56/164 [00:22\u003c00:41,  2.63it/s, loss=0.1244, acc=0.9600]\r[cosine_anneal] Stage2 Epoch 72/75:  35%|███▍      | 57/164 [00:22\u003c00:40,  2.63it/s, loss=0.1244, acc=0.9600]\n"}
,{"stream_name":"stderr","time":5811.91285976,"data":"\r[cosine_anneal] Stage2 Epoch 72/75:  35%|███▍      | 57/164 [00:22\u003c00:40,  2.63it/s, loss=0.1244, acc=0.9600]\r[cosine_anneal] Stage2 Epoch 72/75:  35%|███▍      | 57/164 [00:22\u003c00:40,  2.63it/s, loss=0.1245, acc=0.9607]\n"}
,{"stream_name":"stderr","time":5811.913907988,"data":"\r[cosine_anneal] Stage2 Epoch 72/75:  35%|███▍      | 57/164 [00:22\u003c00:40,  2.63it/s, loss=0.1245, acc=0.9607]\r[cosine_anneal] Stage2 Epoch 72/75:  35%|███▌      | 58/164 [00:22\u003c00:40,  2.63it/s, loss=0.1245, acc=0.9607]\n"}
,{"stream_name":"stderr","time":5812.296085615,"data":"\r[cosine_anneal] Stage2 Epoch 72/75:  35%|███▌      | 58/164 [00:22\u003c00:40,  2.63it/s, loss=0.1245, acc=0.9607]\r[cosine_anneal] Stage2 Epoch 72/75:  35%|███▌      | 58/164 [00:23\u003c00:40,  2.63it/s, loss=0.1228, acc=0.9613]\n"}
,{"stream_name":"stderr","time":5812.298096974,"data":"\r[cosine_anneal] Stage2 Epoch 72/75:  35%|███▌      | 58/164 [00:23\u003c00:40,  2.63it/s, loss=0.1228, acc=0.9613]\r[cosine_anneal] Stage2 Epoch 72/75:  36%|███▌      | 59/164 [00:23\u003c00:39,  2.63it/s, loss=0.1228, acc=0.9613]\n"}
,{"stream_name":"stderr","time":5812.670642477,"data":"\r[cosine_anneal] Stage2 Epoch 72/75:  36%|███▌      | 59/164 [00:23\u003c00:39,  2.63it/s, loss=0.1228, acc=0.9613]\r[cosine_anneal] Stage2 Epoch 72/75:  36%|███▌      | 59/164 [00:23\u003c00:39,  2.63it/s, loss=0.1250, acc=0.9609]\n"}
,{"stream_name":"stderr","time":5812.671687758,"data":"\r[cosine_anneal] Stage2 Epoch 72/75:  36%|███▌      | 59/164 [00:23\u003c00:39,  2.63it/s, loss=0.1250, acc=0.9609]\r[cosine_anneal] Stage2 Epoch 72/75:  37%|███▋      | 60/164 [00:23\u003c00:39,  2.64it/s, loss=0.1250, acc=0.9609]\n"}
,{"stream_name":"stderr","time":5813.049940064,"data":"\r[cosine_anneal] Stage2 Epoch 72/75:  37%|███▋      | 60/164 [00:23\u003c00:39,  2.64it/s, loss=0.1250, acc=0.9609]\r[cosine_anneal] Stage2 Epoch 72/75:  37%|███▋      | 60/164 [00:24\u003c00:39,  2.64it/s, loss=0.1253, acc=0.9611]\n"}
,{"stream_name":"stderr","time":5813.05502227,"data":"\r[cosine_anneal] Stage2 Epoch 72/75:  37%|███▋      | 60/164 [00:24\u003c00:39,  2.64it/s, loss=0.1253, acc=0.9611]\r[cosine_anneal] Stage2 Epoch 72/75:  37%|███▋      | 61/164 [00:24\u003c00:39,  2.64it/s, loss=0.1253, acc=0.9611]\n"}
,{"stream_name":"stderr","time":5813.431136371,"data":"\r[cosine_anneal] Stage2 Epoch 72/75:  37%|███▋      | 61/164 [00:24\u003c00:39,  2.64it/s, loss=0.1253, acc=0.9611]\r[cosine_anneal] Stage2 Epoch 72/75:  37%|███▋      | 61/164 [00:24\u003c00:39,  2.64it/s, loss=0.1253, acc=0.9612]\n"}
,{"stream_name":"stderr","time":5813.432109661,"data":"\r[cosine_anneal] Stage2 Epoch 72/75:  37%|███▋      | 61/164 [00:24\u003c00:39,  2.64it/s, loss=0.1253, acc=0.9612]\r[cosine_anneal] Stage2 Epoch 72/75:  38%|███▊      | 62/164 [00:24\u003c00:38,  2.63it/s, loss=0.1253, acc=0.9612]\n"}
,{"stream_name":"stderr","time":5813.809531439,"data":"\r[cosine_anneal] Stage2 Epoch 72/75:  38%|███▊      | 62/164 [00:24\u003c00:38,  2.63it/s, loss=0.1253, acc=0.9612]\r[cosine_anneal] Stage2 Epoch 72/75:  38%|███▊      | 62/164 [00:24\u003c00:38,  2.63it/s, loss=0.1245, acc=0.9613]\n"}
,{"stream_name":"stderr","time":5813.815142084,"data":"\r[cosine_anneal] Stage2 Epoch 72/75:  38%|███▊      | 62/164 [00:24\u003c00:38,  2.63it/s, loss=0.1245, acc=0.9613]\r[cosine_anneal] Stage2 Epoch 72/75:  38%|███▊      | 63/164 [00:24\u003c00:38,  2.64it/s, loss=0.1245, acc=0.9613]\n"}
,{"stream_name":"stderr","time":5814.185144312,"data":"\r[cosine_anneal] Stage2 Epoch 72/75:  38%|███▊      | 63/164 [00:24\u003c00:38,  2.64it/s, loss=0.1245, acc=0.9613]\r[cosine_anneal] Stage2 Epoch 72/75:  38%|███▊      | 63/164 [00:25\u003c00:38,  2.64it/s, loss=0.1255, acc=0.9604]\n"}
,{"stream_name":"stderr","time":5814.186932141,"data":"\r[cosine_anneal] Stage2 Epoch 72/75:  38%|███▊      | 63/164 [00:25\u003c00:38,  2.64it/s, loss=0.1255, acc=0.9604]\r[cosine_anneal] Stage2 Epoch 72/75:  39%|███▉      | 64/164 [00:25\u003c00:37,  2.64it/s, loss=0.1255, acc=0.9604]\n"}
,{"stream_name":"stderr","time":5814.565506653,"data":"\r[cosine_anneal] Stage2 Epoch 72/75:  39%|███▉      | 64/164 [00:25\u003c00:37,  2.64it/s, loss=0.1255, acc=0.9604]\r[cosine_anneal] Stage2 Epoch 72/75:  39%|███▉      | 64/164 [00:25\u003c00:37,  2.64it/s, loss=0.1241, acc=0.9611]\n"}
,{"stream_name":"stderr","time":5814.566450193,"data":"\r[cosine_anneal] Stage2 Epoch 72/75:  39%|███▉      | 64/164 [00:25\u003c00:37,  2.64it/s, loss=0.1241, acc=0.9611]\r[cosine_anneal] Stage2 Epoch 72/75:  40%|███▉      | 65/164 [00:25\u003c00:37,  2.64it/s, loss=0.1241, acc=0.9611]\n"}
,{"stream_name":"stderr","time":5814.946408399,"data":"\r[cosine_anneal] Stage2 Epoch 72/75:  40%|███▉      | 65/164 [00:25\u003c00:37,  2.64it/s, loss=0.1241, acc=0.9611]\r[cosine_anneal] Stage2 Epoch 72/75:  40%|███▉      | 65/164 [00:25\u003c00:37,  2.64it/s, loss=0.1236, acc=0.9612]\n"}
,{"stream_name":"stderr","time":5814.947652779,"data":"\r[cosine_anneal] Stage2 Epoch 72/75:  40%|███▉      | 65/164 [00:25\u003c00:37,  2.64it/s, loss=0.1236, acc=0.9612]\r[cosine_anneal] Stage2 Epoch 72/75:  40%|████      | 66/164 [00:25\u003c00:37,  2.64it/s, loss=0.1236, acc=0.9612]\n"}
,{"stream_name":"stderr","time":5815.324068209,"data":"\r[cosine_anneal] Stage2 Epoch 72/75:  40%|████      | 66/164 [00:25\u003c00:37,  2.64it/s, loss=0.1236, acc=0.9612]\r[cosine_anneal] Stage2 Epoch 72/75:  40%|████      | 66/164 [00:26\u003c00:37,  2.64it/s, loss=0.1227, acc=0.9613]\n"}
,{"stream_name":"stderr","time":5815.32491372,"data":"\r[cosine_anneal] Stage2 Epoch 72/75:  40%|████      | 66/164 [00:26\u003c00:37,  2.64it/s, loss=0.1227, acc=0.9613]\r[cosine_anneal] Stage2 Epoch 72/75:  41%|████      | 67/164 [00:26\u003c00:36,  2.64it/s, loss=0.1227, acc=0.9613]\n"}
,{"stream_name":"stderr","time":5815.703604228,"data":"\r[cosine_anneal] Stage2 Epoch 72/75:  41%|████      | 67/164 [00:26\u003c00:36,  2.64it/s, loss=0.1227, acc=0.9613]\r[cosine_anneal] Stage2 Epoch 72/75:  41%|████      | 67/164 [00:26\u003c00:36,  2.64it/s, loss=0.1212, acc=0.9619]\n"}
,{"stream_name":"stderr","time":5815.70471548,"data":"\r[cosine_anneal] Stage2 Epoch 72/75:  41%|████      | 67/164 [00:26\u003c00:36,  2.64it/s, loss=0.1212, acc=0.9619]\r[cosine_anneal] Stage2 Epoch 72/75:  41%|████▏     | 68/164 [00:26\u003c00:36,  2.64it/s, loss=0.1212, acc=0.9619]\n"}
,{"stream_name":"stderr","time":5816.088308325,"data":"\r[cosine_anneal] Stage2 Epoch 72/75:  41%|████▏     | 68/164 [00:26\u003c00:36,  2.64it/s, loss=0.1212, acc=0.9619]\r[cosine_anneal] Stage2 Epoch 72/75:  41%|████▏     | 68/164 [00:27\u003c00:36,  2.64it/s, loss=0.1196, acc=0.9624]\n"}
,{"stream_name":"stderr","time":5816.089452129,"data":"\r[cosine_anneal] Stage2 Epoch 72/75:  41%|████▏     | 68/164 [00:27\u003c00:36,  2.64it/s, loss=0.1196, acc=0.9624]\r[cosine_anneal] Stage2 Epoch 72/75:  42%|████▏     | 69/164 [00:27\u003c00:36,  2.63it/s, loss=0.1196, acc=0.9624]\n"}
,{"stream_name":"stderr","time":5816.469452979,"data":"\r[cosine_anneal] Stage2 Epoch 72/75:  42%|████▏     | 69/164 [00:27\u003c00:36,  2.63it/s, loss=0.1196, acc=0.9624]\r[cosine_anneal] Stage2 Epoch 72/75:  42%|████▏     | 69/164 [00:27\u003c00:36,  2.63it/s, loss=0.1184, acc=0.9625]\n"}
,{"stream_name":"stderr","time":5816.469653795,"data":"\r[cosine_anneal] Stage2 Epoch 72/75:  42%|████▏     | 69/164 [00:27\u003c00:36,  2.63it/s, loss=0.1184, acc=0.9625]\r[cosine_anneal] Stage2 Epoch 72/75:  43%|████▎     | 70/164 [00:27\u003c00:35,  2.63it/s, loss=0.1184, acc=0.9625]\n"}
,{"stream_name":"stderr","time":5816.843939302,"data":"\r[cosine_anneal] Stage2 Epoch 72/75:  43%|████▎     | 70/164 [00:27\u003c00:35,  2.63it/s, loss=0.1184, acc=0.9625]\r[cosine_anneal] Stage2 Epoch 72/75:  43%|████▎     | 70/164 [00:27\u003c00:35,  2.63it/s, loss=0.1168, acc=0.9630]\n"}
,{"stream_name":"stderr","time":5816.844954873,"data":"\r[cosine_anneal] Stage2 Epoch 72/75:  43%|████▎     | 70/164 [00:27\u003c00:35,  2.63it/s, loss=0.1168, acc=0.9630]\r[cosine_anneal] Stage2 Epoch 72/75:  43%|████▎     | 71/164 [00:27\u003c00:35,  2.64it/s, loss=0.1168, acc=0.9630]\n"}
,{"stream_name":"stderr","time":5817.221867405,"data":"\r[cosine_anneal] Stage2 Epoch 72/75:  43%|████▎     | 71/164 [00:27\u003c00:35,  2.64it/s, loss=0.1168, acc=0.9630]\r[cosine_anneal] Stage2 Epoch 72/75:  43%|████▎     | 71/164 [00:28\u003c00:35,  2.64it/s, loss=0.1165, acc=0.9631]\n"}
,{"stream_name":"stderr","time":5817.222932721,"data":"\r[cosine_anneal] Stage2 Epoch 72/75:  43%|████▎     | 71/164 [00:28\u003c00:35,  2.64it/s, loss=0.1165, acc=0.9631]\r[cosine_anneal] Stage2 Epoch 72/75:  44%|████▍     | 72/164 [00:28\u003c00:34,  2.64it/s, loss=0.1165, acc=0.9631]\n"}
,{"stream_name":"stderr","time":5817.604168703,"data":"\r[cosine_anneal] Stage2 Epoch 72/75:  44%|████▍     | 72/164 [00:28\u003c00:34,  2.64it/s, loss=0.1165, acc=0.9631]\r[cosine_anneal] Stage2 Epoch 72/75:  44%|████▍     | 72/164 [00:28\u003c00:34,  2.64it/s, loss=0.1173, acc=0.9628]\n"}
,{"stream_name":"stderr","time":5817.605079737,"data":"\r[cosine_anneal] Stage2 Epoch 72/75:  44%|████▍     | 72/164 [00:28\u003c00:34,  2.64it/s, loss=0.1173, acc=0.9628]\r[cosine_anneal] Stage2 Epoch 72/75:  45%|████▍     | 73/164 [00:28\u003c00:34,  2.63it/s, loss=0.1173, acc=0.9628]\n"}
,{"stream_name":"stderr","time":5817.985581096,"data":"\r[cosine_anneal] Stage2 Epoch 72/75:  45%|████▍     | 73/164 [00:28\u003c00:34,  2.63it/s, loss=0.1173, acc=0.9628]\r[cosine_anneal] Stage2 Epoch 72/75:  45%|████▍     | 73/164 [00:28\u003c00:34,  2.63it/s, loss=0.1170, acc=0.9628]\n"}
,{"stream_name":"stderr","time":5817.986818236,"data":"\r[cosine_anneal] Stage2 Epoch 72/75:  45%|████▍     | 73/164 [00:28\u003c00:34,  2.63it/s, loss=0.1170, acc=0.9628]\r[cosine_anneal] Stage2 Epoch 72/75:  45%|████▌     | 74/164 [00:28\u003c00:34,  2.63it/s, loss=0.1170, acc=0.9628]\n"}
,{"stream_name":"stderr","time":5818.363442671,"data":"\r[cosine_anneal] Stage2 Epoch 72/75:  45%|████▌     | 74/164 [00:28\u003c00:34,  2.63it/s, loss=0.1170, acc=0.9628]\r[cosine_anneal] Stage2 Epoch 72/75:  45%|████▌     | 74/164 [00:29\u003c00:34,  2.63it/s, loss=0.1159, acc=0.9633]\n"}
,{"stream_name":"stderr","time":5818.364581108,"data":"\r[cosine_anneal] Stage2 Epoch 72/75:  45%|████▌     | 74/164 [00:29\u003c00:34,  2.63it/s, loss=0.1159, acc=0.9633]\r[cosine_anneal] Stage2 Epoch 72/75:  46%|████▌     | 75/164 [00:29\u003c00:33,  2.63it/s, loss=0.1159, acc=0.9633]\n"}
,{"stream_name":"stderr","time":5818.741722204,"data":"\r[cosine_anneal] Stage2 Epoch 72/75:  46%|████▌     | 75/164 [00:29\u003c00:33,  2.63it/s, loss=0.1159, acc=0.9633]\r[cosine_anneal] Stage2 Epoch 72/75:  46%|████▌     | 75/164 [00:29\u003c00:33,  2.63it/s, loss=0.1145, acc=0.9638]\n"}
,{"stream_name":"stderr","time":5818.742759344,"data":"\r[cosine_anneal] Stage2 Epoch 72/75:  46%|████▌     | 75/164 [00:29\u003c00:33,  2.63it/s, loss=0.1145, acc=0.9638]\r[cosine_anneal] Stage2 Epoch 72/75:  46%|████▋     | 76/164 [00:29\u003c00:33,  2.64it/s, loss=0.1145, acc=0.9638]\n"}
,{"stream_name":"stderr","time":5819.125725843,"data":"\r[cosine_anneal] Stage2 Epoch 72/75:  46%|████▋     | 76/164 [00:29\u003c00:33,  2.64it/s, loss=0.1145, acc=0.9638]\r[cosine_anneal] Stage2 Epoch 72/75:  46%|████▋     | 76/164 [00:30\u003c00:33,  2.64it/s, loss=0.1160, acc=0.9635]\n"}
,{"stream_name":"stderr","time":5819.126833742,"data":"\r[cosine_anneal] Stage2 Epoch 72/75:  46%|████▋     | 76/164 [00:30\u003c00:33,  2.64it/s, loss=0.1160, acc=0.9635]\r[cosine_anneal] Stage2 Epoch 72/75:  47%|████▋     | 77/164 [00:30\u003c00:33,  2.63it/s, loss=0.1160, acc=0.9635]\n"}
,{"stream_name":"stderr","time":5819.510048507,"data":"\r[cosine_anneal] Stage2 Epoch 72/75:  47%|████▋     | 77/164 [00:30\u003c00:33,  2.63it/s, loss=0.1160, acc=0.9635]\r[cosine_anneal] Stage2 Epoch 72/75:  47%|████▋     | 77/164 [00:30\u003c00:33,  2.63it/s, loss=0.1151, acc=0.9639]\n"}
,{"stream_name":"stderr","time":5819.511328007,"data":"\r[cosine_anneal] Stage2 Epoch 72/75:  47%|████▋     | 77/164 [00:30\u003c00:33,  2.63it/s, loss=0.1151, acc=0.9639]\r[cosine_anneal] Stage2 Epoch 72/75:  48%|████▊     | 78/164 [00:30\u003c00:32,  2.62it/s, loss=0.1151, acc=0.9639]\n"}
,{"stream_name":"stderr","time":5819.891641625,"data":"\r[cosine_anneal] Stage2 Epoch 72/75:  48%|████▊     | 78/164 [00:30\u003c00:32,  2.62it/s, loss=0.1151, acc=0.9639]\r[cosine_anneal] Stage2 Epoch 72/75:  48%|████▊     | 78/164 [00:30\u003c00:32,  2.62it/s, loss=0.1156, acc=0.9640]\n"}
,{"stream_name":"stderr","time":5819.892529872,"data":"\r[cosine_anneal] Stage2 Epoch 72/75:  48%|████▊     | 78/164 [00:30\u003c00:32,  2.62it/s, loss=0.1156, acc=0.9640]\r[cosine_anneal] Stage2 Epoch 72/75:  48%|████▊     | 79/164 [00:30\u003c00:32,  2.62it/s, loss=0.1156, acc=0.9640]\n"}
,{"stream_name":"stderr","time":5820.276102123,"data":"\r[cosine_anneal] Stage2 Epoch 72/75:  48%|████▊     | 79/164 [00:30\u003c00:32,  2.62it/s, loss=0.1156, acc=0.9640]\r[cosine_anneal] Stage2 Epoch 72/75:  48%|████▊     | 79/164 [00:31\u003c00:32,  2.62it/s, loss=0.1156, acc=0.9641]\n"}
,{"stream_name":"stderr","time":5820.277163718,"data":"\r[cosine_anneal] Stage2 Epoch 72/75:  48%|████▊     | 79/164 [00:31\u003c00:32,  2.62it/s, loss=0.1156, acc=0.9641]\r[cosine_anneal] Stage2 Epoch 72/75:  49%|████▉     | 80/164 [00:31\u003c00:32,  2.61it/s, loss=0.1156, acc=0.9641]\n"}
,{"stream_name":"stderr","time":5820.658110404,"data":"\r[cosine_anneal] Stage2 Epoch 72/75:  49%|████▉     | 80/164 [00:31\u003c00:32,  2.61it/s, loss=0.1156, acc=0.9641]\r[cosine_anneal] Stage2 Epoch 72/75:  49%|████▉     | 80/164 [00:31\u003c00:32,  2.61it/s, loss=0.1184, acc=0.9630]\n"}
,{"stream_name":"stderr","time":5820.658937104,"data":"\r[cosine_anneal] Stage2 Epoch 72/75:  49%|████▉     | 80/164 [00:31\u003c00:32,  2.61it/s, loss=0.1184, acc=0.9630]\r[cosine_anneal] Stage2 Epoch 72/75:  49%|████▉     | 81/164 [00:31\u003c00:31,  2.62it/s, loss=0.1184, acc=0.9630]\n"}
,{"stream_name":"stderr","time":5821.032969521,"data":"\r[cosine_anneal] Stage2 Epoch 72/75:  49%|████▉     | 81/164 [00:31\u003c00:31,  2.62it/s, loss=0.1184, acc=0.9630]\r[cosine_anneal] Stage2 Epoch 72/75:  49%|████▉     | 81/164 [00:32\u003c00:31,  2.62it/s, loss=0.1186, acc=0.9630]\n"}
,{"stream_name":"stderr","time":5821.034030118,"data":"\r[cosine_anneal] Stage2 Epoch 72/75:  49%|████▉     | 81/164 [00:32\u003c00:31,  2.62it/s, loss=0.1186, acc=0.9630]\r[cosine_anneal] Stage2 Epoch 72/75:  50%|█████     | 82/164 [00:32\u003c00:31,  2.63it/s, loss=0.1186, acc=0.9630]\n"}
,{"stream_name":"stderr","time":5821.415949191,"data":"\r[cosine_anneal] Stage2 Epoch 72/75:  50%|█████     | 82/164 [00:32\u003c00:31,  2.63it/s, loss=0.1186, acc=0.9630]\r[cosine_anneal] Stage2 Epoch 72/75:  50%|█████     | 82/164 [00:32\u003c00:31,  2.63it/s, loss=0.1193, acc=0.9627]\n"}
,{"stream_name":"stderr","time":5821.417025637,"data":"\r[cosine_anneal] Stage2 Epoch 72/75:  50%|█████     | 82/164 [00:32\u003c00:31,  2.63it/s, loss=0.1193, acc=0.9627]\r[cosine_anneal] Stage2 Epoch 72/75:  51%|█████     | 83/164 [00:32\u003c00:30,  2.62it/s, loss=0.1193, acc=0.9627]\n"}
,{"stream_name":"stderr","time":5821.797483261,"data":"\r[cosine_anneal] Stage2 Epoch 72/75:  51%|█████     | 83/164 [00:32\u003c00:30,  2.62it/s, loss=0.1193, acc=0.9627]\r[cosine_anneal] Stage2 Epoch 72/75:  51%|█████     | 83/164 [00:32\u003c00:30,  2.62it/s, loss=0.1198, acc=0.9621]\n"}
,{"stream_name":"stderr","time":5821.798439395,"data":"\r[cosine_anneal] Stage2 Epoch 72/75:  51%|█████     | 83/164 [00:32\u003c00:30,  2.62it/s, loss=0.1198, acc=0.9621]\r[cosine_anneal] Stage2 Epoch 72/75:  51%|█████     | 84/164 [00:32\u003c00:30,  2.62it/s, loss=0.1198, acc=0.9621]\n"}
,{"stream_name":"stderr","time":5822.178215508,"data":"\r[cosine_anneal] Stage2 Epoch 72/75:  51%|█████     | 84/164 [00:32\u003c00:30,  2.62it/s, loss=0.1198, acc=0.9621]\r[cosine_anneal] Stage2 Epoch 72/75:  51%|█████     | 84/164 [00:33\u003c00:30,  2.62it/s, loss=0.1205, acc=0.9621]\n"}
,{"stream_name":"stderr","time":5822.179278313,"data":"\r[cosine_anneal] Stage2 Epoch 72/75:  51%|█████     | 84/164 [00:33\u003c00:30,  2.62it/s, loss=0.1205, acc=0.9621]\r[cosine_anneal] Stage2 Epoch 72/75:  52%|█████▏    | 85/164 [00:33\u003c00:30,  2.62it/s, loss=0.1205, acc=0.9621]\n"}
,{"stream_name":"stderr","time":5824.665574364,"data":"\r[cosine_anneal] Stage2 Epoch 72/75:  52%|█████▏    | 85/164 [00:33\u003c00:30,  2.62it/s, loss=0.1205, acc=0.9621]\r[cosine_anneal] Stage2 Epoch 72/75:  52%|█████▏    | 85/164 [00:33\u003c00:30,  2.62it/s, loss=0.1202, acc=0.9618]\n"}
,{"stream_name":"stderr","time":5824.666757705,"data":"\r[cosine_anneal] Stage2 Epoch 72/75:  52%|█████▏    | 85/164 [00:33\u003c00:30,  2.62it/s, loss=0.1202, acc=0.9618]\r[cosine_anneal] Stage2 Epoch 72/75:  52%|█████▏    | 86/164 [00:33\u003c00:29,  2.63it/s, loss=0.1202, acc=0.9618]\n"}
,{"stream_name":"stderr","time":5824.667994757,"data":"\r[cosine_anneal] Stage2 Epoch 72/75:  52%|█████▏    | 86/164 [00:33\u003c00:29,  2.63it/s, loss=0.1202, acc=0.9618]\r[cosine_anneal] Stage2 Epoch 72/75:  52%|█████▏    | 86/164 [00:33\u003c00:29,  2.63it/s, loss=0.1189, acc=0.9623]\n"}
,{"stream_name":"stderr","time":5824.668993192,"data":"\r[cosine_anneal] Stage2 Epoch 72/75:  52%|█████▏    | 86/164 [00:33\u003c00:29,  2.63it/s, loss=0.1189, acc=0.9623]\r[cosine_anneal] Stage2 Epoch 72/75:  53%|█████▎    | 87/164 [00:33\u003c00:29,  2.63it/s, loss=0.1189, acc=0.9623]\n"}
,{"stream_name":"stderr","time":5824.669983452,"data":"\r[cosine_anneal] Stage2 Epoch 72/75:  53%|█████▎    | 87/164 [00:33\u003c00:29,  2.63it/s, loss=0.1189, acc=0.9623]\r[cosine_anneal] Stage2 Epoch 72/75:  53%|█████▎    | 87/164 [00:34\u003c00:29,  2.63it/s, loss=0.1194, acc=0.9620]\n"}
,{"stream_name":"stderr","time":5824.67093921,"data":"\r[cosine_anneal] Stage2 Epoch 72/75:  53%|█████▎    | 87/164 [00:34\u003c00:29,  2.63it/s, loss=0.1194, acc=0.9620]\r[cosine_anneal] Stage2 Epoch 72/75:  54%|█████▎    | 88/164 [00:34\u003c00:29,  2.62it/s, loss=0.1194, acc=0.9620]\n"}
,{"stream_name":"stderr","time":5824.671921269,"data":"\r[cosine_anneal] Stage2 Epoch 72/75:  54%|█████▎    | 88/164 [00:34\u003c00:29,  2.62it/s, loss=0.1194, acc=0.9620]\r[cosine_anneal] Stage2 Epoch 72/75:  54%|█████▎    | 88/164 [00:34\u003c00:29,  2.62it/s, loss=0.1182, acc=0.9624]\n"}
,{"stream_name":"stderr","time":5824.672858764,"data":"\r[cosine_anneal] Stage2 Epoch 72/75:  54%|█████▎    | 88/164 [00:34\u003c00:29,  2.62it/s, loss=0.1182, acc=0.9624]\r[cosine_anneal] Stage2 Epoch 72/75:  54%|█████▍    | 89/164 [00:34\u003c00:28,  2.62it/s, loss=0.1182, acc=0.9624]\n"}
,{"stream_name":"stderr","time":5824.673810477,"data":"\r[cosine_anneal] Stage2 Epoch 72/75:  54%|█████▍    | 89/164 [00:34\u003c00:28,  2.62it/s, loss=0.1182, acc=0.9624]\r[cosine_anneal] Stage2 Epoch 72/75:  54%|█████▍    | 89/164 [00:35\u003c00:28,  2.62it/s, loss=0.1189, acc=0.9622]\n"}
,{"stream_name":"stderr","time":5824.674793189,"data":"\r[cosine_anneal] Stage2 Epoch 72/75:  54%|█████▍    | 89/164 [00:35\u003c00:28,  2.62it/s, loss=0.1189, acc=0.9622]\r[cosine_anneal] Stage2 Epoch 72/75:  55%|█████▍    | 90/164 [00:35\u003c00:28,  2.62it/s, loss=0.1189, acc=0.9622]\n"}
,{"stream_name":"stderr","time":5824.675743506,"data":"\r[cosine_anneal] Stage2 Epoch 72/75:  55%|█████▍    | 90/164 [00:35\u003c00:28,  2.62it/s, loss=0.1189, acc=0.9622]\r[cosine_anneal] Stage2 Epoch 72/75:  55%|█████▍    | 90/164 [00:35\u003c00:28,  2.62it/s, loss=0.1194, acc=0.9619]\n"}
,{"stream_name":"stderr","time":5824.676790539,"data":"\r[cosine_anneal] Stage2 Epoch 72/75:  55%|█████▍    | 90/164 [00:35\u003c00:28,  2.62it/s, loss=0.1194, acc=0.9619]\r[cosine_anneal] Stage2 Epoch 72/75:  55%|█████▌    | 91/164 [00:35\u003c00:27,  2.62it/s, loss=0.1194, acc=0.9619]\n"}
,{"stream_name":"stderr","time":5824.844437973,"data":"\r[cosine_anneal] Stage2 Epoch 72/75:  55%|█████▌    | 91/164 [00:35\u003c00:27,  2.62it/s, loss=0.1194, acc=0.9619]\r[cosine_anneal] Stage2 Epoch 72/75:  55%|█████▌    | 91/164 [00:35\u003c00:27,  2.62it/s, loss=0.1198, acc=0.9616]\n"}
,{"stream_name":"stderr","time":5824.844912336,"data":"\r[cosine_anneal] Stage2 Epoch 72/75:  55%|█████▌    | 91/164 [00:35\u003c00:27,  2.62it/s, loss=0.1198, acc=0.9616]\r[cosine_anneal] Stage2 Epoch 72/75:  56%|█████▌    | 92/164 [00:35\u003c00:27,  2.63it/s, loss=0.1198, acc=0.9616]\n"}
,{"stream_name":"stderr","time":5825.224045979,"data":"\r[cosine_anneal] Stage2 Epoch 72/75:  56%|█████▌    | 92/164 [00:35\u003c00:27,  2.63it/s, loss=0.1198, acc=0.9616]\r[cosine_anneal] Stage2 Epoch 72/75:  56%|█████▌    | 92/164 [00:36\u003c00:27,  2.63it/s, loss=0.1194, acc=0.9617]\n"}
,{"stream_name":"stderr","time":5825.225196462,"data":"\r[cosine_anneal] Stage2 Epoch 72/75:  56%|█████▌    | 92/164 [00:36\u003c00:27,  2.63it/s, loss=0.1194, acc=0.9617]\r[cosine_anneal] Stage2 Epoch 72/75:  57%|█████▋    | 93/164 [00:36\u003c00:26,  2.63it/s, loss=0.1194, acc=0.9617]\n"}
,{"stream_name":"stderr","time":5825.609240283,"data":"\r[cosine_anneal] Stage2 Epoch 72/75:  57%|█████▋    | 93/164 [00:36\u003c00:26,  2.63it/s, loss=0.1194, acc=0.9617]\r[cosine_anneal] Stage2 Epoch 72/75:  57%|█████▋    | 93/164 [00:36\u003c00:26,  2.63it/s, loss=0.1218, acc=0.9618]\n"}
,{"stream_name":"stderr","time":5825.611178817,"data":"\r[cosine_anneal] Stage2 Epoch 72/75:  57%|█████▋    | 93/164 [00:36\u003c00:26,  2.63it/s, loss=0.1218, acc=0.9618]\r[cosine_anneal] Stage2 Epoch 72/75:  57%|█████▋    | 94/164 [00:36\u003c00:26,  2.62it/s, loss=0.1218, acc=0.9618]\n"}
,{"stream_name":"stderr","time":5825.991880123,"data":"\r[cosine_anneal] Stage2 Epoch 72/75:  57%|█████▋    | 94/164 [00:36\u003c00:26,  2.62it/s, loss=0.1218, acc=0.9618]\r[cosine_anneal] Stage2 Epoch 72/75:  57%|█████▋    | 94/164 [00:36\u003c00:26,  2.62it/s, loss=0.1241, acc=0.9612]\n"}
,{"stream_name":"stderr","time":5825.993538003,"data":"\r[cosine_anneal] Stage2 Epoch 72/75:  57%|█████▋    | 94/164 [00:36\u003c00:26,  2.62it/s, loss=0.1241, acc=0.9612]\r[cosine_anneal] Stage2 Epoch 72/75:  58%|█████▊    | 95/164 [00:36\u003c00:26,  2.62it/s, loss=0.1241, acc=0.9612]\n"}
,{"stream_name":"stderr","time":5826.376146462,"data":"\r[cosine_anneal] Stage2 Epoch 72/75:  58%|█████▊    | 95/164 [00:36\u003c00:26,  2.62it/s, loss=0.1241, acc=0.9612]\r[cosine_anneal] Stage2 Epoch 72/75:  58%|█████▊    | 95/164 [00:37\u003c00:26,  2.62it/s, loss=0.1238, acc=0.9613]\n"}
,{"stream_name":"stderr","time":5826.377387859,"data":"\r[cosine_anneal] Stage2 Epoch 72/75:  58%|█████▊    | 95/164 [00:37\u003c00:26,  2.62it/s, loss=0.1238, acc=0.9613]\r[cosine_anneal] Stage2 Epoch 72/75:  59%|█████▊    | 96/164 [00:37\u003c00:26,  2.61it/s, loss=0.1238, acc=0.9613]\n"}
,{"stream_name":"stderr","time":5826.752331236,"data":"\r[cosine_anneal] Stage2 Epoch 72/75:  59%|█████▊    | 96/164 [00:37\u003c00:26,  2.61it/s, loss=0.1238, acc=0.9613]\r[cosine_anneal] Stage2 Epoch 72/75:  59%|█████▊    | 96/164 [00:37\u003c00:26,  2.61it/s, loss=0.1234, acc=0.9613]\n"}
,{"stream_name":"stderr","time":5826.753209252,"data":"\r[cosine_anneal] Stage2 Epoch 72/75:  59%|█████▊    | 96/164 [00:37\u003c00:26,  2.61it/s, loss=0.1234, acc=0.9613]\r[cosine_anneal] Stage2 Epoch 72/75:  59%|█████▉    | 97/164 [00:37\u003c00:25,  2.63it/s, loss=0.1234, acc=0.9613]\n"}
,{"stream_name":"stderr","time":5827.130854019,"data":"\r[cosine_anneal] Stage2 Epoch 72/75:  59%|█████▉    | 97/164 [00:37\u003c00:25,  2.63it/s, loss=0.1234, acc=0.9613]\r[cosine_anneal] Stage2 Epoch 72/75:  59%|█████▉    | 97/164 [00:38\u003c00:25,  2.63it/s, loss=0.1242, acc=0.9611]\n"}
,{"stream_name":"stderr","time":5827.131749672,"data":"\r[cosine_anneal] Stage2 Epoch 72/75:  59%|█████▉    | 97/164 [00:38\u003c00:25,  2.63it/s, loss=0.1242, acc=0.9611]\r[cosine_anneal] Stage2 Epoch 72/75:  60%|█████▉    | 98/164 [00:38\u003c00:25,  2.63it/s, loss=0.1242, acc=0.9611]\n"}
,{"stream_name":"stderr","time":5827.510976394,"data":"\r[cosine_anneal] Stage2 Epoch 72/75:  60%|█████▉    | 98/164 [00:38\u003c00:25,  2.63it/s, loss=0.1242, acc=0.9611]\r[cosine_anneal] Stage2 Epoch 72/75:  60%|█████▉    | 98/164 [00:38\u003c00:25,  2.63it/s, loss=0.1241, acc=0.9612]\n"}
,{"stream_name":"stderr","time":5827.512183301,"data":"\r[cosine_anneal] Stage2 Epoch 72/75:  60%|█████▉    | 98/164 [00:38\u003c00:25,  2.63it/s, loss=0.1241, acc=0.9612]\r[cosine_anneal] Stage2 Epoch 72/75:  60%|██████    | 99/164 [00:38\u003c00:24,  2.63it/s, loss=0.1241, acc=0.9612]\n"}
,{"stream_name":"stderr","time":5827.891986914,"data":"\r[cosine_anneal] Stage2 Epoch 72/75:  60%|██████    | 99/164 [00:38\u003c00:24,  2.63it/s, loss=0.1241, acc=0.9612]\r[cosine_anneal] Stage2 Epoch 72/75:  60%|██████    | 99/164 [00:38\u003c00:24,  2.63it/s, loss=0.1234, acc=0.9616]\n"}
,{"stream_name":"stderr","time":5827.893099056,"data":"\r[cosine_anneal] Stage2 Epoch 72/75:  60%|██████    | 99/164 [00:38\u003c00:24,  2.63it/s, loss=0.1234, acc=0.9616]\r[cosine_anneal] Stage2 Epoch 72/75:  61%|██████    | 100/164 [00:38\u003c00:24,  2.63it/s, loss=0.1234, acc=0.9616]\n"}
,{"stream_name":"stderr","time":5828.268709757,"data":"\r[cosine_anneal] Stage2 Epoch 72/75:  61%|██████    | 100/164 [00:38\u003c00:24,  2.63it/s, loss=0.1234, acc=0.9616]\r[cosine_anneal] Stage2 Epoch 72/75:  61%|██████    | 100/164 [00:39\u003c00:24,  2.63it/s, loss=0.1260, acc=0.9613]\n"}
,{"stream_name":"stderr","time":5828.269950193,"data":"\r[cosine_anneal] Stage2 Epoch 72/75:  61%|██████    | 100/164 [00:39\u003c00:24,  2.63it/s, loss=0.1260, acc=0.9613]\r[cosine_anneal] Stage2 Epoch 72/75:  62%|██████▏   | 101/164 [00:39\u003c00:23,  2.64it/s, loss=0.1260, acc=0.9613]\n"}
,{"stream_name":"stderr","time":5828.650369813,"data":"\r[cosine_anneal] Stage2 Epoch 72/75:  62%|██████▏   | 101/164 [00:39\u003c00:23,  2.64it/s, loss=0.1260, acc=0.9613]\r[cosine_anneal] Stage2 Epoch 72/75:  62%|██████▏   | 101/164 [00:39\u003c00:23,  2.64it/s, loss=0.1249, acc=0.9617]\n"}
,{"stream_name":"stderr","time":5828.651687879,"data":"\r[cosine_anneal] Stage2 Epoch 72/75:  62%|██████▏   | 101/164 [00:39\u003c00:23,  2.64it/s, loss=0.1249, acc=0.9617]\r[cosine_anneal] Stage2 Epoch 72/75:  62%|██████▏   | 102/164 [00:39\u003c00:23,  2.63it/s, loss=0.1249, acc=0.9617]\n"}
,{"stream_name":"stderr","time":5829.033781435,"data":"\r[cosine_anneal] Stage2 Epoch 72/75:  62%|██████▏   | 102/164 [00:39\u003c00:23,  2.63it/s, loss=0.1249, acc=0.9617]\r[cosine_anneal] Stage2 Epoch 72/75:  62%|██████▏   | 102/164 [00:40\u003c00:23,  2.63it/s, loss=0.1237, acc=0.9621]\n"}
,{"stream_name":"stderr","time":5829.034526999,"data":"\r[cosine_anneal] Stage2 Epoch 72/75:  62%|██████▏   | 102/164 [00:40\u003c00:23,  2.63it/s, loss=0.1237, acc=0.9621]\r[cosine_anneal] Stage2 Epoch 72/75:  63%|██████▎   | 103/164 [00:40\u003c00:23,  2.62it/s, loss=0.1237, acc=0.9621]\n"}
,{"stream_name":"stderr","time":5829.416370056,"data":"\r[cosine_anneal] Stage2 Epoch 72/75:  63%|██████▎   | 103/164 [00:40\u003c00:23,  2.62it/s, loss=0.1237, acc=0.9621]\r[cosine_anneal] Stage2 Epoch 72/75:  63%|██████▎   | 103/164 [00:40\u003c00:23,  2.62it/s, loss=0.1237, acc=0.9618]\n"}
,{"stream_name":"stderr","time":5829.417445603,"data":"\r[cosine_anneal] Stage2 Epoch 72/75:  63%|██████▎   | 103/164 [00:40\u003c00:23,  2.62it/s, loss=0.1237, acc=0.9618]\r[cosine_anneal] Stage2 Epoch 72/75:  63%|██████▎   | 104/164 [00:40\u003c00:22,  2.62it/s, loss=0.1237, acc=0.9618]\n"}
,{"stream_name":"stderr","time":5829.792804612,"data":"\r[cosine_anneal] Stage2 Epoch 72/75:  63%|██████▎   | 104/164 [00:40\u003c00:22,  2.62it/s, loss=0.1237, acc=0.9618]\r[cosine_anneal] Stage2 Epoch 72/75:  63%|██████▎   | 104/164 [00:40\u003c00:22,  2.62it/s, loss=0.1248, acc=0.9619]\n"}
,{"stream_name":"stderr","time":5829.793950076,"data":"\r[cosine_anneal] Stage2 Epoch 72/75:  63%|██████▎   | 104/164 [00:40\u003c00:22,  2.62it/s, loss=0.1248, acc=0.9619]\r[cosine_anneal] Stage2 Epoch 72/75:  64%|██████▍   | 105/164 [00:40\u003c00:22,  2.63it/s, loss=0.1248, acc=0.9619]\n"}
,{"stream_name":"stderr","time":5830.173207775,"data":"\r[cosine_anneal] Stage2 Epoch 72/75:  64%|██████▍   | 105/164 [00:40\u003c00:22,  2.63it/s, loss=0.1248, acc=0.9619]\r[cosine_anneal] Stage2 Epoch 72/75:  64%|██████▍   | 105/164 [00:41\u003c00:22,  2.63it/s, loss=0.1236, acc=0.9623]\n"}
,{"stream_name":"stderr","time":5830.173574586,"data":"\r[cosine_anneal] Stage2 Epoch 72/75:  64%|██████▍   | 105/164 [00:41\u003c00:22,  2.63it/s, loss=0.1236, acc=0.9623]\r[cosine_anneal] Stage2 Epoch 72/75:  65%|██████▍   | 106/164 [00:41\u003c00:22,  2.63it/s, loss=0.1236, acc=0.9623]\n"}
,{"stream_name":"stderr","time":5830.553671735,"data":"\r[cosine_anneal] Stage2 Epoch 72/75:  65%|██████▍   | 106/164 [00:41\u003c00:22,  2.63it/s, loss=0.1236, acc=0.9623]\r[cosine_anneal] Stage2 Epoch 72/75:  65%|██████▍   | 106/164 [00:41\u003c00:22,  2.63it/s, loss=0.1235, acc=0.9623]\n"}
,{"stream_name":"stderr","time":5830.554707592,"data":"\r[cosine_anneal] Stage2 Epoch 72/75:  65%|██████▍   | 106/164 [00:41\u003c00:22,  2.63it/s, loss=0.1235, acc=0.9623]\r[cosine_anneal] Stage2 Epoch 72/75:  65%|██████▌   | 107/164 [00:41\u003c00:21,  2.63it/s, loss=0.1235, acc=0.9623]\n"}
,{"stream_name":"stderr","time":5830.934570921,"data":"\r[cosine_anneal] Stage2 Epoch 72/75:  65%|██████▌   | 107/164 [00:41\u003c00:21,  2.63it/s, loss=0.1235, acc=0.9623]\r[cosine_anneal] Stage2 Epoch 72/75:  65%|██████▌   | 107/164 [00:41\u003c00:21,  2.63it/s, loss=0.1234, acc=0.9624]\n"}
,{"stream_name":"stderr","time":5830.935646944,"data":"\r[cosine_anneal] Stage2 Epoch 72/75:  65%|██████▌   | 107/164 [00:41\u003c00:21,  2.63it/s, loss=0.1234, acc=0.9624]\r[cosine_anneal] Stage2 Epoch 72/75:  66%|██████▌   | 108/164 [00:41\u003c00:21,  2.63it/s, loss=0.1234, acc=0.9624]\n"}
,{"stream_name":"stderr","time":5831.309330144,"data":"\r[cosine_anneal] Stage2 Epoch 72/75:  66%|██████▌   | 108/164 [00:41\u003c00:21,  2.63it/s, loss=0.1234, acc=0.9624]\r[cosine_anneal] Stage2 Epoch 72/75:  66%|██████▌   | 108/164 [00:42\u003c00:21,  2.63it/s, loss=0.1228, acc=0.9627]\n"}
,{"stream_name":"stderr","time":5831.310563815,"data":"\r[cosine_anneal] Stage2 Epoch 72/75:  66%|██████▌   | 108/164 [00:42\u003c00:21,  2.63it/s, loss=0.1228, acc=0.9627]\r[cosine_anneal] Stage2 Epoch 72/75:  66%|██████▋   | 109/164 [00:42\u003c00:20,  2.64it/s, loss=0.1228, acc=0.9627]\n"}
,{"stream_name":"stderr","time":5831.691723152,"data":"\r[cosine_anneal] Stage2 Epoch 72/75:  66%|██████▋   | 109/164 [00:42\u003c00:20,  2.64it/s, loss=0.1228, acc=0.9627]\r[cosine_anneal] Stage2 Epoch 72/75:  66%|██████▋   | 109/164 [00:42\u003c00:20,  2.64it/s, loss=0.1248, acc=0.9625]\n"}
,{"stream_name":"stderr","time":5831.692829029,"data":"\r[cosine_anneal] Stage2 Epoch 72/75:  66%|██████▋   | 109/164 [00:42\u003c00:20,  2.64it/s, loss=0.1248, acc=0.9625]\r[cosine_anneal] Stage2 Epoch 72/75:  67%|██████▋   | 110/164 [00:42\u003c00:20,  2.63it/s, loss=0.1248, acc=0.9625]\n"}
,{"stream_name":"stderr","time":5832.074585227,"data":"\r[cosine_anneal] Stage2 Epoch 72/75:  67%|██████▋   | 110/164 [00:42\u003c00:20,  2.63it/s, loss=0.1248, acc=0.9625]\r[cosine_anneal] Stage2 Epoch 72/75:  67%|██████▋   | 110/164 [00:43\u003c00:20,  2.63it/s, loss=0.1239, acc=0.9628]\n"}
,{"stream_name":"stderr","time":5832.075474287,"data":"\r[cosine_anneal] Stage2 Epoch 72/75:  67%|██████▋   | 110/164 [00:43\u003c00:20,  2.63it/s, loss=0.1239, acc=0.9628]\r[cosine_anneal] Stage2 Epoch 72/75:  68%|██████▊   | 111/164 [00:43\u003c00:20,  2.63it/s, loss=0.1239, acc=0.9628]\n"}
,{"stream_name":"stderr","time":5832.459777415,"data":"\r[cosine_anneal] Stage2 Epoch 72/75:  68%|██████▊   | 111/164 [00:43\u003c00:20,  2.63it/s, loss=0.1239, acc=0.9628]\r[cosine_anneal] Stage2 Epoch 72/75:  68%|██████▊   | 111/164 [00:43\u003c00:20,  2.63it/s, loss=0.1233, acc=0.9632]\n"}
,{"stream_name":"stderr","time":5832.460789027,"data":"\r[cosine_anneal] Stage2 Epoch 72/75:  68%|██████▊   | 111/164 [00:43\u003c00:20,  2.63it/s, loss=0.1233, acc=0.9632]\r[cosine_anneal] Stage2 Epoch 72/75:  68%|██████▊   | 112/164 [00:43\u003c00:19,  2.62it/s, loss=0.1233, acc=0.9632]\n"}
,{"stream_name":"stderr","time":5832.836059141,"data":"\r[cosine_anneal] Stage2 Epoch 72/75:  68%|██████▊   | 112/164 [00:43\u003c00:19,  2.62it/s, loss=0.1233, acc=0.9632]\r[cosine_anneal] Stage2 Epoch 72/75:  68%|██████▊   | 112/164 [00:43\u003c00:19,  2.62it/s, loss=0.1237, acc=0.9629]\n"}
,{"stream_name":"stderr","time":5832.83843883,"data":"\r[cosine_anneal] Stage2 Epoch 72/75:  68%|██████▊   | 112/164 [00:43\u003c00:19,  2.62it/s, loss=0.1237, acc=0.9629]\r[cosine_anneal] Stage2 Epoch 72/75:  69%|██████▉   | 113/164 [00:43\u003c00:19,  2.63it/s, loss=0.1237, acc=0.9629]\n"}
,{"stream_name":"stderr","time":5833.212301953,"data":"\r[cosine_anneal] Stage2 Epoch 72/75:  69%|██████▉   | 113/164 [00:43\u003c00:19,  2.63it/s, loss=0.1237, acc=0.9629]\r[cosine_anneal] Stage2 Epoch 72/75:  69%|██████▉   | 113/164 [00:44\u003c00:19,  2.63it/s, loss=0.1229, acc=0.9633]\n"}
,{"stream_name":"stderr","time":5833.213701564,"data":"\r[cosine_anneal] Stage2 Epoch 72/75:  69%|██████▉   | 113/164 [00:44\u003c00:19,  2.63it/s, loss=0.1229, acc=0.9633]\r[cosine_anneal] Stage2 Epoch 72/75:  70%|██████▉   | 114/164 [00:44\u003c00:18,  2.64it/s, loss=0.1229, acc=0.9633]\n"}
,{"stream_name":"stderr","time":5833.593678053,"data":"\r[cosine_anneal] Stage2 Epoch 72/75:  70%|██████▉   | 114/164 [00:44\u003c00:18,  2.64it/s, loss=0.1229, acc=0.9633]\r[cosine_anneal] Stage2 Epoch 72/75:  70%|██████▉   | 114/164 [00:44\u003c00:18,  2.64it/s, loss=0.1221, acc=0.9636]\n"}
,{"stream_name":"stderr","time":5833.596076649,"data":"\r[cosine_anneal] Stage2 Epoch 72/75:  70%|██████▉   | 114/164 [00:44\u003c00:18,  2.64it/s, loss=0.1221, acc=0.9636]\r[cosine_anneal] Stage2 Epoch 72/75:  70%|███████   | 115/164 [00:44\u003c00:18,  2.63it/s, loss=0.1221, acc=0.9636]\n"}
,{"stream_name":"stderr","time":5833.977116942,"data":"\r[cosine_anneal] Stage2 Epoch 72/75:  70%|███████   | 115/164 [00:44\u003c00:18,  2.63it/s, loss=0.1221, acc=0.9636]\r[cosine_anneal] Stage2 Epoch 72/75:  70%|███████   | 115/164 [00:44\u003c00:18,  2.63it/s, loss=0.1215, acc=0.9636]\n"}
,{"stream_name":"stderr","time":5833.97867716,"data":"\r[cosine_anneal] Stage2 Epoch 72/75:  70%|███████   | 115/164 [00:44\u003c00:18,  2.63it/s, loss=0.1215, acc=0.9636]\r[cosine_anneal] Stage2 Epoch 72/75:  71%|███████   | 116/164 [00:44\u003c00:18,  2.63it/s, loss=0.1215, acc=0.9636]\n"}
,{"stream_name":"stderr","time":5834.358908969,"data":"\r[cosine_anneal] Stage2 Epoch 72/75:  71%|███████   | 116/164 [00:44\u003c00:18,  2.63it/s, loss=0.1215, acc=0.9636]\r[cosine_anneal] Stage2 Epoch 72/75:  71%|███████   | 116/164 [00:45\u003c00:18,  2.63it/s, loss=0.1236, acc=0.9629]\n"}
,{"stream_name":"stderr","time":5834.359967197,"data":"\r[cosine_anneal] Stage2 Epoch 72/75:  71%|███████   | 116/164 [00:45\u003c00:18,  2.63it/s, loss=0.1236, acc=0.9629]\r[cosine_anneal] Stage2 Epoch 72/75:  71%|███████▏  | 117/164 [00:45\u003c00:17,  2.62it/s, loss=0.1236, acc=0.9629]\n"}
,{"stream_name":"stderr","time":5834.732823585,"data":"\r[cosine_anneal] Stage2 Epoch 72/75:  71%|███████▏  | 117/164 [00:45\u003c00:17,  2.62it/s, loss=0.1236, acc=0.9629]\r[cosine_anneal] Stage2 Epoch 72/75:  71%|███████▏  | 117/164 [00:45\u003c00:17,  2.62it/s, loss=0.1226, acc=0.9632]\n"}
,{"stream_name":"stderr","time":5834.734825006,"data":"\r[cosine_anneal] Stage2 Epoch 72/75:  71%|███████▏  | 117/164 [00:45\u003c00:17,  2.62it/s, loss=0.1226, acc=0.9632]\r[cosine_anneal] Stage2 Epoch 72/75:  72%|███████▏  | 118/164 [00:45\u003c00:17,  2.64it/s, loss=0.1226, acc=0.9632]\n"}
,{"stream_name":"stderr","time":5835.114051588,"data":"\r[cosine_anneal] Stage2 Epoch 72/75:  72%|███████▏  | 118/164 [00:45\u003c00:17,  2.64it/s, loss=0.1226, acc=0.9632]\r[cosine_anneal] Stage2 Epoch 72/75:  72%|███████▏  | 118/164 [00:46\u003c00:17,  2.64it/s, loss=0.1216, acc=0.9635]\n"}
,{"stream_name":"stderr","time":5835.115010088,"data":"\r[cosine_anneal] Stage2 Epoch 72/75:  72%|███████▏  | 118/164 [00:46\u003c00:17,  2.64it/s, loss=0.1216, acc=0.9635]\r[cosine_anneal] Stage2 Epoch 72/75:  73%|███████▎  | 119/164 [00:46\u003c00:17,  2.63it/s, loss=0.1216, acc=0.9635]\n"}
,{"stream_name":"stderr","time":5835.493835848,"data":"\r[cosine_anneal] Stage2 Epoch 72/75:  73%|███████▎  | 119/164 [00:46\u003c00:17,  2.63it/s, loss=0.1216, acc=0.9635]\r[cosine_anneal] Stage2 Epoch 72/75:  73%|███████▎  | 119/164 [00:46\u003c00:17,  2.63it/s, loss=0.1215, acc=0.9635]\n"}
,{"stream_name":"stderr","time":5835.49490894,"data":"\r[cosine_anneal] Stage2 Epoch 72/75:  73%|███████▎  | 119/164 [00:46\u003c00:17,  2.63it/s, loss=0.1215, acc=0.9635]\r[cosine_anneal] Stage2 Epoch 72/75:  73%|███████▎  | 120/164 [00:46\u003c00:16,  2.63it/s, loss=0.1215, acc=0.9635]\n"}
,{"stream_name":"stderr","time":5835.869856792,"data":"\r[cosine_anneal] Stage2 Epoch 72/75:  73%|███████▎  | 120/164 [00:46\u003c00:16,  2.63it/s, loss=0.1215, acc=0.9635]\r[cosine_anneal] Stage2 Epoch 72/75:  73%|███████▎  | 120/164 [00:46\u003c00:16,  2.63it/s, loss=0.1221, acc=0.9633]\n"}
,{"stream_name":"stderr","time":5835.870908124,"data":"\r[cosine_anneal] Stage2 Epoch 72/75:  73%|███████▎  | 120/164 [00:46\u003c00:16,  2.63it/s, loss=0.1221, acc=0.9633]\r[cosine_anneal] Stage2 Epoch 72/75:  74%|███████▍  | 121/164 [00:46\u003c00:16,  2.64it/s, loss=0.1221, acc=0.9633]\n"}
,{"stream_name":"stderr","time":5836.246495596,"data":"\r[cosine_anneal] Stage2 Epoch 72/75:  74%|███████▍  | 121/164 [00:46\u003c00:16,  2.64it/s, loss=0.1221, acc=0.9633]\r[cosine_anneal] Stage2 Epoch 72/75:  74%|███████▍  | 121/164 [00:47\u003c00:16,  2.64it/s, loss=0.1213, acc=0.9636]\n"}
,{"stream_name":"stderr","time":5836.247517619,"data":"\r[cosine_anneal] Stage2 Epoch 72/75:  74%|███████▍  | 121/164 [00:47\u003c00:16,  2.64it/s, loss=0.1213, acc=0.9636]\r[cosine_anneal] Stage2 Epoch 72/75:  74%|███████▍  | 122/164 [00:47\u003c00:15,  2.65it/s, loss=0.1213, acc=0.9636]\n"}
,{"stream_name":"stderr","time":5836.617024944,"data":"\r[cosine_anneal] Stage2 Epoch 72/75:  74%|███████▍  | 122/164 [00:47\u003c00:15,  2.65it/s, loss=0.1213, acc=0.9636]\r[cosine_anneal] Stage2 Epoch 72/75:  74%|███████▍  | 122/164 [00:47\u003c00:15,  2.65it/s, loss=0.1222, acc=0.9634]\n"}
,{"stream_name":"stderr","time":5836.618335953,"data":"\r[cosine_anneal] Stage2 Epoch 72/75:  74%|███████▍  | 122/164 [00:47\u003c00:15,  2.65it/s, loss=0.1222, acc=0.9634]\r[cosine_anneal] Stage2 Epoch 72/75:  75%|███████▌  | 123/164 [00:47\u003c00:15,  2.66it/s, loss=0.1222, acc=0.9634]\n"}
,{"stream_name":"stderr","time":5836.995466392,"data":"\r[cosine_anneal] Stage2 Epoch 72/75:  75%|███████▌  | 123/164 [00:47\u003c00:15,  2.66it/s, loss=0.1222, acc=0.9634]\r[cosine_anneal] Stage2 Epoch 72/75:  75%|███████▌  | 123/164 [00:47\u003c00:15,  2.66it/s, loss=0.1223, acc=0.9632]\n"}
,{"stream_name":"stderr","time":5836.996579856,"data":"\r[cosine_anneal] Stage2 Epoch 72/75:  75%|███████▌  | 123/164 [00:47\u003c00:15,  2.66it/s, loss=0.1223, acc=0.9632]\r[cosine_anneal] Stage2 Epoch 72/75:  76%|███████▌  | 124/164 [00:47\u003c00:15,  2.66it/s, loss=0.1223, acc=0.9632]\n"}
,{"stream_name":"stderr","time":5837.377967585,"data":"\r[cosine_anneal] Stage2 Epoch 72/75:  76%|███████▌  | 124/164 [00:47\u003c00:15,  2.66it/s, loss=0.1223, acc=0.9632]\r[cosine_anneal] Stage2 Epoch 72/75:  76%|███████▌  | 124/164 [00:48\u003c00:15,  2.66it/s, loss=0.1226, acc=0.9627]\n"}
,{"stream_name":"stderr","time":5837.385833663,"data":"\r[cosine_anneal] Stage2 Epoch 72/75:  76%|███████▌  | 124/164 [00:48\u003c00:15,  2.66it/s, loss=0.1226, acc=0.9627]\r[cosine_anneal] Stage2 Epoch 72/75:  76%|███████▌  | 125/164 [00:48\u003c00:14,  2.65it/s, loss=0.1226, acc=0.9627]\n"}
,{"stream_name":"stderr","time":5837.752077223,"data":"\r[cosine_anneal] Stage2 Epoch 72/75:  76%|███████▌  | 125/164 [00:48\u003c00:14,  2.65it/s, loss=0.1226, acc=0.9627]\r[cosine_anneal] Stage2 Epoch 72/75:  76%|███████▌  | 125/164 [00:48\u003c00:14,  2.65it/s, loss=0.1218, acc=0.9630]\n"}
,{"stream_name":"stderr","time":5837.753605086,"data":"\r[cosine_anneal] Stage2 Epoch 72/75:  76%|███████▌  | 125/164 [00:48\u003c00:14,  2.65it/s, loss=0.1218, acc=0.9630]\r[cosine_anneal] Stage2 Epoch 72/75:  77%|███████▋  | 126/164 [00:48\u003c00:14,  2.65it/s, loss=0.1218, acc=0.9630]\n"}
,{"stream_name":"stderr","time":5838.131307855,"data":"\r[cosine_anneal] Stage2 Epoch 72/75:  77%|███████▋  | 126/164 [00:48\u003c00:14,  2.65it/s, loss=0.1218, acc=0.9630]\r[cosine_anneal] Stage2 Epoch 72/75:  77%|███████▋  | 126/164 [00:49\u003c00:14,  2.65it/s, loss=0.1210, acc=0.9633]\n"}
,{"stream_name":"stderr","time":5838.132215835,"data":"\r[cosine_anneal] Stage2 Epoch 72/75:  77%|███████▋  | 126/164 [00:49\u003c00:14,  2.65it/s, loss=0.1210, acc=0.9633]\r[cosine_anneal] Stage2 Epoch 72/75:  77%|███████▋  | 127/164 [00:49\u003c00:13,  2.65it/s, loss=0.1210, acc=0.9633]\n"}
,{"stream_name":"stderr","time":5838.505179846,"data":"\r[cosine_anneal] Stage2 Epoch 72/75:  77%|███████▋  | 127/164 [00:49\u003c00:13,  2.65it/s, loss=0.1210, acc=0.9633]\r[cosine_anneal] Stage2 Epoch 72/75:  77%|███████▋  | 127/164 [00:49\u003c00:13,  2.65it/s, loss=0.1225, acc=0.9631]\n"}
,{"stream_name":"stderr","time":5838.506144794,"data":"\r[cosine_anneal] Stage2 Epoch 72/75:  77%|███████▋  | 127/164 [00:49\u003c00:13,  2.65it/s, loss=0.1225, acc=0.9631]\r[cosine_anneal] Stage2 Epoch 72/75:  78%|███████▊  | 128/164 [00:49\u003c00:13,  2.65it/s, loss=0.1225, acc=0.9631]\n"}
,{"stream_name":"stderr","time":5838.885274856,"data":"\r[cosine_anneal] Stage2 Epoch 72/75:  78%|███████▊  | 128/164 [00:49\u003c00:13,  2.65it/s, loss=0.1225, acc=0.9631]\r[cosine_anneal] Stage2 Epoch 72/75:  78%|███████▊  | 128/164 [00:49\u003c00:13,  2.65it/s, loss=0.1227, acc=0.9629]\n"}
,{"stream_name":"stderr","time":5838.88568838,"data":"\r[cosine_anneal] Stage2 Epoch 72/75:  78%|███████▊  | 128/164 [00:49\u003c00:13,  2.65it/s, loss=0.1227, acc=0.9629]\r[cosine_anneal] Stage2 Epoch 72/75:  79%|███████▊  | 129/164 [00:49\u003c00:13,  2.65it/s, loss=0.1227, acc=0.9629]\n"}
,{"stream_name":"stderr","time":5839.26722128,"data":"\r[cosine_anneal] Stage2 Epoch 72/75:  79%|███████▊  | 129/164 [00:49\u003c00:13,  2.65it/s, loss=0.1227, acc=0.9629]\r[cosine_anneal] Stage2 Epoch 72/75:  79%|███████▊  | 129/164 [00:50\u003c00:13,  2.65it/s, loss=0.1225, acc=0.9630]\n"}
,{"stream_name":"stderr","time":5839.269157139,"data":"\r[cosine_anneal] Stage2 Epoch 72/75:  79%|███████▊  | 129/164 [00:50\u003c00:13,  2.65it/s, loss=0.1225, acc=0.9630]\r[cosine_anneal] Stage2 Epoch 72/75:  79%|███████▉  | 130/164 [00:50\u003c00:12,  2.64it/s, loss=0.1225, acc=0.9630]\n"}
,{"stream_name":"stderr","time":5839.650536905,"data":"\r[cosine_anneal] Stage2 Epoch 72/75:  79%|███████▉  | 130/164 [00:50\u003c00:12,  2.64it/s, loss=0.1225, acc=0.9630]\r[cosine_anneal] Stage2 Epoch 72/75:  79%|███████▉  | 130/164 [00:50\u003c00:12,  2.64it/s, loss=0.1216, acc=0.9633]\n"}
,{"stream_name":"stderr","time":5839.652129683,"data":"\r[cosine_anneal] Stage2 Epoch 72/75:  79%|███████▉  | 130/164 [00:50\u003c00:12,  2.64it/s, loss=0.1216, acc=0.9633]\r[cosine_anneal] Stage2 Epoch 72/75:  80%|███████▉  | 131/164 [00:50\u003c00:12,  2.63it/s, loss=0.1216, acc=0.9633]\n"}
,{"stream_name":"stderr","time":5840.029663743,"data":"\r[cosine_anneal] Stage2 Epoch 72/75:  80%|███████▉  | 131/164 [00:50\u003c00:12,  2.63it/s, loss=0.1216, acc=0.9633]\r[cosine_anneal] Stage2 Epoch 72/75:  80%|███████▉  | 131/164 [00:51\u003c00:12,  2.63it/s, loss=0.1212, acc=0.9633]\n"}
,{"stream_name":"stderr","time":5840.030622209,"data":"\r[cosine_anneal] Stage2 Epoch 72/75:  80%|███████▉  | 131/164 [00:51\u003c00:12,  2.63it/s, loss=0.1212, acc=0.9633]\r[cosine_anneal] Stage2 Epoch 72/75:  80%|████████  | 132/164 [00:51\u003c00:12,  2.63it/s, loss=0.1212, acc=0.9633]\n"}
,{"stream_name":"stderr","time":5840.404181852,"data":"\r[cosine_anneal] Stage2 Epoch 72/75:  80%|████████  | 132/164 [00:51\u003c00:12,  2.63it/s, loss=0.1212, acc=0.9633]\r[cosine_anneal] Stage2 Epoch 72/75:  80%|████████  | 132/164 [00:51\u003c00:12,  2.63it/s, loss=0.1206, acc=0.9636]\n"}
,{"stream_name":"stderr","time":5840.405103911,"data":"\r[cosine_anneal] Stage2 Epoch 72/75:  80%|████████  | 132/164 [00:51\u003c00:12,  2.63it/s, loss=0.1206, acc=0.9636]\r[cosine_anneal] Stage2 Epoch 72/75:  81%|████████  | 133/164 [00:51\u003c00:11,  2.64it/s, loss=0.1206, acc=0.9636]\n"}
,{"stream_name":"stderr","time":5840.783989965,"data":"\r[cosine_anneal] Stage2 Epoch 72/75:  81%|████████  | 133/164 [00:51\u003c00:11,  2.64it/s, loss=0.1206, acc=0.9636]\r[cosine_anneal] Stage2 Epoch 72/75:  81%|████████  | 133/164 [00:51\u003c00:11,  2.64it/s, loss=0.1199, acc=0.9639]\n"}
,{"stream_name":"stderr","time":5840.784878818,"data":"\r[cosine_anneal] Stage2 Epoch 72/75:  81%|████████  | 133/164 [00:51\u003c00:11,  2.64it/s, loss=0.1199, acc=0.9639]\r[cosine_anneal] Stage2 Epoch 72/75:  82%|████████▏ | 134/164 [00:51\u003c00:11,  2.64it/s, loss=0.1199, acc=0.9639]\n"}
,{"stream_name":"stderr","time":5841.156273493,"data":"\r[cosine_anneal] Stage2 Epoch 72/75:  82%|████████▏ | 134/164 [00:51\u003c00:11,  2.64it/s, loss=0.1199, acc=0.9639]\r[cosine_anneal] Stage2 Epoch 72/75:  82%|████████▏ | 134/164 [00:52\u003c00:11,  2.64it/s, loss=0.1192, acc=0.9641]\n"}
,{"stream_name":"stderr","time":5841.158401667,"data":"\r[cosine_anneal] Stage2 Epoch 72/75:  82%|████████▏ | 134/164 [00:52\u003c00:11,  2.64it/s, loss=0.1192, acc=0.9641]\r[cosine_anneal] Stage2 Epoch 72/75:  82%|████████▏ | 135/164 [00:52\u003c00:10,  2.65it/s, loss=0.1192, acc=0.9641]\n"}
,{"stream_name":"stderr","time":5841.537005413,"data":"\r[cosine_anneal] Stage2 Epoch 72/75:  82%|████████▏ | 135/164 [00:52\u003c00:10,  2.65it/s, loss=0.1192, acc=0.9641]\r[cosine_anneal] Stage2 Epoch 72/75:  82%|████████▏ | 135/164 [00:52\u003c00:10,  2.65it/s, loss=0.1187, acc=0.9642]\n"}
,{"stream_name":"stderr","time":5841.538045882,"data":"\r[cosine_anneal] Stage2 Epoch 72/75:  82%|████████▏ | 135/164 [00:52\u003c00:10,  2.65it/s, loss=0.1187, acc=0.9642]\r[cosine_anneal] Stage2 Epoch 72/75:  83%|████████▎ | 136/164 [00:52\u003c00:10,  2.65it/s, loss=0.1187, acc=0.9642]\n"}
,{"stream_name":"stderr","time":5841.917079857,"data":"\r[cosine_anneal] Stage2 Epoch 72/75:  83%|████████▎ | 136/164 [00:52\u003c00:10,  2.65it/s, loss=0.1187, acc=0.9642]\r[cosine_anneal] Stage2 Epoch 72/75:  83%|████████▎ | 136/164 [00:52\u003c00:10,  2.65it/s, loss=0.1193, acc=0.9640]\n"}
,{"stream_name":"stderr","time":5841.91825036,"data":"\r[cosine_anneal] Stage2 Epoch 72/75:  83%|████████▎ | 136/164 [00:52\u003c00:10,  2.65it/s, loss=0.1193, acc=0.9640]\r[cosine_anneal] Stage2 Epoch 72/75:  84%|████████▎ | 137/164 [00:52\u003c00:10,  2.64it/s, loss=0.1193, acc=0.9640]\n"}
,{"stream_name":"stderr","time":5842.291052726,"data":"\r[cosine_anneal] Stage2 Epoch 72/75:  84%|████████▎ | 137/164 [00:52\u003c00:10,  2.64it/s, loss=0.1193, acc=0.9640]\r[cosine_anneal] Stage2 Epoch 72/75:  84%|████████▎ | 137/164 [00:53\u003c00:10,  2.64it/s, loss=0.1188, acc=0.9640]\n"}
,{"stream_name":"stderr","time":5842.293768627,"data":"\r[cosine_anneal] Stage2 Epoch 72/75:  84%|████████▎ | 137/164 [00:53\u003c00:10,  2.64it/s, loss=0.1188, acc=0.9640]\r[cosine_anneal] Stage2 Epoch 72/75:  84%|████████▍ | 138/164 [00:53\u003c00:09,  2.65it/s, loss=0.1188, acc=0.9640]\n"}
,{"stream_name":"stderr","time":5842.670581798,"data":"\r[cosine_anneal] Stage2 Epoch 72/75:  84%|████████▍ | 138/164 [00:53\u003c00:09,  2.65it/s, loss=0.1188, acc=0.9640]\r[cosine_anneal] Stage2 Epoch 72/75:  84%|████████▍ | 138/164 [00:53\u003c00:09,  2.65it/s, loss=0.1183, acc=0.9643]\n"}
,{"stream_name":"stderr","time":5842.671552492,"data":"\r[cosine_anneal] Stage2 Epoch 72/75:  84%|████████▍ | 138/164 [00:53\u003c00:09,  2.65it/s, loss=0.1183, acc=0.9643]\r[cosine_anneal] Stage2 Epoch 72/75:  85%|████████▍ | 139/164 [00:53\u003c00:09,  2.65it/s, loss=0.1183, acc=0.9643]\n"}
,{"stream_name":"stderr","time":5843.050331637,"data":"\r[cosine_anneal] Stage2 Epoch 72/75:  85%|████████▍ | 139/164 [00:53\u003c00:09,  2.65it/s, loss=0.1183, acc=0.9643]\r[cosine_anneal] Stage2 Epoch 72/75:  85%|████████▍ | 139/164 [00:54\u003c00:09,  2.65it/s, loss=0.1187, acc=0.9641]\n"}
,{"stream_name":"stderr","time":5843.051314675,"data":"\r[cosine_anneal] Stage2 Epoch 72/75:  85%|████████▍ | 139/164 [00:54\u003c00:09,  2.65it/s, loss=0.1187, acc=0.9641]\r[cosine_anneal] Stage2 Epoch 72/75:  85%|████████▌ | 140/164 [00:54\u003c00:09,  2.64it/s, loss=0.1187, acc=0.9641]\n"}
,{"stream_name":"stderr","time":5843.423715684,"data":"\r[cosine_anneal] Stage2 Epoch 72/75:  85%|████████▌ | 140/164 [00:54\u003c00:09,  2.64it/s, loss=0.1187, acc=0.9641]\r[cosine_anneal] Stage2 Epoch 72/75:  85%|████████▌ | 140/164 [00:54\u003c00:09,  2.64it/s, loss=0.1182, acc=0.9643]\n"}
,{"stream_name":"stderr","time":5843.424842256,"data":"\r[cosine_anneal] Stage2 Epoch 72/75:  85%|████████▌ | 140/164 [00:54\u003c00:09,  2.64it/s, loss=0.1182, acc=0.9643]\r[cosine_anneal] Stage2 Epoch 72/75:  86%|████████▌ | 141/164 [00:54\u003c00:08,  2.65it/s, loss=0.1182, acc=0.9643]\n"}
,{"stream_name":"stderr","time":5843.802874086,"data":"\r[cosine_anneal] Stage2 Epoch 72/75:  86%|████████▌ | 141/164 [00:54\u003c00:08,  2.65it/s, loss=0.1182, acc=0.9643]\r[cosine_anneal] Stage2 Epoch 72/75:  86%|████████▌ | 141/164 [00:54\u003c00:08,  2.65it/s, loss=0.1183, acc=0.9643]\n"}
,{"stream_name":"stderr","time":5843.804297784,"data":"\r[cosine_anneal] Stage2 Epoch 72/75:  86%|████████▌ | 141/164 [00:54\u003c00:08,  2.65it/s, loss=0.1183, acc=0.9643]\r[cosine_anneal] Stage2 Epoch 72/75:  87%|████████▋ | 142/164 [00:54\u003c00:08,  2.65it/s, loss=0.1183, acc=0.9643]\n"}
,{"stream_name":"stderr","time":5844.178532954,"data":"\r[cosine_anneal] Stage2 Epoch 72/75:  87%|████████▋ | 142/164 [00:54\u003c00:08,  2.65it/s, loss=0.1183, acc=0.9643]\r[cosine_anneal] Stage2 Epoch 72/75:  87%|████████▋ | 142/164 [00:55\u003c00:08,  2.65it/s, loss=0.1176, acc=0.9646]\n"}
,{"stream_name":"stderr","time":5844.179443158,"data":"\r[cosine_anneal] Stage2 Epoch 72/75:  87%|████████▋ | 142/164 [00:55\u003c00:08,  2.65it/s, loss=0.1176, acc=0.9646]\r[cosine_anneal] Stage2 Epoch 72/75:  87%|████████▋ | 143/164 [00:55\u003c00:07,  2.65it/s, loss=0.1176, acc=0.9646]\n"}
,{"stream_name":"stderr","time":5844.553542157,"data":"\r[cosine_anneal] Stage2 Epoch 72/75:  87%|████████▋ | 143/164 [00:55\u003c00:07,  2.65it/s, loss=0.1176, acc=0.9646]\r[cosine_anneal] Stage2 Epoch 72/75:  87%|████████▋ | 143/164 [00:55\u003c00:07,  2.65it/s, loss=0.1173, acc=0.9646]\n"}
,{"stream_name":"stderr","time":5844.554575338,"data":"\r[cosine_anneal] Stage2 Epoch 72/75:  87%|████████▋ | 143/164 [00:55\u003c00:07,  2.65it/s, loss=0.1173, acc=0.9646]\r[cosine_anneal] Stage2 Epoch 72/75:  88%|████████▊ | 144/164 [00:55\u003c00:07,  2.66it/s, loss=0.1173, acc=0.9646]\n"}
,{"stream_name":"stderr","time":5844.931449456,"data":"\r[cosine_anneal] Stage2 Epoch 72/75:  88%|████████▊ | 144/164 [00:55\u003c00:07,  2.66it/s, loss=0.1173, acc=0.9646]\r[cosine_anneal] Stage2 Epoch 72/75:  88%|████████▊ | 144/164 [00:55\u003c00:07,  2.66it/s, loss=0.1171, acc=0.9647]\n"}
,{"stream_name":"stderr","time":5844.932374071,"data":"\r[cosine_anneal] Stage2 Epoch 72/75:  88%|████████▊ | 144/164 [00:55\u003c00:07,  2.66it/s, loss=0.1171, acc=0.9647]\r[cosine_anneal] Stage2 Epoch 72/75:  88%|████████▊ | 145/164 [00:55\u003c00:07,  2.65it/s, loss=0.1171, acc=0.9647]\n"}
,{"stream_name":"stderr","time":5845.306770186,"data":"\r[cosine_anneal] Stage2 Epoch 72/75:  88%|████████▊ | 145/164 [00:55\u003c00:07,  2.65it/s, loss=0.1171, acc=0.9647]\r[cosine_anneal] Stage2 Epoch 72/75:  88%|████████▊ | 145/164 [00:56\u003c00:07,  2.65it/s, loss=0.1170, acc=0.9647]\n"}
,{"stream_name":"stderr","time":5845.307787379,"data":"\r[cosine_anneal] Stage2 Epoch 72/75:  88%|████████▊ | 145/164 [00:56\u003c00:07,  2.65it/s, loss=0.1170, acc=0.9647]\r[cosine_anneal] Stage2 Epoch 72/75:  89%|████████▉ | 146/164 [00:56\u003c00:06,  2.66it/s, loss=0.1170, acc=0.9647]\n"}
,{"stream_name":"stderr","time":5845.689831753,"data":"\r[cosine_anneal] Stage2 Epoch 72/75:  89%|████████▉ | 146/164 [00:56\u003c00:06,  2.66it/s, loss=0.1170, acc=0.9647]\r[cosine_anneal] Stage2 Epoch 72/75:  89%|████████▉ | 146/164 [00:56\u003c00:06,  2.66it/s, loss=0.1169, acc=0.9645]\n"}
,{"stream_name":"stderr","time":5845.690849756,"data":"\r[cosine_anneal] Stage2 Epoch 72/75:  89%|████████▉ | 146/164 [00:56\u003c00:06,  2.66it/s, loss=0.1169, acc=0.9645]\r[cosine_anneal] Stage2 Epoch 72/75:  90%|████████▉ | 147/164 [00:56\u003c00:06,  2.64it/s, loss=0.1169, acc=0.9645]\n"}
,{"stream_name":"stderr","time":5846.067270526,"data":"\r[cosine_anneal] Stage2 Epoch 72/75:  90%|████████▉ | 147/164 [00:56\u003c00:06,  2.64it/s, loss=0.1169, acc=0.9645]\r[cosine_anneal] Stage2 Epoch 72/75:  90%|████████▉ | 147/164 [00:57\u003c00:06,  2.64it/s, loss=0.1167, acc=0.9645]\n"}
,{"stream_name":"stderr","time":5846.071621791,"data":"\r[cosine_anneal] Stage2 Epoch 72/75:  90%|████████▉ | 147/164 [00:57\u003c00:06,  2.64it/s, loss=0.1167, acc=0.9645]\r[cosine_anneal] Stage2 Epoch 72/75:  90%|█████████ | 148/164 [00:57\u003c00:06,  2.64it/s, loss=0.1167, acc=0.9645]\n"}
,{"stream_name":"stderr","time":5846.437807615,"data":"\r[cosine_anneal] Stage2 Epoch 72/75:  90%|█████████ | 148/164 [00:57\u003c00:06,  2.64it/s, loss=0.1167, acc=0.9645]\r[cosine_anneal] Stage2 Epoch 72/75:  90%|█████████ | 148/164 [00:57\u003c00:06,  2.64it/s, loss=0.1181, acc=0.9641]\n"}
,{"stream_name":"stderr","time":5846.438806346,"data":"\r[cosine_anneal] Stage2 Epoch 72/75:  90%|█████████ | 148/164 [00:57\u003c00:06,  2.64it/s, loss=0.1181, acc=0.9641]\r[cosine_anneal] Stage2 Epoch 72/75:  91%|█████████ | 149/164 [00:57\u003c00:05,  2.66it/s, loss=0.1181, acc=0.9641]\n"}
,{"stream_name":"stderr","time":5846.816304002,"data":"\r[cosine_anneal] Stage2 Epoch 72/75:  91%|█████████ | 149/164 [00:57\u003c00:05,  2.66it/s, loss=0.1181, acc=0.9641]\r[cosine_anneal] Stage2 Epoch 72/75:  91%|█████████ | 149/164 [00:57\u003c00:05,  2.66it/s, loss=0.1195, acc=0.9640]\n"}
,{"stream_name":"stderr","time":5846.81758882,"data":"\r[cosine_anneal] Stage2 Epoch 72/75:  91%|█████████ | 149/164 [00:57\u003c00:05,  2.66it/s, loss=0.1195, acc=0.9640]\r[cosine_anneal] Stage2 Epoch 72/75:  91%|█████████▏| 150/164 [00:57\u003c00:05,  2.66it/s, loss=0.1195, acc=0.9640]\n"}
,{"stream_name":"stderr","time":5847.191887355,"data":"\r[cosine_anneal] Stage2 Epoch 72/75:  91%|█████████▏| 150/164 [00:57\u003c00:05,  2.66it/s, loss=0.1195, acc=0.9640]\r[cosine_anneal] Stage2 Epoch 72/75:  91%|█████████▏| 150/164 [00:58\u003c00:05,  2.66it/s, loss=0.1192, acc=0.9640]\n"}
,{"stream_name":"stderr","time":5847.193553077,"data":"\r[cosine_anneal] Stage2 Epoch 72/75:  91%|█████████▏| 150/164 [00:58\u003c00:05,  2.66it/s, loss=0.1192, acc=0.9640]\r[cosine_anneal] Stage2 Epoch 72/75:  92%|█████████▏| 151/164 [00:58\u003c00:04,  2.66it/s, loss=0.1192, acc=0.9640]\n"}
,{"stream_name":"stderr","time":5847.573481875,"data":"\r[cosine_anneal] Stage2 Epoch 72/75:  92%|█████████▏| 151/164 [00:58\u003c00:04,  2.66it/s, loss=0.1192, acc=0.9640]\r[cosine_anneal] Stage2 Epoch 72/75:  92%|█████████▏| 151/164 [00:58\u003c00:04,  2.66it/s, loss=0.1191, acc=0.9640]\n"}
,{"stream_name":"stderr","time":5847.574584395,"data":"\r[cosine_anneal] Stage2 Epoch 72/75:  92%|█████████▏| 151/164 [00:58\u003c00:04,  2.66it/s, loss=0.1191, acc=0.9640]\r[cosine_anneal] Stage2 Epoch 72/75:  93%|█████████▎| 152/164 [00:58\u003c00:04,  2.65it/s, loss=0.1191, acc=0.9640]\n"}
,{"stream_name":"stderr","time":5847.94519659,"data":"\r[cosine_anneal] Stage2 Epoch 72/75:  93%|█████████▎| 152/164 [00:58\u003c00:04,  2.65it/s, loss=0.1191, acc=0.9640]\r[cosine_anneal] Stage2 Epoch 72/75:  93%|█████████▎| 152/164 [00:58\u003c00:04,  2.65it/s, loss=0.1192, acc=0.9636]\n"}
,{"stream_name":"stderr","time":5847.946294583,"data":"\r[cosine_anneal] Stage2 Epoch 72/75:  93%|█████████▎| 152/164 [00:58\u003c00:04,  2.65it/s, loss=0.1192, acc=0.9636]\r[cosine_anneal] Stage2 Epoch 72/75:  93%|█████████▎| 153/164 [00:58\u003c00:04,  2.66it/s, loss=0.1192, acc=0.9636]\n"}
,{"stream_name":"stderr","time":5848.32654461,"data":"\r[cosine_anneal] Stage2 Epoch 72/75:  93%|█████████▎| 153/164 [00:58\u003c00:04,  2.66it/s, loss=0.1192, acc=0.9636]\r[cosine_anneal] Stage2 Epoch 72/75:  93%|█████████▎| 153/164 [00:59\u003c00:04,  2.66it/s, loss=0.1190, acc=0.9637]\n"}
,{"stream_name":"stderr","time":5848.329449834,"data":"\r[cosine_anneal] Stage2 Epoch 72/75:  93%|█████████▎| 153/164 [00:59\u003c00:04,  2.66it/s, loss=0.1190, acc=0.9637]\r[cosine_anneal] Stage2 Epoch 72/75:  94%|█████████▍| 154/164 [00:59\u003c00:03,  2.65it/s, loss=0.1190, acc=0.9637]\n"}
,{"stream_name":"stderr","time":5848.709060837,"data":"\r[cosine_anneal] Stage2 Epoch 72/75:  94%|█████████▍| 154/164 [00:59\u003c00:03,  2.65it/s, loss=0.1190, acc=0.9637]\r[cosine_anneal] Stage2 Epoch 72/75:  94%|█████████▍| 154/164 [00:59\u003c00:03,  2.65it/s, loss=0.1185, acc=0.9637]\n"}
,{"stream_name":"stderr","time":5848.711428641,"data":"\r[cosine_anneal] Stage2 Epoch 72/75:  94%|█████████▍| 154/164 [00:59\u003c00:03,  2.65it/s, loss=0.1185, acc=0.9637]\r[cosine_anneal] Stage2 Epoch 72/75:  95%|█████████▍| 155/164 [00:59\u003c00:03,  2.64it/s, loss=0.1185, acc=0.9637]\n"}
,{"stream_name":"stderr","time":5849.087934329,"data":"\r[cosine_anneal] Stage2 Epoch 72/75:  95%|█████████▍| 155/164 [00:59\u003c00:03,  2.64it/s, loss=0.1185, acc=0.9637]\r[cosine_anneal] Stage2 Epoch 72/75:  95%|█████████▍| 155/164 [01:00\u003c00:03,  2.64it/s, loss=0.1178, acc=0.9639]\n"}
,{"stream_name":"stderr","time":5849.089426041,"data":"\r[cosine_anneal] Stage2 Epoch 72/75:  95%|█████████▍| 155/164 [01:00\u003c00:03,  2.64it/s, loss=0.1178, acc=0.9639]\r[cosine_anneal] Stage2 Epoch 72/75:  95%|█████████▌| 156/164 [01:00\u003c00:03,  2.64it/s, loss=0.1178, acc=0.9639]\n"}
,{"stream_name":"stderr","time":5849.463868861,"data":"\r[cosine_anneal] Stage2 Epoch 72/75:  95%|█████████▌| 156/164 [01:00\u003c00:03,  2.64it/s, loss=0.1178, acc=0.9639]\r[cosine_anneal] Stage2 Epoch 72/75:  95%|█████████▌| 156/164 [01:00\u003c00:03,  2.64it/s, loss=0.1180, acc=0.9638]\n"}
,{"stream_name":"stderr","time":5849.464963549,"data":"\r[cosine_anneal] Stage2 Epoch 72/75:  95%|█████████▌| 156/164 [01:00\u003c00:03,  2.64it/s, loss=0.1180, acc=0.9638]\r[cosine_anneal] Stage2 Epoch 72/75:  96%|█████████▌| 157/164 [01:00\u003c00:02,  2.64it/s, loss=0.1180, acc=0.9638]\n"}
,{"stream_name":"stderr","time":5849.845264836,"data":"\r[cosine_anneal] Stage2 Epoch 72/75:  96%|█████████▌| 157/164 [01:00\u003c00:02,  2.64it/s, loss=0.1180, acc=0.9638]\r[cosine_anneal] Stage2 Epoch 72/75:  96%|█████████▌| 157/164 [01:00\u003c00:02,  2.64it/s, loss=0.1181, acc=0.9636]\n"}
,{"stream_name":"stderr","time":5849.846418343,"data":"\r[cosine_anneal] Stage2 Epoch 72/75:  96%|█████████▌| 157/164 [01:00\u003c00:02,  2.64it/s, loss=0.1181, acc=0.9636]\r[cosine_anneal] Stage2 Epoch 72/75:  96%|█████████▋| 158/164 [01:00\u003c00:02,  2.64it/s, loss=0.1181, acc=0.9636]\n"}
,{"stream_name":"stderr","time":5850.214951622,"data":"\r[cosine_anneal] Stage2 Epoch 72/75:  96%|█████████▋| 158/164 [01:00\u003c00:02,  2.64it/s, loss=0.1181, acc=0.9636]\r[cosine_anneal] Stage2 Epoch 72/75:  96%|█████████▋| 158/164 [01:01\u003c00:02,  2.64it/s, loss=0.1179, acc=0.9636]\n"}
,{"stream_name":"stderr","time":5850.215856073,"data":"\r[cosine_anneal] Stage2 Epoch 72/75:  96%|█████████▋| 158/164 [01:01\u003c00:02,  2.64it/s, loss=0.1179, acc=0.9636]\r[cosine_anneal] Stage2 Epoch 72/75:  97%|█████████▋| 159/164 [01:01\u003c00:01,  2.66it/s, loss=0.1179, acc=0.9636]\n"}
,{"stream_name":"stderr","time":5850.592621008,"data":"\r[cosine_anneal] Stage2 Epoch 72/75:  97%|█████████▋| 159/164 [01:01\u003c00:01,  2.66it/s, loss=0.1179, acc=0.9636]\r[cosine_anneal] Stage2 Epoch 72/75:  97%|█████████▋| 159/164 [01:01\u003c00:01,  2.66it/s, loss=0.1180, acc=0.9637]\n"}
,{"stream_name":"stderr","time":5850.593605432,"data":"\r[cosine_anneal] Stage2 Epoch 72/75:  97%|█████████▋| 159/164 [01:01\u003c00:01,  2.66it/s, loss=0.1180, acc=0.9637]\r[cosine_anneal] Stage2 Epoch 72/75:  98%|█████████▊| 160/164 [01:01\u003c00:01,  2.65it/s, loss=0.1180, acc=0.9637]\n"}
,{"stream_name":"stderr","time":5850.964610038,"data":"\r[cosine_anneal] Stage2 Epoch 72/75:  98%|█████████▊| 160/164 [01:01\u003c00:01,  2.65it/s, loss=0.1180, acc=0.9637]\r[cosine_anneal] Stage2 Epoch 72/75:  98%|█████████▊| 160/164 [01:01\u003c00:01,  2.65it/s, loss=0.1176, acc=0.9639]\n"}
,{"stream_name":"stderr","time":5850.965645895,"data":"\r[cosine_anneal] Stage2 Epoch 72/75:  98%|█████████▊| 160/164 [01:01\u003c00:01,  2.65it/s, loss=0.1176, acc=0.9639]\r[cosine_anneal] Stage2 Epoch 72/75:  98%|█████████▊| 161/164 [01:01\u003c00:01,  2.66it/s, loss=0.1176, acc=0.9639]\n"}
,{"stream_name":"stderr","time":5851.343891084,"data":"\r[cosine_anneal] Stage2 Epoch 72/75:  98%|█████████▊| 161/164 [01:01\u003c00:01,  2.66it/s, loss=0.1176, acc=0.9639]\r[cosine_anneal] Stage2 Epoch 72/75:  98%|█████████▊| 161/164 [01:02\u003c00:01,  2.66it/s, loss=0.1173, acc=0.9639]\n"}
,{"stream_name":"stderr","time":5851.344853695,"data":"\r[cosine_anneal] Stage2 Epoch 72/75:  98%|█████████▊| 161/164 [01:02\u003c00:01,  2.66it/s, loss=0.1173, acc=0.9639]\r[cosine_anneal] Stage2 Epoch 72/75:  99%|█████████▉| 162/164 [01:02\u003c00:00,  2.66it/s, loss=0.1173, acc=0.9639]\n"}
,{"stream_name":"stderr","time":5851.714041774,"data":"\r[cosine_anneal] Stage2 Epoch 72/75:  99%|█████████▉| 162/164 [01:02\u003c00:00,  2.66it/s, loss=0.1173, acc=0.9639]\r[cosine_anneal] Stage2 Epoch 72/75:  99%|█████████▉| 162/164 [01:02\u003c00:00,  2.66it/s, loss=0.1176, acc=0.9640]\n"}
,{"stream_name":"stderr","time":5851.7187026,"data":"\r[cosine_anneal] Stage2 Epoch 72/75:  99%|█████████▉| 162/164 [01:02\u003c00:00,  2.66it/s, loss=0.1176, acc=0.9640]\r[cosine_anneal] Stage2 Epoch 72/75:  99%|█████████▉| 163/164 [01:02\u003c00:00,  2.67it/s, loss=0.1176, acc=0.9640]\n"}
,{"stream_name":"stderr","time":5852.074841691,"data":"\r[cosine_anneal] Stage2 Epoch 72/75:  99%|█████████▉| 163/164 [01:02\u003c00:00,  2.67it/s, loss=0.1176, acc=0.9640]\r[cosine_anneal] Stage2 Epoch 72/75:  99%|█████████▉| 163/164 [01:03\u003c00:00,  2.67it/s, loss=0.1195, acc=0.9638]\n"}
,{"stream_name":"stderr","time":5852.076174061,"data":"\r[cosine_anneal] Stage2 Epoch 72/75:  99%|█████████▉| 163/164 [01:03\u003c00:00,  2.67it/s, loss=0.1195, acc=0.9638]\r[cosine_anneal] Stage2 Epoch 72/75: 100%|██████████| 164/164 [01:03\u003c00:00,  2.70it/s, loss=0.1195, acc=0.9638]\n"}
,{"stream_name":"stderr","time":5852.145540407,"data":"\r[cosine_anneal] Stage2 Epoch 72/75: 100%|██████████| 164/164 [01:03\u003c00:00,  2.70it/s, loss=0.1195, acc=0.9638]\r[cosine_anneal] Stage2 Epoch 72/75: 100%|██████████| 164/164 [01:03\u003c00:00,  2.60it/s, loss=0.1195, acc=0.9638]\n"}
,{"stream_name":"stderr","time":5852.153137102,"data":"\r[cosine_anneal] Stage2 Epoch 72/75: 100%|██████████| 164/164 [01:03\u003c00:00,  2.60it/s, loss=0.1195, acc=0.9638]\n"}
,{"stream_name":"stderr","time":5852.153164835,"data":"\n"}
,{"stream_name":"stderr","time":5852.153170933,"data":"\n"}
,{"stream_name":"stdout","time":5860.55302636,"data":"  Val Loss: 0.6164 | Val Acc: 0.8841 | Val Macro-F1: 0.8035\n"}
,{"stream_name":"stderr","time":5860.554517427,"data":"\r[cosine_anneal] Stage2 Epoch 73/75:   0%|          | 0/164 [00:00\u003c?, ?it/s]\n"}
,{"stream_name":"stderr","time":5860.555542782,"data":"\r[cosine_anneal] Stage2 Epoch 73/75:   0%|          | 0/164 [00:00\u003c?, ?it/s]\r[cosine_anneal] Stage2 Epoch 73/75:   0%|          | 0/164 [00:01\u003c?, ?it/s, loss=0.0587, acc=0.9688]\n"}
,{"stream_name":"stderr","time":5860.556544914,"data":"\r[cosine_anneal] Stage2 Epoch 73/75:   0%|          | 0/164 [00:01\u003c?, ?it/s, loss=0.0587, acc=0.9688]\r[cosine_anneal] Stage2 Epoch 73/75:   1%|          | 1/164 [00:01\u003c03:21,  1.24s/it, loss=0.0587, acc=0.9688]\n"}
,{"stream_name":"stderr","time":5860.557701774,"data":"\r[cosine_anneal] Stage2 Epoch 73/75:   1%|          | 1/164 [00:01\u003c03:21,  1.24s/it, loss=0.0587, acc=0.9688]\r[cosine_anneal] Stage2 Epoch 73/75:   1%|          | 1/164 [00:01\u003c03:21,  1.24s/it, loss=0.1185, acc=0.9531]\n"}
,{"stream_name":"stderr","time":5860.558815718,"data":"\r[cosine_anneal] Stage2 Epoch 73/75:   1%|          | 1/164 [00:01\u003c03:21,  1.24s/it, loss=0.1185, acc=0.9531]\r[cosine_anneal] Stage2 Epoch 73/75:   1%|          | 2/164 [00:01\u003c02:08,  1.26it/s, loss=0.1185, acc=0.9531]\n"}
,{"stream_name":"stderr","time":5860.559865268,"data":"\r[cosine_anneal] Stage2 Epoch 73/75:   1%|          | 2/164 [00:01\u003c02:08,  1.26it/s, loss=0.1185, acc=0.9531]\r[cosine_anneal] Stage2 Epoch 73/75:   1%|          | 2/164 [00:02\u003c02:08,  1.26it/s, loss=0.0948, acc=0.9688]\n"}
,{"stream_name":"stderr","time":5860.560817139,"data":"\r[cosine_anneal] Stage2 Epoch 73/75:   1%|          | 2/164 [00:02\u003c02:08,  1.26it/s, loss=0.0948, acc=0.9688]\r[cosine_anneal] Stage2 Epoch 73/75:   2%|▏         | 3/164 [00:02\u003c01:36,  1.67it/s, loss=0.0948, acc=0.9688]\n"}
,{"stream_name":"stderr","time":5860.561791477,"data":"\r[cosine_anneal] Stage2 Epoch 73/75:   2%|▏         | 3/164 [00:02\u003c01:36,  1.67it/s, loss=0.0948, acc=0.9688]\r[cosine_anneal] Stage2 Epoch 73/75:   2%|▏         | 3/164 [00:02\u003c01:36,  1.67it/s, loss=0.1162, acc=0.9609]\n"}
,{"stream_name":"stderr","time":5860.562767145,"data":"\r[cosine_anneal] Stage2 Epoch 73/75:   2%|▏         | 3/164 [00:02\u003c01:36,  1.67it/s, loss=0.1162, acc=0.9609]\r[cosine_anneal] Stage2 Epoch 73/75:   2%|▏         | 4/164 [00:02\u003c01:21,  1.96it/s, loss=0.1162, acc=0.9609]\n"}
,{"stream_name":"stderr","time":5860.563770933,"data":"\r[cosine_anneal] Stage2 Epoch 73/75:   2%|▏         | 4/164 [00:02\u003c01:21,  1.96it/s, loss=0.1162, acc=0.9609]\r[cosine_anneal] Stage2 Epoch 73/75:   2%|▏         | 4/164 [00:02\u003c01:21,  1.96it/s, loss=0.1381, acc=0.9563]\n"}
,{"stream_name":"stderr","time":5860.564752564,"data":"\r[cosine_anneal] Stage2 Epoch 73/75:   2%|▏         | 4/164 [00:02\u003c01:21,  1.96it/s, loss=0.1381, acc=0.9563]\r[cosine_anneal] Stage2 Epoch 73/75:   3%|▎         | 5/164 [00:02\u003c01:13,  2.15it/s, loss=0.1381, acc=0.9563]\n"}
,{"stream_name":"stderr","time":5860.565806256,"data":"\r[cosine_anneal] Stage2 Epoch 73/75:   3%|▎         | 5/164 [00:02\u003c01:13,  2.15it/s, loss=0.1381, acc=0.9563]\r[cosine_anneal] Stage2 Epoch 73/75:   3%|▎         | 5/164 [00:03\u003c01:13,  2.15it/s, loss=0.1196, acc=0.9635]\n"}
,{"stream_name":"stderr","time":5860.566817784,"data":"\r[cosine_anneal] Stage2 Epoch 73/75:   3%|▎         | 5/164 [00:03\u003c01:13,  2.15it/s, loss=0.1196, acc=0.9635]\r[cosine_anneal] Stage2 Epoch 73/75:   4%|▎         | 6/164 [00:03\u003c01:09,  2.27it/s, loss=0.1196, acc=0.9635]\n"}
,{"stream_name":"stderr","time":5860.772900512,"data":"\r[cosine_anneal] Stage2 Epoch 73/75:   4%|▎         | 6/164 [00:03\u003c01:09,  2.27it/s, loss=0.1196, acc=0.9635]\r[cosine_anneal] Stage2 Epoch 73/75:   4%|▎         | 6/164 [00:03\u003c01:09,  2.27it/s, loss=0.1131, acc=0.9643]\n"}
,{"stream_name":"stderr","time":5860.777592185,"data":"\r[cosine_anneal] Stage2 Epoch 73/75:   4%|▎         | 6/164 [00:03\u003c01:09,  2.27it/s, loss=0.1131, acc=0.9643]\r[cosine_anneal] Stage2 Epoch 73/75:   4%|▍         | 7/164 [00:03\u003c01:05,  2.39it/s, loss=0.1131, acc=0.9643]\n"}
,{"stream_name":"stderr","time":5861.143459966,"data":"\r[cosine_anneal] Stage2 Epoch 73/75:   4%|▍         | 7/164 [00:03\u003c01:05,  2.39it/s, loss=0.1131, acc=0.9643]\r[cosine_anneal] Stage2 Epoch 73/75:   4%|▍         | 7/164 [00:03\u003c01:05,  2.39it/s, loss=0.1247, acc=0.9531]\n"}
,{"stream_name":"stderr","time":5861.144575241,"data":"\r[cosine_anneal] Stage2 Epoch 73/75:   4%|▍         | 7/164 [00:03\u003c01:05,  2.39it/s, loss=0.1247, acc=0.9531]\r[cosine_anneal] Stage2 Epoch 73/75:   5%|▍         | 8/164 [00:03\u003c01:02,  2.48it/s, loss=0.1247, acc=0.9531]\n"}
,{"stream_name":"stderr","time":5861.521425208,"data":"\r[cosine_anneal] Stage2 Epoch 73/75:   5%|▍         | 8/164 [00:03\u003c01:02,  2.48it/s, loss=0.1247, acc=0.9531]\r[cosine_anneal] Stage2 Epoch 73/75:   5%|▍         | 8/164 [00:04\u003c01:02,  2.48it/s, loss=0.1246, acc=0.9549]\n"}
,{"stream_name":"stderr","time":5861.521811262,"data":"\r[cosine_anneal] Stage2 Epoch 73/75:   5%|▍         | 8/164 [00:04\u003c01:02,  2.48it/s, loss=0.1246, acc=0.9549]\r[cosine_anneal] Stage2 Epoch 73/75:   5%|▌         | 9/164 [00:04\u003c01:01,  2.53it/s, loss=0.1246, acc=0.9549]\n"}
,{"stream_name":"stderr","time":5861.893258824,"data":"\r[cosine_anneal] Stage2 Epoch 73/75:   5%|▌         | 9/164 [00:04\u003c01:01,  2.53it/s, loss=0.1246, acc=0.9549]\r[cosine_anneal] Stage2 Epoch 73/75:   5%|▌         | 9/164 [00:04\u003c01:01,  2.53it/s, loss=0.1222, acc=0.9563]\n"}
,{"stream_name":"stderr","time":5861.894509888,"data":"\r[cosine_anneal] Stage2 Epoch 73/75:   5%|▌         | 9/164 [00:04\u003c01:01,  2.53it/s, loss=0.1222, acc=0.9563]\r[cosine_anneal] Stage2 Epoch 73/75:   6%|▌         | 10/164 [00:04\u003c00:59,  2.58it/s, loss=0.1222, acc=0.9563]\n"}
,{"stream_name":"stderr","time":5862.273913239,"data":"\r[cosine_anneal] Stage2 Epoch 73/75:   6%|▌         | 10/164 [00:04\u003c00:59,  2.58it/s, loss=0.1222, acc=0.9563]\r[cosine_anneal] Stage2 Epoch 73/75:   6%|▌         | 10/164 [00:05\u003c00:59,  2.58it/s, loss=0.1149, acc=0.9602]\n"}
,{"stream_name":"stderr","time":5862.27754362,"data":"\r[cosine_anneal] Stage2 Epoch 73/75:   6%|▌         | 10/164 [00:05\u003c00:59,  2.58it/s, loss=0.1149, acc=0.9602]\r[cosine_anneal] Stage2 Epoch 73/75:   7%|▋         | 11/164 [00:05\u003c00:58,  2.60it/s, loss=0.1149, acc=0.9602]\n"}
,{"stream_name":"stderr","time":5862.643629442,"data":"\r[cosine_anneal] Stage2 Epoch 73/75:   7%|▋         | 11/164 [00:05\u003c00:58,  2.60it/s, loss=0.1149, acc=0.9602]\r[cosine_anneal] Stage2 Epoch 73/75:   7%|▋         | 11/164 [00:05\u003c00:58,  2.60it/s, loss=0.1073, acc=0.9635]\n"}
,{"stream_name":"stderr","time":5862.645242649,"data":"\r[cosine_anneal] Stage2 Epoch 73/75:   7%|▋         | 11/164 [00:05\u003c00:58,  2.60it/s, loss=0.1073, acc=0.9635]\r[cosine_anneal] Stage2 Epoch 73/75:   7%|▋         | 12/164 [00:05\u003c00:57,  2.62it/s, loss=0.1073, acc=0.9635]\n"}
,{"stream_name":"stderr","time":5863.021262653,"data":"\r[cosine_anneal] Stage2 Epoch 73/75:   7%|▋         | 12/164 [00:05\u003c00:57,  2.62it/s, loss=0.1073, acc=0.9635]\r[cosine_anneal] Stage2 Epoch 73/75:   7%|▋         | 12/164 [00:05\u003c00:57,  2.62it/s, loss=0.1051, acc=0.9639]\n"}
,{"stream_name":"stderr","time":5863.022404324,"data":"\r[cosine_anneal] Stage2 Epoch 73/75:   7%|▋         | 12/164 [00:05\u003c00:57,  2.62it/s, loss=0.1051, acc=0.9639]\r[cosine_anneal] Stage2 Epoch 73/75:   8%|▊         | 13/164 [00:05\u003c00:57,  2.63it/s, loss=0.1051, acc=0.9639]\n"}
,{"stream_name":"stderr","time":5863.392426228,"data":"\r[cosine_anneal] Stage2 Epoch 73/75:   8%|▊         | 13/164 [00:05\u003c00:57,  2.63it/s, loss=0.1051, acc=0.9639]\r[cosine_anneal] Stage2 Epoch 73/75:   8%|▊         | 13/164 [00:06\u003c00:57,  2.63it/s, loss=0.1090, acc=0.9643]\n"}
,{"stream_name":"stderr","time":5863.393598337,"data":"\r[cosine_anneal] Stage2 Epoch 73/75:   8%|▊         | 13/164 [00:06\u003c00:57,  2.63it/s, loss=0.1090, acc=0.9643]\r[cosine_anneal] Stage2 Epoch 73/75:   9%|▊         | 14/164 [00:06\u003c00:56,  2.65it/s, loss=0.1090, acc=0.9643]\n"}
,{"stream_name":"stderr","time":5863.771921254,"data":"\r[cosine_anneal] Stage2 Epoch 73/75:   9%|▊         | 14/164 [00:06\u003c00:56,  2.65it/s, loss=0.1090, acc=0.9643]\r[cosine_anneal] Stage2 Epoch 73/75:   9%|▊         | 14/164 [00:06\u003c00:56,  2.65it/s, loss=0.1041, acc=0.9667]\n"}
,{"stream_name":"stderr","time":5863.77297643,"data":"\r[cosine_anneal] Stage2 Epoch 73/75:   9%|▊         | 14/164 [00:06\u003c00:56,  2.65it/s, loss=0.1041, acc=0.9667]\r[cosine_anneal] Stage2 Epoch 73/75:   9%|▉         | 15/164 [00:06\u003c00:56,  2.64it/s, loss=0.1041, acc=0.9667]\n"}
,{"stream_name":"stderr","time":5864.142566672,"data":"\r[cosine_anneal] Stage2 Epoch 73/75:   9%|▉         | 15/164 [00:06\u003c00:56,  2.64it/s, loss=0.1041, acc=0.9667]\r[cosine_anneal] Stage2 Epoch 73/75:   9%|▉         | 15/164 [00:06\u003c00:56,  2.64it/s, loss=0.0979, acc=0.9688]\n"}
,{"stream_name":"stderr","time":5864.143608139,"data":"\r[cosine_anneal] Stage2 Epoch 73/75:   9%|▉         | 15/164 [00:06\u003c00:56,  2.64it/s, loss=0.0979, acc=0.9688]\r[cosine_anneal] Stage2 Epoch 73/75:  10%|▉         | 16/164 [00:06\u003c00:55,  2.66it/s, loss=0.0979, acc=0.9688]\n"}
,{"stream_name":"stderr","time":5864.521987377,"data":"\r[cosine_anneal] Stage2 Epoch 73/75:  10%|▉         | 16/164 [00:06\u003c00:55,  2.66it/s, loss=0.0979, acc=0.9688]\r[cosine_anneal] Stage2 Epoch 73/75:  10%|▉         | 16/164 [00:07\u003c00:55,  2.66it/s, loss=0.0999, acc=0.9669]\n"}
,{"stream_name":"stderr","time":5864.522889375,"data":"\r[cosine_anneal] Stage2 Epoch 73/75:  10%|▉         | 16/164 [00:07\u003c00:55,  2.66it/s, loss=0.0999, acc=0.9669]\r[cosine_anneal] Stage2 Epoch 73/75:  10%|█         | 17/164 [00:07\u003c00:55,  2.65it/s, loss=0.0999, acc=0.9669]\n"}
,{"stream_name":"stderr","time":5864.898336207,"data":"\r[cosine_anneal] Stage2 Epoch 73/75:  10%|█         | 17/164 [00:07\u003c00:55,  2.65it/s, loss=0.0999, acc=0.9669]\r[cosine_anneal] Stage2 Epoch 73/75:  10%|█         | 17/164 [00:07\u003c00:55,  2.65it/s, loss=0.1096, acc=0.9670]\n"}
,{"stream_name":"stderr","time":5864.899597382,"data":"\r[cosine_anneal] Stage2 Epoch 73/75:  10%|█         | 17/164 [00:07\u003c00:55,  2.65it/s, loss=0.1096, acc=0.9670]\r[cosine_anneal] Stage2 Epoch 73/75:  11%|█         | 18/164 [00:07\u003c00:55,  2.65it/s, loss=0.1096, acc=0.9670]\n"}
,{"stream_name":"stderr","time":5865.272657032,"data":"\r[cosine_anneal] Stage2 Epoch 73/75:  11%|█         | 18/164 [00:07\u003c00:55,  2.65it/s, loss=0.1096, acc=0.9670]\r[cosine_anneal] Stage2 Epoch 73/75:  11%|█         | 18/164 [00:08\u003c00:55,  2.65it/s, loss=0.1095, acc=0.9671]\n"}
,{"stream_name":"stderr","time":5865.273599186,"data":"\r[cosine_anneal] Stage2 Epoch 73/75:  11%|█         | 18/164 [00:08\u003c00:55,  2.65it/s, loss=0.1095, acc=0.9671]\r[cosine_anneal] Stage2 Epoch 73/75:  12%|█▏        | 19/164 [00:08\u003c00:54,  2.66it/s, loss=0.1095, acc=0.9671]\n"}
,{"stream_name":"stderr","time":5865.646695227,"data":"\r[cosine_anneal] Stage2 Epoch 73/75:  12%|█▏        | 19/164 [00:08\u003c00:54,  2.66it/s, loss=0.1095, acc=0.9671]\r[cosine_anneal] Stage2 Epoch 73/75:  12%|█▏        | 19/164 [00:08\u003c00:54,  2.66it/s, loss=0.1081, acc=0.9672]\n"}
,{"stream_name":"stderr","time":5865.647776434,"data":"\r[cosine_anneal] Stage2 Epoch 73/75:  12%|█▏        | 19/164 [00:08\u003c00:54,  2.66it/s, loss=0.1081, acc=0.9672]\r[cosine_anneal] Stage2 Epoch 73/75:  12%|█▏        | 20/164 [00:08\u003c00:54,  2.66it/s, loss=0.1081, acc=0.9672]\n"}
,{"stream_name":"stderr","time":5866.023337205,"data":"\r[cosine_anneal] Stage2 Epoch 73/75:  12%|█▏        | 20/164 [00:08\u003c00:54,  2.66it/s, loss=0.1081, acc=0.9672]\r[cosine_anneal] Stage2 Epoch 73/75:  12%|█▏        | 20/164 [00:08\u003c00:54,  2.66it/s, loss=0.1066, acc=0.9673]\n"}
,{"stream_name":"stderr","time":5866.025846998,"data":"\r[cosine_anneal] Stage2 Epoch 73/75:  12%|█▏        | 20/164 [00:08\u003c00:54,  2.66it/s, loss=0.1066, acc=0.9673]\r[cosine_anneal] Stage2 Epoch 73/75:  13%|█▎        | 21/164 [00:08\u003c00:53,  2.66it/s, loss=0.1066, acc=0.9673]\n"}
,{"stream_name":"stderr","time":5866.398551871,"data":"\r[cosine_anneal] Stage2 Epoch 73/75:  13%|█▎        | 21/164 [00:08\u003c00:53,  2.66it/s, loss=0.1066, acc=0.9673]\r[cosine_anneal] Stage2 Epoch 73/75:  13%|█▎        | 21/164 [00:09\u003c00:53,  2.66it/s, loss=0.1026, acc=0.9688]\n"}
,{"stream_name":"stderr","time":5866.399425145,"data":"\r[cosine_anneal] Stage2 Epoch 73/75:  13%|█▎        | 21/164 [00:09\u003c00:53,  2.66it/s, loss=0.1026, acc=0.9688]\r[cosine_anneal] Stage2 Epoch 73/75:  13%|█▎        | 22/164 [00:09\u003c00:53,  2.66it/s, loss=0.1026, acc=0.9688]\n"}
,{"stream_name":"stderr","time":5866.774864922,"data":"\r[cosine_anneal] Stage2 Epoch 73/75:  13%|█▎        | 22/164 [00:09\u003c00:53,  2.66it/s, loss=0.1026, acc=0.9688]\r[cosine_anneal] Stage2 Epoch 73/75:  13%|█▎        | 22/164 [00:09\u003c00:53,  2.66it/s, loss=0.1029, acc=0.9688]\n"}
,{"stream_name":"stderr","time":5866.776709734,"data":"\r[cosine_anneal] Stage2 Epoch 73/75:  13%|█▎        | 22/164 [00:09\u003c00:53,  2.66it/s, loss=0.1029, acc=0.9688]\r[cosine_anneal] Stage2 Epoch 73/75:  14%|█▍        | 23/164 [00:09\u003c00:52,  2.66it/s, loss=0.1029, acc=0.9688]\n"}
,{"stream_name":"stderr","time":5867.156997271,"data":"\r[cosine_anneal] Stage2 Epoch 73/75:  14%|█▍        | 23/164 [00:09\u003c00:52,  2.66it/s, loss=0.1029, acc=0.9688]\r[cosine_anneal] Stage2 Epoch 73/75:  14%|█▍        | 23/164 [00:09\u003c00:52,  2.66it/s, loss=0.0990, acc=0.9701]\n"}
,{"stream_name":"stderr","time":5867.157998559,"data":"\r[cosine_anneal] Stage2 Epoch 73/75:  14%|█▍        | 23/164 [00:09\u003c00:52,  2.66it/s, loss=0.0990, acc=0.9701]\r[cosine_anneal] Stage2 Epoch 73/75:  15%|█▍        | 24/164 [00:09\u003c00:52,  2.65it/s, loss=0.0990, acc=0.9701]\n"}
,{"stream_name":"stderr","time":5867.528974322,"data":"\r[cosine_anneal] Stage2 Epoch 73/75:  15%|█▍        | 24/164 [00:09\u003c00:52,  2.65it/s, loss=0.0990, acc=0.9701]\r[cosine_anneal] Stage2 Epoch 73/75:  15%|█▍        | 24/164 [00:10\u003c00:52,  2.65it/s, loss=0.0961, acc=0.9712]\n"}
,{"stream_name":"stderr","time":5867.530146878,"data":"\r[cosine_anneal] Stage2 Epoch 73/75:  15%|█▍        | 24/164 [00:10\u003c00:52,  2.65it/s, loss=0.0961, acc=0.9712]\r[cosine_anneal] Stage2 Epoch 73/75:  15%|█▌        | 25/164 [00:10\u003c00:52,  2.66it/s, loss=0.0961, acc=0.9712]\n"}
,{"stream_name":"stderr","time":5867.906776652,"data":"\r[cosine_anneal] Stage2 Epoch 73/75:  15%|█▌        | 25/164 [00:10\u003c00:52,  2.66it/s, loss=0.0961, acc=0.9712]\r[cosine_anneal] Stage2 Epoch 73/75:  15%|█▌        | 25/164 [00:10\u003c00:52,  2.66it/s, loss=0.1008, acc=0.9712]\n"}
,{"stream_name":"stderr","time":5867.907794915,"data":"\r[cosine_anneal] Stage2 Epoch 73/75:  15%|█▌        | 25/164 [00:10\u003c00:52,  2.66it/s, loss=0.1008, acc=0.9712]\r[cosine_anneal] Stage2 Epoch 73/75:  16%|█▌        | 26/164 [00:10\u003c00:51,  2.66it/s, loss=0.1008, acc=0.9712]\n"}
,{"stream_name":"stderr","time":5868.283591273,"data":"\r[cosine_anneal] Stage2 Epoch 73/75:  16%|█▌        | 26/164 [00:10\u003c00:51,  2.66it/s, loss=0.1008, acc=0.9712]\r[cosine_anneal] Stage2 Epoch 73/75:  16%|█▌        | 26/164 [00:11\u003c00:51,  2.66it/s, loss=0.1021, acc=0.9699]\n"}
,{"stream_name":"stderr","time":5868.284649915,"data":"\r[cosine_anneal] Stage2 Epoch 73/75:  16%|█▌        | 26/164 [00:11\u003c00:51,  2.66it/s, loss=0.1021, acc=0.9699]\r[cosine_anneal] Stage2 Epoch 73/75:  16%|█▋        | 27/164 [00:11\u003c00:51,  2.66it/s, loss=0.1021, acc=0.9699]\n"}
,{"stream_name":"stderr","time":5868.658335327,"data":"\r[cosine_anneal] Stage2 Epoch 73/75:  16%|█▋        | 27/164 [00:11\u003c00:51,  2.66it/s, loss=0.1021, acc=0.9699]\r[cosine_anneal] Stage2 Epoch 73/75:  16%|█▋        | 27/164 [00:11\u003c00:51,  2.66it/s, loss=0.1079, acc=0.9699]\n"}
,{"stream_name":"stderr","time":5868.660261238,"data":"\r[cosine_anneal] Stage2 Epoch 73/75:  16%|█▋        | 27/164 [00:11\u003c00:51,  2.66it/s, loss=0.1079, acc=0.9699]\r[cosine_anneal] Stage2 Epoch 73/75:  17%|█▋        | 28/164 [00:11\u003c00:51,  2.66it/s, loss=0.1079, acc=0.9699]\n"}
,{"stream_name":"stderr","time":5869.039662164,"data":"\r[cosine_anneal] Stage2 Epoch 73/75:  17%|█▋        | 28/164 [00:11\u003c00:51,  2.66it/s, loss=0.1079, acc=0.9699]\r[cosine_anneal] Stage2 Epoch 73/75:  17%|█▋        | 28/164 [00:11\u003c00:51,  2.66it/s, loss=0.1049, acc=0.9709]\n"}
,{"stream_name":"stderr","time":5869.040296812,"data":"\r[cosine_anneal] Stage2 Epoch 73/75:  17%|█▋        | 28/164 [00:11\u003c00:51,  2.66it/s, loss=0.1049, acc=0.9709]\r[cosine_anneal] Stage2 Epoch 73/75:  18%|█▊        | 29/164 [00:11\u003c00:50,  2.65it/s, loss=0.1049, acc=0.9709]\n"}
,{"stream_name":"stderr","time":5869.414907846,"data":"\r[cosine_anneal] Stage2 Epoch 73/75:  18%|█▊        | 29/164 [00:11\u003c00:50,  2.65it/s, loss=0.1049, acc=0.9709]\r[cosine_anneal] Stage2 Epoch 73/75:  18%|█▊        | 29/164 [00:12\u003c00:50,  2.65it/s, loss=0.1050, acc=0.9708]\n"}
,{"stream_name":"stderr","time":5869.416782564,"data":"\r[cosine_anneal] Stage2 Epoch 73/75:  18%|█▊        | 29/164 [00:12\u003c00:50,  2.65it/s, loss=0.1050, acc=0.9708]\r[cosine_anneal] Stage2 Epoch 73/75:  18%|█▊        | 30/164 [00:12\u003c00:50,  2.65it/s, loss=0.1050, acc=0.9708]\n"}
,{"stream_name":"stderr","time":5869.791514063,"data":"\r[cosine_anneal] Stage2 Epoch 73/75:  18%|█▊        | 30/164 [00:12\u003c00:50,  2.65it/s, loss=0.1050, acc=0.9708]\r[cosine_anneal] Stage2 Epoch 73/75:  18%|█▊        | 30/164 [00:12\u003c00:50,  2.65it/s, loss=0.1020, acc=0.9718]\n"}
,{"stream_name":"stderr","time":5869.793764904,"data":"\r[cosine_anneal] Stage2 Epoch 73/75:  18%|█▊        | 30/164 [00:12\u003c00:50,  2.65it/s, loss=0.1020, acc=0.9718]\r[cosine_anneal] Stage2 Epoch 73/75:  19%|█▉        | 31/164 [00:12\u003c00:50,  2.65it/s, loss=0.1020, acc=0.9718]\n"}
,{"stream_name":"stderr","time":5870.170352477,"data":"\r[cosine_anneal] Stage2 Epoch 73/75:  19%|█▉        | 31/164 [00:12\u003c00:50,  2.65it/s, loss=0.1020, acc=0.9718]\r[cosine_anneal] Stage2 Epoch 73/75:  19%|█▉        | 31/164 [00:13\u003c00:50,  2.65it/s, loss=0.1066, acc=0.9697]\n"}
,{"stream_name":"stderr","time":5870.171632066,"data":"\r[cosine_anneal] Stage2 Epoch 73/75:  19%|█▉        | 31/164 [00:13\u003c00:50,  2.65it/s, loss=0.1066, acc=0.9697]\r[cosine_anneal] Stage2 Epoch 73/75:  20%|█▉        | 32/164 [00:13\u003c00:49,  2.65it/s, loss=0.1066, acc=0.9697]\n"}
,{"stream_name":"stderr","time":5870.546283258,"data":"\r[cosine_anneal] Stage2 Epoch 73/75:  20%|█▉        | 32/164 [00:13\u003c00:49,  2.65it/s, loss=0.1066, acc=0.9697]\r[cosine_anneal] Stage2 Epoch 73/75:  20%|█▉        | 32/164 [00:13\u003c00:49,  2.65it/s, loss=0.1110, acc=0.9688]\n"}
,{"stream_name":"stderr","time":5870.548679923,"data":"\r[cosine_anneal] Stage2 Epoch 73/75:  20%|█▉        | 32/164 [00:13\u003c00:49,  2.65it/s, loss=0.1110, acc=0.9688]\r[cosine_anneal] Stage2 Epoch 73/75:  20%|██        | 33/164 [00:13\u003c00:49,  2.65it/s, loss=0.1110, acc=0.9688]\n"}
,{"stream_name":"stderr","time":5870.931367649,"data":"\r[cosine_anneal] Stage2 Epoch 73/75:  20%|██        | 33/164 [00:13\u003c00:49,  2.65it/s, loss=0.1110, acc=0.9688]\r[cosine_anneal] Stage2 Epoch 73/75:  20%|██        | 33/164 [00:13\u003c00:49,  2.65it/s, loss=0.1120, acc=0.9688]\n"}
,{"stream_name":"stderr","time":5870.932973159,"data":"\r[cosine_anneal] Stage2 Epoch 73/75:  20%|██        | 33/164 [00:13\u003c00:49,  2.65it/s, loss=0.1120, acc=0.9688]\r[cosine_anneal] Stage2 Epoch 73/75:  21%|██        | 34/164 [00:13\u003c00:49,  2.64it/s, loss=0.1120, acc=0.9688]\n"}
,{"stream_name":"stderr","time":5871.310494515,"data":"\r[cosine_anneal] Stage2 Epoch 73/75:  21%|██        | 34/164 [00:13\u003c00:49,  2.64it/s, loss=0.1120, acc=0.9688]\r[cosine_anneal] Stage2 Epoch 73/75:  21%|██        | 34/164 [00:14\u003c00:49,  2.64it/s, loss=0.1145, acc=0.9670]\n"}
,{"stream_name":"stderr","time":5871.313152176,"data":"\r[cosine_anneal] Stage2 Epoch 73/75:  21%|██        | 34/164 [00:14\u003c00:49,  2.64it/s, loss=0.1145, acc=0.9670]\r[cosine_anneal] Stage2 Epoch 73/75:  21%|██▏       | 35/164 [00:14\u003c00:48,  2.64it/s, loss=0.1145, acc=0.9670]\n"}
,{"stream_name":"stderr","time":5871.69246962,"data":"\r[cosine_anneal] Stage2 Epoch 73/75:  21%|██▏       | 35/164 [00:14\u003c00:48,  2.64it/s, loss=0.1145, acc=0.9670]\r[cosine_anneal] Stage2 Epoch 73/75:  21%|██▏       | 35/164 [00:14\u003c00:48,  2.64it/s, loss=0.1170, acc=0.9653]\n"}
,{"stream_name":"stderr","time":5871.694377435,"data":"\r[cosine_anneal] Stage2 Epoch 73/75:  21%|██▏       | 35/164 [00:14\u003c00:48,  2.64it/s, loss=0.1170, acc=0.9653]\r[cosine_anneal] Stage2 Epoch 73/75:  22%|██▏       | 36/164 [00:14\u003c00:48,  2.63it/s, loss=0.1170, acc=0.9653]\n"}
,{"stream_name":"stderr","time":5872.066546368,"data":"\r[cosine_anneal] Stage2 Epoch 73/75:  22%|██▏       | 36/164 [00:14\u003c00:48,  2.63it/s, loss=0.1170, acc=0.9653]\r[cosine_anneal] Stage2 Epoch 73/75:  22%|██▏       | 36/164 [00:14\u003c00:48,  2.63it/s, loss=0.1180, acc=0.9637]\n"}
,{"stream_name":"stderr","time":5872.067359725,"data":"\r[cosine_anneal] Stage2 Epoch 73/75:  22%|██▏       | 36/164 [00:14\u003c00:48,  2.63it/s, loss=0.1180, acc=0.9637]\r[cosine_anneal] Stage2 Epoch 73/75:  23%|██▎       | 37/164 [00:14\u003c00:48,  2.64it/s, loss=0.1180, acc=0.9637]\n"}
,{"stream_name":"stderr","time":5872.447704176,"data":"\r[cosine_anneal] Stage2 Epoch 73/75:  23%|██▎       | 37/164 [00:14\u003c00:48,  2.64it/s, loss=0.1180, acc=0.9637]\r[cosine_anneal] Stage2 Epoch 73/75:  23%|██▎       | 37/164 [00:15\u003c00:48,  2.64it/s, loss=0.1220, acc=0.9630]\n"}
,{"stream_name":"stderr","time":5872.45268975,"data":"\r[cosine_anneal] Stage2 Epoch 73/75:  23%|██▎       | 37/164 [00:15\u003c00:48,  2.64it/s, loss=0.1220, acc=0.9630]\r[cosine_anneal] Stage2 Epoch 73/75:  23%|██▎       | 38/164 [00:15\u003c00:47,  2.64it/s, loss=0.1220, acc=0.9630]\n"}
,{"stream_name":"stderr","time":5872.819829627,"data":"\r[cosine_anneal] Stage2 Epoch 73/75:  23%|██▎       | 38/164 [00:15\u003c00:47,  2.64it/s, loss=0.1220, acc=0.9630]\r[cosine_anneal] Stage2 Epoch 73/75:  23%|██▎       | 38/164 [00:15\u003c00:47,  2.64it/s, loss=0.1258, acc=0.9623]\n"}
,{"stream_name":"stderr","time":5872.820983927,"data":"\r[cosine_anneal] Stage2 Epoch 73/75:  23%|██▎       | 38/164 [00:15\u003c00:47,  2.64it/s, loss=0.1258, acc=0.9623]\r[cosine_anneal] Stage2 Epoch 73/75:  24%|██▍       | 39/164 [00:15\u003c00:47,  2.65it/s, loss=0.1258, acc=0.9623]\n"}
,{"stream_name":"stderr","time":5873.197364354,"data":"\r[cosine_anneal] Stage2 Epoch 73/75:  24%|██▍       | 39/164 [00:15\u003c00:47,  2.65it/s, loss=0.1258, acc=0.9623]\r[cosine_anneal] Stage2 Epoch 73/75:  24%|██▍       | 39/164 [00:16\u003c00:47,  2.65it/s, loss=0.1271, acc=0.9617]\n"}
,{"stream_name":"stderr","time":5873.198536369,"data":"\r[cosine_anneal] Stage2 Epoch 73/75:  24%|██▍       | 39/164 [00:16\u003c00:47,  2.65it/s, loss=0.1271, acc=0.9617]\r[cosine_anneal] Stage2 Epoch 73/75:  24%|██▍       | 40/164 [00:16\u003c00:46,  2.65it/s, loss=0.1271, acc=0.9617]\n"}
,{"stream_name":"stderr","time":5873.575788529,"data":"\r[cosine_anneal] Stage2 Epoch 73/75:  24%|██▍       | 40/164 [00:16\u003c00:46,  2.65it/s, loss=0.1271, acc=0.9617]\r[cosine_anneal] Stage2 Epoch 73/75:  24%|██▍       | 40/164 [00:16\u003c00:46,  2.65it/s, loss=0.1302, acc=0.9604]\n"}
,{"stream_name":"stderr","time":5873.576786811,"data":"\r[cosine_anneal] Stage2 Epoch 73/75:  24%|██▍       | 40/164 [00:16\u003c00:46,  2.65it/s, loss=0.1302, acc=0.9604]\r[cosine_anneal] Stage2 Epoch 73/75:  25%|██▌       | 41/164 [00:16\u003c00:46,  2.65it/s, loss=0.1302, acc=0.9604]\n"}
,{"stream_name":"stderr","time":5873.954490149,"data":"\r[cosine_anneal] Stage2 Epoch 73/75:  25%|██▌       | 41/164 [00:16\u003c00:46,  2.65it/s, loss=0.1302, acc=0.9604]\r[cosine_anneal] Stage2 Epoch 73/75:  25%|██▌       | 41/164 [00:16\u003c00:46,  2.65it/s, loss=0.1281, acc=0.9606]\n"}
,{"stream_name":"stderr","time":5873.954884462,"data":"\r[cosine_anneal] Stage2 Epoch 73/75:  25%|██▌       | 41/164 [00:16\u003c00:46,  2.65it/s, loss=0.1281, acc=0.9606]\r[cosine_anneal] Stage2 Epoch 73/75:  26%|██▌       | 42/164 [00:16\u003c00:46,  2.65it/s, loss=0.1281, acc=0.9606]\n"}
,{"stream_name":"stderr","time":5874.332050554,"data":"\r[cosine_anneal] Stage2 Epoch 73/75:  26%|██▌       | 42/164 [00:16\u003c00:46,  2.65it/s, loss=0.1281, acc=0.9606]\r[cosine_anneal] Stage2 Epoch 73/75:  26%|██▌       | 42/164 [00:17\u003c00:46,  2.65it/s, loss=0.1253, acc=0.9615]\n"}
,{"stream_name":"stderr","time":5874.333508088,"data":"\r[cosine_anneal] Stage2 Epoch 73/75:  26%|██▌       | 42/164 [00:17\u003c00:46,  2.65it/s, loss=0.1253, acc=0.9615]\r[cosine_anneal] Stage2 Epoch 73/75:  26%|██▌       | 43/164 [00:17\u003c00:45,  2.65it/s, loss=0.1253, acc=0.9615]\n"}
,{"stream_name":"stderr","time":5874.706526599,"data":"\r[cosine_anneal] Stage2 Epoch 73/75:  26%|██▌       | 43/164 [00:17\u003c00:45,  2.65it/s, loss=0.1253, acc=0.9615]\r[cosine_anneal] Stage2 Epoch 73/75:  26%|██▌       | 43/164 [00:17\u003c00:45,  2.65it/s, loss=0.1348, acc=0.9581]\n"}
,{"stream_name":"stderr","time":5874.707677385,"data":"\r[cosine_anneal] Stage2 Epoch 73/75:  26%|██▌       | 43/164 [00:17\u003c00:45,  2.65it/s, loss=0.1348, acc=0.9581]\r[cosine_anneal] Stage2 Epoch 73/75:  27%|██▋       | 44/164 [00:17\u003c00:45,  2.65it/s, loss=0.1348, acc=0.9581]\n"}
,{"stream_name":"stderr","time":5875.081298316,"data":"\r[cosine_anneal] Stage2 Epoch 73/75:  27%|██▋       | 44/164 [00:17\u003c00:45,  2.65it/s, loss=0.1348, acc=0.9581]\r[cosine_anneal] Stage2 Epoch 73/75:  27%|██▋       | 44/164 [00:17\u003c00:45,  2.65it/s, loss=0.1328, acc=0.9583]\n"}
,{"stream_name":"stderr","time":5875.082357344,"data":"\r[cosine_anneal] Stage2 Epoch 73/75:  27%|██▋       | 44/164 [00:17\u003c00:45,  2.65it/s, loss=0.1328, acc=0.9583]\r[cosine_anneal] Stage2 Epoch 73/75:  27%|██▋       | 45/164 [00:17\u003c00:44,  2.66it/s, loss=0.1328, acc=0.9583]\n"}
,{"stream_name":"stderr","time":5875.458015705,"data":"\r[cosine_anneal] Stage2 Epoch 73/75:  27%|██▋       | 45/164 [00:17\u003c00:44,  2.66it/s, loss=0.1328, acc=0.9583]\r[cosine_anneal] Stage2 Epoch 73/75:  27%|██▋       | 45/164 [00:18\u003c00:44,  2.66it/s, loss=0.1363, acc=0.9572]\n"}
,{"stream_name":"stderr","time":5875.460491748,"data":"\r[cosine_anneal] Stage2 Epoch 73/75:  27%|██▋       | 45/164 [00:18\u003c00:44,  2.66it/s, loss=0.1363, acc=0.9572]\r[cosine_anneal] Stage2 Epoch 73/75:  28%|██▊       | 46/164 [00:18\u003c00:44,  2.66it/s, loss=0.1363, acc=0.9572]\n"}
,{"stream_name":"stderr","time":5875.836541883,"data":"\r[cosine_anneal] Stage2 Epoch 73/75:  28%|██▊       | 46/164 [00:18\u003c00:44,  2.66it/s, loss=0.1363, acc=0.9572]\r[cosine_anneal] Stage2 Epoch 73/75:  28%|██▊       | 46/164 [00:18\u003c00:44,  2.66it/s, loss=0.1338, acc=0.9581]\n"}
,{"stream_name":"stderr","time":5875.837200465,"data":"\r[cosine_anneal] Stage2 Epoch 73/75:  28%|██▊       | 46/164 [00:18\u003c00:44,  2.66it/s, loss=0.1338, acc=0.9581]\r[cosine_anneal] Stage2 Epoch 73/75:  29%|██▊       | 47/164 [00:18\u003c00:44,  2.65it/s, loss=0.1338, acc=0.9581]\n"}
,{"stream_name":"stderr","time":5876.217112504,"data":"\r[cosine_anneal] Stage2 Epoch 73/75:  29%|██▊       | 47/164 [00:18\u003c00:44,  2.65it/s, loss=0.1338, acc=0.9581]\r[cosine_anneal] Stage2 Epoch 73/75:  29%|██▊       | 47/164 [00:19\u003c00:44,  2.65it/s, loss=0.1369, acc=0.9570]\n"}
,{"stream_name":"stderr","time":5876.219887645,"data":"\r[cosine_anneal] Stage2 Epoch 73/75:  29%|██▊       | 47/164 [00:19\u003c00:44,  2.65it/s, loss=0.1369, acc=0.9570]\r[cosine_anneal] Stage2 Epoch 73/75:  29%|██▉       | 48/164 [00:19\u003c00:43,  2.65it/s, loss=0.1369, acc=0.9570]\n"}
,{"stream_name":"stderr","time":5876.600585824,"data":"\r[cosine_anneal] Stage2 Epoch 73/75:  29%|██▉       | 48/164 [00:19\u003c00:43,  2.65it/s, loss=0.1369, acc=0.9570]\r[cosine_anneal] Stage2 Epoch 73/75:  29%|██▉       | 48/164 [00:19\u003c00:43,  2.65it/s, loss=0.1358, acc=0.9579]\n"}
,{"stream_name":"stderr","time":5876.601217101,"data":"\r[cosine_anneal] Stage2 Epoch 73/75:  29%|██▉       | 48/164 [00:19\u003c00:43,  2.65it/s, loss=0.1358, acc=0.9579]\r[cosine_anneal] Stage2 Epoch 73/75:  30%|██▉       | 49/164 [00:19\u003c00:43,  2.63it/s, loss=0.1358, acc=0.9579]\n"}
,{"stream_name":"stderr","time":5876.972334787,"data":"\r[cosine_anneal] Stage2 Epoch 73/75:  30%|██▉       | 49/164 [00:19\u003c00:43,  2.63it/s, loss=0.1358, acc=0.9579]\r[cosine_anneal] Stage2 Epoch 73/75:  30%|██▉       | 49/164 [00:19\u003c00:43,  2.63it/s, loss=0.1366, acc=0.9575]\n"}
,{"stream_name":"stderr","time":5876.973467268,"data":"\r[cosine_anneal] Stage2 Epoch 73/75:  30%|██▉       | 49/164 [00:19\u003c00:43,  2.63it/s, loss=0.1366, acc=0.9575]\r[cosine_anneal] Stage2 Epoch 73/75:  30%|███       | 50/164 [00:19\u003c00:43,  2.65it/s, loss=0.1366, acc=0.9575]\n"}
,{"stream_name":"stderr","time":5877.351233099,"data":"\r[cosine_anneal] Stage2 Epoch 73/75:  30%|███       | 50/164 [00:19\u003c00:43,  2.65it/s, loss=0.1366, acc=0.9575]\r[cosine_anneal] Stage2 Epoch 73/75:  30%|███       | 50/164 [00:20\u003c00:43,  2.65it/s, loss=0.1350, acc=0.9583]\n"}
,{"stream_name":"stderr","time":5877.352374465,"data":"\r[cosine_anneal] Stage2 Epoch 73/75:  30%|███       | 50/164 [00:20\u003c00:43,  2.65it/s, loss=0.1350, acc=0.9583]\r[cosine_anneal] Stage2 Epoch 73/75:  31%|███       | 51/164 [00:20\u003c00:42,  2.65it/s, loss=0.1350, acc=0.9583]\n"}
,{"stream_name":"stderr","time":5877.729023781,"data":"\r[cosine_anneal] Stage2 Epoch 73/75:  31%|███       | 51/164 [00:20\u003c00:42,  2.65it/s, loss=0.1350, acc=0.9583]\r[cosine_anneal] Stage2 Epoch 73/75:  31%|███       | 51/164 [00:20\u003c00:42,  2.65it/s, loss=0.1350, acc=0.9585]\n"}
,{"stream_name":"stderr","time":5877.729913471,"data":"\r[cosine_anneal] Stage2 Epoch 73/75:  31%|███       | 51/164 [00:20\u003c00:42,  2.65it/s, loss=0.1350, acc=0.9585]\r[cosine_anneal] Stage2 Epoch 73/75:  32%|███▏      | 52/164 [00:20\u003c00:42,  2.65it/s, loss=0.1350, acc=0.9585]\n"}
,{"stream_name":"stderr","time":5878.103186417,"data":"\r[cosine_anneal] Stage2 Epoch 73/75:  32%|███▏      | 52/164 [00:20\u003c00:42,  2.65it/s, loss=0.1350, acc=0.9585]\r[cosine_anneal] Stage2 Epoch 73/75:  32%|███▏      | 52/164 [00:20\u003c00:42,  2.65it/s, loss=0.1340, acc=0.9587]\n"}
,{"stream_name":"stderr","time":5878.104276089,"data":"\r[cosine_anneal] Stage2 Epoch 73/75:  32%|███▏      | 52/164 [00:20\u003c00:42,  2.65it/s, loss=0.1340, acc=0.9587]\r[cosine_anneal] Stage2 Epoch 73/75:  32%|███▏      | 53/164 [00:20\u003c00:41,  2.65it/s, loss=0.1340, acc=0.9587]\n"}
,{"stream_name":"stderr","time":5878.484715099,"data":"\r[cosine_anneal] Stage2 Epoch 73/75:  32%|███▏      | 53/164 [00:20\u003c00:41,  2.65it/s, loss=0.1340, acc=0.9587]\r[cosine_anneal] Stage2 Epoch 73/75:  32%|███▏      | 53/164 [00:21\u003c00:41,  2.65it/s, loss=0.1340, acc=0.9589]\n"}
,{"stream_name":"stderr","time":5878.485712359,"data":"\r[cosine_anneal] Stage2 Epoch 73/75:  32%|███▏      | 53/164 [00:21\u003c00:41,  2.65it/s, loss=0.1340, acc=0.9589]\r[cosine_anneal] Stage2 Epoch 73/75:  33%|███▎      | 54/164 [00:21\u003c00:41,  2.64it/s, loss=0.1340, acc=0.9589]\n"}
,{"stream_name":"stderr","time":5878.858777321,"data":"\r[cosine_anneal] Stage2 Epoch 73/75:  33%|███▎      | 54/164 [00:21\u003c00:41,  2.64it/s, loss=0.1340, acc=0.9589]\r[cosine_anneal] Stage2 Epoch 73/75:  33%|███▎      | 54/164 [00:21\u003c00:41,  2.64it/s, loss=0.1318, acc=0.9597]\n"}
,{"stream_name":"stderr","time":5878.860047336,"data":"\r[cosine_anneal] Stage2 Epoch 73/75:  33%|███▎      | 54/164 [00:21\u003c00:41,  2.64it/s, loss=0.1318, acc=0.9597]\r[cosine_anneal] Stage2 Epoch 73/75:  34%|███▎      | 55/164 [00:21\u003c00:41,  2.65it/s, loss=0.1318, acc=0.9597]\n"}
,{"stream_name":"stderr","time":5879.236453879,"data":"\r[cosine_anneal] Stage2 Epoch 73/75:  34%|███▎      | 55/164 [00:21\u003c00:41,  2.65it/s, loss=0.1318, acc=0.9597]\r[cosine_anneal] Stage2 Epoch 73/75:  34%|███▎      | 55/164 [00:22\u003c00:41,  2.65it/s, loss=0.1306, acc=0.9598]\n"}
,{"stream_name":"stderr","time":5879.23746969,"data":"\r[cosine_anneal] Stage2 Epoch 73/75:  34%|███▎      | 55/164 [00:22\u003c00:41,  2.65it/s, loss=0.1306, acc=0.9598]\r[cosine_anneal] Stage2 Epoch 73/75:  34%|███▍      | 56/164 [00:22\u003c00:40,  2.65it/s, loss=0.1306, acc=0.9598]\n"}
,{"stream_name":"stderr","time":5879.61310036,"data":"\r[cosine_anneal] Stage2 Epoch 73/75:  34%|███▍      | 56/164 [00:22\u003c00:40,  2.65it/s, loss=0.1306, acc=0.9598]\r[cosine_anneal] Stage2 Epoch 73/75:  34%|███▍      | 56/164 [00:22\u003c00:40,  2.65it/s, loss=0.1303, acc=0.9594]\n"}
,{"stream_name":"stderr","time":5879.614226396,"data":"\r[cosine_anneal] Stage2 Epoch 73/75:  34%|███▍      | 56/164 [00:22\u003c00:40,  2.65it/s, loss=0.1303, acc=0.9594]\r[cosine_anneal] Stage2 Epoch 73/75:  35%|███▍      | 57/164 [00:22\u003c00:40,  2.65it/s, loss=0.1303, acc=0.9594]\n"}
,{"stream_name":"stderr","time":5879.987107076,"data":"\r[cosine_anneal] Stage2 Epoch 73/75:  35%|███▍      | 57/164 [00:22\u003c00:40,  2.65it/s, loss=0.1303, acc=0.9594]\r[cosine_anneal] Stage2 Epoch 73/75:  35%|███▍      | 57/164 [00:22\u003c00:40,  2.65it/s, loss=0.1296, acc=0.9596]\n"}
,{"stream_name":"stderr","time":5879.988149669,"data":"\r[cosine_anneal] Stage2 Epoch 73/75:  35%|███▍      | 57/164 [00:22\u003c00:40,  2.65it/s, loss=0.1296, acc=0.9596]\r[cosine_anneal] Stage2 Epoch 73/75:  35%|███▌      | 58/164 [00:22\u003c00:39,  2.66it/s, loss=0.1296, acc=0.9596]\n"}
,{"stream_name":"stderr","time":5880.367187831,"data":"\r[cosine_anneal] Stage2 Epoch 73/75:  35%|███▌      | 58/164 [00:22\u003c00:39,  2.66it/s, loss=0.1296, acc=0.9596]\r[cosine_anneal] Stage2 Epoch 73/75:  35%|███▌      | 58/164 [00:23\u003c00:39,  2.66it/s, loss=0.1281, acc=0.9603]\n"}
,{"stream_name":"stderr","time":5880.368048799,"data":"\r[cosine_anneal] Stage2 Epoch 73/75:  35%|███▌      | 58/164 [00:23\u003c00:39,  2.66it/s, loss=0.1281, acc=0.9603]\r[cosine_anneal] Stage2 Epoch 73/75:  36%|███▌      | 59/164 [00:23\u003c00:39,  2.65it/s, loss=0.1281, acc=0.9603]\n"}
,{"stream_name":"stderr","time":5880.742610531,"data":"\r[cosine_anneal] Stage2 Epoch 73/75:  36%|███▌      | 59/164 [00:23\u003c00:39,  2.65it/s, loss=0.1281, acc=0.9603]\r[cosine_anneal] Stage2 Epoch 73/75:  36%|███▌      | 59/164 [00:23\u003c00:39,  2.65it/s, loss=0.1269, acc=0.9609]\n"}
,{"stream_name":"stderr","time":5880.743816057,"data":"\r[cosine_anneal] Stage2 Epoch 73/75:  36%|███▌      | 59/164 [00:23\u003c00:39,  2.65it/s, loss=0.1269, acc=0.9609]\r[cosine_anneal] Stage2 Epoch 73/75:  37%|███▋      | 60/164 [00:23\u003c00:39,  2.65it/s, loss=0.1269, acc=0.9609]\n"}
,{"stream_name":"stderr","time":5881.120728703,"data":"\r[cosine_anneal] Stage2 Epoch 73/75:  37%|███▋      | 60/164 [00:23\u003c00:39,  2.65it/s, loss=0.1269, acc=0.9609]\r[cosine_anneal] Stage2 Epoch 73/75:  37%|███▋      | 60/164 [00:23\u003c00:39,  2.65it/s, loss=0.1265, acc=0.9611]\n"}
,{"stream_name":"stderr","time":5881.121918352,"data":"\r[cosine_anneal] Stage2 Epoch 73/75:  37%|███▋      | 60/164 [00:23\u003c00:39,  2.65it/s, loss=0.1265, acc=0.9611]\r[cosine_anneal] Stage2 Epoch 73/75:  37%|███▋      | 61/164 [00:23\u003c00:38,  2.65it/s, loss=0.1265, acc=0.9611]\n"}
,{"stream_name":"stderr","time":5881.499730525,"data":"\r[cosine_anneal] Stage2 Epoch 73/75:  37%|███▋      | 61/164 [00:23\u003c00:38,  2.65it/s, loss=0.1265, acc=0.9611]\r[cosine_anneal] Stage2 Epoch 73/75:  37%|███▋      | 61/164 [00:24\u003c00:38,  2.65it/s, loss=0.1255, acc=0.9617]\n"}
,{"stream_name":"stderr","time":5881.500657023,"data":"\r[cosine_anneal] Stage2 Epoch 73/75:  37%|███▋      | 61/164 [00:24\u003c00:38,  2.65it/s, loss=0.1255, acc=0.9617]\r[cosine_anneal] Stage2 Epoch 73/75:  38%|███▊      | 62/164 [00:24\u003c00:38,  2.65it/s, loss=0.1255, acc=0.9617]\n"}
,{"stream_name":"stderr","time":5881.872191324,"data":"\r[cosine_anneal] Stage2 Epoch 73/75:  38%|███▊      | 62/164 [00:24\u003c00:38,  2.65it/s, loss=0.1255, acc=0.9617]\r[cosine_anneal] Stage2 Epoch 73/75:  38%|███▊      | 62/164 [00:24\u003c00:38,  2.65it/s, loss=0.1240, acc=0.9623]\n"}
,{"stream_name":"stderr","time":5881.873358293,"data":"\r[cosine_anneal] Stage2 Epoch 73/75:  38%|███▊      | 62/164 [00:24\u003c00:38,  2.65it/s, loss=0.1240, acc=0.9623]\r[cosine_anneal] Stage2 Epoch 73/75:  38%|███▊      | 63/164 [00:24\u003c00:37,  2.66it/s, loss=0.1240, acc=0.9623]\n"}
,{"stream_name":"stderr","time":5882.253589428,"data":"\r[cosine_anneal] Stage2 Epoch 73/75:  38%|███▊      | 63/164 [00:24\u003c00:37,  2.66it/s, loss=0.1240, acc=0.9623]\r[cosine_anneal] Stage2 Epoch 73/75:  38%|███▊      | 63/164 [00:25\u003c00:37,  2.66it/s, loss=0.1232, acc=0.9624]\n"}
,{"stream_name":"stderr","time":5882.254837011,"data":"\r[cosine_anneal] Stage2 Epoch 73/75:  38%|███▊      | 63/164 [00:25\u003c00:37,  2.66it/s, loss=0.1232, acc=0.9624]\r[cosine_anneal] Stage2 Epoch 73/75:  39%|███▉      | 64/164 [00:25\u003c00:37,  2.65it/s, loss=0.1232, acc=0.9624]\n"}
,{"stream_name":"stderr","time":5882.633629234,"data":"\r[cosine_anneal] Stage2 Epoch 73/75:  39%|███▉      | 64/164 [00:25\u003c00:37,  2.65it/s, loss=0.1232, acc=0.9624]\r[cosine_anneal] Stage2 Epoch 73/75:  39%|███▉      | 64/164 [00:25\u003c00:37,  2.65it/s, loss=0.1252, acc=0.9620]\n"}
,{"stream_name":"stderr","time":5882.634584667,"data":"\r[cosine_anneal] Stage2 Epoch 73/75:  39%|███▉      | 64/164 [00:25\u003c00:37,  2.65it/s, loss=0.1252, acc=0.9620]\r[cosine_anneal] Stage2 Epoch 73/75:  40%|███▉      | 65/164 [00:25\u003c00:37,  2.64it/s, loss=0.1252, acc=0.9620]\n"}
,{"stream_name":"stderr","time":5883.006620307,"data":"\r[cosine_anneal] Stage2 Epoch 73/75:  40%|███▉      | 65/164 [00:25\u003c00:37,  2.64it/s, loss=0.1252, acc=0.9620]\r[cosine_anneal] Stage2 Epoch 73/75:  40%|███▉      | 65/164 [00:25\u003c00:37,  2.64it/s, loss=0.1257, acc=0.9621]\n"}
,{"stream_name":"stderr","time":5883.007580978,"data":"\r[cosine_anneal] Stage2 Epoch 73/75:  40%|███▉      | 65/164 [00:25\u003c00:37,  2.64it/s, loss=0.1257, acc=0.9621]\r[cosine_anneal] Stage2 Epoch 73/75:  40%|████      | 66/164 [00:25\u003c00:36,  2.65it/s, loss=0.1257, acc=0.9621]\n"}
,{"stream_name":"stderr","time":5883.386459363,"data":"\r[cosine_anneal] Stage2 Epoch 73/75:  40%|████      | 66/164 [00:25\u003c00:36,  2.65it/s, loss=0.1257, acc=0.9621]\r[cosine_anneal] Stage2 Epoch 73/75:  40%|████      | 66/164 [00:26\u003c00:36,  2.65it/s, loss=0.1297, acc=0.9608]\n"}
,{"stream_name":"stderr","time":5883.387545563,"data":"\r[cosine_anneal] Stage2 Epoch 73/75:  40%|████      | 66/164 [00:26\u003c00:36,  2.65it/s, loss=0.1297, acc=0.9608]\r[cosine_anneal] Stage2 Epoch 73/75:  41%|████      | 67/164 [00:26\u003c00:36,  2.65it/s, loss=0.1297, acc=0.9608]\n"}
,{"stream_name":"stderr","time":5883.765935095,"data":"\r[cosine_anneal] Stage2 Epoch 73/75:  41%|████      | 67/164 [00:26\u003c00:36,  2.65it/s, loss=0.1297, acc=0.9608]\r[cosine_anneal] Stage2 Epoch 73/75:  41%|████      | 67/164 [00:26\u003c00:36,  2.65it/s, loss=0.1294, acc=0.9609]\n"}
,{"stream_name":"stderr","time":5883.767152084,"data":"\r[cosine_anneal] Stage2 Epoch 73/75:  41%|████      | 67/164 [00:26\u003c00:36,  2.65it/s, loss=0.1294, acc=0.9609]\r[cosine_anneal] Stage2 Epoch 73/75:  41%|████▏     | 68/164 [00:26\u003c00:36,  2.64it/s, loss=0.1294, acc=0.9609]\n"}
,{"stream_name":"stderr","time":5884.144463952,"data":"\r[cosine_anneal] Stage2 Epoch 73/75:  41%|████▏     | 68/164 [00:26\u003c00:36,  2.64it/s, loss=0.1294, acc=0.9609]\r[cosine_anneal] Stage2 Epoch 73/75:  41%|████▏     | 68/164 [00:26\u003c00:36,  2.64it/s, loss=0.1299, acc=0.9611]\n"}
,{"stream_name":"stderr","time":5884.146914681,"data":"\r[cosine_anneal] Stage2 Epoch 73/75:  41%|████▏     | 68/164 [00:26\u003c00:36,  2.64it/s, loss=0.1299, acc=0.9611]\r[cosine_anneal] Stage2 Epoch 73/75:  42%|████▏     | 69/164 [00:26\u003c00:35,  2.64it/s, loss=0.1299, acc=0.9611]\n"}
,{"stream_name":"stderr","time":5884.523445968,"data":"\r[cosine_anneal] Stage2 Epoch 73/75:  42%|████▏     | 69/164 [00:26\u003c00:35,  2.64it/s, loss=0.1299, acc=0.9611]\r[cosine_anneal] Stage2 Epoch 73/75:  42%|████▏     | 69/164 [00:27\u003c00:35,  2.64it/s, loss=0.1310, acc=0.9603]\n"}
,{"stream_name":"stderr","time":5884.524551905,"data":"\r[cosine_anneal] Stage2 Epoch 73/75:  42%|████▏     | 69/164 [00:27\u003c00:35,  2.64it/s, loss=0.1310, acc=0.9603]\r[cosine_anneal] Stage2 Epoch 73/75:  43%|████▎     | 70/164 [00:27\u003c00:35,  2.64it/s, loss=0.1310, acc=0.9603]\n"}
,{"stream_name":"stderr","time":5884.905170254,"data":"\r[cosine_anneal] Stage2 Epoch 73/75:  43%|████▎     | 70/164 [00:27\u003c00:35,  2.64it/s, loss=0.1310, acc=0.9603]\r[cosine_anneal] Stage2 Epoch 73/75:  43%|████▎     | 70/164 [00:27\u003c00:35,  2.64it/s, loss=0.1306, acc=0.9604]\n"}
,{"stream_name":"stderr","time":5884.90627088,"data":"\r[cosine_anneal] Stage2 Epoch 73/75:  43%|████▎     | 70/164 [00:27\u003c00:35,  2.64it/s, loss=0.1306, acc=0.9604]\r[cosine_anneal] Stage2 Epoch 73/75:  43%|████▎     | 71/164 [00:27\u003c00:35,  2.64it/s, loss=0.1306, acc=0.9604]\n"}
,{"stream_name":"stderr","time":5885.279240055,"data":"\r[cosine_anneal] Stage2 Epoch 73/75:  43%|████▎     | 71/164 [00:27\u003c00:35,  2.64it/s, loss=0.1306, acc=0.9604]\r[cosine_anneal] Stage2 Epoch 73/75:  43%|████▎     | 71/164 [00:28\u003c00:35,  2.64it/s, loss=0.1311, acc=0.9601]\n"}
,{"stream_name":"stderr","time":5885.280202487,"data":"\r[cosine_anneal] Stage2 Epoch 73/75:  43%|████▎     | 71/164 [00:28\u003c00:35,  2.64it/s, loss=0.1311, acc=0.9601]\r[cosine_anneal] Stage2 Epoch 73/75:  44%|████▍     | 72/164 [00:28\u003c00:34,  2.65it/s, loss=0.1311, acc=0.9601]\n"}
,{"stream_name":"stderr","time":5885.656645126,"data":"\r[cosine_anneal] Stage2 Epoch 73/75:  44%|████▍     | 72/164 [00:28\u003c00:34,  2.65it/s, loss=0.1311, acc=0.9601]\r[cosine_anneal] Stage2 Epoch 73/75:  44%|████▍     | 72/164 [00:28\u003c00:34,  2.65it/s, loss=0.1295, acc=0.9606]\n"}
,{"stream_name":"stderr","time":5885.657698483,"data":"\r[cosine_anneal] Stage2 Epoch 73/75:  44%|████▍     | 72/164 [00:28\u003c00:34,  2.65it/s, loss=0.1295, acc=0.9606]\r[cosine_anneal] Stage2 Epoch 73/75:  45%|████▍     | 73/164 [00:28\u003c00:34,  2.65it/s, loss=0.1295, acc=0.9606]\n"}
,{"stream_name":"stderr","time":5886.041525199,"data":"\r[cosine_anneal] Stage2 Epoch 73/75:  45%|████▍     | 73/164 [00:28\u003c00:34,  2.65it/s, loss=0.1295, acc=0.9606]\r[cosine_anneal] Stage2 Epoch 73/75:  45%|████▍     | 73/164 [00:28\u003c00:34,  2.65it/s, loss=0.1300, acc=0.9599]\n"}
,{"stream_name":"stderr","time":5886.042750146,"data":"\r[cosine_anneal] Stage2 Epoch 73/75:  45%|████▍     | 73/164 [00:28\u003c00:34,  2.65it/s, loss=0.1300, acc=0.9599]\r[cosine_anneal] Stage2 Epoch 73/75:  45%|████▌     | 74/164 [00:28\u003c00:34,  2.63it/s, loss=0.1300, acc=0.9599]\n"}
,{"stream_name":"stderr","time":5886.417578461,"data":"\r[cosine_anneal] Stage2 Epoch 73/75:  45%|████▌     | 74/164 [00:28\u003c00:34,  2.63it/s, loss=0.1300, acc=0.9599]\r[cosine_anneal] Stage2 Epoch 73/75:  45%|████▌     | 74/164 [00:29\u003c00:34,  2.63it/s, loss=0.1291, acc=0.9600]\n"}
,{"stream_name":"stderr","time":5886.419241528,"data":"\r[cosine_anneal] Stage2 Epoch 73/75:  45%|████▌     | 74/164 [00:29\u003c00:34,  2.63it/s, loss=0.1291, acc=0.9600]\r[cosine_anneal] Stage2 Epoch 73/75:  46%|████▌     | 75/164 [00:29\u003c00:33,  2.64it/s, loss=0.1291, acc=0.9600]\n"}
,{"stream_name":"stderr","time":5886.795769394,"data":"\r[cosine_anneal] Stage2 Epoch 73/75:  46%|████▌     | 75/164 [00:29\u003c00:33,  2.64it/s, loss=0.1291, acc=0.9600]\r[cosine_anneal] Stage2 Epoch 73/75:  46%|████▌     | 75/164 [00:29\u003c00:33,  2.64it/s, loss=0.1313, acc=0.9593]\n"}
,{"stream_name":"stderr","time":5886.796993004,"data":"\r[cosine_anneal] Stage2 Epoch 73/75:  46%|████▌     | 75/164 [00:29\u003c00:33,  2.64it/s, loss=0.1313, acc=0.9593]\r[cosine_anneal] Stage2 Epoch 73/75:  46%|████▋     | 76/164 [00:29\u003c00:33,  2.64it/s, loss=0.1313, acc=0.9593]\n"}
,{"stream_name":"stderr","time":5887.176920104,"data":"\r[cosine_anneal] Stage2 Epoch 73/75:  46%|████▋     | 76/164 [00:29\u003c00:33,  2.64it/s, loss=0.1313, acc=0.9593]\r[cosine_anneal] Stage2 Epoch 73/75:  46%|████▋     | 76/164 [00:30\u003c00:33,  2.64it/s, loss=0.1300, acc=0.9598]\n"}
,{"stream_name":"stderr","time":5887.177956129,"data":"\r[cosine_anneal] Stage2 Epoch 73/75:  46%|████▋     | 76/164 [00:30\u003c00:33,  2.64it/s, loss=0.1300, acc=0.9598]\r[cosine_anneal] Stage2 Epoch 73/75:  47%|████▋     | 77/164 [00:30\u003c00:33,  2.64it/s, loss=0.1300, acc=0.9598]\n"}
,{"stream_name":"stderr","time":5887.554237246,"data":"\r[cosine_anneal] Stage2 Epoch 73/75:  47%|████▋     | 77/164 [00:30\u003c00:33,  2.64it/s, loss=0.1300, acc=0.9598]\r[cosine_anneal] Stage2 Epoch 73/75:  47%|████▋     | 77/164 [00:30\u003c00:33,  2.64it/s, loss=0.1300, acc=0.9595]\n"}
,{"stream_name":"stderr","time":5887.555312397,"data":"\r[cosine_anneal] Stage2 Epoch 73/75:  47%|████▋     | 77/164 [00:30\u003c00:33,  2.64it/s, loss=0.1300, acc=0.9595]\r[cosine_anneal] Stage2 Epoch 73/75:  48%|████▊     | 78/164 [00:30\u003c00:32,  2.64it/s, loss=0.1300, acc=0.9595]\n"}
,{"stream_name":"stderr","time":5887.929161222,"data":"\r[cosine_anneal] Stage2 Epoch 73/75:  48%|████▊     | 78/164 [00:30\u003c00:32,  2.64it/s, loss=0.1300, acc=0.9595]\r[cosine_anneal] Stage2 Epoch 73/75:  48%|████▊     | 78/164 [00:30\u003c00:32,  2.64it/s, loss=0.1299, acc=0.9593]\n"}
,{"stream_name":"stderr","time":5887.930347332,"data":"\r[cosine_anneal] Stage2 Epoch 73/75:  48%|████▊     | 78/164 [00:30\u003c00:32,  2.64it/s, loss=0.1299, acc=0.9593]\r[cosine_anneal] Stage2 Epoch 73/75:  48%|████▊     | 79/164 [00:30\u003c00:32,  2.65it/s, loss=0.1299, acc=0.9593]\n"}
,{"stream_name":"stderr","time":5888.309168708,"data":"\r[cosine_anneal] Stage2 Epoch 73/75:  48%|████▊     | 79/164 [00:30\u003c00:32,  2.65it/s, loss=0.1299, acc=0.9593]\r[cosine_anneal] Stage2 Epoch 73/75:  48%|████▊     | 79/164 [00:31\u003c00:32,  2.65it/s, loss=0.1300, acc=0.9586]\n"}
,{"stream_name":"stderr","time":5888.310235834,"data":"\r[cosine_anneal] Stage2 Epoch 73/75:  48%|████▊     | 79/164 [00:31\u003c00:32,  2.65it/s, loss=0.1300, acc=0.9586]\r[cosine_anneal] Stage2 Epoch 73/75:  49%|████▉     | 80/164 [00:31\u003c00:31,  2.64it/s, loss=0.1300, acc=0.9586]\n"}
,{"stream_name":"stderr","time":5888.691555465,"data":"\r[cosine_anneal] Stage2 Epoch 73/75:  49%|████▉     | 80/164 [00:31\u003c00:31,  2.64it/s, loss=0.1300, acc=0.9586]\r[cosine_anneal] Stage2 Epoch 73/75:  49%|████▉     | 80/164 [00:31\u003c00:31,  2.64it/s, loss=0.1320, acc=0.9579]\n"}
,{"stream_name":"stderr","time":5888.692450888,"data":"\r[cosine_anneal] Stage2 Epoch 73/75:  49%|████▉     | 80/164 [00:31\u003c00:31,  2.64it/s, loss=0.1320, acc=0.9579]\r[cosine_anneal] Stage2 Epoch 73/75:  49%|████▉     | 81/164 [00:31\u003c00:31,  2.64it/s, loss=0.1320, acc=0.9579]\n"}
,{"stream_name":"stderr","time":5889.064528303,"data":"\r[cosine_anneal] Stage2 Epoch 73/75:  49%|████▉     | 81/164 [00:31\u003c00:31,  2.64it/s, loss=0.1320, acc=0.9579]\r[cosine_anneal] Stage2 Epoch 73/75:  49%|████▉     | 81/164 [00:31\u003c00:31,  2.64it/s, loss=0.1320, acc=0.9581]\n"}
,{"stream_name":"stderr","time":5889.06582114,"data":"\r[cosine_anneal] Stage2 Epoch 73/75:  49%|████▉     | 81/164 [00:31\u003c00:31,  2.64it/s, loss=0.1320, acc=0.9581]\r[cosine_anneal] Stage2 Epoch 73/75:  50%|█████     | 82/164 [00:31\u003c00:30,  2.65it/s, loss=0.1320, acc=0.9581]\n"}
,{"stream_name":"stderr","time":5889.445605225,"data":"\r[cosine_anneal] Stage2 Epoch 73/75:  50%|█████     | 82/164 [00:31\u003c00:30,  2.65it/s, loss=0.1320, acc=0.9581]\r[cosine_anneal] Stage2 Epoch 73/75:  50%|█████     | 82/164 [00:32\u003c00:30,  2.65it/s, loss=0.1306, acc=0.9586]\n"}
,{"stream_name":"stderr","time":5889.446912264,"data":"\r[cosine_anneal] Stage2 Epoch 73/75:  50%|█████     | 82/164 [00:32\u003c00:30,  2.65it/s, loss=0.1306, acc=0.9586]\r[cosine_anneal] Stage2 Epoch 73/75:  51%|█████     | 83/164 [00:32\u003c00:30,  2.64it/s, loss=0.1306, acc=0.9586]\n"}
,{"stream_name":"stderr","time":5889.825589675,"data":"\r[cosine_anneal] Stage2 Epoch 73/75:  51%|█████     | 83/164 [00:32\u003c00:30,  2.64it/s, loss=0.1306, acc=0.9586]\r[cosine_anneal] Stage2 Epoch 73/75:  51%|█████     | 83/164 [00:32\u003c00:30,  2.64it/s, loss=0.1293, acc=0.9591]\n"}
,{"stream_name":"stderr","time":5889.826553091,"data":"\r[cosine_anneal] Stage2 Epoch 73/75:  51%|█████     | 83/164 [00:32\u003c00:30,  2.64it/s, loss=0.1293, acc=0.9591]\r[cosine_anneal] Stage2 Epoch 73/75:  51%|█████     | 84/164 [00:32\u003c00:30,  2.64it/s, loss=0.1293, acc=0.9591]\n"}
,{"stream_name":"stderr","time":5890.199586038,"data":"\r[cosine_anneal] Stage2 Epoch 73/75:  51%|█████     | 84/164 [00:32\u003c00:30,  2.64it/s, loss=0.1293, acc=0.9591]\r[cosine_anneal] Stage2 Epoch 73/75:  51%|█████     | 84/164 [00:33\u003c00:30,  2.64it/s, loss=0.1310, acc=0.9581]\n"}
,{"stream_name":"stderr","time":5890.200532249,"data":"\r[cosine_anneal] Stage2 Epoch 73/75:  51%|█████     | 84/164 [00:33\u003c00:30,  2.64it/s, loss=0.1310, acc=0.9581]\r[cosine_anneal] Stage2 Epoch 73/75:  52%|█████▏    | 85/164 [00:33\u003c00:29,  2.65it/s, loss=0.1310, acc=0.9581]\n"}
,{"stream_name":"stderr","time":5892.905090466,"data":"\r[cosine_anneal] Stage2 Epoch 73/75:  52%|█████▏    | 85/164 [00:33\u003c00:29,  2.65it/s, loss=0.1310, acc=0.9581]\r[cosine_anneal] Stage2 Epoch 73/75:  52%|█████▏    | 85/164 [00:33\u003c00:29,  2.65it/s, loss=0.1303, acc=0.9582]\n"}
,{"stream_name":"stderr","time":5892.907561436,"data":"\r[cosine_anneal] Stage2 Epoch 73/75:  52%|█████▏    | 85/164 [00:33\u003c00:29,  2.65it/s, loss=0.1303, acc=0.9582]\r[cosine_anneal] Stage2 Epoch 73/75:  52%|█████▏    | 86/164 [00:33\u003c00:29,  2.64it/s, loss=0.1303, acc=0.9582]\n"}
,{"stream_name":"stderr","time":5892.90845506,"data":"\r[cosine_anneal] Stage2 Epoch 73/75:  52%|█████▏    | 86/164 [00:33\u003c00:29,  2.64it/s, loss=0.1303, acc=0.9582]\r[cosine_anneal] Stage2 Epoch 73/75:  52%|█████▏    | 86/164 [00:33\u003c00:29,  2.64it/s, loss=0.1297, acc=0.9587]\n"}
,{"stream_name":"stderr","time":5892.909375552,"data":"\r[cosine_anneal] Stage2 Epoch 73/75:  52%|█████▏    | 86/164 [00:33\u003c00:29,  2.64it/s, loss=0.1297, acc=0.9587]\r[cosine_anneal] Stage2 Epoch 73/75:  53%|█████▎    | 87/164 [00:33\u003c00:29,  2.65it/s, loss=0.1297, acc=0.9587]\n"}
,{"stream_name":"stderr","time":5892.910297218,"data":"\r[cosine_anneal] Stage2 Epoch 73/75:  53%|█████▎    | 87/164 [00:33\u003c00:29,  2.65it/s, loss=0.1297, acc=0.9587]\r[cosine_anneal] Stage2 Epoch 73/75:  53%|█████▎    | 87/164 [00:34\u003c00:29,  2.65it/s, loss=0.1283, acc=0.9592]\n"}
,{"stream_name":"stderr","time":5892.911162976,"data":"\r[cosine_anneal] Stage2 Epoch 73/75:  53%|█████▎    | 87/164 [00:34\u003c00:29,  2.65it/s, loss=0.1283, acc=0.9592]\r[cosine_anneal] Stage2 Epoch 73/75:  54%|█████▎    | 88/164 [00:34\u003c00:28,  2.65it/s, loss=0.1283, acc=0.9592]\n"}
,{"stream_name":"stderr","time":5892.912034519,"data":"\r[cosine_anneal] Stage2 Epoch 73/75:  54%|█████▎    | 88/164 [00:34\u003c00:28,  2.65it/s, loss=0.1283, acc=0.9592]\r[cosine_anneal] Stage2 Epoch 73/75:  54%|█████▎    | 88/164 [00:34\u003c00:28,  2.65it/s, loss=0.1271, acc=0.9596]\n"}
,{"stream_name":"stderr","time":5892.912919854,"data":"\r[cosine_anneal] Stage2 Epoch 73/75:  54%|█████▎    | 88/164 [00:34\u003c00:28,  2.65it/s, loss=0.1271, acc=0.9596]\r[cosine_anneal] Stage2 Epoch 73/75:  54%|█████▍    | 89/164 [00:34\u003c00:28,  2.64it/s, loss=0.1271, acc=0.9596]\n"}
,{"stream_name":"stderr","time":5892.913983952,"data":"\r[cosine_anneal] Stage2 Epoch 73/75:  54%|█████▍    | 89/164 [00:34\u003c00:28,  2.64it/s, loss=0.1271, acc=0.9596]\r[cosine_anneal] Stage2 Epoch 73/75:  54%|█████▍    | 89/164 [00:34\u003c00:28,  2.64it/s, loss=0.1291, acc=0.9594]\n"}
,{"stream_name":"stderr","time":5892.914940777,"data":"\r[cosine_anneal] Stage2 Epoch 73/75:  54%|█████▍    | 89/164 [00:34\u003c00:28,  2.64it/s, loss=0.1291, acc=0.9594]\r[cosine_anneal] Stage2 Epoch 73/75:  55%|█████▍    | 90/164 [00:34\u003c00:28,  2.64it/s, loss=0.1291, acc=0.9594]\n"}
,{"stream_name":"stderr","time":5892.91594359,"data":"\r[cosine_anneal] Stage2 Epoch 73/75:  55%|█████▍    | 90/164 [00:34\u003c00:28,  2.64it/s, loss=0.1291, acc=0.9594]\r[cosine_anneal] Stage2 Epoch 73/75:  55%|█████▍    | 90/164 [00:35\u003c00:28,  2.64it/s, loss=0.1285, acc=0.9595]\n"}
,{"stream_name":"stderr","time":5892.916855808,"data":"\r[cosine_anneal] Stage2 Epoch 73/75:  55%|█████▍    | 90/164 [00:35\u003c00:28,  2.64it/s, loss=0.1285, acc=0.9595]\r[cosine_anneal] Stage2 Epoch 73/75:  55%|█████▌    | 91/164 [00:35\u003c00:27,  2.65it/s, loss=0.1285, acc=0.9595]\n"}
,{"stream_name":"stderr","time":5892.917885535,"data":"\r[cosine_anneal] Stage2 Epoch 73/75:  55%|█████▌    | 91/164 [00:35\u003c00:27,  2.65it/s, loss=0.1285, acc=0.9595]\r[cosine_anneal] Stage2 Epoch 73/75:  55%|█████▌    | 91/164 [00:35\u003c00:27,  2.65it/s, loss=0.1274, acc=0.9599]\n"}
,{"stream_name":"stderr","time":5892.919275473,"data":"\r[cosine_anneal] Stage2 Epoch 73/75:  55%|█████▌    | 91/164 [00:35\u003c00:27,  2.65it/s, loss=0.1274, acc=0.9599]\r[cosine_anneal] Stage2 Epoch 73/75:  56%|█████▌    | 92/164 [00:35\u003c00:27,  2.64it/s, loss=0.1274, acc=0.9599]\n"}
,{"stream_name":"stderr","time":5893.235075689,"data":"\r[cosine_anneal] Stage2 Epoch 73/75:  56%|█████▌    | 92/164 [00:35\u003c00:27,  2.64it/s, loss=0.1274, acc=0.9599]\r[cosine_anneal] Stage2 Epoch 73/75:  56%|█████▌    | 92/164 [00:36\u003c00:27,  2.64it/s, loss=0.1273, acc=0.9600]\n"}
,{"stream_name":"stderr","time":5893.236011282,"data":"\r[cosine_anneal] Stage2 Epoch 73/75:  56%|█████▌    | 92/164 [00:36\u003c00:27,  2.64it/s, loss=0.1273, acc=0.9600]\r[cosine_anneal] Stage2 Epoch 73/75:  57%|█████▋    | 93/164 [00:36\u003c00:27,  2.63it/s, loss=0.1273, acc=0.9600]\n"}
,{"stream_name":"stderr","time":5893.611053751,"data":"\r[cosine_anneal] Stage2 Epoch 73/75:  57%|█████▋    | 93/164 [00:36\u003c00:27,  2.63it/s, loss=0.1273, acc=0.9600]\r[cosine_anneal] Stage2 Epoch 73/75:  57%|█████▋    | 93/164 [00:36\u003c00:27,  2.63it/s, loss=0.1263, acc=0.9604]\n"}
,{"stream_name":"stderr","time":5893.612161768,"data":"\r[cosine_anneal] Stage2 Epoch 73/75:  57%|█████▋    | 93/164 [00:36\u003c00:27,  2.63it/s, loss=0.1263, acc=0.9604]\r[cosine_anneal] Stage2 Epoch 73/75:  57%|█████▋    | 94/164 [00:36\u003c00:26,  2.64it/s, loss=0.1263, acc=0.9604]\n"}
,{"stream_name":"stderr","time":5893.98930486,"data":"\r[cosine_anneal] Stage2 Epoch 73/75:  57%|█████▋    | 94/164 [00:36\u003c00:26,  2.64it/s, loss=0.1263, acc=0.9604]\r[cosine_anneal] Stage2 Epoch 73/75:  57%|█████▋    | 94/164 [00:36\u003c00:26,  2.64it/s, loss=0.1262, acc=0.9605]\n"}
,{"stream_name":"stderr","time":5893.990230344,"data":"\r[cosine_anneal] Stage2 Epoch 73/75:  57%|█████▋    | 94/164 [00:36\u003c00:26,  2.64it/s, loss=0.1262, acc=0.9605]\r[cosine_anneal] Stage2 Epoch 73/75:  58%|█████▊    | 95/164 [00:36\u003c00:26,  2.64it/s, loss=0.1262, acc=0.9605]\n"}
,{"stream_name":"stderr","time":5894.369603669,"data":"\r[cosine_anneal] Stage2 Epoch 73/75:  58%|█████▊    | 95/164 [00:36\u003c00:26,  2.64it/s, loss=0.1262, acc=0.9605]\r[cosine_anneal] Stage2 Epoch 73/75:  58%|█████▊    | 95/164 [00:37\u003c00:26,  2.64it/s, loss=0.1262, acc=0.9606]\n"}
,{"stream_name":"stderr","time":5894.37071088,"data":"\r[cosine_anneal] Stage2 Epoch 73/75:  58%|█████▊    | 95/164 [00:37\u003c00:26,  2.64it/s, loss=0.1262, acc=0.9606]\r[cosine_anneal] Stage2 Epoch 73/75:  59%|█████▊    | 96/164 [00:37\u003c00:25,  2.64it/s, loss=0.1262, acc=0.9606]\n"}
,{"stream_name":"stderr","time":5894.744316538,"data":"\r[cosine_anneal] Stage2 Epoch 73/75:  59%|█████▊    | 96/164 [00:37\u003c00:25,  2.64it/s, loss=0.1262, acc=0.9606]\r[cosine_anneal] Stage2 Epoch 73/75:  59%|█████▊    | 96/164 [00:37\u003c00:25,  2.64it/s, loss=0.1251, acc=0.9610]\n"}
,{"stream_name":"stderr","time":5894.749764135,"data":"\r[cosine_anneal] Stage2 Epoch 73/75:  59%|█████▊    | 96/164 [00:37\u003c00:25,  2.64it/s, loss=0.1251, acc=0.9610]\r[cosine_anneal] Stage2 Epoch 73/75:  59%|█████▉    | 97/164 [00:37\u003c00:25,  2.65it/s, loss=0.1251, acc=0.9610]\n"}
,{"stream_name":"stderr","time":5895.121639217,"data":"\r[cosine_anneal] Stage2 Epoch 73/75:  59%|█████▉    | 97/164 [00:37\u003c00:25,  2.65it/s, loss=0.1251, acc=0.9610]\r[cosine_anneal] Stage2 Epoch 73/75:  59%|█████▉    | 97/164 [00:37\u003c00:25,  2.65it/s, loss=0.1239, acc=0.9614]\n"}
,{"stream_name":"stderr","time":5895.122521305,"data":"\r[cosine_anneal] Stage2 Epoch 73/75:  59%|█████▉    | 97/164 [00:37\u003c00:25,  2.65it/s, loss=0.1239, acc=0.9614]\r[cosine_anneal] Stage2 Epoch 73/75:  60%|█████▉    | 98/164 [00:37\u003c00:24,  2.65it/s, loss=0.1239, acc=0.9614]\n"}
,{"stream_name":"stderr","time":5895.504663429,"data":"\r[cosine_anneal] Stage2 Epoch 73/75:  60%|█████▉    | 98/164 [00:37\u003c00:24,  2.65it/s, loss=0.1239, acc=0.9614]\r[cosine_anneal] Stage2 Epoch 73/75:  60%|█████▉    | 98/164 [00:38\u003c00:24,  2.65it/s, loss=0.1241, acc=0.9615]\n"}
,{"stream_name":"stderr","time":5895.505743165,"data":"\r[cosine_anneal] Stage2 Epoch 73/75:  60%|█████▉    | 98/164 [00:38\u003c00:24,  2.65it/s, loss=0.1241, acc=0.9615]\r[cosine_anneal] Stage2 Epoch 73/75:  60%|██████    | 99/164 [00:38\u003c00:24,  2.64it/s, loss=0.1241, acc=0.9615]\n"}
,{"stream_name":"stderr","time":5895.879355533,"data":"\r[cosine_anneal] Stage2 Epoch 73/75:  60%|██████    | 99/164 [00:38\u003c00:24,  2.64it/s, loss=0.1241, acc=0.9615]\r[cosine_anneal] Stage2 Epoch 73/75:  60%|██████    | 99/164 [00:38\u003c00:24,  2.64it/s, loss=0.1252, acc=0.9613]\n"}
,{"stream_name":"stderr","time":5895.880145455,"data":"\r[cosine_anneal] Stage2 Epoch 73/75:  60%|██████    | 99/164 [00:38\u003c00:24,  2.64it/s, loss=0.1252, acc=0.9613]\r[cosine_anneal] Stage2 Epoch 73/75:  61%|██████    | 100/164 [00:38\u003c00:24,  2.65it/s, loss=0.1252, acc=0.9613]\n"}
,{"stream_name":"stderr","time":5896.259639508,"data":"\r[cosine_anneal] Stage2 Epoch 73/75:  61%|██████    | 100/164 [00:38\u003c00:24,  2.65it/s, loss=0.1252, acc=0.9613]\r[cosine_anneal] Stage2 Epoch 73/75:  61%|██████    | 100/164 [00:39\u003c00:24,  2.65it/s, loss=0.1264, acc=0.9613]\n"}
,{"stream_name":"stderr","time":5896.259913525,"data":"\r[cosine_anneal] Stage2 Epoch 73/75:  61%|██████    | 100/164 [00:39\u003c00:24,  2.65it/s, loss=0.1264, acc=0.9613]\r[cosine_anneal] Stage2 Epoch 73/75:  62%|██████▏   | 101/164 [00:39\u003c00:23,  2.64it/s, loss=0.1264, acc=0.9613]\n"}
,{"stream_name":"stderr","time":5896.640548075,"data":"\r[cosine_anneal] Stage2 Epoch 73/75:  62%|██████▏   | 101/164 [00:39\u003c00:23,  2.64it/s, loss=0.1264, acc=0.9613]\r[cosine_anneal] Stage2 Epoch 73/75:  62%|██████▏   | 101/164 [00:39\u003c00:23,  2.64it/s, loss=0.1272, acc=0.9614]\n"}
,{"stream_name":"stderr","time":5896.641788832,"data":"\r[cosine_anneal] Stage2 Epoch 73/75:  62%|██████▏   | 101/164 [00:39\u003c00:23,  2.64it/s, loss=0.1272, acc=0.9614]\r[cosine_anneal] Stage2 Epoch 73/75:  62%|██████▏   | 102/164 [00:39\u003c00:23,  2.64it/s, loss=0.1272, acc=0.9614]\n"}
,{"stream_name":"stderr","time":5897.024834418,"data":"\r[cosine_anneal] Stage2 Epoch 73/75:  62%|██████▏   | 102/164 [00:39\u003c00:23,  2.64it/s, loss=0.1272, acc=0.9614]\r[cosine_anneal] Stage2 Epoch 73/75:  62%|██████▏   | 102/164 [00:39\u003c00:23,  2.64it/s, loss=0.1267, acc=0.9618]\n"}
,{"stream_name":"stderr","time":5897.025464807,"data":"\r[cosine_anneal] Stage2 Epoch 73/75:  62%|██████▏   | 102/164 [00:39\u003c00:23,  2.64it/s, loss=0.1267, acc=0.9618]\r[cosine_anneal] Stage2 Epoch 73/75:  63%|██████▎   | 103/164 [00:39\u003c00:23,  2.63it/s, loss=0.1267, acc=0.9618]\n"}
,{"stream_name":"stderr","time":5897.400386563,"data":"\r[cosine_anneal] Stage2 Epoch 73/75:  63%|██████▎   | 103/164 [00:39\u003c00:23,  2.63it/s, loss=0.1267, acc=0.9618]\r[cosine_anneal] Stage2 Epoch 73/75:  63%|██████▎   | 103/164 [00:40\u003c00:23,  2.63it/s, loss=0.1298, acc=0.9615]\n"}
,{"stream_name":"stderr","time":5897.401485168,"data":"\r[cosine_anneal] Stage2 Epoch 73/75:  63%|██████▎   | 103/164 [00:40\u003c00:23,  2.63it/s, loss=0.1298, acc=0.9615]\r[cosine_anneal] Stage2 Epoch 73/75:  63%|██████▎   | 104/164 [00:40\u003c00:22,  2.64it/s, loss=0.1298, acc=0.9615]\n"}
,{"stream_name":"stderr","time":5897.778066858,"data":"\r[cosine_anneal] Stage2 Epoch 73/75:  63%|██████▎   | 104/164 [00:40\u003c00:22,  2.64it/s, loss=0.1298, acc=0.9615]\r[cosine_anneal] Stage2 Epoch 73/75:  63%|██████▎   | 104/164 [00:40\u003c00:22,  2.64it/s, loss=0.1313, acc=0.9610]\n"}
,{"stream_name":"stderr","time":5897.778992435,"data":"\r[cosine_anneal] Stage2 Epoch 73/75:  63%|██████▎   | 104/164 [00:40\u003c00:22,  2.64it/s, loss=0.1313, acc=0.9610]\r[cosine_anneal] Stage2 Epoch 73/75:  64%|██████▍   | 105/164 [00:40\u003c00:22,  2.64it/s, loss=0.1313, acc=0.9610]\n"}
,{"stream_name":"stderr","time":5898.158635932,"data":"\r[cosine_anneal] Stage2 Epoch 73/75:  64%|██████▍   | 105/164 [00:40\u003c00:22,  2.64it/s, loss=0.1313, acc=0.9610]\r[cosine_anneal] Stage2 Epoch 73/75:  64%|██████▍   | 105/164 [00:40\u003c00:22,  2.64it/s, loss=0.1320, acc=0.9608]\n"}
,{"stream_name":"stderr","time":5898.160837559,"data":"\r[cosine_anneal] Stage2 Epoch 73/75:  64%|██████▍   | 105/164 [00:40\u003c00:22,  2.64it/s, loss=0.1320, acc=0.9608]\r[cosine_anneal] Stage2 Epoch 73/75:  65%|██████▍   | 106/164 [00:40\u003c00:22,  2.63it/s, loss=0.1320, acc=0.9608]\n"}
,{"stream_name":"stderr","time":5898.543546086,"data":"\r[cosine_anneal] Stage2 Epoch 73/75:  65%|██████▍   | 106/164 [00:40\u003c00:22,  2.63it/s, loss=0.1320, acc=0.9608]\r[cosine_anneal] Stage2 Epoch 73/75:  65%|██████▍   | 106/164 [00:41\u003c00:22,  2.63it/s, loss=0.1324, acc=0.9606]\n"}
,{"stream_name":"stderr","time":5898.544697382,"data":"\r[cosine_anneal] Stage2 Epoch 73/75:  65%|██████▍   | 106/164 [00:41\u003c00:22,  2.63it/s, loss=0.1324, acc=0.9606]\r[cosine_anneal] Stage2 Epoch 73/75:  65%|██████▌   | 107/164 [00:41\u003c00:21,  2.63it/s, loss=0.1324, acc=0.9606]\n"}
,{"stream_name":"stderr","time":5898.921616577,"data":"\r[cosine_anneal] Stage2 Epoch 73/75:  65%|██████▌   | 107/164 [00:41\u003c00:21,  2.63it/s, loss=0.1324, acc=0.9606]\r[cosine_anneal] Stage2 Epoch 73/75:  65%|██████▌   | 107/164 [00:41\u003c00:21,  2.63it/s, loss=0.1316, acc=0.9606]\n"}
,{"stream_name":"stderr","time":5898.922357006,"data":"\r[cosine_anneal] Stage2 Epoch 73/75:  65%|██████▌   | 107/164 [00:41\u003c00:21,  2.63it/s, loss=0.1316, acc=0.9606]\r[cosine_anneal] Stage2 Epoch 73/75:  66%|██████▌   | 108/164 [00:41\u003c00:21,  2.63it/s, loss=0.1316, acc=0.9606]\n"}
,{"stream_name":"stderr","time":5899.298167862,"data":"\r[cosine_anneal] Stage2 Epoch 73/75:  66%|██████▌   | 108/164 [00:41\u003c00:21,  2.63it/s, loss=0.1316, acc=0.9606]\r[cosine_anneal] Stage2 Epoch 73/75:  66%|██████▌   | 108/164 [00:42\u003c00:21,  2.63it/s, loss=0.1317, acc=0.9604]\n"}
,{"stream_name":"stderr","time":5899.29975556,"data":"\r[cosine_anneal] Stage2 Epoch 73/75:  66%|██████▌   | 108/164 [00:42\u003c00:21,  2.63it/s, loss=0.1317, acc=0.9604]\r[cosine_anneal] Stage2 Epoch 73/75:  66%|██████▋   | 109/164 [00:42\u003c00:20,  2.64it/s, loss=0.1317, acc=0.9604]\n"}
,{"stream_name":"stderr","time":5899.678838297,"data":"\r[cosine_anneal] Stage2 Epoch 73/75:  66%|██████▋   | 109/164 [00:42\u003c00:20,  2.64it/s, loss=0.1317, acc=0.9604]\r[cosine_anneal] Stage2 Epoch 73/75:  66%|██████▋   | 109/164 [00:42\u003c00:20,  2.64it/s, loss=0.1324, acc=0.9599]\n"}
,{"stream_name":"stderr","time":5899.67984743,"data":"\r[cosine_anneal] Stage2 Epoch 73/75:  66%|██████▋   | 109/164 [00:42\u003c00:20,  2.64it/s, loss=0.1324, acc=0.9599]\r[cosine_anneal] Stage2 Epoch 73/75:  67%|██████▋   | 110/164 [00:42\u003c00:20,  2.63it/s, loss=0.1324, acc=0.9599]\n"}
,{"stream_name":"stderr","time":5900.064523979,"data":"\r[cosine_anneal] Stage2 Epoch 73/75:  67%|██████▋   | 110/164 [00:42\u003c00:20,  2.63it/s, loss=0.1324, acc=0.9599]\r[cosine_anneal] Stage2 Epoch 73/75:  67%|██████▋   | 110/164 [00:42\u003c00:20,  2.63it/s, loss=0.1337, acc=0.9595]\n"}
,{"stream_name":"stderr","time":5900.06528661,"data":"\r[cosine_anneal] Stage2 Epoch 73/75:  67%|██████▋   | 110/164 [00:42\u003c00:20,  2.63it/s, loss=0.1337, acc=0.9595]\r[cosine_anneal] Stage2 Epoch 73/75:  68%|██████▊   | 111/164 [00:42\u003c00:20,  2.62it/s, loss=0.1337, acc=0.9595]\n"}
,{"stream_name":"stderr","time":5900.446648426,"data":"\r[cosine_anneal] Stage2 Epoch 73/75:  68%|██████▊   | 111/164 [00:42\u003c00:20,  2.62it/s, loss=0.1337, acc=0.9595]\r[cosine_anneal] Stage2 Epoch 73/75:  68%|██████▊   | 111/164 [00:43\u003c00:20,  2.62it/s, loss=0.1336, acc=0.9593]\n"}
,{"stream_name":"stderr","time":5900.447693937,"data":"\r[cosine_anneal] Stage2 Epoch 73/75:  68%|██████▊   | 111/164 [00:43\u003c00:20,  2.62it/s, loss=0.1336, acc=0.9593]\r[cosine_anneal] Stage2 Epoch 73/75:  68%|██████▊   | 112/164 [00:43\u003c00:19,  2.62it/s, loss=0.1336, acc=0.9593]\n"}
,{"stream_name":"stderr","time":5900.822237828,"data":"\r[cosine_anneal] Stage2 Epoch 73/75:  68%|██████▊   | 112/164 [00:43\u003c00:19,  2.62it/s, loss=0.1336, acc=0.9593]\r[cosine_anneal] Stage2 Epoch 73/75:  68%|██████▊   | 112/164 [00:43\u003c00:19,  2.62it/s, loss=0.1331, acc=0.9593]\n"}
,{"stream_name":"stderr","time":5900.823291895,"data":"\r[cosine_anneal] Stage2 Epoch 73/75:  68%|██████▊   | 112/164 [00:43\u003c00:19,  2.62it/s, loss=0.1331, acc=0.9593]\r[cosine_anneal] Stage2 Epoch 73/75:  69%|██████▉   | 113/164 [00:43\u003c00:19,  2.63it/s, loss=0.1331, acc=0.9593]\n"}
,{"stream_name":"stderr","time":5901.203538414,"data":"\r[cosine_anneal] Stage2 Epoch 73/75:  69%|██████▉   | 113/164 [00:43\u003c00:19,  2.63it/s, loss=0.1331, acc=0.9593]\r[cosine_anneal] Stage2 Epoch 73/75:  69%|██████▉   | 113/164 [00:44\u003c00:19,  2.63it/s, loss=0.1346, acc=0.9589]\n"}
,{"stream_name":"stderr","time":5901.208851205,"data":"\r[cosine_anneal] Stage2 Epoch 73/75:  69%|██████▉   | 113/164 [00:44\u003c00:19,  2.63it/s, loss=0.1346, acc=0.9589]\r[cosine_anneal] Stage2 Epoch 73/75:  70%|██████▉   | 114/164 [00:44\u003c00:19,  2.63it/s, loss=0.1346, acc=0.9589]\n"}
,{"stream_name":"stderr","time":5901.58716928,"data":"\r[cosine_anneal] Stage2 Epoch 73/75:  70%|██████▉   | 114/164 [00:44\u003c00:19,  2.63it/s, loss=0.1346, acc=0.9589]\r[cosine_anneal] Stage2 Epoch 73/75:  70%|██████▉   | 114/164 [00:44\u003c00:19,  2.63it/s, loss=0.1347, acc=0.9587]\n"}
,{"stream_name":"stderr","time":5901.588469099,"data":"\r[cosine_anneal] Stage2 Epoch 73/75:  70%|██████▉   | 114/164 [00:44\u003c00:19,  2.63it/s, loss=0.1347, acc=0.9587]\r[cosine_anneal] Stage2 Epoch 73/75:  70%|███████   | 115/164 [00:44\u003c00:18,  2.62it/s, loss=0.1347, acc=0.9587]\n"}
,{"stream_name":"stderr","time":5901.968310429,"data":"\r[cosine_anneal] Stage2 Epoch 73/75:  70%|███████   | 115/164 [00:44\u003c00:18,  2.62it/s, loss=0.1347, acc=0.9587]\r[cosine_anneal] Stage2 Epoch 73/75:  70%|███████   | 115/164 [00:44\u003c00:18,  2.62it/s, loss=0.1362, acc=0.9582]\n"}
,{"stream_name":"stderr","time":5901.970839458,"data":"\r[cosine_anneal] Stage2 Epoch 73/75:  70%|███████   | 115/164 [00:44\u003c00:18,  2.62it/s, loss=0.1362, acc=0.9582]\r[cosine_anneal] Stage2 Epoch 73/75:  71%|███████   | 116/164 [00:44\u003c00:18,  2.62it/s, loss=0.1362, acc=0.9582]\n"}
,{"stream_name":"stderr","time":5902.351057543,"data":"\r[cosine_anneal] Stage2 Epoch 73/75:  71%|███████   | 116/164 [00:44\u003c00:18,  2.62it/s, loss=0.1362, acc=0.9582]\r[cosine_anneal] Stage2 Epoch 73/75:  71%|███████   | 116/164 [00:45\u003c00:18,  2.62it/s, loss=0.1352, acc=0.9586]\n"}
,{"stream_name":"stderr","time":5902.35199699,"data":"\r[cosine_anneal] Stage2 Epoch 73/75:  71%|███████   | 116/164 [00:45\u003c00:18,  2.62it/s, loss=0.1352, acc=0.9586]\r[cosine_anneal] Stage2 Epoch 73/75:  71%|███████▏  | 117/164 [00:45\u003c00:17,  2.62it/s, loss=0.1352, acc=0.9586]\n"}
,{"stream_name":"stderr","time":5902.73252812,"data":"\r[cosine_anneal] Stage2 Epoch 73/75:  71%|███████▏  | 117/164 [00:45\u003c00:17,  2.62it/s, loss=0.1352, acc=0.9586]\r[cosine_anneal] Stage2 Epoch 73/75:  71%|███████▏  | 117/164 [00:45\u003c00:17,  2.62it/s, loss=0.1343, acc=0.9590]\n"}
,{"stream_name":"stderr","time":5902.733685819,"data":"\r[cosine_anneal] Stage2 Epoch 73/75:  71%|███████▏  | 117/164 [00:45\u003c00:17,  2.62it/s, loss=0.1343, acc=0.9590]\r[cosine_anneal] Stage2 Epoch 73/75:  72%|███████▏  | 118/164 [00:45\u003c00:17,  2.62it/s, loss=0.1343, acc=0.9590]\n"}
,{"stream_name":"stderr","time":5903.11334557,"data":"\r[cosine_anneal] Stage2 Epoch 73/75:  72%|███████▏  | 118/164 [00:45\u003c00:17,  2.62it/s, loss=0.1343, acc=0.9590]\r[cosine_anneal] Stage2 Epoch 73/75:  72%|███████▏  | 118/164 [00:45\u003c00:17,  2.62it/s, loss=0.1346, acc=0.9585]\n"}
,{"stream_name":"stderr","time":5903.114692252,"data":"\r[cosine_anneal] Stage2 Epoch 73/75:  72%|███████▏  | 118/164 [00:45\u003c00:17,  2.62it/s, loss=0.1346, acc=0.9585]\r[cosine_anneal] Stage2 Epoch 73/75:  73%|███████▎  | 119/164 [00:45\u003c00:17,  2.62it/s, loss=0.1346, acc=0.9585]\n"}
,{"stream_name":"stderr","time":5903.49149269,"data":"\r[cosine_anneal] Stage2 Epoch 73/75:  73%|███████▎  | 119/164 [00:45\u003c00:17,  2.62it/s, loss=0.1346, acc=0.9585]\r[cosine_anneal] Stage2 Epoch 73/75:  73%|███████▎  | 119/164 [00:46\u003c00:17,  2.62it/s, loss=0.1346, acc=0.9583]\n"}
,{"stream_name":"stderr","time":5903.492249693,"data":"\r[cosine_anneal] Stage2 Epoch 73/75:  73%|███████▎  | 119/164 [00:46\u003c00:17,  2.62it/s, loss=0.1346, acc=0.9583]\r[cosine_anneal] Stage2 Epoch 73/75:  73%|███████▎  | 120/164 [00:46\u003c00:16,  2.63it/s, loss=0.1346, acc=0.9583]\n"}
,{"stream_name":"stderr","time":5903.872678787,"data":"\r[cosine_anneal] Stage2 Epoch 73/75:  73%|███████▎  | 120/164 [00:46\u003c00:16,  2.63it/s, loss=0.1346, acc=0.9583]\r[cosine_anneal] Stage2 Epoch 73/75:  73%|███████▎  | 120/164 [00:46\u003c00:16,  2.63it/s, loss=0.1341, acc=0.9584]\n"}
,{"stream_name":"stderr","time":5903.874196913,"data":"\r[cosine_anneal] Stage2 Epoch 73/75:  73%|███████▎  | 120/164 [00:46\u003c00:16,  2.63it/s, loss=0.1341, acc=0.9584]\r[cosine_anneal] Stage2 Epoch 73/75:  74%|███████▍  | 121/164 [00:46\u003c00:16,  2.63it/s, loss=0.1341, acc=0.9584]\n"}
,{"stream_name":"stderr","time":5904.257574725,"data":"\r[cosine_anneal] Stage2 Epoch 73/75:  74%|███████▍  | 121/164 [00:46\u003c00:16,  2.63it/s, loss=0.1341, acc=0.9584]\r[cosine_anneal] Stage2 Epoch 73/75:  74%|███████▍  | 121/164 [00:47\u003c00:16,  2.63it/s, loss=0.1341, acc=0.9585]\n"}
,{"stream_name":"stderr","time":5904.258744832,"data":"\r[cosine_anneal] Stage2 Epoch 73/75:  74%|███████▍  | 121/164 [00:47\u003c00:16,  2.63it/s, loss=0.1341, acc=0.9585]\r[cosine_anneal] Stage2 Epoch 73/75:  74%|███████▍  | 122/164 [00:47\u003c00:16,  2.62it/s, loss=0.1341, acc=0.9585]\n"}
,{"stream_name":"stderr","time":5904.640867824,"data":"\r[cosine_anneal] Stage2 Epoch 73/75:  74%|███████▍  | 122/164 [00:47\u003c00:16,  2.62it/s, loss=0.1341, acc=0.9585]\r[cosine_anneal] Stage2 Epoch 73/75:  74%|███████▍  | 122/164 [00:47\u003c00:16,  2.62it/s, loss=0.1334, acc=0.9588]\n"}
,{"stream_name":"stderr","time":5904.641739238,"data":"\r[cosine_anneal] Stage2 Epoch 73/75:  74%|███████▍  | 122/164 [00:47\u003c00:16,  2.62it/s, loss=0.1334, acc=0.9588]\r[cosine_anneal] Stage2 Epoch 73/75:  75%|███████▌  | 123/164 [00:47\u003c00:15,  2.62it/s, loss=0.1334, acc=0.9588]\n"}
,{"stream_name":"stderr","time":5905.020582158,"data":"\r[cosine_anneal] Stage2 Epoch 73/75:  75%|███████▌  | 123/164 [00:47\u003c00:15,  2.62it/s, loss=0.1334, acc=0.9588]\r[cosine_anneal] Stage2 Epoch 73/75:  75%|███████▌  | 123/164 [00:47\u003c00:15,  2.62it/s, loss=0.1338, acc=0.9587]\n"}
,{"stream_name":"stderr","time":5905.021814709,"data":"\r[cosine_anneal] Stage2 Epoch 73/75:  75%|███████▌  | 123/164 [00:47\u003c00:15,  2.62it/s, loss=0.1338, acc=0.9587]\r[cosine_anneal] Stage2 Epoch 73/75:  76%|███████▌  | 124/164 [00:47\u003c00:15,  2.62it/s, loss=0.1338, acc=0.9587]\n"}
,{"stream_name":"stderr","time":5905.395867099,"data":"\r[cosine_anneal] Stage2 Epoch 73/75:  76%|███████▌  | 124/164 [00:47\u003c00:15,  2.62it/s, loss=0.1338, acc=0.9587]\r[cosine_anneal] Stage2 Epoch 73/75:  76%|███████▌  | 124/164 [00:48\u003c00:15,  2.62it/s, loss=0.1338, acc=0.9587]\n"}
,{"stream_name":"stderr","time":5905.397090423,"data":"\r[cosine_anneal] Stage2 Epoch 73/75:  76%|███████▌  | 124/164 [00:48\u003c00:15,  2.62it/s, loss=0.1338, acc=0.9587]\r[cosine_anneal] Stage2 Epoch 73/75:  76%|███████▌  | 125/164 [00:48\u003c00:14,  2.63it/s, loss=0.1338, acc=0.9587]\n"}
,{"stream_name":"stderr","time":5905.7767562,"data":"\r[cosine_anneal] Stage2 Epoch 73/75:  76%|███████▌  | 125/164 [00:48\u003c00:14,  2.63it/s, loss=0.1338, acc=0.9587]\r[cosine_anneal] Stage2 Epoch 73/75:  76%|███████▌  | 125/164 [00:48\u003c00:14,  2.63it/s, loss=0.1333, acc=0.9586]\n"}
,{"stream_name":"stderr","time":5905.778468284,"data":"\r[cosine_anneal] Stage2 Epoch 73/75:  76%|███████▌  | 125/164 [00:48\u003c00:14,  2.63it/s, loss=0.1333, acc=0.9586]\r[cosine_anneal] Stage2 Epoch 73/75:  77%|███████▋  | 126/164 [00:48\u003c00:14,  2.63it/s, loss=0.1333, acc=0.9586]\n"}
,{"stream_name":"stderr","time":5906.157007905,"data":"\r[cosine_anneal] Stage2 Epoch 73/75:  77%|███████▋  | 126/164 [00:48\u003c00:14,  2.63it/s, loss=0.1333, acc=0.9586]\r[cosine_anneal] Stage2 Epoch 73/75:  77%|███████▋  | 126/164 [00:48\u003c00:14,  2.63it/s, loss=0.1331, acc=0.9587]\n"}
,{"stream_name":"stderr","time":5906.15811431,"data":"\r[cosine_anneal] Stage2 Epoch 73/75:  77%|███████▋  | 126/164 [00:48\u003c00:14,  2.63it/s, loss=0.1331, acc=0.9587]\r[cosine_anneal] Stage2 Epoch 73/75:  77%|███████▋  | 127/164 [00:48\u003c00:14,  2.63it/s, loss=0.1331, acc=0.9587]\n"}
,{"stream_name":"stderr","time":5906.532828996,"data":"\r[cosine_anneal] Stage2 Epoch 73/75:  77%|███████▋  | 127/164 [00:48\u003c00:14,  2.63it/s, loss=0.1331, acc=0.9587]\r[cosine_anneal] Stage2 Epoch 73/75:  77%|███████▋  | 127/164 [00:49\u003c00:14,  2.63it/s, loss=0.1324, acc=0.9590]\n"}
,{"stream_name":"stderr","time":5906.533940353,"data":"\r[cosine_anneal] Stage2 Epoch 73/75:  77%|███████▋  | 127/164 [00:49\u003c00:14,  2.63it/s, loss=0.1324, acc=0.9590]\r[cosine_anneal] Stage2 Epoch 73/75:  78%|███████▊  | 128/164 [00:49\u003c00:13,  2.64it/s, loss=0.1324, acc=0.9590]\n"}
,{"stream_name":"stderr","time":5906.911250711,"data":"\r[cosine_anneal] Stage2 Epoch 73/75:  78%|███████▊  | 128/164 [00:49\u003c00:13,  2.64it/s, loss=0.1324, acc=0.9590]\r[cosine_anneal] Stage2 Epoch 73/75:  78%|███████▊  | 128/164 [00:49\u003c00:13,  2.64it/s, loss=0.1325, acc=0.9588]\n"}
,{"stream_name":"stderr","time":5906.912432718,"data":"\r[cosine_anneal] Stage2 Epoch 73/75:  78%|███████▊  | 128/164 [00:49\u003c00:13,  2.64it/s, loss=0.1325, acc=0.9588]\r[cosine_anneal] Stage2 Epoch 73/75:  79%|███████▊  | 129/164 [00:49\u003c00:13,  2.64it/s, loss=0.1325, acc=0.9588]\n"}
,{"stream_name":"stderr","time":5907.292534438,"data":"\r[cosine_anneal] Stage2 Epoch 73/75:  79%|███████▊  | 129/164 [00:49\u003c00:13,  2.64it/s, loss=0.1325, acc=0.9588]\r[cosine_anneal] Stage2 Epoch 73/75:  79%|███████▊  | 129/164 [00:50\u003c00:13,  2.64it/s, loss=0.1326, acc=0.9584]\n"}
,{"stream_name":"stderr","time":5907.293632965,"data":"\r[cosine_anneal] Stage2 Epoch 73/75:  79%|███████▊  | 129/164 [00:50\u003c00:13,  2.64it/s, loss=0.1326, acc=0.9584]\r[cosine_anneal] Stage2 Epoch 73/75:  79%|███████▉  | 130/164 [00:50\u003c00:12,  2.64it/s, loss=0.1326, acc=0.9584]\n"}
,{"stream_name":"stderr","time":5907.676681578,"data":"\r[cosine_anneal] Stage2 Epoch 73/75:  79%|███████▉  | 130/164 [00:50\u003c00:12,  2.64it/s, loss=0.1326, acc=0.9584]\r[cosine_anneal] Stage2 Epoch 73/75:  79%|███████▉  | 130/164 [00:50\u003c00:12,  2.64it/s, loss=0.1330, acc=0.9585]\n"}
,{"stream_name":"stderr","time":5907.677626309,"data":"\r[cosine_anneal] Stage2 Epoch 73/75:  79%|███████▉  | 130/164 [00:50\u003c00:12,  2.64it/s, loss=0.1330, acc=0.9585]\r[cosine_anneal] Stage2 Epoch 73/75:  80%|███████▉  | 131/164 [00:50\u003c00:12,  2.63it/s, loss=0.1330, acc=0.9585]\n"}
,{"stream_name":"stderr","time":5908.057461001,"data":"\r[cosine_anneal] Stage2 Epoch 73/75:  80%|███████▉  | 131/164 [00:50\u003c00:12,  2.63it/s, loss=0.1330, acc=0.9585]\r[cosine_anneal] Stage2 Epoch 73/75:  80%|███████▉  | 131/164 [00:50\u003c00:12,  2.63it/s, loss=0.1350, acc=0.9579]\n"}
,{"stream_name":"stderr","time":5908.058627842,"data":"\r[cosine_anneal] Stage2 Epoch 73/75:  80%|███████▉  | 131/164 [00:50\u003c00:12,  2.63it/s, loss=0.1350, acc=0.9579]\r[cosine_anneal] Stage2 Epoch 73/75:  80%|████████  | 132/164 [00:50\u003c00:12,  2.63it/s, loss=0.1350, acc=0.9579]\n"}
,{"stream_name":"stderr","time":5908.436335276,"data":"\r[cosine_anneal] Stage2 Epoch 73/75:  80%|████████  | 132/164 [00:50\u003c00:12,  2.63it/s, loss=0.1350, acc=0.9579]\r[cosine_anneal] Stage2 Epoch 73/75:  80%|████████  | 132/164 [00:51\u003c00:12,  2.63it/s, loss=0.1344, acc=0.9579]\n"}
,{"stream_name":"stderr","time":5908.437359383,"data":"\r[cosine_anneal] Stage2 Epoch 73/75:  80%|████████  | 132/164 [00:51\u003c00:12,  2.63it/s, loss=0.1344, acc=0.9579]\r[cosine_anneal] Stage2 Epoch 73/75:  81%|████████  | 133/164 [00:51\u003c00:11,  2.63it/s, loss=0.1344, acc=0.9579]\n"}
,{"stream_name":"stderr","time":5908.816158597,"data":"\r[cosine_anneal] Stage2 Epoch 73/75:  81%|████████  | 133/164 [00:51\u003c00:11,  2.63it/s, loss=0.1344, acc=0.9579]\r[cosine_anneal] Stage2 Epoch 73/75:  81%|████████  | 133/164 [00:51\u003c00:11,  2.63it/s, loss=0.1334, acc=0.9583]\n"}
,{"stream_name":"stderr","time":5908.817437034,"data":"\r[cosine_anneal] Stage2 Epoch 73/75:  81%|████████  | 133/164 [00:51\u003c00:11,  2.63it/s, loss=0.1334, acc=0.9583]\r[cosine_anneal] Stage2 Epoch 73/75:  82%|████████▏ | 134/164 [00:51\u003c00:11,  2.63it/s, loss=0.1334, acc=0.9583]\n"}
,{"stream_name":"stderr","time":5909.200286715,"data":"\r[cosine_anneal] Stage2 Epoch 73/75:  82%|████████▏ | 134/164 [00:51\u003c00:11,  2.63it/s, loss=0.1334, acc=0.9583]\r[cosine_anneal] Stage2 Epoch 73/75:  82%|████████▏ | 134/164 [00:52\u003c00:11,  2.63it/s, loss=0.1329, acc=0.9583]\n"}
,{"stream_name":"stderr","time":5909.203439071,"data":"\r[cosine_anneal] Stage2 Epoch 73/75:  82%|████████▏ | 134/164 [00:52\u003c00:11,  2.63it/s, loss=0.1329, acc=0.9583]\r[cosine_anneal] Stage2 Epoch 73/75:  82%|████████▏ | 135/164 [00:52\u003c00:11,  2.62it/s, loss=0.1329, acc=0.9583]\n"}
,{"stream_name":"stderr","time":5909.582873786,"data":"\r[cosine_anneal] Stage2 Epoch 73/75:  82%|████████▏ | 135/164 [00:52\u003c00:11,  2.62it/s, loss=0.1329, acc=0.9583]\r[cosine_anneal] Stage2 Epoch 73/75:  82%|████████▏ | 135/164 [00:52\u003c00:11,  2.62it/s, loss=0.1324, acc=0.9584]\n"}
,{"stream_name":"stderr","time":5909.583999222,"data":"\r[cosine_anneal] Stage2 Epoch 73/75:  82%|████████▏ | 135/164 [00:52\u003c00:11,  2.62it/s, loss=0.1324, acc=0.9584]\r[cosine_anneal] Stage2 Epoch 73/75:  83%|████████▎ | 136/164 [00:52\u003c00:10,  2.62it/s, loss=0.1324, acc=0.9584]\n"}
,{"stream_name":"stderr","time":5909.957131253,"data":"\r[cosine_anneal] Stage2 Epoch 73/75:  83%|████████▎ | 136/164 [00:52\u003c00:10,  2.62it/s, loss=0.1324, acc=0.9584]\r[cosine_anneal] Stage2 Epoch 73/75:  83%|████████▎ | 136/164 [00:52\u003c00:10,  2.62it/s, loss=0.1327, acc=0.9585]\n"}
,{"stream_name":"stderr","time":5909.958256827,"data":"\r[cosine_anneal] Stage2 Epoch 73/75:  83%|████████▎ | 136/164 [00:52\u003c00:10,  2.62it/s, loss=0.1327, acc=0.9585]\r[cosine_anneal] Stage2 Epoch 73/75:  84%|████████▎ | 137/164 [00:52\u003c00:10,  2.64it/s, loss=0.1327, acc=0.9585]\n"}
,{"stream_name":"stderr","time":5910.336336418,"data":"\r[cosine_anneal] Stage2 Epoch 73/75:  84%|████████▎ | 137/164 [00:52\u003c00:10,  2.64it/s, loss=0.1327, acc=0.9585]\r[cosine_anneal] Stage2 Epoch 73/75:  84%|████████▎ | 137/164 [00:53\u003c00:10,  2.64it/s, loss=0.1338, acc=0.9583]\n"}
,{"stream_name":"stderr","time":5910.337180903,"data":"\r[cosine_anneal] Stage2 Epoch 73/75:  84%|████████▎ | 137/164 [00:53\u003c00:10,  2.64it/s, loss=0.1338, acc=0.9583]\r[cosine_anneal] Stage2 Epoch 73/75:  84%|████████▍ | 138/164 [00:53\u003c00:09,  2.63it/s, loss=0.1338, acc=0.9583]\n"}
,{"stream_name":"stderr","time":5910.717592946,"data":"\r[cosine_anneal] Stage2 Epoch 73/75:  84%|████████▍ | 138/164 [00:53\u003c00:09,  2.63it/s, loss=0.1338, acc=0.9583]\r[cosine_anneal] Stage2 Epoch 73/75:  84%|████████▍ | 138/164 [00:53\u003c00:09,  2.63it/s, loss=0.1330, acc=0.9586]\n"}
,{"stream_name":"stderr","time":5910.718709922,"data":"\r[cosine_anneal] Stage2 Epoch 73/75:  84%|████████▍ | 138/164 [00:53\u003c00:09,  2.63it/s, loss=0.1330, acc=0.9586]\r[cosine_anneal] Stage2 Epoch 73/75:  85%|████████▍ | 139/164 [00:53\u003c00:09,  2.63it/s, loss=0.1330, acc=0.9586]\n"}
,{"stream_name":"stderr","time":5911.093535485,"data":"\r[cosine_anneal] Stage2 Epoch 73/75:  85%|████████▍ | 139/164 [00:53\u003c00:09,  2.63it/s, loss=0.1330, acc=0.9586]\r[cosine_anneal] Stage2 Epoch 73/75:  85%|████████▍ | 139/164 [00:53\u003c00:09,  2.63it/s, loss=0.1327, acc=0.9587]\n"}
,{"stream_name":"stderr","time":5911.094866711,"data":"\r[cosine_anneal] Stage2 Epoch 73/75:  85%|████████▍ | 139/164 [00:53\u003c00:09,  2.63it/s, loss=0.1327, acc=0.9587]\r[cosine_anneal] Stage2 Epoch 73/75:  85%|████████▌ | 140/164 [00:53\u003c00:09,  2.64it/s, loss=0.1327, acc=0.9587]\n"}
,{"stream_name":"stderr","time":5911.471700646,"data":"\r[cosine_anneal] Stage2 Epoch 73/75:  85%|████████▌ | 140/164 [00:53\u003c00:09,  2.64it/s, loss=0.1327, acc=0.9587]\r[cosine_anneal] Stage2 Epoch 73/75:  85%|████████▌ | 140/164 [00:54\u003c00:09,  2.64it/s, loss=0.1342, acc=0.9581]\n"}
,{"stream_name":"stderr","time":5911.472849796,"data":"\r[cosine_anneal] Stage2 Epoch 73/75:  85%|████████▌ | 140/164 [00:54\u003c00:09,  2.64it/s, loss=0.1342, acc=0.9581]\r[cosine_anneal] Stage2 Epoch 73/75:  86%|████████▌ | 141/164 [00:54\u003c00:08,  2.64it/s, loss=0.1342, acc=0.9581]\n"}
,{"stream_name":"stderr","time":5911.855654053,"data":"\r[cosine_anneal] Stage2 Epoch 73/75:  86%|████████▌ | 141/164 [00:54\u003c00:08,  2.64it/s, loss=0.1342, acc=0.9581]\r[cosine_anneal] Stage2 Epoch 73/75:  86%|████████▌ | 141/164 [00:54\u003c00:08,  2.64it/s, loss=0.1334, acc=0.9584]\n"}
,{"stream_name":"stderr","time":5911.856986014,"data":"\r[cosine_anneal] Stage2 Epoch 73/75:  86%|████████▌ | 141/164 [00:54\u003c00:08,  2.64it/s, loss=0.1334, acc=0.9584]\r[cosine_anneal] Stage2 Epoch 73/75:  87%|████████▋ | 142/164 [00:54\u003c00:08,  2.63it/s, loss=0.1334, acc=0.9584]\n"}
,{"stream_name":"stderr","time":5912.241219164,"data":"\r[cosine_anneal] Stage2 Epoch 73/75:  87%|████████▋ | 142/164 [00:54\u003c00:08,  2.63it/s, loss=0.1334, acc=0.9584]\r[cosine_anneal] Stage2 Epoch 73/75:  87%|████████▋ | 142/164 [00:55\u003c00:08,  2.63it/s, loss=0.1336, acc=0.9585]\n"}
,{"stream_name":"stderr","time":5912.24287317,"data":"\r[cosine_anneal] Stage2 Epoch 73/75:  87%|████████▋ | 142/164 [00:55\u003c00:08,  2.63it/s, loss=0.1336, acc=0.9585]\r[cosine_anneal] Stage2 Epoch 73/75:  87%|████████▋ | 143/164 [00:55\u003c00:08,  2.62it/s, loss=0.1336, acc=0.9585]\n"}
,{"stream_name":"stderr","time":5912.623708501,"data":"\r[cosine_anneal] Stage2 Epoch 73/75:  87%|████████▋ | 143/164 [00:55\u003c00:08,  2.62it/s, loss=0.1336, acc=0.9585]\r[cosine_anneal] Stage2 Epoch 73/75:  87%|████████▋ | 143/164 [00:55\u003c00:08,  2.62it/s, loss=0.1343, acc=0.9581]\n"}
,{"stream_name":"stderr","time":5912.62485759,"data":"\r[cosine_anneal] Stage2 Epoch 73/75:  87%|████████▋ | 143/164 [00:55\u003c00:08,  2.62it/s, loss=0.1343, acc=0.9581]\r[cosine_anneal] Stage2 Epoch 73/75:  88%|████████▊ | 144/164 [00:55\u003c00:07,  2.62it/s, loss=0.1343, acc=0.9581]\n"}
,{"stream_name":"stderr","time":5913.005085166,"data":"\r[cosine_anneal] Stage2 Epoch 73/75:  88%|████████▊ | 144/164 [00:55\u003c00:07,  2.62it/s, loss=0.1343, acc=0.9581]\r[cosine_anneal] Stage2 Epoch 73/75:  88%|████████▊ | 144/164 [00:55\u003c00:07,  2.62it/s, loss=0.1348, acc=0.9580]\n"}
,{"stream_name":"stderr","time":5913.007464672,"data":"\r[cosine_anneal] Stage2 Epoch 73/75:  88%|████████▊ | 144/164 [00:55\u003c00:07,  2.62it/s, loss=0.1348, acc=0.9580]\r[cosine_anneal] Stage2 Epoch 73/75:  88%|████████▊ | 145/164 [00:55\u003c00:07,  2.62it/s, loss=0.1348, acc=0.9580]\n"}
,{"stream_name":"stderr","time":5913.379774342,"data":"\r[cosine_anneal] Stage2 Epoch 73/75:  88%|████████▊ | 145/164 [00:55\u003c00:07,  2.62it/s, loss=0.1348, acc=0.9580]\r[cosine_anneal] Stage2 Epoch 73/75:  88%|████████▊ | 145/164 [00:56\u003c00:07,  2.62it/s, loss=0.1356, acc=0.9576]\n"}
,{"stream_name":"stderr","time":5913.381009696,"data":"\r[cosine_anneal] Stage2 Epoch 73/75:  88%|████████▊ | 145/164 [00:56\u003c00:07,  2.62it/s, loss=0.1356, acc=0.9576]\r[cosine_anneal] Stage2 Epoch 73/75:  89%|████████▉ | 146/164 [00:56\u003c00:06,  2.63it/s, loss=0.1356, acc=0.9576]\n"}
,{"stream_name":"stderr","time":5913.762547821,"data":"\r[cosine_anneal] Stage2 Epoch 73/75:  89%|████████▉ | 146/164 [00:56\u003c00:06,  2.63it/s, loss=0.1356, acc=0.9576]\r[cosine_anneal] Stage2 Epoch 73/75:  89%|████████▉ | 146/164 [00:56\u003c00:06,  2.63it/s, loss=0.1359, acc=0.9575]\n"}
,{"stream_name":"stderr","time":5913.763906266,"data":"\r[cosine_anneal] Stage2 Epoch 73/75:  89%|████████▉ | 146/164 [00:56\u003c00:06,  2.63it/s, loss=0.1359, acc=0.9575]\r[cosine_anneal] Stage2 Epoch 73/75:  90%|████████▉ | 147/164 [00:56\u003c00:06,  2.63it/s, loss=0.1359, acc=0.9575]\n"}
,{"stream_name":"stderr","time":5914.144420856,"data":"\r[cosine_anneal] Stage2 Epoch 73/75:  90%|████████▉ | 147/164 [00:56\u003c00:06,  2.63it/s, loss=0.1359, acc=0.9575]\r[cosine_anneal] Stage2 Epoch 73/75:  90%|████████▉ | 147/164 [00:56\u003c00:06,  2.63it/s, loss=0.1351, acc=0.9578]\n"}
,{"stream_name":"stderr","time":5914.145667633,"data":"\r[cosine_anneal] Stage2 Epoch 73/75:  90%|████████▉ | 147/164 [00:56\u003c00:06,  2.63it/s, loss=0.1351, acc=0.9578]\r[cosine_anneal] Stage2 Epoch 73/75:  90%|█████████ | 148/164 [00:56\u003c00:06,  2.62it/s, loss=0.1351, acc=0.9578]\n"}
,{"stream_name":"stderr","time":5914.520434652,"data":"\r[cosine_anneal] Stage2 Epoch 73/75:  90%|█████████ | 148/164 [00:56\u003c00:06,  2.62it/s, loss=0.1351, acc=0.9578]\r[cosine_anneal] Stage2 Epoch 73/75:  90%|█████████ | 148/164 [00:57\u003c00:06,  2.62it/s, loss=0.1358, acc=0.9574]\n"}
,{"stream_name":"stderr","time":5914.521313426,"data":"\r[cosine_anneal] Stage2 Epoch 73/75:  90%|█████████ | 148/164 [00:57\u003c00:06,  2.62it/s, loss=0.1358, acc=0.9574]\r[cosine_anneal] Stage2 Epoch 73/75:  91%|█████████ | 149/164 [00:57\u003c00:05,  2.63it/s, loss=0.1358, acc=0.9574]\n"}
,{"stream_name":"stderr","time":5914.898572582,"data":"\r[cosine_anneal] Stage2 Epoch 73/75:  91%|█████████ | 149/164 [00:57\u003c00:05,  2.63it/s, loss=0.1358, acc=0.9574]\r[cosine_anneal] Stage2 Epoch 73/75:  91%|█████████ | 149/164 [00:57\u003c00:05,  2.63it/s, loss=0.1354, acc=0.9575]\n"}
,{"stream_name":"stderr","time":5914.899945189,"data":"\r[cosine_anneal] Stage2 Epoch 73/75:  91%|█████████ | 149/164 [00:57\u003c00:05,  2.63it/s, loss=0.1354, acc=0.9575]\r[cosine_anneal] Stage2 Epoch 73/75:  91%|█████████▏| 150/164 [00:57\u003c00:05,  2.64it/s, loss=0.1354, acc=0.9575]\n"}
,{"stream_name":"stderr","time":5915.279896387,"data":"\r[cosine_anneal] Stage2 Epoch 73/75:  91%|█████████▏| 150/164 [00:57\u003c00:05,  2.64it/s, loss=0.1354, acc=0.9575]\r[cosine_anneal] Stage2 Epoch 73/75:  91%|█████████▏| 150/164 [00:58\u003c00:05,  2.64it/s, loss=0.1369, acc=0.9572]\n"}
,{"stream_name":"stderr","time":5915.281326894,"data":"\r[cosine_anneal] Stage2 Epoch 73/75:  91%|█████████▏| 150/164 [00:58\u003c00:05,  2.64it/s, loss=0.1369, acc=0.9572]\r[cosine_anneal] Stage2 Epoch 73/75:  92%|█████████▏| 151/164 [00:58\u003c00:04,  2.63it/s, loss=0.1369, acc=0.9572]\n"}
,{"stream_name":"stderr","time":5915.657731731,"data":"\r[cosine_anneal] Stage2 Epoch 73/75:  92%|█████████▏| 151/164 [00:58\u003c00:04,  2.63it/s, loss=0.1369, acc=0.9572]\r[cosine_anneal] Stage2 Epoch 73/75:  92%|█████████▏| 151/164 [00:58\u003c00:04,  2.63it/s, loss=0.1369, acc=0.9570]\n"}
,{"stream_name":"stderr","time":5915.66436233,"data":"\r[cosine_anneal] Stage2 Epoch 73/75:  92%|█████████▏| 151/164 [00:58\u003c00:04,  2.63it/s, loss=0.1369, acc=0.9570]\r[cosine_anneal] Stage2 Epoch 73/75:  93%|█████████▎| 152/164 [00:58\u003c00:04,  2.64it/s, loss=0.1369, acc=0.9570]\n"}
,{"stream_name":"stderr","time":5916.031934592,"data":"\r[cosine_anneal] Stage2 Epoch 73/75:  93%|█████████▎| 152/164 [00:58\u003c00:04,  2.64it/s, loss=0.1369, acc=0.9570]\r[cosine_anneal] Stage2 Epoch 73/75:  93%|█████████▎| 152/164 [00:58\u003c00:04,  2.64it/s, loss=0.1365, acc=0.9571]\n"}
,{"stream_name":"stderr","time":5916.033016914,"data":"\r[cosine_anneal] Stage2 Epoch 73/75:  93%|█████████▎| 152/164 [00:58\u003c00:04,  2.64it/s, loss=0.1365, acc=0.9571]\r[cosine_anneal] Stage2 Epoch 73/75:  93%|█████████▎| 153/164 [00:58\u003c00:04,  2.65it/s, loss=0.1365, acc=0.9571]\n"}
,{"stream_name":"stderr","time":5916.408570954,"data":"\r[cosine_anneal] Stage2 Epoch 73/75:  93%|█████████▎| 153/164 [00:58\u003c00:04,  2.65it/s, loss=0.1365, acc=0.9571]\r[cosine_anneal] Stage2 Epoch 73/75:  93%|█████████▎| 153/164 [00:59\u003c00:04,  2.65it/s, loss=0.1360, acc=0.9572]\n"}
,{"stream_name":"stderr","time":5916.409589763,"data":"\r[cosine_anneal] Stage2 Epoch 73/75:  93%|█████████▎| 153/164 [00:59\u003c00:04,  2.65it/s, loss=0.1360, acc=0.9572]\r[cosine_anneal] Stage2 Epoch 73/75:  94%|█████████▍| 154/164 [00:59\u003c00:03,  2.65it/s, loss=0.1360, acc=0.9572]\n"}
,{"stream_name":"stderr","time":5916.787315572,"data":"\r[cosine_anneal] Stage2 Epoch 73/75:  94%|█████████▍| 154/164 [00:59\u003c00:03,  2.65it/s, loss=0.1360, acc=0.9572]\r[cosine_anneal] Stage2 Epoch 73/75:  94%|█████████▍| 154/164 [00:59\u003c00:03,  2.65it/s, loss=0.1362, acc=0.9571]\n"}
,{"stream_name":"stderr","time":5916.788314978,"data":"\r[cosine_anneal] Stage2 Epoch 73/75:  94%|█████████▍| 154/164 [00:59\u003c00:03,  2.65it/s, loss=0.1362, acc=0.9571]\r[cosine_anneal] Stage2 Epoch 73/75:  95%|█████████▍| 155/164 [00:59\u003c00:03,  2.65it/s, loss=0.1362, acc=0.9571]\n"}
,{"stream_name":"stderr","time":5917.171185532,"data":"\r[cosine_anneal] Stage2 Epoch 73/75:  95%|█████████▍| 155/164 [00:59\u003c00:03,  2.65it/s, loss=0.1362, acc=0.9571]\r[cosine_anneal] Stage2 Epoch 73/75:  95%|█████████▍| 155/164 [01:00\u003c00:03,  2.65it/s, loss=0.1361, acc=0.9569]\n"}
,{"stream_name":"stderr","time":5917.17167343,"data":"\r[cosine_anneal] Stage2 Epoch 73/75:  95%|█████████▍| 155/164 [01:00\u003c00:03,  2.65it/s, loss=0.1361, acc=0.9569]\r[cosine_anneal] Stage2 Epoch 73/75:  95%|█████████▌| 156/164 [01:00\u003c00:03,  2.64it/s, loss=0.1361, acc=0.9569]\n"}
,{"stream_name":"stderr","time":5917.552809034,"data":"\r[cosine_anneal] Stage2 Epoch 73/75:  95%|█████████▌| 156/164 [01:00\u003c00:03,  2.64it/s, loss=0.1361, acc=0.9569]\r[cosine_anneal] Stage2 Epoch 73/75:  95%|█████████▌| 156/164 [01:00\u003c00:03,  2.64it/s, loss=0.1367, acc=0.9568]\n"}
,{"stream_name":"stderr","time":5917.553884224,"data":"\r[cosine_anneal] Stage2 Epoch 73/75:  95%|█████████▌| 156/164 [01:00\u003c00:03,  2.64it/s, loss=0.1367, acc=0.9568]\r[cosine_anneal] Stage2 Epoch 73/75:  96%|█████████▌| 157/164 [01:00\u003c00:02,  2.63it/s, loss=0.1367, acc=0.9568]\n"}
,{"stream_name":"stderr","time":5917.927736918,"data":"\r[cosine_anneal] Stage2 Epoch 73/75:  96%|█████████▌| 157/164 [01:00\u003c00:02,  2.63it/s, loss=0.1367, acc=0.9568]\r[cosine_anneal] Stage2 Epoch 73/75:  96%|█████████▌| 157/164 [01:00\u003c00:02,  2.63it/s, loss=0.1364, acc=0.9569]\n"}
,{"stream_name":"stderr","time":5917.928830555,"data":"\r[cosine_anneal] Stage2 Epoch 73/75:  96%|█████████▌| 157/164 [01:00\u003c00:02,  2.63it/s, loss=0.1364, acc=0.9569]\r[cosine_anneal] Stage2 Epoch 73/75:  96%|█████████▋| 158/164 [01:00\u003c00:02,  2.64it/s, loss=0.1364, acc=0.9569]\n"}
,{"stream_name":"stderr","time":5918.308007355,"data":"\r[cosine_anneal] Stage2 Epoch 73/75:  96%|█████████▋| 158/164 [01:00\u003c00:02,  2.64it/s, loss=0.1364, acc=0.9569]\r[cosine_anneal] Stage2 Epoch 73/75:  96%|█████████▋| 158/164 [01:01\u003c00:02,  2.64it/s, loss=0.1362, acc=0.9568]\n"}
,{"stream_name":"stderr","time":5918.309109869,"data":"\r[cosine_anneal] Stage2 Epoch 73/75:  96%|█████████▋| 158/164 [01:01\u003c00:02,  2.64it/s, loss=0.1362, acc=0.9568]\r[cosine_anneal] Stage2 Epoch 73/75:  97%|█████████▋| 159/164 [01:01\u003c00:01,  2.64it/s, loss=0.1362, acc=0.9568]\n"}
,{"stream_name":"stderr","time":5918.690238583,"data":"\r[cosine_anneal] Stage2 Epoch 73/75:  97%|█████████▋| 159/164 [01:01\u003c00:01,  2.64it/s, loss=0.1362, acc=0.9568]\r[cosine_anneal] Stage2 Epoch 73/75:  97%|█████████▋| 159/164 [01:01\u003c00:01,  2.64it/s, loss=0.1367, acc=0.9566]\n"}
,{"stream_name":"stderr","time":5918.691115347,"data":"\r[cosine_anneal] Stage2 Epoch 73/75:  97%|█████████▋| 159/164 [01:01\u003c00:01,  2.64it/s, loss=0.1367, acc=0.9566]\r[cosine_anneal] Stage2 Epoch 73/75:  98%|█████████▊| 160/164 [01:01\u003c00:01,  2.63it/s, loss=0.1367, acc=0.9566]\n"}
,{"stream_name":"stderr","time":5919.066385542,"data":"\r[cosine_anneal] Stage2 Epoch 73/75:  98%|█████████▊| 160/164 [01:01\u003c00:01,  2.63it/s, loss=0.1367, acc=0.9566]\r[cosine_anneal] Stage2 Epoch 73/75:  98%|█████████▊| 160/164 [01:01\u003c00:01,  2.63it/s, loss=0.1359, acc=0.9569]\n"}
,{"stream_name":"stderr","time":5919.067290729,"data":"\r[cosine_anneal] Stage2 Epoch 73/75:  98%|█████████▊| 160/164 [01:01\u003c00:01,  2.63it/s, loss=0.1359, acc=0.9569]\r[cosine_anneal] Stage2 Epoch 73/75:  98%|█████████▊| 161/164 [01:01\u003c00:01,  2.64it/s, loss=0.1359, acc=0.9569]\n"}
,{"stream_name":"stderr","time":5919.445483591,"data":"\r[cosine_anneal] Stage2 Epoch 73/75:  98%|█████████▊| 161/164 [01:01\u003c00:01,  2.64it/s, loss=0.1359, acc=0.9569]\r[cosine_anneal] Stage2 Epoch 73/75:  98%|█████████▊| 161/164 [01:02\u003c00:01,  2.64it/s, loss=0.1358, acc=0.9568]\n"}
,{"stream_name":"stderr","time":5919.446778947,"data":"\r[cosine_anneal] Stage2 Epoch 73/75:  98%|█████████▊| 161/164 [01:02\u003c00:01,  2.64it/s, loss=0.1358, acc=0.9568]\r[cosine_anneal] Stage2 Epoch 73/75:  99%|█████████▉| 162/164 [01:02\u003c00:00,  2.64it/s, loss=0.1358, acc=0.9568]\n"}
,{"stream_name":"stderr","time":5919.826897786,"data":"\r[cosine_anneal] Stage2 Epoch 73/75:  99%|█████████▉| 162/164 [01:02\u003c00:00,  2.64it/s, loss=0.1358, acc=0.9568]\r[cosine_anneal] Stage2 Epoch 73/75:  99%|█████████▉| 162/164 [01:02\u003c00:00,  2.64it/s, loss=0.1351, acc=0.9571]\n"}
,{"stream_name":"stderr","time":5919.828002177,"data":"\r[cosine_anneal] Stage2 Epoch 73/75:  99%|█████████▉| 162/164 [01:02\u003c00:00,  2.64it/s, loss=0.1351, acc=0.9571]\r[cosine_anneal] Stage2 Epoch 73/75:  99%|█████████▉| 163/164 [01:02\u003c00:00,  2.63it/s, loss=0.1351, acc=0.9571]\n"}
,{"stream_name":"stderr","time":5920.192475618,"data":"\r[cosine_anneal] Stage2 Epoch 73/75:  99%|█████████▉| 163/164 [01:02\u003c00:00,  2.63it/s, loss=0.1351, acc=0.9571]\r[cosine_anneal] Stage2 Epoch 73/75:  99%|█████████▉| 163/164 [01:03\u003c00:00,  2.63it/s, loss=0.1360, acc=0.9569]\n"}
,{"stream_name":"stderr","time":5920.193477666,"data":"\r[cosine_anneal] Stage2 Epoch 73/75:  99%|█████████▉| 163/164 [01:03\u003c00:00,  2.63it/s, loss=0.1360, acc=0.9569]\r[cosine_anneal] Stage2 Epoch 73/75: 100%|██████████| 164/164 [01:03\u003c00:00,  2.66it/s, loss=0.1360, acc=0.9569]\n"}
,{"stream_name":"stderr","time":5920.264483106,"data":"\r[cosine_anneal] Stage2 Epoch 73/75: 100%|██████████| 164/164 [01:03\u003c00:00,  2.66it/s, loss=0.1360, acc=0.9569]\r[cosine_anneal] Stage2 Epoch 73/75: 100%|██████████| 164/164 [01:03\u003c00:00,  2.60it/s, loss=0.1360, acc=0.9569]\n"}
,{"stream_name":"stderr","time":5920.267570352,"data":"\r[cosine_anneal] Stage2 Epoch 73/75: 100%|██████████| 164/164 [01:03\u003c00:00,  2.60it/s, loss=0.1360, acc=0.9569]\n"}
,{"stream_name":"stderr","time":5920.267600217,"data":"\n"}
,{"stream_name":"stderr","time":5920.267606064,"data":"\n"}
,{"stream_name":"stdout","time":5928.507929621,"data":"  Val Loss: 0.6014 | Val Acc: 0.8742 | Val Macro-F1: 0.7925\n"}
,{"stream_name":"stderr","time":5928.509233563,"data":"\r[cosine_anneal] Stage2 Epoch 74/75:   0%|          | 0/164 [00:00\u003c?, ?it/s]\n"}
,{"stream_name":"stderr","time":5928.5101721,"data":"\r[cosine_anneal] Stage2 Epoch 74/75:   0%|          | 0/164 [00:00\u003c?, ?it/s]\r[cosine_anneal] Stage2 Epoch 74/75:   0%|          | 0/164 [00:01\u003c?, ?it/s, loss=0.0957, acc=0.9688]\n"}
,{"stream_name":"stderr","time":5928.511022835,"data":"\r[cosine_anneal] Stage2 Epoch 74/75:   0%|          | 0/164 [00:01\u003c?, ?it/s, loss=0.0957, acc=0.9688]\r[cosine_anneal] Stage2 Epoch 74/75:   1%|          | 1/164 [00:01\u003c03:00,  1.11s/it, loss=0.0957, acc=0.9688]\n"}
,{"stream_name":"stderr","time":5928.511984465,"data":"\r[cosine_anneal] Stage2 Epoch 74/75:   1%|          | 1/164 [00:01\u003c03:00,  1.11s/it, loss=0.0957, acc=0.9688]\r[cosine_anneal] Stage2 Epoch 74/75:   1%|          | 1/164 [00:01\u003c03:00,  1.11s/it, loss=0.1320, acc=0.9688]\n"}
,{"stream_name":"stderr","time":5928.512974315,"data":"\r[cosine_anneal] Stage2 Epoch 74/75:   1%|          | 1/164 [00:01\u003c03:00,  1.11s/it, loss=0.1320, acc=0.9688]\r[cosine_anneal] Stage2 Epoch 74/75:   1%|          | 2/164 [00:01\u003c01:51,  1.46it/s, loss=0.1320, acc=0.9688]\n"}
,{"stream_name":"stderr","time":5928.513862172,"data":"\r[cosine_anneal] Stage2 Epoch 74/75:   1%|          | 2/164 [00:01\u003c01:51,  1.46it/s, loss=0.1320, acc=0.9688]\r[cosine_anneal] Stage2 Epoch 74/75:   1%|          | 2/164 [00:01\u003c01:51,  1.46it/s, loss=0.1571, acc=0.9583]\n"}
,{"stream_name":"stderr","time":5928.514732136,"data":"\r[cosine_anneal] Stage2 Epoch 74/75:   1%|          | 2/164 [00:01\u003c01:51,  1.46it/s, loss=0.1571, acc=0.9583]\r[cosine_anneal] Stage2 Epoch 74/75:   2%|▏         | 3/164 [00:01\u003c01:30,  1.79it/s, loss=0.1571, acc=0.9583]\n"}
,{"stream_name":"stderr","time":5928.515490577,"data":"\r[cosine_anneal] Stage2 Epoch 74/75:   2%|▏         | 3/164 [00:01\u003c01:30,  1.79it/s, loss=0.1571, acc=0.9583]\r[cosine_anneal] Stage2 Epoch 74/75:   2%|▏         | 3/164 [00:02\u003c01:30,  1.79it/s, loss=0.1306, acc=0.9688]\n"}
,{"stream_name":"stderr","time":5928.5163012,"data":"\r[cosine_anneal] Stage2 Epoch 74/75:   2%|▏         | 3/164 [00:02\u003c01:30,  1.79it/s, loss=0.1306, acc=0.9688]\r[cosine_anneal] Stage2 Epoch 74/75:   2%|▏         | 4/164 [00:02\u003c01:18,  2.03it/s, loss=0.1306, acc=0.9688]\n"}
,{"stream_name":"stderr","time":5928.517110794,"data":"\r[cosine_anneal] Stage2 Epoch 74/75:   2%|▏         | 4/164 [00:02\u003c01:18,  2.03it/s, loss=0.1306, acc=0.9688]\r[cosine_anneal] Stage2 Epoch 74/75:   2%|▏         | 4/164 [00:02\u003c01:18,  2.03it/s, loss=0.1168, acc=0.9688]\n"}
,{"stream_name":"stderr","time":5928.51804753,"data":"\r[cosine_anneal] Stage2 Epoch 74/75:   2%|▏         | 4/164 [00:02\u003c01:18,  2.03it/s, loss=0.1168, acc=0.9688]\r[cosine_anneal] Stage2 Epoch 74/75:   3%|▎         | 5/164 [00:02\u003c01:11,  2.21it/s, loss=0.1168, acc=0.9688]\n"}
,{"stream_name":"stderr","time":5928.518876734,"data":"\r[cosine_anneal] Stage2 Epoch 74/75:   3%|▎         | 5/164 [00:02\u003c01:11,  2.21it/s, loss=0.1168, acc=0.9688]\r[cosine_anneal] Stage2 Epoch 74/75:   3%|▎         | 5/164 [00:03\u003c01:11,  2.21it/s, loss=0.1079, acc=0.9688]\n"}
,{"stream_name":"stderr","time":5928.519790879,"data":"\r[cosine_anneal] Stage2 Epoch 74/75:   3%|▎         | 5/164 [00:03\u003c01:11,  2.21it/s, loss=0.1079, acc=0.9688]\r[cosine_anneal] Stage2 Epoch 74/75:   4%|▎         | 6/164 [00:03\u003c01:07,  2.34it/s, loss=0.1079, acc=0.9688]\n"}
,{"stream_name":"stderr","time":5928.705085405,"data":"\r[cosine_anneal] Stage2 Epoch 74/75:   4%|▎         | 6/164 [00:03\u003c01:07,  2.34it/s, loss=0.1079, acc=0.9688]\r[cosine_anneal] Stage2 Epoch 74/75:   4%|▎         | 6/164 [00:03\u003c01:07,  2.34it/s, loss=0.1207, acc=0.9643]\n"}
,{"stream_name":"stderr","time":5928.706197703,"data":"\r[cosine_anneal] Stage2 Epoch 74/75:   4%|▎         | 6/164 [00:03\u003c01:07,  2.34it/s, loss=0.1207, acc=0.9643]\r[cosine_anneal] Stage2 Epoch 74/75:   4%|▍         | 7/164 [00:03\u003c01:04,  2.45it/s, loss=0.1207, acc=0.9643]\n"}
,{"stream_name":"stderr","time":5929.084771499,"data":"\r[cosine_anneal] Stage2 Epoch 74/75:   4%|▍         | 7/164 [00:03\u003c01:04,  2.45it/s, loss=0.1207, acc=0.9643]\r[cosine_anneal] Stage2 Epoch 74/75:   4%|▍         | 7/164 [00:03\u003c01:04,  2.45it/s, loss=0.1185, acc=0.9648]\n"}
,{"stream_name":"stderr","time":5929.085811206,"data":"\r[cosine_anneal] Stage2 Epoch 74/75:   4%|▍         | 7/164 [00:03\u003c01:04,  2.45it/s, loss=0.1185, acc=0.9648]\r[cosine_anneal] Stage2 Epoch 74/75:   5%|▍         | 8/164 [00:03\u003c01:02,  2.50it/s, loss=0.1185, acc=0.9648]\n"}
,{"stream_name":"stderr","time":5929.459457047,"data":"\r[cosine_anneal] Stage2 Epoch 74/75:   5%|▍         | 8/164 [00:03\u003c01:02,  2.50it/s, loss=0.1185, acc=0.9648]\r[cosine_anneal] Stage2 Epoch 74/75:   5%|▍         | 8/164 [00:04\u003c01:02,  2.50it/s, loss=0.1146, acc=0.9688]\n"}
,{"stream_name":"stderr","time":5929.460485094,"data":"\r[cosine_anneal] Stage2 Epoch 74/75:   5%|▍         | 8/164 [00:04\u003c01:02,  2.50it/s, loss=0.1146, acc=0.9688]\r[cosine_anneal] Stage2 Epoch 74/75:   5%|▌         | 9/164 [00:04\u003c01:00,  2.55it/s, loss=0.1146, acc=0.9688]\n"}
,{"stream_name":"stderr","time":5929.840569942,"data":"\r[cosine_anneal] Stage2 Epoch 74/75:   5%|▌         | 9/164 [00:04\u003c01:00,  2.55it/s, loss=0.1146, acc=0.9688]\r[cosine_anneal] Stage2 Epoch 74/75:   5%|▌         | 9/164 [00:04\u003c01:00,  2.55it/s, loss=0.1372, acc=0.9625]\n"}
,{"stream_name":"stderr","time":5929.844909876,"data":"\r[cosine_anneal] Stage2 Epoch 74/75:   5%|▌         | 9/164 [00:04\u003c01:00,  2.55it/s, loss=0.1372, acc=0.9625]\r[cosine_anneal] Stage2 Epoch 74/75:   6%|▌         | 10/164 [00:04\u003c00:59,  2.57it/s, loss=0.1372, acc=0.9625]\n"}
,{"stream_name":"stderr","time":5930.211670208,"data":"\r[cosine_anneal] Stage2 Epoch 74/75:   6%|▌         | 10/164 [00:04\u003c00:59,  2.57it/s, loss=0.1372, acc=0.9625]\r[cosine_anneal] Stage2 Epoch 74/75:   6%|▌         | 10/164 [00:04\u003c00:59,  2.57it/s, loss=0.1286, acc=0.9631]\n"}
,{"stream_name":"stderr","time":5930.21289358,"data":"\r[cosine_anneal] Stage2 Epoch 74/75:   6%|▌         | 10/164 [00:04\u003c00:59,  2.57it/s, loss=0.1286, acc=0.9631]\r[cosine_anneal] Stage2 Epoch 74/75:   7%|▋         | 11/164 [00:04\u003c00:58,  2.61it/s, loss=0.1286, acc=0.9631]\n"}
,{"stream_name":"stderr","time":5930.593016364,"data":"\r[cosine_anneal] Stage2 Epoch 74/75:   7%|▋         | 11/164 [00:04\u003c00:58,  2.61it/s, loss=0.1286, acc=0.9631]\r[cosine_anneal] Stage2 Epoch 74/75:   7%|▋         | 11/164 [00:05\u003c00:58,  2.61it/s, loss=0.1365, acc=0.9583]\n"}
,{"stream_name":"stderr","time":5930.594041275,"data":"\r[cosine_anneal] Stage2 Epoch 74/75:   7%|▋         | 11/164 [00:05\u003c00:58,  2.61it/s, loss=0.1365, acc=0.9583]\r[cosine_anneal] Stage2 Epoch 74/75:   7%|▋         | 12/164 [00:05\u003c00:58,  2.61it/s, loss=0.1365, acc=0.9583]\n"}
,{"stream_name":"stderr","time":5930.971178048,"data":"\r[cosine_anneal] Stage2 Epoch 74/75:   7%|▋         | 12/164 [00:05\u003c00:58,  2.61it/s, loss=0.1365, acc=0.9583]\r[cosine_anneal] Stage2 Epoch 74/75:   7%|▋         | 12/164 [00:05\u003c00:58,  2.61it/s, loss=0.1290, acc=0.9615]\n"}
,{"stream_name":"stderr","time":5930.972322688,"data":"\r[cosine_anneal] Stage2 Epoch 74/75:   7%|▋         | 12/164 [00:05\u003c00:58,  2.61it/s, loss=0.1290, acc=0.9615]\r[cosine_anneal] Stage2 Epoch 74/75:   8%|▊         | 13/164 [00:05\u003c00:57,  2.62it/s, loss=0.1290, acc=0.9615]\n"}
,{"stream_name":"stderr","time":5931.34300063,"data":"\r[cosine_anneal] Stage2 Epoch 74/75:   8%|▊         | 13/164 [00:05\u003c00:57,  2.62it/s, loss=0.1290, acc=0.9615]\r[cosine_anneal] Stage2 Epoch 74/75:   8%|▊         | 13/164 [00:06\u003c00:57,  2.62it/s, loss=0.1418, acc=0.9554]\n"}
,{"stream_name":"stderr","time":5931.344086363,"data":"\r[cosine_anneal] Stage2 Epoch 74/75:   8%|▊         | 13/164 [00:06\u003c00:57,  2.62it/s, loss=0.1418, acc=0.9554]\r[cosine_anneal] Stage2 Epoch 74/75:   9%|▊         | 14/164 [00:06\u003c00:56,  2.64it/s, loss=0.1418, acc=0.9554]\n"}
,{"stream_name":"stderr","time":5931.720866172,"data":"\r[cosine_anneal] Stage2 Epoch 74/75:   9%|▊         | 14/164 [00:06\u003c00:56,  2.64it/s, loss=0.1418, acc=0.9554]\r[cosine_anneal] Stage2 Epoch 74/75:   9%|▊         | 14/164 [00:06\u003c00:56,  2.64it/s, loss=0.1388, acc=0.9542]\n"}
,{"stream_name":"stderr","time":5931.721973318,"data":"\r[cosine_anneal] Stage2 Epoch 74/75:   9%|▊         | 14/164 [00:06\u003c00:56,  2.64it/s, loss=0.1388, acc=0.9542]\r[cosine_anneal] Stage2 Epoch 74/75:   9%|▉         | 15/164 [00:06\u003c00:56,  2.64it/s, loss=0.1388, acc=0.9542]\n"}
,{"stream_name":"stderr","time":5932.097033381,"data":"\r[cosine_anneal] Stage2 Epoch 74/75:   9%|▉         | 15/164 [00:06\u003c00:56,  2.64it/s, loss=0.1388, acc=0.9542]\r[cosine_anneal] Stage2 Epoch 74/75:   9%|▉         | 15/164 [00:06\u003c00:56,  2.64it/s, loss=0.1347, acc=0.9551]\n"}
,{"stream_name":"stderr","time":5932.098002517,"data":"\r[cosine_anneal] Stage2 Epoch 74/75:   9%|▉         | 15/164 [00:06\u003c00:56,  2.64it/s, loss=0.1347, acc=0.9551]\r[cosine_anneal] Stage2 Epoch 74/75:  10%|▉         | 16/164 [00:06\u003c00:55,  2.65it/s, loss=0.1347, acc=0.9551]\n"}
,{"stream_name":"stderr","time":5932.479415303,"data":"\r[cosine_anneal] Stage2 Epoch 74/75:  10%|▉         | 16/164 [00:06\u003c00:55,  2.65it/s, loss=0.1347, acc=0.9551]\r[cosine_anneal] Stage2 Epoch 74/75:  10%|▉         | 16/164 [00:07\u003c00:55,  2.65it/s, loss=0.1315, acc=0.9559]\n"}
,{"stream_name":"stderr","time":5932.481365085,"data":"\r[cosine_anneal] Stage2 Epoch 74/75:  10%|▉         | 16/164 [00:07\u003c00:55,  2.65it/s, loss=0.1315, acc=0.9559]\r[cosine_anneal] Stage2 Epoch 74/75:  10%|█         | 17/164 [00:07\u003c00:55,  2.64it/s, loss=0.1315, acc=0.9559]\n"}
,{"stream_name":"stderr","time":5932.863933676,"data":"\r[cosine_anneal] Stage2 Epoch 74/75:  10%|█         | 17/164 [00:07\u003c00:55,  2.64it/s, loss=0.1315, acc=0.9559]\r[cosine_anneal] Stage2 Epoch 74/75:  10%|█         | 17/164 [00:07\u003c00:55,  2.64it/s, loss=0.1386, acc=0.9531]\n"}
,{"stream_name":"stderr","time":5932.866692638,"data":"\r[cosine_anneal] Stage2 Epoch 74/75:  10%|█         | 17/164 [00:07\u003c00:55,  2.64it/s, loss=0.1386, acc=0.9531]\r[cosine_anneal] Stage2 Epoch 74/75:  11%|█         | 18/164 [00:07\u003c00:55,  2.63it/s, loss=0.1386, acc=0.9531]\n"}
,{"stream_name":"stderr","time":5933.246834759,"data":"\r[cosine_anneal] Stage2 Epoch 74/75:  11%|█         | 18/164 [00:07\u003c00:55,  2.63it/s, loss=0.1386, acc=0.9531]\r[cosine_anneal] Stage2 Epoch 74/75:  11%|█         | 18/164 [00:07\u003c00:55,  2.63it/s, loss=0.1318, acc=0.9556]\n"}
,{"stream_name":"stderr","time":5933.24770082,"data":"\r[cosine_anneal] Stage2 Epoch 74/75:  11%|█         | 18/164 [00:07\u003c00:55,  2.63it/s, loss=0.1318, acc=0.9556]\r[cosine_anneal] Stage2 Epoch 74/75:  12%|█▏        | 19/164 [00:07\u003c00:55,  2.62it/s, loss=0.1318, acc=0.9556]\n"}
,{"stream_name":"stderr","time":5933.623362289,"data":"\r[cosine_anneal] Stage2 Epoch 74/75:  12%|█▏        | 19/164 [00:07\u003c00:55,  2.62it/s, loss=0.1318, acc=0.9556]\r[cosine_anneal] Stage2 Epoch 74/75:  12%|█▏        | 19/164 [00:08\u003c00:55,  2.62it/s, loss=0.1270, acc=0.9578]\n"}
,{"stream_name":"stderr","time":5933.624445024,"data":"\r[cosine_anneal] Stage2 Epoch 74/75:  12%|█▏        | 19/164 [00:08\u003c00:55,  2.62it/s, loss=0.1270, acc=0.9578]\r[cosine_anneal] Stage2 Epoch 74/75:  12%|█▏        | 20/164 [00:08\u003c00:54,  2.63it/s, loss=0.1270, acc=0.9578]\n"}
,{"stream_name":"stderr","time":5934.000650575,"data":"\r[cosine_anneal] Stage2 Epoch 74/75:  12%|█▏        | 20/164 [00:08\u003c00:54,  2.63it/s, loss=0.1270, acc=0.9578]\r[cosine_anneal] Stage2 Epoch 74/75:  12%|█▏        | 20/164 [00:08\u003c00:54,  2.63it/s, loss=0.1273, acc=0.9583]\n"}
,{"stream_name":"stderr","time":5934.001605314,"data":"\r[cosine_anneal] Stage2 Epoch 74/75:  12%|█▏        | 20/164 [00:08\u003c00:54,  2.63it/s, loss=0.1273, acc=0.9583]\r[cosine_anneal] Stage2 Epoch 74/75:  13%|█▎        | 21/164 [00:08\u003c00:54,  2.64it/s, loss=0.1273, acc=0.9583]\n"}
,{"stream_name":"stderr","time":5934.38037975,"data":"\r[cosine_anneal] Stage2 Epoch 74/75:  13%|█▎        | 21/164 [00:08\u003c00:54,  2.64it/s, loss=0.1273, acc=0.9583]\r[cosine_anneal] Stage2 Epoch 74/75:  13%|█▎        | 21/164 [00:09\u003c00:54,  2.64it/s, loss=0.1224, acc=0.9602]\n"}
,{"stream_name":"stderr","time":5934.381502218,"data":"\r[cosine_anneal] Stage2 Epoch 74/75:  13%|█▎        | 21/164 [00:09\u003c00:54,  2.64it/s, loss=0.1224, acc=0.9602]\r[cosine_anneal] Stage2 Epoch 74/75:  13%|█▎        | 22/164 [00:09\u003c00:53,  2.64it/s, loss=0.1224, acc=0.9602]\n"}
,{"stream_name":"stderr","time":5934.75561499,"data":"\r[cosine_anneal] Stage2 Epoch 74/75:  13%|█▎        | 22/164 [00:09\u003c00:53,  2.64it/s, loss=0.1224, acc=0.9602]\r[cosine_anneal] Stage2 Epoch 74/75:  13%|█▎        | 22/164 [00:09\u003c00:53,  2.64it/s, loss=0.1212, acc=0.9606]\n"}
,{"stream_name":"stderr","time":5934.756190778,"data":"\r[cosine_anneal] Stage2 Epoch 74/75:  13%|█▎        | 22/164 [00:09\u003c00:53,  2.64it/s, loss=0.1212, acc=0.9606]\r[cosine_anneal] Stage2 Epoch 74/75:  14%|█▍        | 23/164 [00:09\u003c00:53,  2.65it/s, loss=0.1212, acc=0.9606]\n"}
,{"stream_name":"stderr","time":5935.134172512,"data":"\r[cosine_anneal] Stage2 Epoch 74/75:  14%|█▍        | 23/164 [00:09\u003c00:53,  2.65it/s, loss=0.1212, acc=0.9606]\r[cosine_anneal] Stage2 Epoch 74/75:  14%|█▍        | 23/164 [00:09\u003c00:53,  2.65it/s, loss=0.1176, acc=0.9622]\n"}
,{"stream_name":"stderr","time":5935.135278176,"data":"\r[cosine_anneal] Stage2 Epoch 74/75:  14%|█▍        | 23/164 [00:09\u003c00:53,  2.65it/s, loss=0.1176, acc=0.9622]\r[cosine_anneal] Stage2 Epoch 74/75:  15%|█▍        | 24/164 [00:09\u003c00:52,  2.64it/s, loss=0.1176, acc=0.9622]\n"}
,{"stream_name":"stderr","time":5935.513956615,"data":"\r[cosine_anneal] Stage2 Epoch 74/75:  15%|█▍        | 24/164 [00:09\u003c00:52,  2.64it/s, loss=0.1176, acc=0.9622]\r[cosine_anneal] Stage2 Epoch 74/75:  15%|█▍        | 24/164 [00:10\u003c00:52,  2.64it/s, loss=0.1166, acc=0.9613]\n"}
,{"stream_name":"stderr","time":5935.51515748,"data":"\r[cosine_anneal] Stage2 Epoch 74/75:  15%|█▍        | 24/164 [00:10\u003c00:52,  2.64it/s, loss=0.1166, acc=0.9613]\r[cosine_anneal] Stage2 Epoch 74/75:  15%|█▌        | 25/164 [00:10\u003c00:52,  2.64it/s, loss=0.1166, acc=0.9613]\n"}
,{"stream_name":"stderr","time":5935.886068387,"data":"\r[cosine_anneal] Stage2 Epoch 74/75:  15%|█▌        | 25/164 [00:10\u003c00:52,  2.64it/s, loss=0.1166, acc=0.9613]\r[cosine_anneal] Stage2 Epoch 74/75:  15%|█▌        | 25/164 [00:10\u003c00:52,  2.64it/s, loss=0.1168, acc=0.9615]\n"}
,{"stream_name":"stderr","time":5935.887471063,"data":"\r[cosine_anneal] Stage2 Epoch 74/75:  15%|█▌        | 25/164 [00:10\u003c00:52,  2.64it/s, loss=0.1168, acc=0.9615]\r[cosine_anneal] Stage2 Epoch 74/75:  16%|█▌        | 26/164 [00:10\u003c00:51,  2.65it/s, loss=0.1168, acc=0.9615]\n"}
,{"stream_name":"stderr","time":5936.264993779,"data":"\r[cosine_anneal] Stage2 Epoch 74/75:  16%|█▌        | 26/164 [00:10\u003c00:51,  2.65it/s, loss=0.1168, acc=0.9615]\r[cosine_anneal] Stage2 Epoch 74/75:  16%|█▌        | 26/164 [00:10\u003c00:51,  2.65it/s, loss=0.1169, acc=0.9618]\n"}
,{"stream_name":"stderr","time":5936.266119722,"data":"\r[cosine_anneal] Stage2 Epoch 74/75:  16%|█▌        | 26/164 [00:10\u003c00:51,  2.65it/s, loss=0.1169, acc=0.9618]\r[cosine_anneal] Stage2 Epoch 74/75:  16%|█▋        | 27/164 [00:10\u003c00:51,  2.65it/s, loss=0.1169, acc=0.9618]\n"}
,{"stream_name":"stderr","time":5936.64252252,"data":"\r[cosine_anneal] Stage2 Epoch 74/75:  16%|█▋        | 27/164 [00:10\u003c00:51,  2.65it/s, loss=0.1169, acc=0.9618]\r[cosine_anneal] Stage2 Epoch 74/75:  16%|█▋        | 27/164 [00:11\u003c00:51,  2.65it/s, loss=0.1196, acc=0.9598]\n"}
,{"stream_name":"stderr","time":5936.643020171,"data":"\r[cosine_anneal] Stage2 Epoch 74/75:  16%|█▋        | 27/164 [00:11\u003c00:51,  2.65it/s, loss=0.1196, acc=0.9598]\r[cosine_anneal] Stage2 Epoch 74/75:  17%|█▋        | 28/164 [00:11\u003c00:51,  2.65it/s, loss=0.1196, acc=0.9598]\n"}
,{"stream_name":"stderr","time":5937.018034976,"data":"\r[cosine_anneal] Stage2 Epoch 74/75:  17%|█▋        | 28/164 [00:11\u003c00:51,  2.65it/s, loss=0.1196, acc=0.9598]\r[cosine_anneal] Stage2 Epoch 74/75:  17%|█▋        | 28/164 [00:11\u003c00:51,  2.65it/s, loss=0.1158, acc=0.9612]\n"}
,{"stream_name":"stderr","time":5937.019576334,"data":"\r[cosine_anneal] Stage2 Epoch 74/75:  17%|█▋        | 28/164 [00:11\u003c00:51,  2.65it/s, loss=0.1158, acc=0.9612]\r[cosine_anneal] Stage2 Epoch 74/75:  18%|█▊        | 29/164 [00:11\u003c00:50,  2.65it/s, loss=0.1158, acc=0.9612]\n"}
,{"stream_name":"stderr","time":5937.39926668,"data":"\r[cosine_anneal] Stage2 Epoch 74/75:  18%|█▊        | 29/164 [00:11\u003c00:50,  2.65it/s, loss=0.1158, acc=0.9612]\r[cosine_anneal] Stage2 Epoch 74/75:  18%|█▊        | 29/164 [00:12\u003c00:50,  2.65it/s, loss=0.1161, acc=0.9604]\n"}
,{"stream_name":"stderr","time":5937.400600628,"data":"\r[cosine_anneal] Stage2 Epoch 74/75:  18%|█▊        | 29/164 [00:12\u003c00:50,  2.65it/s, loss=0.1161, acc=0.9604]\r[cosine_anneal] Stage2 Epoch 74/75:  18%|█▊        | 30/164 [00:12\u003c00:50,  2.64it/s, loss=0.1161, acc=0.9604]\n"}
,{"stream_name":"stderr","time":5937.773424168,"data":"\r[cosine_anneal] Stage2 Epoch 74/75:  18%|█▊        | 30/164 [00:12\u003c00:50,  2.64it/s, loss=0.1161, acc=0.9604]\r[cosine_anneal] Stage2 Epoch 74/75:  18%|█▊        | 30/164 [00:12\u003c00:50,  2.64it/s, loss=0.1143, acc=0.9607]\n"}
,{"stream_name":"stderr","time":5937.774250047,"data":"\r[cosine_anneal] Stage2 Epoch 74/75:  18%|█▊        | 30/164 [00:12\u003c00:50,  2.64it/s, loss=0.1143, acc=0.9607]\r[cosine_anneal] Stage2 Epoch 74/75:  19%|█▉        | 31/164 [00:12\u003c00:50,  2.65it/s, loss=0.1143, acc=0.9607]\n"}
,{"stream_name":"stderr","time":5938.1488649,"data":"\r[cosine_anneal] Stage2 Epoch 74/75:  19%|█▉        | 31/164 [00:12\u003c00:50,  2.65it/s, loss=0.1143, acc=0.9607]\r[cosine_anneal] Stage2 Epoch 74/75:  19%|█▉        | 31/164 [00:12\u003c00:50,  2.65it/s, loss=0.1109, acc=0.9619]\n"}
,{"stream_name":"stderr","time":5938.14962274,"data":"\r[cosine_anneal] Stage2 Epoch 74/75:  19%|█▉        | 31/164 [00:12\u003c00:50,  2.65it/s, loss=0.1109, acc=0.9619]\r[cosine_anneal] Stage2 Epoch 74/75:  20%|█▉        | 32/164 [00:12\u003c00:49,  2.66it/s, loss=0.1109, acc=0.9619]\n"}
,{"stream_name":"stderr","time":5938.521457399,"data":"\r[cosine_anneal] Stage2 Epoch 74/75:  20%|█▉        | 32/164 [00:12\u003c00:49,  2.66it/s, loss=0.1109, acc=0.9619]\r[cosine_anneal] Stage2 Epoch 74/75:  20%|█▉        | 32/164 [00:13\u003c00:49,  2.66it/s, loss=0.1139, acc=0.9612]\n"}
,{"stream_name":"stderr","time":5938.522355486,"data":"\r[cosine_anneal] Stage2 Epoch 74/75:  20%|█▉        | 32/164 [00:13\u003c00:49,  2.66it/s, loss=0.1139, acc=0.9612]\r[cosine_anneal] Stage2 Epoch 74/75:  20%|██        | 33/164 [00:13\u003c00:49,  2.66it/s, loss=0.1139, acc=0.9612]\n"}
,{"stream_name":"stderr","time":5938.89753846,"data":"\r[cosine_anneal] Stage2 Epoch 74/75:  20%|██        | 33/164 [00:13\u003c00:49,  2.66it/s, loss=0.1139, acc=0.9612]\r[cosine_anneal] Stage2 Epoch 74/75:  20%|██        | 33/164 [00:13\u003c00:49,  2.66it/s, loss=0.1161, acc=0.9605]\n"}
,{"stream_name":"stderr","time":5938.900650844,"data":"\r[cosine_anneal] Stage2 Epoch 74/75:  20%|██        | 33/164 [00:13\u003c00:49,  2.66it/s, loss=0.1161, acc=0.9605]\r[cosine_anneal] Stage2 Epoch 74/75:  21%|██        | 34/164 [00:13\u003c00:48,  2.66it/s, loss=0.1161, acc=0.9605]\n"}
,{"stream_name":"stderr","time":5939.276224228,"data":"\r[cosine_anneal] Stage2 Epoch 74/75:  21%|██        | 34/164 [00:13\u003c00:48,  2.66it/s, loss=0.1161, acc=0.9605]\r[cosine_anneal] Stage2 Epoch 74/75:  21%|██        | 34/164 [00:13\u003c00:48,  2.66it/s, loss=0.1157, acc=0.9607]\n"}
,{"stream_name":"stderr","time":5939.277166865,"data":"\r[cosine_anneal] Stage2 Epoch 74/75:  21%|██        | 34/164 [00:13\u003c00:48,  2.66it/s, loss=0.1157, acc=0.9607]\r[cosine_anneal] Stage2 Epoch 74/75:  21%|██▏       | 35/164 [00:13\u003c00:48,  2.66it/s, loss=0.1157, acc=0.9607]\n"}
,{"stream_name":"stderr","time":5939.651684282,"data":"\r[cosine_anneal] Stage2 Epoch 74/75:  21%|██▏       | 35/164 [00:13\u003c00:48,  2.66it/s, loss=0.1157, acc=0.9607]\r[cosine_anneal] Stage2 Epoch 74/75:  21%|██▏       | 35/164 [00:14\u003c00:48,  2.66it/s, loss=0.1128, acc=0.9618]\n"}
,{"stream_name":"stderr","time":5939.652808766,"data":"\r[cosine_anneal] Stage2 Epoch 74/75:  21%|██▏       | 35/164 [00:14\u003c00:48,  2.66it/s, loss=0.1128, acc=0.9618]\r[cosine_anneal] Stage2 Epoch 74/75:  22%|██▏       | 36/164 [00:14\u003c00:48,  2.66it/s, loss=0.1128, acc=0.9618]\n"}
,{"stream_name":"stderr","time":5940.032793106,"data":"\r[cosine_anneal] Stage2 Epoch 74/75:  22%|██▏       | 36/164 [00:14\u003c00:48,  2.66it/s, loss=0.1128, acc=0.9618]\r[cosine_anneal] Stage2 Epoch 74/75:  22%|██▏       | 36/164 [00:14\u003c00:48,  2.66it/s, loss=0.1113, acc=0.9628]\n"}
,{"stream_name":"stderr","time":5940.033652071,"data":"\r[cosine_anneal] Stage2 Epoch 74/75:  22%|██▏       | 36/164 [00:14\u003c00:48,  2.66it/s, loss=0.1113, acc=0.9628]\r[cosine_anneal] Stage2 Epoch 74/75:  23%|██▎       | 37/164 [00:14\u003c00:47,  2.65it/s, loss=0.1113, acc=0.9628]\n"}
,{"stream_name":"stderr","time":5940.416239531,"data":"\r[cosine_anneal] Stage2 Epoch 74/75:  23%|██▎       | 37/164 [00:14\u003c00:47,  2.65it/s, loss=0.1113, acc=0.9628]\r[cosine_anneal] Stage2 Epoch 74/75:  23%|██▎       | 37/164 [00:15\u003c00:47,  2.65it/s, loss=0.1113, acc=0.9622]\n"}
,{"stream_name":"stderr","time":5940.418153021,"data":"\r[cosine_anneal] Stage2 Epoch 74/75:  23%|██▎       | 37/164 [00:15\u003c00:47,  2.65it/s, loss=0.1113, acc=0.9622]\r[cosine_anneal] Stage2 Epoch 74/75:  23%|██▎       | 38/164 [00:15\u003c00:47,  2.63it/s, loss=0.1113, acc=0.9622]\n"}
,{"stream_name":"stderr","time":5940.792461067,"data":"\r[cosine_anneal] Stage2 Epoch 74/75:  23%|██▎       | 38/164 [00:15\u003c00:47,  2.63it/s, loss=0.1113, acc=0.9622]\r[cosine_anneal] Stage2 Epoch 74/75:  23%|██▎       | 38/164 [00:15\u003c00:47,  2.63it/s, loss=0.1140, acc=0.9599]\n"}
,{"stream_name":"stderr","time":5940.794812468,"data":"\r[cosine_anneal] Stage2 Epoch 74/75:  23%|██▎       | 38/164 [00:15\u003c00:47,  2.63it/s, loss=0.1140, acc=0.9599]\r[cosine_anneal] Stage2 Epoch 74/75:  24%|██▍       | 39/164 [00:15\u003c00:47,  2.64it/s, loss=0.1140, acc=0.9599]\n"}
,{"stream_name":"stderr","time":5941.172190241,"data":"\r[cosine_anneal] Stage2 Epoch 74/75:  24%|██▍       | 39/164 [00:15\u003c00:47,  2.64it/s, loss=0.1140, acc=0.9599]\r[cosine_anneal] Stage2 Epoch 74/75:  24%|██▍       | 39/164 [00:15\u003c00:47,  2.64it/s, loss=0.1143, acc=0.9602]\n"}
,{"stream_name":"stderr","time":5941.174339795,"data":"\r[cosine_anneal] Stage2 Epoch 74/75:  24%|██▍       | 39/164 [00:15\u003c00:47,  2.64it/s, loss=0.1143, acc=0.9602]\r[cosine_anneal] Stage2 Epoch 74/75:  24%|██▍       | 40/164 [00:15\u003c00:46,  2.64it/s, loss=0.1143, acc=0.9602]\n"}
,{"stream_name":"stderr","time":5941.551680936,"data":"\r[cosine_anneal] Stage2 Epoch 74/75:  24%|██▍       | 40/164 [00:15\u003c00:46,  2.64it/s, loss=0.1143, acc=0.9602]\r[cosine_anneal] Stage2 Epoch 74/75:  24%|██▍       | 40/164 [00:16\u003c00:46,  2.64it/s, loss=0.1157, acc=0.9596]\n"}
,{"stream_name":"stderr","time":5941.552721064,"data":"\r[cosine_anneal] Stage2 Epoch 74/75:  24%|██▍       | 40/164 [00:16\u003c00:46,  2.64it/s, loss=0.1157, acc=0.9596]\r[cosine_anneal] Stage2 Epoch 74/75:  25%|██▌       | 41/164 [00:16\u003c00:46,  2.64it/s, loss=0.1157, acc=0.9596]\n"}
,{"stream_name":"stderr","time":5941.92503654,"data":"\r[cosine_anneal] Stage2 Epoch 74/75:  25%|██▌       | 41/164 [00:16\u003c00:46,  2.64it/s, loss=0.1157, acc=0.9596]\r[cosine_anneal] Stage2 Epoch 74/75:  25%|██▌       | 41/164 [00:16\u003c00:46,  2.64it/s, loss=0.1146, acc=0.9598]\n"}
,{"stream_name":"stderr","time":5941.925973,"data":"\r[cosine_anneal] Stage2 Epoch 74/75:  25%|██▌       | 41/164 [00:16\u003c00:46,  2.64it/s, loss=0.1146, acc=0.9598]\r[cosine_anneal] Stage2 Epoch 74/75:  26%|██▌       | 42/164 [00:16\u003c00:46,  2.65it/s, loss=0.1146, acc=0.9598]\n"}
,{"stream_name":"stderr","time":5942.305456587,"data":"\r[cosine_anneal] Stage2 Epoch 74/75:  26%|██▌       | 42/164 [00:16\u003c00:46,  2.65it/s, loss=0.1146, acc=0.9598]\r[cosine_anneal] Stage2 Epoch 74/75:  26%|██▌       | 42/164 [00:17\u003c00:46,  2.65it/s, loss=0.1122, acc=0.9608]\n"}
,{"stream_name":"stderr","time":5942.306593546,"data":"\r[cosine_anneal] Stage2 Epoch 74/75:  26%|██▌       | 42/164 [00:17\u003c00:46,  2.65it/s, loss=0.1122, acc=0.9608]\r[cosine_anneal] Stage2 Epoch 74/75:  26%|██▌       | 43/164 [00:17\u003c00:45,  2.64it/s, loss=0.1122, acc=0.9608]\n"}
,{"stream_name":"stderr","time":5942.686058588,"data":"\r[cosine_anneal] Stage2 Epoch 74/75:  26%|██▌       | 43/164 [00:17\u003c00:45,  2.64it/s, loss=0.1122, acc=0.9608]\r[cosine_anneal] Stage2 Epoch 74/75:  26%|██▌       | 43/164 [00:17\u003c00:45,  2.64it/s, loss=0.1097, acc=0.9616]\n"}
,{"stream_name":"stderr","time":5942.687471223,"data":"\r[cosine_anneal] Stage2 Epoch 74/75:  26%|██▌       | 43/164 [00:17\u003c00:45,  2.64it/s, loss=0.1097, acc=0.9616]\r[cosine_anneal] Stage2 Epoch 74/75:  27%|██▋       | 44/164 [00:17\u003c00:45,  2.64it/s, loss=0.1097, acc=0.9616]\n"}
,{"stream_name":"stderr","time":5943.060186152,"data":"\r[cosine_anneal] Stage2 Epoch 74/75:  27%|██▋       | 44/164 [00:17\u003c00:45,  2.64it/s, loss=0.1097, acc=0.9616]\r[cosine_anneal] Stage2 Epoch 74/75:  27%|██▋       | 44/164 [00:17\u003c00:45,  2.64it/s, loss=0.1073, acc=0.9625]\n"}
,{"stream_name":"stderr","time":5943.061200833,"data":"\r[cosine_anneal] Stage2 Epoch 74/75:  27%|██▋       | 44/164 [00:17\u003c00:45,  2.64it/s, loss=0.1073, acc=0.9625]\r[cosine_anneal] Stage2 Epoch 74/75:  27%|██▋       | 45/164 [00:17\u003c00:44,  2.65it/s, loss=0.1073, acc=0.9625]\n"}
,{"stream_name":"stderr","time":5943.438536491,"data":"\r[cosine_anneal] Stage2 Epoch 74/75:  27%|██▋       | 45/164 [00:17\u003c00:44,  2.65it/s, loss=0.1073, acc=0.9625]\r[cosine_anneal] Stage2 Epoch 74/75:  27%|██▋       | 45/164 [00:18\u003c00:44,  2.65it/s, loss=0.1086, acc=0.9620]\n"}
,{"stream_name":"stderr","time":5943.43857391,"data":"\r[cosine_anneal] Stage2 Epoch 74/75:  27%|██▋       | 45/164 [00:18\u003c00:44,  2.65it/s, loss=0.1086, acc=0.9620]\r[cosine_anneal] Stage2 Epoch 74/75:  28%|██▊       | 46/164 [00:18\u003c00:44,  2.65it/s, loss=0.1086, acc=0.9620]\n"}
,{"stream_name":"stderr","time":5943.821025478,"data":"\r[cosine_anneal] Stage2 Epoch 74/75:  28%|██▊       | 46/164 [00:18\u003c00:44,  2.65it/s, loss=0.1086, acc=0.9620]\r[cosine_anneal] Stage2 Epoch 74/75:  28%|██▊       | 46/164 [00:18\u003c00:44,  2.65it/s, loss=0.1087, acc=0.9621]\n"}
,{"stream_name":"stderr","time":5943.823056652,"data":"\r[cosine_anneal] Stage2 Epoch 74/75:  28%|██▊       | 46/164 [00:18\u003c00:44,  2.65it/s, loss=0.1087, acc=0.9621]\r[cosine_anneal] Stage2 Epoch 74/75:  29%|██▊       | 47/164 [00:18\u003c00:44,  2.64it/s, loss=0.1087, acc=0.9621]\n"}
,{"stream_name":"stderr","time":5944.196288406,"data":"\r[cosine_anneal] Stage2 Epoch 74/75:  29%|██▊       | 47/164 [00:18\u003c00:44,  2.64it/s, loss=0.1087, acc=0.9621]\r[cosine_anneal] Stage2 Epoch 74/75:  29%|██▊       | 47/164 [00:18\u003c00:44,  2.64it/s, loss=0.1142, acc=0.9603]\n"}
,{"stream_name":"stderr","time":5944.197625062,"data":"\r[cosine_anneal] Stage2 Epoch 74/75:  29%|██▊       | 47/164 [00:18\u003c00:44,  2.64it/s, loss=0.1142, acc=0.9603]\r[cosine_anneal] Stage2 Epoch 74/75:  29%|██▉       | 48/164 [00:18\u003c00:43,  2.64it/s, loss=0.1142, acc=0.9603]\n"}
,{"stream_name":"stderr","time":5944.57454517,"data":"\r[cosine_anneal] Stage2 Epoch 74/75:  29%|██▉       | 48/164 [00:18\u003c00:43,  2.64it/s, loss=0.1142, acc=0.9603]\r[cosine_anneal] Stage2 Epoch 74/75:  29%|██▉       | 48/164 [00:19\u003c00:43,  2.64it/s, loss=0.1159, acc=0.9598]\n"}
,{"stream_name":"stderr","time":5944.575456527,"data":"\r[cosine_anneal] Stage2 Epoch 74/75:  29%|██▉       | 48/164 [00:19\u003c00:43,  2.64it/s, loss=0.1159, acc=0.9598]\r[cosine_anneal] Stage2 Epoch 74/75:  30%|██▉       | 49/164 [00:19\u003c00:43,  2.64it/s, loss=0.1159, acc=0.9598]\n"}
,{"stream_name":"stderr","time":5944.953715867,"data":"\r[cosine_anneal] Stage2 Epoch 74/75:  30%|██▉       | 49/164 [00:19\u003c00:43,  2.64it/s, loss=0.1159, acc=0.9598]\r[cosine_anneal] Stage2 Epoch 74/75:  30%|██▉       | 49/164 [00:19\u003c00:43,  2.64it/s, loss=0.1152, acc=0.9606]\n"}
,{"stream_name":"stderr","time":5944.954658997,"data":"\r[cosine_anneal] Stage2 Epoch 74/75:  30%|██▉       | 49/164 [00:19\u003c00:43,  2.64it/s, loss=0.1152, acc=0.9606]\r[cosine_anneal] Stage2 Epoch 74/75:  30%|███       | 50/164 [00:19\u003c00:43,  2.64it/s, loss=0.1152, acc=0.9606]\n"}
,{"stream_name":"stderr","time":5945.325465592,"data":"\r[cosine_anneal] Stage2 Epoch 74/75:  30%|███       | 50/164 [00:19\u003c00:43,  2.64it/s, loss=0.1152, acc=0.9606]\r[cosine_anneal] Stage2 Epoch 74/75:  30%|███       | 50/164 [00:20\u003c00:43,  2.64it/s, loss=0.1203, acc=0.9589]\n"}
,{"stream_name":"stderr","time":5945.326634217,"data":"\r[cosine_anneal] Stage2 Epoch 74/75:  30%|███       | 50/164 [00:20\u003c00:43,  2.64it/s, loss=0.1203, acc=0.9589]\r[cosine_anneal] Stage2 Epoch 74/75:  31%|███       | 51/164 [00:20\u003c00:42,  2.66it/s, loss=0.1203, acc=0.9589]\n"}
,{"stream_name":"stderr","time":5945.705223217,"data":"\r[cosine_anneal] Stage2 Epoch 74/75:  31%|███       | 51/164 [00:20\u003c00:42,  2.66it/s, loss=0.1203, acc=0.9589]\r[cosine_anneal] Stage2 Epoch 74/75:  31%|███       | 51/164 [00:20\u003c00:42,  2.66it/s, loss=0.1205, acc=0.9591]\n"}
,{"stream_name":"stderr","time":5945.70616187,"data":"\r[cosine_anneal] Stage2 Epoch 74/75:  31%|███       | 51/164 [00:20\u003c00:42,  2.66it/s, loss=0.1205, acc=0.9591]\r[cosine_anneal] Stage2 Epoch 74/75:  32%|███▏      | 52/164 [00:20\u003c00:42,  2.65it/s, loss=0.1205, acc=0.9591]\n"}
,{"stream_name":"stderr","time":5946.07814221,"data":"\r[cosine_anneal] Stage2 Epoch 74/75:  32%|███▏      | 52/164 [00:20\u003c00:42,  2.65it/s, loss=0.1205, acc=0.9591]\r[cosine_anneal] Stage2 Epoch 74/75:  32%|███▏      | 52/164 [00:20\u003c00:42,  2.65it/s, loss=0.1200, acc=0.9593]\n"}
,{"stream_name":"stderr","time":5946.079450223,"data":"\r[cosine_anneal] Stage2 Epoch 74/75:  32%|███▏      | 52/164 [00:20\u003c00:42,  2.65it/s, loss=0.1200, acc=0.9593]\r[cosine_anneal] Stage2 Epoch 74/75:  32%|███▏      | 53/164 [00:20\u003c00:41,  2.66it/s, loss=0.1200, acc=0.9593]\n"}
,{"stream_name":"stderr","time":5946.456675488,"data":"\r[cosine_anneal] Stage2 Epoch 74/75:  32%|███▏      | 53/164 [00:20\u003c00:41,  2.66it/s, loss=0.1200, acc=0.9593]\r[cosine_anneal] Stage2 Epoch 74/75:  32%|███▏      | 53/164 [00:21\u003c00:41,  2.66it/s, loss=0.1233, acc=0.9578]\n"}
,{"stream_name":"stderr","time":5946.457629998,"data":"\r[cosine_anneal] Stage2 Epoch 74/75:  32%|███▏      | 53/164 [00:21\u003c00:41,  2.66it/s, loss=0.1233, acc=0.9578]\r[cosine_anneal] Stage2 Epoch 74/75:  33%|███▎      | 54/164 [00:21\u003c00:41,  2.65it/s, loss=0.1233, acc=0.9578]\n"}
,{"stream_name":"stderr","time":5946.837006989,"data":"\r[cosine_anneal] Stage2 Epoch 74/75:  33%|███▎      | 54/164 [00:21\u003c00:41,  2.65it/s, loss=0.1233, acc=0.9578]\r[cosine_anneal] Stage2 Epoch 74/75:  33%|███▎      | 54/164 [00:21\u003c00:41,  2.65it/s, loss=0.1230, acc=0.9580]\n"}
,{"stream_name":"stderr","time":5946.838044419,"data":"\r[cosine_anneal] Stage2 Epoch 74/75:  33%|███▎      | 54/164 [00:21\u003c00:41,  2.65it/s, loss=0.1230, acc=0.9580]\r[cosine_anneal] Stage2 Epoch 74/75:  34%|███▎      | 55/164 [00:21\u003c00:41,  2.65it/s, loss=0.1230, acc=0.9580]\n"}
,{"stream_name":"stderr","time":5947.20949607,"data":"\r[cosine_anneal] Stage2 Epoch 74/75:  34%|███▎      | 55/164 [00:21\u003c00:41,  2.65it/s, loss=0.1230, acc=0.9580]\r[cosine_anneal] Stage2 Epoch 74/75:  34%|███▎      | 55/164 [00:21\u003c00:41,  2.65it/s, loss=0.1211, acc=0.9587]\n"}
,{"stream_name":"stderr","time":5947.212510852,"data":"\r[cosine_anneal] Stage2 Epoch 74/75:  34%|███▎      | 55/164 [00:21\u003c00:41,  2.65it/s, loss=0.1211, acc=0.9587]\r[cosine_anneal] Stage2 Epoch 74/75:  34%|███▍      | 56/164 [00:21\u003c00:40,  2.66it/s, loss=0.1211, acc=0.9587]\n"}
,{"stream_name":"stderr","time":5947.590884535,"data":"\r[cosine_anneal] Stage2 Epoch 74/75:  34%|███▍      | 56/164 [00:21\u003c00:40,  2.66it/s, loss=0.1211, acc=0.9587]\r[cosine_anneal] Stage2 Epoch 74/75:  34%|███▍      | 56/164 [00:22\u003c00:40,  2.66it/s, loss=0.1194, acc=0.9594]\n"}
,{"stream_name":"stderr","time":5947.592693392,"data":"\r[cosine_anneal] Stage2 Epoch 74/75:  34%|███▍      | 56/164 [00:22\u003c00:40,  2.66it/s, loss=0.1194, acc=0.9594]\r[cosine_anneal] Stage2 Epoch 74/75:  35%|███▍      | 57/164 [00:22\u003c00:40,  2.65it/s, loss=0.1194, acc=0.9594]\n"}
,{"stream_name":"stderr","time":5947.969338549,"data":"\r[cosine_anneal] Stage2 Epoch 74/75:  35%|███▍      | 57/164 [00:22\u003c00:40,  2.65it/s, loss=0.1194, acc=0.9594]\r[cosine_anneal] Stage2 Epoch 74/75:  35%|███▍      | 57/164 [00:22\u003c00:40,  2.65it/s, loss=0.1177, acc=0.9601]\n"}
,{"stream_name":"stderr","time":5947.970186333,"data":"\r[cosine_anneal] Stage2 Epoch 74/75:  35%|███▍      | 57/164 [00:22\u003c00:40,  2.65it/s, loss=0.1177, acc=0.9601]\r[cosine_anneal] Stage2 Epoch 74/75:  35%|███▌      | 58/164 [00:22\u003c00:40,  2.64it/s, loss=0.1177, acc=0.9601]\n"}
,{"stream_name":"stderr","time":5948.344031764,"data":"\r[cosine_anneal] Stage2 Epoch 74/75:  35%|███▌      | 58/164 [00:22\u003c00:40,  2.64it/s, loss=0.1177, acc=0.9601]\r[cosine_anneal] Stage2 Epoch 74/75:  35%|███▌      | 58/164 [00:23\u003c00:40,  2.64it/s, loss=0.1199, acc=0.9603]\n"}
,{"stream_name":"stderr","time":5948.345016487,"data":"\r[cosine_anneal] Stage2 Epoch 74/75:  35%|███▌      | 58/164 [00:23\u003c00:40,  2.64it/s, loss=0.1199, acc=0.9603]\r[cosine_anneal] Stage2 Epoch 74/75:  36%|███▌      | 59/164 [00:23\u003c00:39,  2.65it/s, loss=0.1199, acc=0.9603]\n"}
,{"stream_name":"stderr","time":5948.722380267,"data":"\r[cosine_anneal] Stage2 Epoch 74/75:  36%|███▌      | 59/164 [00:23\u003c00:39,  2.65it/s, loss=0.1199, acc=0.9603]\r[cosine_anneal] Stage2 Epoch 74/75:  36%|███▌      | 59/164 [00:23\u003c00:39,  2.65it/s, loss=0.1190, acc=0.9604]\n"}
,{"stream_name":"stderr","time":5948.722697408,"data":"\r[cosine_anneal] Stage2 Epoch 74/75:  36%|███▌      | 59/164 [00:23\u003c00:39,  2.65it/s, loss=0.1190, acc=0.9604]\r[cosine_anneal] Stage2 Epoch 74/75:  37%|███▋      | 60/164 [00:23\u003c00:39,  2.65it/s, loss=0.1190, acc=0.9604]\n"}
,{"stream_name":"stderr","time":5949.093569023,"data":"\r[cosine_anneal] Stage2 Epoch 74/75:  37%|███▋      | 60/164 [00:23\u003c00:39,  2.65it/s, loss=0.1190, acc=0.9604]\r[cosine_anneal] Stage2 Epoch 74/75:  37%|███▋      | 60/164 [00:23\u003c00:39,  2.65it/s, loss=0.1194, acc=0.9606]\n"}
,{"stream_name":"stderr","time":5949.094592202,"data":"\r[cosine_anneal] Stage2 Epoch 74/75:  37%|███▋      | 60/164 [00:23\u003c00:39,  2.65it/s, loss=0.1194, acc=0.9606]\r[cosine_anneal] Stage2 Epoch 74/75:  37%|███▋      | 61/164 [00:23\u003c00:38,  2.66it/s, loss=0.1194, acc=0.9606]\n"}
,{"stream_name":"stderr","time":5949.471654043,"data":"\r[cosine_anneal] Stage2 Epoch 74/75:  37%|███▋      | 61/164 [00:23\u003c00:38,  2.66it/s, loss=0.1194, acc=0.9606]\r[cosine_anneal] Stage2 Epoch 74/75:  37%|███▋      | 61/164 [00:24\u003c00:38,  2.66it/s, loss=0.1180, acc=0.9607]\n"}
,{"stream_name":"stderr","time":5949.473488421,"data":"\r[cosine_anneal] Stage2 Epoch 74/75:  37%|███▋      | 61/164 [00:24\u003c00:38,  2.66it/s, loss=0.1180, acc=0.9607]\r[cosine_anneal] Stage2 Epoch 74/75:  38%|███▊      | 62/164 [00:24\u003c00:38,  2.66it/s, loss=0.1180, acc=0.9607]\n"}
,{"stream_name":"stderr","time":5949.841031429,"data":"\r[cosine_anneal] Stage2 Epoch 74/75:  38%|███▊      | 62/164 [00:24\u003c00:38,  2.66it/s, loss=0.1180, acc=0.9607]\r[cosine_anneal] Stage2 Epoch 74/75:  38%|███▊      | 62/164 [00:24\u003c00:38,  2.66it/s, loss=0.1165, acc=0.9613]\n"}
,{"stream_name":"stderr","time":5949.84205906,"data":"\r[cosine_anneal] Stage2 Epoch 74/75:  38%|███▊      | 62/164 [00:24\u003c00:38,  2.66it/s, loss=0.1165, acc=0.9613]\r[cosine_anneal] Stage2 Epoch 74/75:  38%|███▊      | 63/164 [00:24\u003c00:37,  2.67it/s, loss=0.1165, acc=0.9613]\n"}
,{"stream_name":"stderr","time":5950.220439072,"data":"\r[cosine_anneal] Stage2 Epoch 74/75:  38%|███▊      | 63/164 [00:24\u003c00:37,  2.67it/s, loss=0.1165, acc=0.9613]\r[cosine_anneal] Stage2 Epoch 74/75:  38%|███▊      | 63/164 [00:24\u003c00:37,  2.67it/s, loss=0.1156, acc=0.9619]\n"}
,{"stream_name":"stderr","time":5950.222265528,"data":"\r[cosine_anneal] Stage2 Epoch 74/75:  38%|███▊      | 63/164 [00:24\u003c00:37,  2.67it/s, loss=0.1156, acc=0.9619]\r[cosine_anneal] Stage2 Epoch 74/75:  39%|███▉      | 64/164 [00:24\u003c00:37,  2.66it/s, loss=0.1156, acc=0.9619]\n"}
,{"stream_name":"stderr","time":5950.599022013,"data":"\r[cosine_anneal] Stage2 Epoch 74/75:  39%|███▉      | 64/164 [00:24\u003c00:37,  2.66it/s, loss=0.1156, acc=0.9619]\r[cosine_anneal] Stage2 Epoch 74/75:  39%|███▉      | 64/164 [00:25\u003c00:37,  2.66it/s, loss=0.1145, acc=0.9620]\n"}
,{"stream_name":"stderr","time":5950.600849906,"data":"\r[cosine_anneal] Stage2 Epoch 74/75:  39%|███▉      | 64/164 [00:25\u003c00:37,  2.66it/s, loss=0.1145, acc=0.9620]\r[cosine_anneal] Stage2 Epoch 74/75:  40%|███▉      | 65/164 [00:25\u003c00:37,  2.66it/s, loss=0.1145, acc=0.9620]\n"}
,{"stream_name":"stderr","time":5950.975347511,"data":"\r[cosine_anneal] Stage2 Epoch 74/75:  40%|███▉      | 65/164 [00:25\u003c00:37,  2.66it/s, loss=0.1145, acc=0.9620]\r[cosine_anneal] Stage2 Epoch 74/75:  40%|███▉      | 65/164 [00:25\u003c00:37,  2.66it/s, loss=0.1130, acc=0.9626]\n"}
,{"stream_name":"stderr","time":5950.977543655,"data":"\r[cosine_anneal] Stage2 Epoch 74/75:  40%|███▉      | 65/164 [00:25\u003c00:37,  2.66it/s, loss=0.1130, acc=0.9626]\r[cosine_anneal] Stage2 Epoch 74/75:  40%|████      | 66/164 [00:25\u003c00:36,  2.66it/s, loss=0.1130, acc=0.9626]\n"}
,{"stream_name":"stderr","time":5951.354085609,"data":"\r[cosine_anneal] Stage2 Epoch 74/75:  40%|████      | 66/164 [00:25\u003c00:36,  2.66it/s, loss=0.1130, acc=0.9626]\r[cosine_anneal] Stage2 Epoch 74/75:  40%|████      | 66/164 [00:26\u003c00:36,  2.66it/s, loss=0.1144, acc=0.9622]\n"}
,{"stream_name":"stderr","time":5951.355156044,"data":"\r[cosine_anneal] Stage2 Epoch 74/75:  40%|████      | 66/164 [00:26\u003c00:36,  2.66it/s, loss=0.1144, acc=0.9622]\r[cosine_anneal] Stage2 Epoch 74/75:  41%|████      | 67/164 [00:26\u003c00:36,  2.65it/s, loss=0.1144, acc=0.9622]\n"}
,{"stream_name":"stderr","time":5951.72574046,"data":"\r[cosine_anneal] Stage2 Epoch 74/75:  41%|████      | 67/164 [00:26\u003c00:36,  2.65it/s, loss=0.1144, acc=0.9622]\r[cosine_anneal] Stage2 Epoch 74/75:  41%|████      | 67/164 [00:26\u003c00:36,  2.65it/s, loss=0.1142, acc=0.9623]\n"}
,{"stream_name":"stderr","time":5951.726734256,"data":"\r[cosine_anneal] Stage2 Epoch 74/75:  41%|████      | 67/164 [00:26\u003c00:36,  2.65it/s, loss=0.1142, acc=0.9623]\r[cosine_anneal] Stage2 Epoch 74/75:  41%|████▏     | 68/164 [00:26\u003c00:36,  2.66it/s, loss=0.1142, acc=0.9623]\n"}
,{"stream_name":"stderr","time":5952.105312908,"data":"\r[cosine_anneal] Stage2 Epoch 74/75:  41%|████▏     | 68/164 [00:26\u003c00:36,  2.66it/s, loss=0.1142, acc=0.9623]\r[cosine_anneal] Stage2 Epoch 74/75:  41%|████▏     | 68/164 [00:26\u003c00:36,  2.66it/s, loss=0.1136, acc=0.9624]\n"}
,{"stream_name":"stderr","time":5952.106550241,"data":"\r[cosine_anneal] Stage2 Epoch 74/75:  41%|████▏     | 68/164 [00:26\u003c00:36,  2.66it/s, loss=0.1136, acc=0.9624]\r[cosine_anneal] Stage2 Epoch 74/75:  42%|████▏     | 69/164 [00:26\u003c00:35,  2.65it/s, loss=0.1136, acc=0.9624]\n"}
,{"stream_name":"stderr","time":5952.47814206,"data":"\r[cosine_anneal] Stage2 Epoch 74/75:  42%|████▏     | 69/164 [00:26\u003c00:35,  2.65it/s, loss=0.1136, acc=0.9624]\r[cosine_anneal] Stage2 Epoch 74/75:  42%|████▏     | 69/164 [00:27\u003c00:35,  2.65it/s, loss=0.1143, acc=0.9621]\n"}
,{"stream_name":"stderr","time":5952.479153256,"data":"\r[cosine_anneal] Stage2 Epoch 74/75:  42%|████▏     | 69/164 [00:27\u003c00:35,  2.65it/s, loss=0.1143, acc=0.9621]\r[cosine_anneal] Stage2 Epoch 74/75:  43%|████▎     | 70/164 [00:27\u003c00:35,  2.66it/s, loss=0.1143, acc=0.9621]\n"}
,{"stream_name":"stderr","time":5952.853588373,"data":"\r[cosine_anneal] Stage2 Epoch 74/75:  43%|████▎     | 70/164 [00:27\u003c00:35,  2.66it/s, loss=0.1143, acc=0.9621]\r[cosine_anneal] Stage2 Epoch 74/75:  43%|████▎     | 70/164 [00:27\u003c00:35,  2.66it/s, loss=0.1144, acc=0.9617]\n"}
,{"stream_name":"stderr","time":5952.85455941,"data":"\r[cosine_anneal] Stage2 Epoch 74/75:  43%|████▎     | 70/164 [00:27\u003c00:35,  2.66it/s, loss=0.1144, acc=0.9617]\r[cosine_anneal] Stage2 Epoch 74/75:  43%|████▎     | 71/164 [00:27\u003c00:34,  2.66it/s, loss=0.1144, acc=0.9617]\n"}
,{"stream_name":"stderr","time":5953.227885585,"data":"\r[cosine_anneal] Stage2 Epoch 74/75:  43%|████▎     | 71/164 [00:27\u003c00:34,  2.66it/s, loss=0.1144, acc=0.9617]\r[cosine_anneal] Stage2 Epoch 74/75:  43%|████▎     | 71/164 [00:27\u003c00:34,  2.66it/s, loss=0.1141, acc=0.9618]\n"}
,{"stream_name":"stderr","time":5953.228761316,"data":"\r[cosine_anneal] Stage2 Epoch 74/75:  43%|████▎     | 71/164 [00:27\u003c00:34,  2.66it/s, loss=0.1141, acc=0.9618]\r[cosine_anneal] Stage2 Epoch 74/75:  44%|████▍     | 72/164 [00:27\u003c00:34,  2.67it/s, loss=0.1141, acc=0.9618]\n"}
,{"stream_name":"stderr","time":5953.603528828,"data":"\r[cosine_anneal] Stage2 Epoch 74/75:  44%|████▍     | 72/164 [00:27\u003c00:34,  2.67it/s, loss=0.1141, acc=0.9618]\r[cosine_anneal] Stage2 Epoch 74/75:  44%|████▍     | 72/164 [00:28\u003c00:34,  2.67it/s, loss=0.1134, acc=0.9623]\n"}
,{"stream_name":"stderr","time":5953.604440359,"data":"\r[cosine_anneal] Stage2 Epoch 74/75:  44%|████▍     | 72/164 [00:28\u003c00:34,  2.67it/s, loss=0.1134, acc=0.9623]\r[cosine_anneal] Stage2 Epoch 74/75:  45%|████▍     | 73/164 [00:28\u003c00:34,  2.66it/s, loss=0.1134, acc=0.9623]\n"}
,{"stream_name":"stderr","time":5953.977410652,"data":"\r[cosine_anneal] Stage2 Epoch 74/75:  45%|████▍     | 73/164 [00:28\u003c00:34,  2.66it/s, loss=0.1134, acc=0.9623]\r[cosine_anneal] Stage2 Epoch 74/75:  45%|████▍     | 73/164 [00:28\u003c00:34,  2.66it/s, loss=0.1146, acc=0.9620]\n"}
,{"stream_name":"stderr","time":5953.97852935,"data":"\r[cosine_anneal] Stage2 Epoch 74/75:  45%|████▍     | 73/164 [00:28\u003c00:34,  2.66it/s, loss=0.1146, acc=0.9620]\r[cosine_anneal] Stage2 Epoch 74/75:  45%|████▌     | 74/164 [00:28\u003c00:33,  2.67it/s, loss=0.1146, acc=0.9620]\n"}
,{"stream_name":"stderr","time":5954.352986842,"data":"\r[cosine_anneal] Stage2 Epoch 74/75:  45%|████▌     | 74/164 [00:28\u003c00:33,  2.67it/s, loss=0.1146, acc=0.9620]\r[cosine_anneal] Stage2 Epoch 74/75:  45%|████▌     | 74/164 [00:29\u003c00:33,  2.67it/s, loss=0.1134, acc=0.9625]\n"}
,{"stream_name":"stderr","time":5954.355347523,"data":"\r[cosine_anneal] Stage2 Epoch 74/75:  45%|████▌     | 74/164 [00:29\u003c00:33,  2.67it/s, loss=0.1134, acc=0.9625]\r[cosine_anneal] Stage2 Epoch 74/75:  46%|████▌     | 75/164 [00:29\u003c00:33,  2.66it/s, loss=0.1134, acc=0.9625]\n"}
,{"stream_name":"stderr","time":5954.732080698,"data":"\r[cosine_anneal] Stage2 Epoch 74/75:  46%|████▌     | 75/164 [00:29\u003c00:33,  2.66it/s, loss=0.1134, acc=0.9625]\r[cosine_anneal] Stage2 Epoch 74/75:  46%|████▌     | 75/164 [00:29\u003c00:33,  2.66it/s, loss=0.1151, acc=0.9613]\n"}
,{"stream_name":"stderr","time":5954.734520564,"data":"\r[cosine_anneal] Stage2 Epoch 74/75:  46%|████▌     | 75/164 [00:29\u003c00:33,  2.66it/s, loss=0.1151, acc=0.9613]\r[cosine_anneal] Stage2 Epoch 74/75:  46%|████▋     | 76/164 [00:29\u003c00:33,  2.66it/s, loss=0.1151, acc=0.9613]\n"}
,{"stream_name":"stderr","time":5955.105865187,"data":"\r[cosine_anneal] Stage2 Epoch 74/75:  46%|████▋     | 76/164 [00:29\u003c00:33,  2.66it/s, loss=0.1151, acc=0.9613]\r[cosine_anneal] Stage2 Epoch 74/75:  46%|████▋     | 76/164 [00:29\u003c00:33,  2.66it/s, loss=0.1141, acc=0.9619]\n"}
,{"stream_name":"stderr","time":5955.107033607,"data":"\r[cosine_anneal] Stage2 Epoch 74/75:  46%|████▋     | 76/164 [00:29\u003c00:33,  2.66it/s, loss=0.1141, acc=0.9619]\r[cosine_anneal] Stage2 Epoch 74/75:  47%|████▋     | 77/164 [00:29\u003c00:32,  2.66it/s, loss=0.1141, acc=0.9619]\n"}
,{"stream_name":"stderr","time":5955.486467319,"data":"\r[cosine_anneal] Stage2 Epoch 74/75:  47%|████▋     | 77/164 [00:29\u003c00:32,  2.66it/s, loss=0.1141, acc=0.9619]\r[cosine_anneal] Stage2 Epoch 74/75:  47%|████▋     | 77/164 [00:30\u003c00:32,  2.66it/s, loss=0.1137, acc=0.9619]\n"}
,{"stream_name":"stderr","time":5955.486708195,"data":"\r[cosine_anneal] Stage2 Epoch 74/75:  47%|████▋     | 77/164 [00:30\u003c00:32,  2.66it/s, loss=0.1137, acc=0.9619]\r[cosine_anneal] Stage2 Epoch 74/75:  48%|████▊     | 78/164 [00:30\u003c00:32,  2.65it/s, loss=0.1137, acc=0.9619]\n"}
,{"stream_name":"stderr","time":5955.866825025,"data":"\r[cosine_anneal] Stage2 Epoch 74/75:  48%|████▊     | 78/164 [00:30\u003c00:32,  2.65it/s, loss=0.1137, acc=0.9619]\r[cosine_anneal] Stage2 Epoch 74/75:  48%|████▊     | 78/164 [00:30\u003c00:32,  2.65it/s, loss=0.1154, acc=0.9612]\n"}
,{"stream_name":"stderr","time":5955.868063579,"data":"\r[cosine_anneal] Stage2 Epoch 74/75:  48%|████▊     | 78/164 [00:30\u003c00:32,  2.65it/s, loss=0.1154, acc=0.9612]\r[cosine_anneal] Stage2 Epoch 74/75:  48%|████▊     | 79/164 [00:30\u003c00:32,  2.64it/s, loss=0.1154, acc=0.9612]\n"}
,{"stream_name":"stderr","time":5956.241942242,"data":"\r[cosine_anneal] Stage2 Epoch 74/75:  48%|████▊     | 79/164 [00:30\u003c00:32,  2.64it/s, loss=0.1154, acc=0.9612]\r[cosine_anneal] Stage2 Epoch 74/75:  48%|████▊     | 79/164 [00:30\u003c00:32,  2.64it/s, loss=0.1191, acc=0.9602]\n"}
,{"stream_name":"stderr","time":5956.243050602,"data":"\r[cosine_anneal] Stage2 Epoch 74/75:  48%|████▊     | 79/164 [00:30\u003c00:32,  2.64it/s, loss=0.1191, acc=0.9602]\r[cosine_anneal] Stage2 Epoch 74/75:  49%|████▉     | 80/164 [00:30\u003c00:31,  2.65it/s, loss=0.1191, acc=0.9602]\n"}
,{"stream_name":"stderr","time":5956.622491444,"data":"\r[cosine_anneal] Stage2 Epoch 74/75:  49%|████▉     | 80/164 [00:30\u003c00:31,  2.65it/s, loss=0.1191, acc=0.9602]\r[cosine_anneal] Stage2 Epoch 74/75:  49%|████▉     | 80/164 [00:31\u003c00:31,  2.65it/s, loss=0.1207, acc=0.9591]\n"}
,{"stream_name":"stderr","time":5956.623791777,"data":"\r[cosine_anneal] Stage2 Epoch 74/75:  49%|████▉     | 80/164 [00:31\u003c00:31,  2.65it/s, loss=0.1207, acc=0.9591]\r[cosine_anneal] Stage2 Epoch 74/75:  49%|████▉     | 81/164 [00:31\u003c00:31,  2.65it/s, loss=0.1207, acc=0.9591]\n"}
,{"stream_name":"stderr","time":5956.997315131,"data":"\r[cosine_anneal] Stage2 Epoch 74/75:  49%|████▉     | 81/164 [00:31\u003c00:31,  2.65it/s, loss=0.1207, acc=0.9591]\r[cosine_anneal] Stage2 Epoch 74/75:  49%|████▉     | 81/164 [00:31\u003c00:31,  2.65it/s, loss=0.1199, acc=0.9596]\n"}
,{"stream_name":"stderr","time":5956.998369064,"data":"\r[cosine_anneal] Stage2 Epoch 74/75:  49%|████▉     | 81/164 [00:31\u003c00:31,  2.65it/s, loss=0.1199, acc=0.9596]\r[cosine_anneal] Stage2 Epoch 74/75:  50%|█████     | 82/164 [00:31\u003c00:30,  2.65it/s, loss=0.1199, acc=0.9596]\n"}
,{"stream_name":"stderr","time":5957.371587821,"data":"\r[cosine_anneal] Stage2 Epoch 74/75:  50%|█████     | 82/164 [00:31\u003c00:30,  2.65it/s, loss=0.1199, acc=0.9596]\r[cosine_anneal] Stage2 Epoch 74/75:  50%|█████     | 82/164 [00:32\u003c00:30,  2.65it/s, loss=0.1215, acc=0.9590]\n"}
,{"stream_name":"stderr","time":5957.373528855,"data":"\r[cosine_anneal] Stage2 Epoch 74/75:  50%|█████     | 82/164 [00:32\u003c00:30,  2.65it/s, loss=0.1215, acc=0.9590]\r[cosine_anneal] Stage2 Epoch 74/75:  51%|█████     | 83/164 [00:32\u003c00:30,  2.66it/s, loss=0.1215, acc=0.9590]\n"}
,{"stream_name":"stderr","time":5957.751119639,"data":"\r[cosine_anneal] Stage2 Epoch 74/75:  51%|█████     | 83/164 [00:32\u003c00:30,  2.66it/s, loss=0.1215, acc=0.9590]\r[cosine_anneal] Stage2 Epoch 74/75:  51%|█████     | 83/164 [00:32\u003c00:30,  2.66it/s, loss=0.1216, acc=0.9587]\n"}
,{"stream_name":"stderr","time":5957.752142702,"data":"\r[cosine_anneal] Stage2 Epoch 74/75:  51%|█████     | 83/164 [00:32\u003c00:30,  2.66it/s, loss=0.1216, acc=0.9587]\r[cosine_anneal] Stage2 Epoch 74/75:  51%|█████     | 84/164 [00:32\u003c00:30,  2.65it/s, loss=0.1216, acc=0.9587]\n"}
,{"stream_name":"stderr","time":5958.126938718,"data":"\r[cosine_anneal] Stage2 Epoch 74/75:  51%|█████     | 84/164 [00:32\u003c00:30,  2.65it/s, loss=0.1216, acc=0.9587]\r[cosine_anneal] Stage2 Epoch 74/75:  51%|█████     | 84/164 [00:32\u003c00:30,  2.65it/s, loss=0.1211, acc=0.9592]\n"}
,{"stream_name":"stderr","time":5958.127892312,"data":"\r[cosine_anneal] Stage2 Epoch 74/75:  51%|█████     | 84/164 [00:32\u003c00:30,  2.65it/s, loss=0.1211, acc=0.9592]\r[cosine_anneal] Stage2 Epoch 74/75:  52%|█████▏    | 85/164 [00:32\u003c00:29,  2.65it/s, loss=0.1211, acc=0.9592]\n"}
,{"stream_name":"stderr","time":5960.700328736,"data":"\r[cosine_anneal] Stage2 Epoch 74/75:  52%|█████▏    | 85/164 [00:32\u003c00:29,  2.65it/s, loss=0.1211, acc=0.9592]\r[cosine_anneal] Stage2 Epoch 74/75:  52%|█████▏    | 85/164 [00:33\u003c00:29,  2.65it/s, loss=0.1216, acc=0.9589]\n"}
,{"stream_name":"stderr","time":5960.702526661,"data":"\r[cosine_anneal] Stage2 Epoch 74/75:  52%|█████▏    | 85/164 [00:33\u003c00:29,  2.65it/s, loss=0.1216, acc=0.9589]\r[cosine_anneal] Stage2 Epoch 74/75:  52%|█████▏    | 86/164 [00:33\u003c00:29,  2.64it/s, loss=0.1216, acc=0.9589]\n"}
,{"stream_name":"stderr","time":5960.703017718,"data":"\r[cosine_anneal] Stage2 Epoch 74/75:  52%|█████▏    | 86/164 [00:33\u003c00:29,  2.64it/s, loss=0.1216, acc=0.9589]\r[cosine_anneal] Stage2 Epoch 74/75:  52%|█████▏    | 86/164 [00:33\u003c00:29,  2.64it/s, loss=0.1204, acc=0.9594]\n"}
,{"stream_name":"stderr","time":5960.70407018,"data":"\r[cosine_anneal] Stage2 Epoch 74/75:  52%|█████▏    | 86/164 [00:33\u003c00:29,  2.64it/s, loss=0.1204, acc=0.9594]\r[cosine_anneal] Stage2 Epoch 74/75:  53%|█████▎    | 87/164 [00:33\u003c00:29,  2.65it/s, loss=0.1204, acc=0.9594]\n"}
,{"stream_name":"stderr","time":5960.705149383,"data":"\r[cosine_anneal] Stage2 Epoch 74/75:  53%|█████▎    | 87/164 [00:33\u003c00:29,  2.65it/s, loss=0.1204, acc=0.9594]\r[cosine_anneal] Stage2 Epoch 74/75:  53%|█████▎    | 87/164 [00:33\u003c00:29,  2.65it/s, loss=0.1218, acc=0.9588]\n"}
,{"stream_name":"stderr","time":5960.706115648,"data":"\r[cosine_anneal] Stage2 Epoch 74/75:  53%|█████▎    | 87/164 [00:33\u003c00:29,  2.65it/s, loss=0.1218, acc=0.9588]\r[cosine_anneal] Stage2 Epoch 74/75:  54%|█████▎    | 88/164 [00:33\u003c00:28,  2.65it/s, loss=0.1218, acc=0.9588]\n"}
,{"stream_name":"stderr","time":5960.707110334,"data":"\r[cosine_anneal] Stage2 Epoch 74/75:  54%|█████▎    | 88/164 [00:33\u003c00:28,  2.65it/s, loss=0.1218, acc=0.9588]\r[cosine_anneal] Stage2 Epoch 74/75:  54%|█████▎    | 88/164 [00:34\u003c00:28,  2.65it/s, loss=0.1235, acc=0.9582]\n"}
,{"stream_name":"stderr","time":5960.708055354,"data":"\r[cosine_anneal] Stage2 Epoch 74/75:  54%|█████▎    | 88/164 [00:34\u003c00:28,  2.65it/s, loss=0.1235, acc=0.9582]\r[cosine_anneal] Stage2 Epoch 74/75:  54%|█████▍    | 89/164 [00:34\u003c00:28,  2.64it/s, loss=0.1235, acc=0.9582]\n"}
,{"stream_name":"stderr","time":5960.709003618,"data":"\r[cosine_anneal] Stage2 Epoch 74/75:  54%|█████▍    | 89/164 [00:34\u003c00:28,  2.64it/s, loss=0.1235, acc=0.9582]\r[cosine_anneal] Stage2 Epoch 74/75:  54%|█████▍    | 89/164 [00:34\u003c00:28,  2.64it/s, loss=0.1223, acc=0.9587]\n"}
,{"stream_name":"stderr","time":5960.709948976,"data":"\r[cosine_anneal] Stage2 Epoch 74/75:  54%|█████▍    | 89/164 [00:34\u003c00:28,  2.64it/s, loss=0.1223, acc=0.9587]\r[cosine_anneal] Stage2 Epoch 74/75:  55%|█████▍    | 90/164 [00:34\u003c00:28,  2.64it/s, loss=0.1223, acc=0.9587]\n"}
,{"stream_name":"stderr","time":5960.710932232,"data":"\r[cosine_anneal] Stage2 Epoch 74/75:  55%|█████▍    | 90/164 [00:34\u003c00:28,  2.64it/s, loss=0.1223, acc=0.9587]\r[cosine_anneal] Stage2 Epoch 74/75:  55%|█████▍    | 90/164 [00:35\u003c00:28,  2.64it/s, loss=0.1213, acc=0.9591]\n"}
,{"stream_name":"stderr","time":5960.711862836,"data":"\r[cosine_anneal] Stage2 Epoch 74/75:  55%|█████▍    | 90/164 [00:35\u003c00:28,  2.64it/s, loss=0.1213, acc=0.9591]\r[cosine_anneal] Stage2 Epoch 74/75:  55%|█████▌    | 91/164 [00:35\u003c00:27,  2.65it/s, loss=0.1213, acc=0.9591]\n"}
,{"stream_name":"stderr","time":5960.777336082,"data":"\r[cosine_anneal] Stage2 Epoch 74/75:  55%|█████▌    | 91/164 [00:35\u003c00:27,  2.65it/s, loss=0.1213, acc=0.9591]\r[cosine_anneal] Stage2 Epoch 74/75:  55%|█████▌    | 91/164 [00:35\u003c00:27,  2.65it/s, loss=0.1204, acc=0.9596]\n"}
,{"stream_name":"stderr","time":5960.778332325,"data":"\r[cosine_anneal] Stage2 Epoch 74/75:  55%|█████▌    | 91/164 [00:35\u003c00:27,  2.65it/s, loss=0.1204, acc=0.9596]\r[cosine_anneal] Stage2 Epoch 74/75:  56%|█████▌    | 92/164 [00:35\u003c00:27,  2.64it/s, loss=0.1204, acc=0.9596]\n"}
,{"stream_name":"stderr","time":5961.156298338,"data":"\r[cosine_anneal] Stage2 Epoch 74/75:  56%|█████▌    | 92/164 [00:35\u003c00:27,  2.64it/s, loss=0.1204, acc=0.9596]\r[cosine_anneal] Stage2 Epoch 74/75:  56%|█████▌    | 92/164 [00:35\u003c00:27,  2.64it/s, loss=0.1205, acc=0.9597]\n"}
,{"stream_name":"stderr","time":5961.157331502,"data":"\r[cosine_anneal] Stage2 Epoch 74/75:  56%|█████▌    | 92/164 [00:35\u003c00:27,  2.64it/s, loss=0.1205, acc=0.9597]\r[cosine_anneal] Stage2 Epoch 74/75:  57%|█████▋    | 93/164 [00:35\u003c00:26,  2.64it/s, loss=0.1205, acc=0.9597]\n"}
,{"stream_name":"stderr","time":5961.530957445,"data":"\r[cosine_anneal] Stage2 Epoch 74/75:  57%|█████▋    | 93/164 [00:35\u003c00:26,  2.64it/s, loss=0.1205, acc=0.9597]\r[cosine_anneal] Stage2 Epoch 74/75:  57%|█████▋    | 93/164 [00:36\u003c00:26,  2.64it/s, loss=0.1205, acc=0.9598]\n"}
,{"stream_name":"stderr","time":5961.532110392,"data":"\r[cosine_anneal] Stage2 Epoch 74/75:  57%|█████▋    | 93/164 [00:36\u003c00:26,  2.64it/s, loss=0.1205, acc=0.9598]\r[cosine_anneal] Stage2 Epoch 74/75:  57%|█████▋    | 94/164 [00:36\u003c00:26,  2.65it/s, loss=0.1205, acc=0.9598]\n"}
,{"stream_name":"stderr","time":5961.911995064,"data":"\r[cosine_anneal] Stage2 Epoch 74/75:  57%|█████▋    | 94/164 [00:36\u003c00:26,  2.65it/s, loss=0.1205, acc=0.9598]\r[cosine_anneal] Stage2 Epoch 74/75:  57%|█████▋    | 94/164 [00:36\u003c00:26,  2.65it/s, loss=0.1203, acc=0.9595]\n"}
,{"stream_name":"stderr","time":5961.913791562,"data":"\r[cosine_anneal] Stage2 Epoch 74/75:  57%|█████▋    | 94/164 [00:36\u003c00:26,  2.65it/s, loss=0.1203, acc=0.9595]\r[cosine_anneal] Stage2 Epoch 74/75:  58%|█████▊    | 95/164 [00:36\u003c00:26,  2.64it/s, loss=0.1203, acc=0.9595]\n"}
,{"stream_name":"stderr","time":5962.291166896,"data":"\r[cosine_anneal] Stage2 Epoch 74/75:  58%|█████▊    | 95/164 [00:36\u003c00:26,  2.64it/s, loss=0.1203, acc=0.9595]\r[cosine_anneal] Stage2 Epoch 74/75:  58%|█████▊    | 95/164 [00:37\u003c00:26,  2.64it/s, loss=0.1207, acc=0.9593]\n"}
,{"stream_name":"stderr","time":5962.294143693,"data":"\r[cosine_anneal] Stage2 Epoch 74/75:  58%|█████▊    | 95/164 [00:37\u003c00:26,  2.64it/s, loss=0.1207, acc=0.9593]\r[cosine_anneal] Stage2 Epoch 74/75:  59%|█████▊    | 96/164 [00:37\u003c00:25,  2.64it/s, loss=0.1207, acc=0.9593]\n"}
,{"stream_name":"stderr","time":5962.669558403,"data":"\r[cosine_anneal] Stage2 Epoch 74/75:  59%|█████▊    | 96/164 [00:37\u003c00:25,  2.64it/s, loss=0.1207, acc=0.9593]\r[cosine_anneal] Stage2 Epoch 74/75:  59%|█████▊    | 96/164 [00:37\u003c00:25,  2.64it/s, loss=0.1241, acc=0.9584]\n"}
,{"stream_name":"stderr","time":5962.673930056,"data":"\r[cosine_anneal] Stage2 Epoch 74/75:  59%|█████▊    | 96/164 [00:37\u003c00:25,  2.64it/s, loss=0.1241, acc=0.9584]\r[cosine_anneal] Stage2 Epoch 74/75:  59%|█████▉    | 97/164 [00:37\u003c00:25,  2.64it/s, loss=0.1241, acc=0.9584]\n"}
,{"stream_name":"stderr","time":5963.046465179,"data":"\r[cosine_anneal] Stage2 Epoch 74/75:  59%|█████▉    | 97/164 [00:37\u003c00:25,  2.64it/s, loss=0.1241, acc=0.9584]\r[cosine_anneal] Stage2 Epoch 74/75:  59%|█████▉    | 97/164 [00:37\u003c00:25,  2.64it/s, loss=0.1239, acc=0.9585]\n"}
,{"stream_name":"stderr","time":5963.047456987,"data":"\r[cosine_anneal] Stage2 Epoch 74/75:  59%|█████▉    | 97/164 [00:37\u003c00:25,  2.64it/s, loss=0.1239, acc=0.9585]\r[cosine_anneal] Stage2 Epoch 74/75:  60%|█████▉    | 98/164 [00:37\u003c00:24,  2.64it/s, loss=0.1239, acc=0.9585]\n"}
,{"stream_name":"stderr","time":5963.418478981,"data":"\r[cosine_anneal] Stage2 Epoch 74/75:  60%|█████▉    | 98/164 [00:37\u003c00:24,  2.64it/s, loss=0.1239, acc=0.9585]\r[cosine_anneal] Stage2 Epoch 74/75:  60%|█████▉    | 98/164 [00:38\u003c00:24,  2.64it/s, loss=0.1231, acc=0.9590]\n"}
,{"stream_name":"stderr","time":5963.419006479,"data":"\r[cosine_anneal] Stage2 Epoch 74/75:  60%|█████▉    | 98/164 [00:38\u003c00:24,  2.64it/s, loss=0.1231, acc=0.9590]\r[cosine_anneal] Stage2 Epoch 74/75:  60%|██████    | 99/164 [00:38\u003c00:24,  2.66it/s, loss=0.1231, acc=0.9590]\n"}
,{"stream_name":"stderr","time":5963.796028104,"data":"\r[cosine_anneal] Stage2 Epoch 74/75:  60%|██████    | 99/164 [00:38\u003c00:24,  2.66it/s, loss=0.1231, acc=0.9590]\r[cosine_anneal] Stage2 Epoch 74/75:  60%|██████    | 99/164 [00:38\u003c00:24,  2.66it/s, loss=0.1237, acc=0.9587]\n"}
,{"stream_name":"stderr","time":5963.797064874,"data":"\r[cosine_anneal] Stage2 Epoch 74/75:  60%|██████    | 99/164 [00:38\u003c00:24,  2.66it/s, loss=0.1237, acc=0.9587]\r[cosine_anneal] Stage2 Epoch 74/75:  61%|██████    | 100/164 [00:38\u003c00:24,  2.65it/s, loss=0.1237, acc=0.9587]\n"}
,{"stream_name":"stderr","time":5964.167984465,"data":"\r[cosine_anneal] Stage2 Epoch 74/75:  61%|██████    | 100/164 [00:38\u003c00:24,  2.65it/s, loss=0.1237, acc=0.9587]\r[cosine_anneal] Stage2 Epoch 74/75:  61%|██████    | 100/164 [00:38\u003c00:24,  2.65it/s, loss=0.1266, acc=0.9585]\n"}
,{"stream_name":"stderr","time":5964.170181551,"data":"\r[cosine_anneal] Stage2 Epoch 74/75:  61%|██████    | 100/164 [00:38\u003c00:24,  2.65it/s, loss=0.1266, acc=0.9585]\r[cosine_anneal] Stage2 Epoch 74/75:  62%|██████▏   | 101/164 [00:38\u003c00:23,  2.66it/s, loss=0.1266, acc=0.9585]\n"}
,{"stream_name":"stderr","time":5964.546102159,"data":"\r[cosine_anneal] Stage2 Epoch 74/75:  62%|██████▏   | 101/164 [00:38\u003c00:23,  2.66it/s, loss=0.1266, acc=0.9585]\r[cosine_anneal] Stage2 Epoch 74/75:  62%|██████▏   | 101/164 [00:39\u003c00:23,  2.66it/s, loss=0.1261, acc=0.9586]\n"}
,{"stream_name":"stderr","time":5964.547071673,"data":"\r[cosine_anneal] Stage2 Epoch 74/75:  62%|██████▏   | 101/164 [00:39\u003c00:23,  2.66it/s, loss=0.1261, acc=0.9586]\r[cosine_anneal] Stage2 Epoch 74/75:  62%|██████▏   | 102/164 [00:39\u003c00:23,  2.66it/s, loss=0.1261, acc=0.9586]\n"}
,{"stream_name":"stderr","time":5964.927653458,"data":"\r[cosine_anneal] Stage2 Epoch 74/75:  62%|██████▏   | 102/164 [00:39\u003c00:23,  2.66it/s, loss=0.1261, acc=0.9586]\r[cosine_anneal] Stage2 Epoch 74/75:  62%|██████▏   | 102/164 [00:39\u003c00:23,  2.66it/s, loss=0.1264, acc=0.9587]\n"}
,{"stream_name":"stderr","time":5964.936183291,"data":"\r[cosine_anneal] Stage2 Epoch 74/75:  62%|██████▏   | 102/164 [00:39\u003c00:23,  2.66it/s, loss=0.1264, acc=0.9587]\r[cosine_anneal] Stage2 Epoch 74/75:  63%|██████▎   | 103/164 [00:39\u003c00:23,  2.65it/s, loss=0.1264, acc=0.9587]\n"}
,{"stream_name":"stderr","time":5965.305660839,"data":"\r[cosine_anneal] Stage2 Epoch 74/75:  63%|██████▎   | 103/164 [00:39\u003c00:23,  2.65it/s, loss=0.1264, acc=0.9587]\r[cosine_anneal] Stage2 Epoch 74/75:  63%|██████▎   | 103/164 [00:40\u003c00:23,  2.65it/s, loss=0.1285, acc=0.9579]\n"}
,{"stream_name":"stderr","time":5965.3067468,"data":"\r[cosine_anneal] Stage2 Epoch 74/75:  63%|██████▎   | 103/164 [00:40\u003c00:23,  2.65it/s, loss=0.1285, acc=0.9579]\r[cosine_anneal] Stage2 Epoch 74/75:  63%|██████▎   | 104/164 [00:40\u003c00:22,  2.65it/s, loss=0.1285, acc=0.9579]\n"}
,{"stream_name":"stderr","time":5965.68312135,"data":"\r[cosine_anneal] Stage2 Epoch 74/75:  63%|██████▎   | 104/164 [00:40\u003c00:22,  2.65it/s, loss=0.1285, acc=0.9579]\r[cosine_anneal] Stage2 Epoch 74/75:  63%|██████▎   | 104/164 [00:40\u003c00:22,  2.65it/s, loss=0.1273, acc=0.9583]\n"}
,{"stream_name":"stderr","time":5965.6854996,"data":"\r[cosine_anneal] Stage2 Epoch 74/75:  63%|██████▎   | 104/164 [00:40\u003c00:22,  2.65it/s, loss=0.1273, acc=0.9583]\r[cosine_anneal] Stage2 Epoch 74/75:  64%|██████▍   | 105/164 [00:40\u003c00:22,  2.65it/s, loss=0.1273, acc=0.9583]\n"}
,{"stream_name":"stderr","time":5966.059561535,"data":"\r[cosine_anneal] Stage2 Epoch 74/75:  64%|██████▍   | 105/164 [00:40\u003c00:22,  2.65it/s, loss=0.1273, acc=0.9583]\r[cosine_anneal] Stage2 Epoch 74/75:  64%|██████▍   | 105/164 [00:40\u003c00:22,  2.65it/s, loss=0.1275, acc=0.9584]\n"}
,{"stream_name":"stderr","time":5966.060321079,"data":"\r[cosine_anneal] Stage2 Epoch 74/75:  64%|██████▍   | 105/164 [00:40\u003c00:22,  2.65it/s, loss=0.1275, acc=0.9584]\r[cosine_anneal] Stage2 Epoch 74/75:  65%|██████▍   | 106/164 [00:40\u003c00:21,  2.65it/s, loss=0.1275, acc=0.9584]\n"}
,{"stream_name":"stderr","time":5966.434038814,"data":"\r[cosine_anneal] Stage2 Epoch 74/75:  65%|██████▍   | 106/164 [00:40\u003c00:21,  2.65it/s, loss=0.1275, acc=0.9584]\r[cosine_anneal] Stage2 Epoch 74/75:  65%|██████▍   | 106/164 [00:41\u003c00:21,  2.65it/s, loss=0.1264, acc=0.9588]\n"}
,{"stream_name":"stderr","time":5966.435940726,"data":"\r[cosine_anneal] Stage2 Epoch 74/75:  65%|██████▍   | 106/164 [00:41\u003c00:21,  2.65it/s, loss=0.1264, acc=0.9588]\r[cosine_anneal] Stage2 Epoch 74/75:  65%|██████▌   | 107/164 [00:41\u003c00:21,  2.66it/s, loss=0.1264, acc=0.9588]\n"}
,{"stream_name":"stderr","time":5966.813811694,"data":"\r[cosine_anneal] Stage2 Epoch 74/75:  65%|██████▌   | 107/164 [00:41\u003c00:21,  2.66it/s, loss=0.1264, acc=0.9588]\r[cosine_anneal] Stage2 Epoch 74/75:  65%|██████▌   | 107/164 [00:41\u003c00:21,  2.66it/s, loss=0.1258, acc=0.9592]\n"}
,{"stream_name":"stderr","time":5966.814953043,"data":"\r[cosine_anneal] Stage2 Epoch 74/75:  65%|██████▌   | 107/164 [00:41\u003c00:21,  2.66it/s, loss=0.1258, acc=0.9592]\r[cosine_anneal] Stage2 Epoch 74/75:  66%|██████▌   | 108/164 [00:41\u003c00:21,  2.65it/s, loss=0.1258, acc=0.9592]\n"}
,{"stream_name":"stderr","time":5967.185694407,"data":"\r[cosine_anneal] Stage2 Epoch 74/75:  66%|██████▌   | 108/164 [00:41\u003c00:21,  2.65it/s, loss=0.1258, acc=0.9592]\r[cosine_anneal] Stage2 Epoch 74/75:  66%|██████▌   | 108/164 [00:41\u003c00:21,  2.65it/s, loss=0.1251, acc=0.9596]\n"}
,{"stream_name":"stderr","time":5967.186699143,"data":"\r[cosine_anneal] Stage2 Epoch 74/75:  66%|██████▌   | 108/164 [00:41\u003c00:21,  2.65it/s, loss=0.1251, acc=0.9596]\r[cosine_anneal] Stage2 Epoch 74/75:  66%|██████▋   | 109/164 [00:41\u003c00:20,  2.66it/s, loss=0.1251, acc=0.9596]\n"}
,{"stream_name":"stderr","time":5967.56546008,"data":"\r[cosine_anneal] Stage2 Epoch 74/75:  66%|██████▋   | 109/164 [00:41\u003c00:20,  2.66it/s, loss=0.1251, acc=0.9596]\r[cosine_anneal] Stage2 Epoch 74/75:  66%|██████▋   | 109/164 [00:42\u003c00:20,  2.66it/s, loss=0.1255, acc=0.9591]\n"}
,{"stream_name":"stderr","time":5967.56638488,"data":"\r[cosine_anneal] Stage2 Epoch 74/75:  66%|██████▋   | 109/164 [00:42\u003c00:20,  2.66it/s, loss=0.1255, acc=0.9591]\r[cosine_anneal] Stage2 Epoch 74/75:  67%|██████▋   | 110/164 [00:42\u003c00:20,  2.65it/s, loss=0.1255, acc=0.9591]\n"}
,{"stream_name":"stderr","time":5967.939216387,"data":"\r[cosine_anneal] Stage2 Epoch 74/75:  67%|██████▋   | 110/164 [00:42\u003c00:20,  2.65it/s, loss=0.1255, acc=0.9591]\r[cosine_anneal] Stage2 Epoch 74/75:  67%|██████▋   | 110/164 [00:42\u003c00:20,  2.65it/s, loss=0.1257, acc=0.9589]\n"}
,{"stream_name":"stderr","time":5967.940178056,"data":"\r[cosine_anneal] Stage2 Epoch 74/75:  67%|██████▋   | 110/164 [00:42\u003c00:20,  2.65it/s, loss=0.1257, acc=0.9589]\r[cosine_anneal] Stage2 Epoch 74/75:  68%|██████▊   | 111/164 [00:42\u003c00:19,  2.66it/s, loss=0.1257, acc=0.9589]\n"}
,{"stream_name":"stderr","time":5968.313522161,"data":"\r[cosine_anneal] Stage2 Epoch 74/75:  68%|██████▊   | 111/164 [00:42\u003c00:19,  2.66it/s, loss=0.1257, acc=0.9589]\r[cosine_anneal] Stage2 Epoch 74/75:  68%|██████▊   | 111/164 [00:43\u003c00:19,  2.66it/s, loss=0.1264, acc=0.9587]\n"}
,{"stream_name":"stderr","time":5968.314490264,"data":"\r[cosine_anneal] Stage2 Epoch 74/75:  68%|██████▊   | 111/164 [00:43\u003c00:19,  2.66it/s, loss=0.1264, acc=0.9587]\r[cosine_anneal] Stage2 Epoch 74/75:  68%|██████▊   | 112/164 [00:43\u003c00:19,  2.66it/s, loss=0.1264, acc=0.9587]\n"}
,{"stream_name":"stderr","time":5968.687128913,"data":"\r[cosine_anneal] Stage2 Epoch 74/75:  68%|██████▊   | 112/164 [00:43\u003c00:19,  2.66it/s, loss=0.1264, acc=0.9587]\r[cosine_anneal] Stage2 Epoch 74/75:  68%|██████▊   | 112/164 [00:43\u003c00:19,  2.66it/s, loss=0.1256, acc=0.9591]\n"}
,{"stream_name":"stderr","time":5968.688182997,"data":"\r[cosine_anneal] Stage2 Epoch 74/75:  68%|██████▊   | 112/164 [00:43\u003c00:19,  2.66it/s, loss=0.1256, acc=0.9591]\r[cosine_anneal] Stage2 Epoch 74/75:  69%|██████▉   | 113/164 [00:43\u003c00:19,  2.67it/s, loss=0.1256, acc=0.9591]\n"}
,{"stream_name":"stderr","time":5969.064837417,"data":"\r[cosine_anneal] Stage2 Epoch 74/75:  69%|██████▉   | 113/164 [00:43\u003c00:19,  2.67it/s, loss=0.1256, acc=0.9591]\r[cosine_anneal] Stage2 Epoch 74/75:  69%|██████▉   | 113/164 [00:43\u003c00:19,  2.67it/s, loss=0.1252, acc=0.9592]\n"}
,{"stream_name":"stderr","time":5969.06619265,"data":"\r[cosine_anneal] Stage2 Epoch 74/75:  69%|██████▉   | 113/164 [00:43\u003c00:19,  2.67it/s, loss=0.1252, acc=0.9592]\r[cosine_anneal] Stage2 Epoch 74/75:  70%|██████▉   | 114/164 [00:43\u003c00:18,  2.66it/s, loss=0.1252, acc=0.9592]\n"}
,{"stream_name":"stderr","time":5969.445026502,"data":"\r[cosine_anneal] Stage2 Epoch 74/75:  70%|██████▉   | 114/164 [00:43\u003c00:18,  2.66it/s, loss=0.1252, acc=0.9592]\r[cosine_anneal] Stage2 Epoch 74/75:  70%|██████▉   | 114/164 [00:44\u003c00:18,  2.66it/s, loss=0.1258, acc=0.9590]\n"}
,{"stream_name":"stderr","time":5969.447286123,"data":"\r[cosine_anneal] Stage2 Epoch 74/75:  70%|██████▉   | 114/164 [00:44\u003c00:18,  2.66it/s, loss=0.1258, acc=0.9590]\r[cosine_anneal] Stage2 Epoch 74/75:  70%|███████   | 115/164 [00:44\u003c00:18,  2.65it/s, loss=0.1258, acc=0.9590]\n"}
,{"stream_name":"stderr","time":5969.827433316,"data":"\r[cosine_anneal] Stage2 Epoch 74/75:  70%|███████   | 115/164 [00:44\u003c00:18,  2.65it/s, loss=0.1258, acc=0.9590]\r[cosine_anneal] Stage2 Epoch 74/75:  70%|███████   | 115/164 [00:44\u003c00:18,  2.65it/s, loss=0.1259, acc=0.9588]\n"}
,{"stream_name":"stderr","time":5969.828446609,"data":"\r[cosine_anneal] Stage2 Epoch 74/75:  70%|███████   | 115/164 [00:44\u003c00:18,  2.65it/s, loss=0.1259, acc=0.9588]\r[cosine_anneal] Stage2 Epoch 74/75:  71%|███████   | 116/164 [00:44\u003c00:18,  2.64it/s, loss=0.1259, acc=0.9588]\n"}
,{"stream_name":"stderr","time":5970.202297114,"data":"\r[cosine_anneal] Stage2 Epoch 74/75:  71%|███████   | 116/164 [00:44\u003c00:18,  2.64it/s, loss=0.1259, acc=0.9588]\r[cosine_anneal] Stage2 Epoch 74/75:  71%|███████   | 116/164 [00:44\u003c00:18,  2.64it/s, loss=0.1256, acc=0.9589]\n"}
,{"stream_name":"stderr","time":5970.203232834,"data":"\r[cosine_anneal] Stage2 Epoch 74/75:  71%|███████   | 116/164 [00:44\u003c00:18,  2.64it/s, loss=0.1256, acc=0.9589]\r[cosine_anneal] Stage2 Epoch 74/75:  71%|███████▏  | 117/164 [00:44\u003c00:17,  2.65it/s, loss=0.1256, acc=0.9589]\n"}
,{"stream_name":"stderr","time":5970.582557907,"data":"\r[cosine_anneal] Stage2 Epoch 74/75:  71%|███████▏  | 117/164 [00:44\u003c00:17,  2.65it/s, loss=0.1256, acc=0.9589]\r[cosine_anneal] Stage2 Epoch 74/75:  71%|███████▏  | 117/164 [00:45\u003c00:17,  2.65it/s, loss=0.1251, acc=0.9590]\n"}
,{"stream_name":"stderr","time":5970.5835328,"data":"\r[cosine_anneal] Stage2 Epoch 74/75:  71%|███████▏  | 117/164 [00:45\u003c00:17,  2.65it/s, loss=0.1251, acc=0.9590]\r[cosine_anneal] Stage2 Epoch 74/75:  72%|███████▏  | 118/164 [00:45\u003c00:17,  2.64it/s, loss=0.1251, acc=0.9590]\n"}
,{"stream_name":"stderr","time":5970.954209933,"data":"\r[cosine_anneal] Stage2 Epoch 74/75:  72%|███████▏  | 118/164 [00:45\u003c00:17,  2.64it/s, loss=0.1251, acc=0.9590]\r[cosine_anneal] Stage2 Epoch 74/75:  72%|███████▏  | 118/164 [00:45\u003c00:17,  2.64it/s, loss=0.1258, acc=0.9585]\n"}
,{"stream_name":"stderr","time":5970.955173401,"data":"\r[cosine_anneal] Stage2 Epoch 74/75:  72%|███████▏  | 118/164 [00:45\u003c00:17,  2.64it/s, loss=0.1258, acc=0.9585]\r[cosine_anneal] Stage2 Epoch 74/75:  73%|███████▎  | 119/164 [00:45\u003c00:16,  2.66it/s, loss=0.1258, acc=0.9585]\n"}
,{"stream_name":"stderr","time":5971.331300908,"data":"\r[cosine_anneal] Stage2 Epoch 74/75:  73%|███████▎  | 119/164 [00:45\u003c00:16,  2.66it/s, loss=0.1258, acc=0.9585]\r[cosine_anneal] Stage2 Epoch 74/75:  73%|███████▎  | 119/164 [00:46\u003c00:16,  2.66it/s, loss=0.1258, acc=0.9583]\n"}
,{"stream_name":"stderr","time":5971.332399971,"data":"\r[cosine_anneal] Stage2 Epoch 74/75:  73%|███████▎  | 119/164 [00:46\u003c00:16,  2.66it/s, loss=0.1258, acc=0.9583]\r[cosine_anneal] Stage2 Epoch 74/75:  73%|███████▎  | 120/164 [00:46\u003c00:16,  2.65it/s, loss=0.1258, acc=0.9583]\n"}
,{"stream_name":"stderr","time":5971.713889073,"data":"\r[cosine_anneal] Stage2 Epoch 74/75:  73%|███████▎  | 120/164 [00:46\u003c00:16,  2.65it/s, loss=0.1258, acc=0.9583]\r[cosine_anneal] Stage2 Epoch 74/75:  73%|███████▎  | 120/164 [00:46\u003c00:16,  2.65it/s, loss=0.1253, acc=0.9584]\n"}
,{"stream_name":"stderr","time":5971.715259338,"data":"\r[cosine_anneal] Stage2 Epoch 74/75:  73%|███████▎  | 120/164 [00:46\u003c00:16,  2.65it/s, loss=0.1253, acc=0.9584]\r[cosine_anneal] Stage2 Epoch 74/75:  74%|███████▍  | 121/164 [00:46\u003c00:16,  2.64it/s, loss=0.1253, acc=0.9584]\n"}
,{"stream_name":"stderr","time":5972.086726908,"data":"\r[cosine_anneal] Stage2 Epoch 74/75:  74%|███████▍  | 121/164 [00:46\u003c00:16,  2.64it/s, loss=0.1253, acc=0.9584]\r[cosine_anneal] Stage2 Epoch 74/75:  74%|███████▍  | 121/164 [00:46\u003c00:16,  2.64it/s, loss=0.1261, acc=0.9582]\n"}
,{"stream_name":"stderr","time":5972.089515367,"data":"\r[cosine_anneal] Stage2 Epoch 74/75:  74%|███████▍  | 121/164 [00:46\u003c00:16,  2.64it/s, loss=0.1261, acc=0.9582]\r[cosine_anneal] Stage2 Epoch 74/75:  74%|███████▍  | 122/164 [00:46\u003c00:15,  2.66it/s, loss=0.1261, acc=0.9582]\n"}
,{"stream_name":"stderr","time":5972.467102376,"data":"\r[cosine_anneal] Stage2 Epoch 74/75:  74%|███████▍  | 122/164 [00:46\u003c00:15,  2.66it/s, loss=0.1261, acc=0.9582]\r[cosine_anneal] Stage2 Epoch 74/75:  74%|███████▍  | 122/164 [00:47\u003c00:15,  2.66it/s, loss=0.1251, acc=0.9586]\n"}
,{"stream_name":"stderr","time":5972.469015305,"data":"\r[cosine_anneal] Stage2 Epoch 74/75:  74%|███████▍  | 122/164 [00:47\u003c00:15,  2.66it/s, loss=0.1251, acc=0.9586]\r[cosine_anneal] Stage2 Epoch 74/75:  75%|███████▌  | 123/164 [00:47\u003c00:15,  2.65it/s, loss=0.1251, acc=0.9586]\n"}
,{"stream_name":"stderr","time":5972.840337009,"data":"\r[cosine_anneal] Stage2 Epoch 74/75:  75%|███████▌  | 123/164 [00:47\u003c00:15,  2.65it/s, loss=0.1251, acc=0.9586]\r[cosine_anneal] Stage2 Epoch 74/75:  75%|███████▌  | 123/164 [00:47\u003c00:15,  2.65it/s, loss=0.1255, acc=0.9587]\n"}
,{"stream_name":"stderr","time":5972.841254589,"data":"\r[cosine_anneal] Stage2 Epoch 74/75:  75%|███████▌  | 123/164 [00:47\u003c00:15,  2.65it/s, loss=0.1255, acc=0.9587]\r[cosine_anneal] Stage2 Epoch 74/75:  76%|███████▌  | 124/164 [00:47\u003c00:15,  2.66it/s, loss=0.1255, acc=0.9587]\n"}
,{"stream_name":"stderr","time":5973.219000511,"data":"\r[cosine_anneal] Stage2 Epoch 74/75:  76%|███████▌  | 124/164 [00:47\u003c00:15,  2.66it/s, loss=0.1255, acc=0.9587]\r[cosine_anneal] Stage2 Epoch 74/75:  76%|███████▌  | 124/164 [00:47\u003c00:15,  2.66it/s, loss=0.1260, acc=0.9585]\n"}
,{"stream_name":"stderr","time":5973.219923966,"data":"\r[cosine_anneal] Stage2 Epoch 74/75:  76%|███████▌  | 124/164 [00:47\u003c00:15,  2.66it/s, loss=0.1260, acc=0.9585]\r[cosine_anneal] Stage2 Epoch 74/75:  76%|███████▌  | 125/164 [00:47\u003c00:14,  2.65it/s, loss=0.1260, acc=0.9585]\n"}
,{"stream_name":"stderr","time":5973.59523452,"data":"\r[cosine_anneal] Stage2 Epoch 74/75:  76%|███████▌  | 125/164 [00:47\u003c00:14,  2.65it/s, loss=0.1260, acc=0.9585]\r[cosine_anneal] Stage2 Epoch 74/75:  76%|███████▌  | 125/164 [00:48\u003c00:14,  2.65it/s, loss=0.1270, acc=0.9581]\n"}
,{"stream_name":"stderr","time":5973.596141699,"data":"\r[cosine_anneal] Stage2 Epoch 74/75:  76%|███████▌  | 125/164 [00:48\u003c00:14,  2.65it/s, loss=0.1270, acc=0.9581]\r[cosine_anneal] Stage2 Epoch 74/75:  77%|███████▋  | 126/164 [00:48\u003c00:14,  2.65it/s, loss=0.1270, acc=0.9581]\n"}
,{"stream_name":"stderr","time":5973.970616481,"data":"\r[cosine_anneal] Stage2 Epoch 74/75:  77%|███████▋  | 126/164 [00:48\u003c00:14,  2.65it/s, loss=0.1270, acc=0.9581]\r[cosine_anneal] Stage2 Epoch 74/75:  77%|███████▋  | 126/164 [00:48\u003c00:14,  2.65it/s, loss=0.1267, acc=0.9582]\n"}
,{"stream_name":"stderr","time":5973.971882409,"data":"\r[cosine_anneal] Stage2 Epoch 74/75:  77%|███████▋  | 126/164 [00:48\u003c00:14,  2.65it/s, loss=0.1267, acc=0.9582]\r[cosine_anneal] Stage2 Epoch 74/75:  77%|███████▋  | 127/164 [00:48\u003c00:13,  2.66it/s, loss=0.1267, acc=0.9582]\n"}
,{"stream_name":"stderr","time":5974.350159347,"data":"\r[cosine_anneal] Stage2 Epoch 74/75:  77%|███████▋  | 127/164 [00:48\u003c00:13,  2.66it/s, loss=0.1267, acc=0.9582]\r[cosine_anneal] Stage2 Epoch 74/75:  77%|███████▋  | 127/164 [00:49\u003c00:13,  2.66it/s, loss=0.1264, acc=0.9583]\n"}
,{"stream_name":"stderr","time":5974.352355491,"data":"\r[cosine_anneal] Stage2 Epoch 74/75:  77%|███████▋  | 127/164 [00:49\u003c00:13,  2.66it/s, loss=0.1264, acc=0.9583]\r[cosine_anneal] Stage2 Epoch 74/75:  78%|███████▊  | 128/164 [00:49\u003c00:13,  2.65it/s, loss=0.1264, acc=0.9583]\n"}
,{"stream_name":"stderr","time":5974.724737969,"data":"\r[cosine_anneal] Stage2 Epoch 74/75:  78%|███████▊  | 128/164 [00:49\u003c00:13,  2.65it/s, loss=0.1264, acc=0.9583]\r[cosine_anneal] Stage2 Epoch 74/75:  78%|███████▊  | 128/164 [00:49\u003c00:13,  2.65it/s, loss=0.1265, acc=0.9581]\n"}
,{"stream_name":"stderr","time":5974.725691049,"data":"\r[cosine_anneal] Stage2 Epoch 74/75:  78%|███████▊  | 128/164 [00:49\u003c00:13,  2.65it/s, loss=0.1265, acc=0.9581]\r[cosine_anneal] Stage2 Epoch 74/75:  79%|███████▊  | 129/164 [00:49\u003c00:13,  2.66it/s, loss=0.1265, acc=0.9581]\n"}
,{"stream_name":"stderr","time":5975.101285781,"data":"\r[cosine_anneal] Stage2 Epoch 74/75:  79%|███████▊  | 129/164 [00:49\u003c00:13,  2.66it/s, loss=0.1265, acc=0.9581]\r[cosine_anneal] Stage2 Epoch 74/75:  79%|███████▊  | 129/164 [00:49\u003c00:13,  2.66it/s, loss=0.1257, acc=0.9584]\n"}
,{"stream_name":"stderr","time":5975.102347493,"data":"\r[cosine_anneal] Stage2 Epoch 74/75:  79%|███████▊  | 129/164 [00:49\u003c00:13,  2.66it/s, loss=0.1257, acc=0.9584]\r[cosine_anneal] Stage2 Epoch 74/75:  79%|███████▉  | 130/164 [00:49\u003c00:12,  2.66it/s, loss=0.1257, acc=0.9584]\n"}
,{"stream_name":"stderr","time":5975.480163066,"data":"\r[cosine_anneal] Stage2 Epoch 74/75:  79%|███████▉  | 130/164 [00:49\u003c00:12,  2.66it/s, loss=0.1257, acc=0.9584]\r[cosine_anneal] Stage2 Epoch 74/75:  79%|███████▉  | 130/164 [00:50\u003c00:12,  2.66it/s, loss=0.1267, acc=0.9580]\n"}
,{"stream_name":"stderr","time":5975.481067946,"data":"\r[cosine_anneal] Stage2 Epoch 74/75:  79%|███████▉  | 130/164 [00:50\u003c00:12,  2.66it/s, loss=0.1267, acc=0.9580]\r[cosine_anneal] Stage2 Epoch 74/75:  80%|███████▉  | 131/164 [00:50\u003c00:12,  2.65it/s, loss=0.1267, acc=0.9580]\n"}
,{"stream_name":"stderr","time":5975.855816662,"data":"\r[cosine_anneal] Stage2 Epoch 74/75:  80%|███████▉  | 131/164 [00:50\u003c00:12,  2.65it/s, loss=0.1267, acc=0.9580]\r[cosine_anneal] Stage2 Epoch 74/75:  80%|███████▉  | 131/164 [00:50\u003c00:12,  2.65it/s, loss=0.1271, acc=0.9579]\n"}
,{"stream_name":"stderr","time":5975.856877816,"data":"\r[cosine_anneal] Stage2 Epoch 74/75:  80%|███████▉  | 131/164 [00:50\u003c00:12,  2.65it/s, loss=0.1271, acc=0.9579]\r[cosine_anneal] Stage2 Epoch 74/75:  80%|████████  | 132/164 [00:50\u003c00:12,  2.65it/s, loss=0.1271, acc=0.9579]\n"}
,{"stream_name":"stderr","time":5976.235736366,"data":"\r[cosine_anneal] Stage2 Epoch 74/75:  80%|████████  | 132/164 [00:50\u003c00:12,  2.65it/s, loss=0.1271, acc=0.9579]\r[cosine_anneal] Stage2 Epoch 74/75:  80%|████████  | 132/164 [00:50\u003c00:12,  2.65it/s, loss=0.1267, acc=0.9579]\n"}
,{"stream_name":"stderr","time":5976.236815011,"data":"\r[cosine_anneal] Stage2 Epoch 74/75:  80%|████████  | 132/164 [00:50\u003c00:12,  2.65it/s, loss=0.1267, acc=0.9579]\r[cosine_anneal] Stage2 Epoch 74/75:  81%|████████  | 133/164 [00:50\u003c00:11,  2.65it/s, loss=0.1267, acc=0.9579]\n"}
,{"stream_name":"stderr","time":5976.610623684,"data":"\r[cosine_anneal] Stage2 Epoch 74/75:  81%|████████  | 133/164 [00:50\u003c00:11,  2.65it/s, loss=0.1267, acc=0.9579]\r[cosine_anneal] Stage2 Epoch 74/75:  81%|████████  | 133/164 [00:51\u003c00:11,  2.65it/s, loss=0.1265, acc=0.9583]\n"}
,{"stream_name":"stderr","time":5976.611745588,"data":"\r[cosine_anneal] Stage2 Epoch 74/75:  81%|████████  | 133/164 [00:51\u003c00:11,  2.65it/s, loss=0.1265, acc=0.9583]\r[cosine_anneal] Stage2 Epoch 74/75:  82%|████████▏ | 134/164 [00:51\u003c00:11,  2.65it/s, loss=0.1265, acc=0.9583]\n"}
,{"stream_name":"stderr","time":5976.985900323,"data":"\r[cosine_anneal] Stage2 Epoch 74/75:  82%|████████▏ | 134/164 [00:51\u003c00:11,  2.65it/s, loss=0.1265, acc=0.9583]\r[cosine_anneal] Stage2 Epoch 74/75:  82%|████████▏ | 134/164 [00:51\u003c00:11,  2.65it/s, loss=0.1272, acc=0.9581]\n"}
,{"stream_name":"stderr","time":5976.986970181,"data":"\r[cosine_anneal] Stage2 Epoch 74/75:  82%|████████▏ | 134/164 [00:51\u003c00:11,  2.65it/s, loss=0.1272, acc=0.9581]\r[cosine_anneal] Stage2 Epoch 74/75:  82%|████████▏ | 135/164 [00:51\u003c00:10,  2.66it/s, loss=0.1272, acc=0.9581]\n"}
,{"stream_name":"stderr","time":5977.364849616,"data":"\r[cosine_anneal] Stage2 Epoch 74/75:  82%|████████▏ | 135/164 [00:51\u003c00:10,  2.66it/s, loss=0.1272, acc=0.9581]\r[cosine_anneal] Stage2 Epoch 74/75:  82%|████████▏ | 135/164 [00:52\u003c00:10,  2.66it/s, loss=0.1267, acc=0.9582]\n"}
,{"stream_name":"stderr","time":5977.366616555,"data":"\r[cosine_anneal] Stage2 Epoch 74/75:  82%|████████▏ | 135/164 [00:52\u003c00:10,  2.66it/s, loss=0.1267, acc=0.9582]\r[cosine_anneal] Stage2 Epoch 74/75:  83%|████████▎ | 136/164 [00:52\u003c00:10,  2.65it/s, loss=0.1267, acc=0.9582]\n"}
,{"stream_name":"stderr","time":5977.738905993,"data":"\r[cosine_anneal] Stage2 Epoch 74/75:  83%|████████▎ | 136/164 [00:52\u003c00:10,  2.65it/s, loss=0.1267, acc=0.9582]\r[cosine_anneal] Stage2 Epoch 74/75:  83%|████████▎ | 136/164 [00:52\u003c00:10,  2.65it/s, loss=0.1260, acc=0.9585]\n"}
,{"stream_name":"stderr","time":5977.740706179,"data":"\r[cosine_anneal] Stage2 Epoch 74/75:  83%|████████▎ | 136/164 [00:52\u003c00:10,  2.65it/s, loss=0.1260, acc=0.9585]\r[cosine_anneal] Stage2 Epoch 74/75:  84%|████████▎ | 137/164 [00:52\u003c00:10,  2.66it/s, loss=0.1260, acc=0.9585]\n"}
,{"stream_name":"stderr","time":5978.119864981,"data":"\r[cosine_anneal] Stage2 Epoch 74/75:  84%|████████▎ | 137/164 [00:52\u003c00:10,  2.66it/s, loss=0.1260, acc=0.9585]\r[cosine_anneal] Stage2 Epoch 74/75:  84%|████████▎ | 137/164 [00:52\u003c00:10,  2.66it/s, loss=0.1271, acc=0.9583]\n"}
,{"stream_name":"stderr","time":5978.12146944,"data":"\r[cosine_anneal] Stage2 Epoch 74/75:  84%|████████▎ | 137/164 [00:52\u003c00:10,  2.66it/s, loss=0.1271, acc=0.9583]\r[cosine_anneal] Stage2 Epoch 74/75:  84%|████████▍ | 138/164 [00:52\u003c00:09,  2.65it/s, loss=0.1271, acc=0.9583]\n"}
,{"stream_name":"stderr","time":5978.492564704,"data":"\r[cosine_anneal] Stage2 Epoch 74/75:  84%|████████▍ | 138/164 [00:52\u003c00:09,  2.65it/s, loss=0.1271, acc=0.9583]\r[cosine_anneal] Stage2 Epoch 74/75:  84%|████████▍ | 138/164 [00:53\u003c00:09,  2.65it/s, loss=0.1265, acc=0.9586]\n"}
,{"stream_name":"stderr","time":5978.493664685,"data":"\r[cosine_anneal] Stage2 Epoch 74/75:  84%|████████▍ | 138/164 [00:53\u003c00:09,  2.65it/s, loss=0.1265, acc=0.9586]\r[cosine_anneal] Stage2 Epoch 74/75:  85%|████████▍ | 139/164 [00:53\u003c00:09,  2.66it/s, loss=0.1265, acc=0.9586]\n"}
,{"stream_name":"stderr","time":5978.869337149,"data":"\r[cosine_anneal] Stage2 Epoch 74/75:  85%|████████▍ | 139/164 [00:53\u003c00:09,  2.66it/s, loss=0.1265, acc=0.9586]\r[cosine_anneal] Stage2 Epoch 74/75:  85%|████████▍ | 139/164 [00:53\u003c00:09,  2.66it/s, loss=0.1260, acc=0.9589]\n"}
,{"stream_name":"stderr","time":5978.870580934,"data":"\r[cosine_anneal] Stage2 Epoch 74/75:  85%|████████▍ | 139/164 [00:53\u003c00:09,  2.66it/s, loss=0.1260, acc=0.9589]\r[cosine_anneal] Stage2 Epoch 74/75:  85%|████████▌ | 140/164 [00:53\u003c00:09,  2.66it/s, loss=0.1260, acc=0.9589]\n"}
,{"stream_name":"stderr","time":5979.240578439,"data":"\r[cosine_anneal] Stage2 Epoch 74/75:  85%|████████▌ | 140/164 [00:53\u003c00:09,  2.66it/s, loss=0.1260, acc=0.9589]\r[cosine_anneal] Stage2 Epoch 74/75:  85%|████████▌ | 140/164 [00:53\u003c00:09,  2.66it/s, loss=0.1260, acc=0.9590]\n"}
,{"stream_name":"stderr","time":5979.242224958,"data":"\r[cosine_anneal] Stage2 Epoch 74/75:  85%|████████▌ | 140/164 [00:53\u003c00:09,  2.66it/s, loss=0.1260, acc=0.9590]\r[cosine_anneal] Stage2 Epoch 74/75:  86%|████████▌ | 141/164 [00:53\u003c00:08,  2.67it/s, loss=0.1260, acc=0.9590]\n"}
,{"stream_name":"stderr","time":5979.620244638,"data":"\r[cosine_anneal] Stage2 Epoch 74/75:  86%|████████▌ | 141/164 [00:53\u003c00:08,  2.67it/s, loss=0.1260, acc=0.9590]\r[cosine_anneal] Stage2 Epoch 74/75:  86%|████████▌ | 141/164 [00:54\u003c00:08,  2.67it/s, loss=0.1253, acc=0.9593]\n"}
,{"stream_name":"stderr","time":5979.621254903,"data":"\r[cosine_anneal] Stage2 Epoch 74/75:  86%|████████▌ | 141/164 [00:54\u003c00:08,  2.67it/s, loss=0.1253, acc=0.9593]\r[cosine_anneal] Stage2 Epoch 74/75:  87%|████████▋ | 142/164 [00:54\u003c00:08,  2.66it/s, loss=0.1253, acc=0.9593]\n"}
,{"stream_name":"stderr","time":5979.996730449,"data":"\r[cosine_anneal] Stage2 Epoch 74/75:  87%|████████▋ | 142/164 [00:54\u003c00:08,  2.66it/s, loss=0.1253, acc=0.9593]\r[cosine_anneal] Stage2 Epoch 74/75:  87%|████████▋ | 142/164 [00:54\u003c00:08,  2.66it/s, loss=0.1250, acc=0.9594]\n"}
,{"stream_name":"stderr","time":5979.997802207,"data":"\r[cosine_anneal] Stage2 Epoch 74/75:  87%|████████▋ | 142/164 [00:54\u003c00:08,  2.66it/s, loss=0.1250, acc=0.9594]\r[cosine_anneal] Stage2 Epoch 74/75:  87%|████████▋ | 143/164 [00:54\u003c00:07,  2.66it/s, loss=0.1250, acc=0.9594]\n"}
,{"stream_name":"stderr","time":5980.370350595,"data":"\r[cosine_anneal] Stage2 Epoch 74/75:  87%|████████▋ | 143/164 [00:54\u003c00:07,  2.66it/s, loss=0.1250, acc=0.9594]\r[cosine_anneal] Stage2 Epoch 74/75:  87%|████████▋ | 143/164 [00:55\u003c00:07,  2.66it/s, loss=0.1243, acc=0.9596]\n"}
,{"stream_name":"stderr","time":5980.371437237,"data":"\r[cosine_anneal] Stage2 Epoch 74/75:  87%|████████▋ | 143/164 [00:55\u003c00:07,  2.66it/s, loss=0.1243, acc=0.9596]\r[cosine_anneal] Stage2 Epoch 74/75:  88%|████████▊ | 144/164 [00:55\u003c00:07,  2.66it/s, loss=0.1243, acc=0.9596]\n"}
,{"stream_name":"stderr","time":5980.745660701,"data":"\r[cosine_anneal] Stage2 Epoch 74/75:  88%|████████▊ | 144/164 [00:55\u003c00:07,  2.66it/s, loss=0.1243, acc=0.9596]\r[cosine_anneal] Stage2 Epoch 74/75:  88%|████████▊ | 144/164 [00:55\u003c00:07,  2.66it/s, loss=0.1245, acc=0.9595]\n"}
,{"stream_name":"stderr","time":5980.746643956,"data":"\r[cosine_anneal] Stage2 Epoch 74/75:  88%|████████▊ | 144/164 [00:55\u003c00:07,  2.66it/s, loss=0.1245, acc=0.9595]\r[cosine_anneal] Stage2 Epoch 74/75:  88%|████████▊ | 145/164 [00:55\u003c00:07,  2.66it/s, loss=0.1245, acc=0.9595]\n"}
,{"stream_name":"stderr","time":5981.123464048,"data":"\r[cosine_anneal] Stage2 Epoch 74/75:  88%|████████▊ | 145/164 [00:55\u003c00:07,  2.66it/s, loss=0.1245, acc=0.9595]\r[cosine_anneal] Stage2 Epoch 74/75:  88%|████████▊ | 145/164 [00:55\u003c00:07,  2.66it/s, loss=0.1245, acc=0.9595]\n"}
,{"stream_name":"stderr","time":5981.125473406,"data":"\r[cosine_anneal] Stage2 Epoch 74/75:  88%|████████▊ | 145/164 [00:55\u003c00:07,  2.66it/s, loss=0.1245, acc=0.9595]\r[cosine_anneal] Stage2 Epoch 74/75:  89%|████████▉ | 146/164 [00:55\u003c00:06,  2.66it/s, loss=0.1245, acc=0.9595]\n"}
,{"stream_name":"stderr","time":5981.502452919,"data":"\r[cosine_anneal] Stage2 Epoch 74/75:  89%|████████▉ | 146/164 [00:55\u003c00:06,  2.66it/s, loss=0.1245, acc=0.9595]\r[cosine_anneal] Stage2 Epoch 74/75:  89%|████████▉ | 146/164 [00:56\u003c00:06,  2.66it/s, loss=0.1245, acc=0.9596]\n"}
,{"stream_name":"stderr","time":5981.504490522,"data":"\r[cosine_anneal] Stage2 Epoch 74/75:  89%|████████▉ | 146/164 [00:56\u003c00:06,  2.66it/s, loss=0.1245, acc=0.9596]\r[cosine_anneal] Stage2 Epoch 74/75:  90%|████████▉ | 147/164 [00:56\u003c00:06,  2.65it/s, loss=0.1245, acc=0.9596]\n"}
,{"stream_name":"stderr","time":5981.876341739,"data":"\r[cosine_anneal] Stage2 Epoch 74/75:  90%|████████▉ | 147/164 [00:56\u003c00:06,  2.65it/s, loss=0.1245, acc=0.9596]\r[cosine_anneal] Stage2 Epoch 74/75:  90%|████████▉ | 147/164 [00:56\u003c00:06,  2.65it/s, loss=0.1250, acc=0.9595]\n"}
,{"stream_name":"stderr","time":5981.877390964,"data":"\r[cosine_anneal] Stage2 Epoch 74/75:  90%|████████▉ | 147/164 [00:56\u003c00:06,  2.65it/s, loss=0.1250, acc=0.9595]\r[cosine_anneal] Stage2 Epoch 74/75:  90%|█████████ | 148/164 [00:56\u003c00:06,  2.66it/s, loss=0.1250, acc=0.9595]\n"}
,{"stream_name":"stderr","time":5982.261932187,"data":"\r[cosine_anneal] Stage2 Epoch 74/75:  90%|█████████ | 148/164 [00:56\u003c00:06,  2.66it/s, loss=0.1250, acc=0.9595]\r[cosine_anneal] Stage2 Epoch 74/75:  90%|█████████ | 148/164 [00:56\u003c00:06,  2.66it/s, loss=0.1242, acc=0.9597]\n"}
,{"stream_name":"stderr","time":5982.265491824,"data":"\r[cosine_anneal] Stage2 Epoch 74/75:  90%|█████████ | 148/164 [00:56\u003c00:06,  2.66it/s, loss=0.1242, acc=0.9597]\r[cosine_anneal] Stage2 Epoch 74/75:  91%|█████████ | 149/164 [00:56\u003c00:05,  2.64it/s, loss=0.1242, acc=0.9597]\n"}
,{"stream_name":"stderr","time":5982.640710558,"data":"\r[cosine_anneal] Stage2 Epoch 74/75:  91%|█████████ | 149/164 [00:56\u003c00:05,  2.64it/s, loss=0.1242, acc=0.9597]\r[cosine_anneal] Stage2 Epoch 74/75:  91%|█████████ | 149/164 [00:57\u003c00:05,  2.64it/s, loss=0.1245, acc=0.9596]\n"}
,{"stream_name":"stderr","time":5982.641676249,"data":"\r[cosine_anneal] Stage2 Epoch 74/75:  91%|█████████ | 149/164 [00:57\u003c00:05,  2.64it/s, loss=0.1245, acc=0.9596]\r[cosine_anneal] Stage2 Epoch 74/75:  91%|█████████▏| 150/164 [00:57\u003c00:05,  2.64it/s, loss=0.1245, acc=0.9596]\n"}
,{"stream_name":"stderr","time":5983.015145697,"data":"\r[cosine_anneal] Stage2 Epoch 74/75:  91%|█████████▏| 150/164 [00:57\u003c00:05,  2.64it/s, loss=0.1245, acc=0.9596]\r[cosine_anneal] Stage2 Epoch 74/75:  91%|█████████▏| 150/164 [00:57\u003c00:05,  2.64it/s, loss=0.1239, acc=0.9599]\n"}
,{"stream_name":"stderr","time":5983.016232233,"data":"\r[cosine_anneal] Stage2 Epoch 74/75:  91%|█████████▏| 150/164 [00:57\u003c00:05,  2.64it/s, loss=0.1239, acc=0.9599]\r[cosine_anneal] Stage2 Epoch 74/75:  92%|█████████▏| 151/164 [00:57\u003c00:04,  2.65it/s, loss=0.1239, acc=0.9599]\n"}
,{"stream_name":"stderr","time":5983.392550159,"data":"\r[cosine_anneal] Stage2 Epoch 74/75:  92%|█████████▏| 151/164 [00:57\u003c00:04,  2.65it/s, loss=0.1239, acc=0.9599]\r[cosine_anneal] Stage2 Epoch 74/75:  92%|█████████▏| 151/164 [00:58\u003c00:04,  2.65it/s, loss=0.1234, acc=0.9601]\n"}
,{"stream_name":"stderr","time":5983.394464861,"data":"\r[cosine_anneal] Stage2 Epoch 74/75:  92%|█████████▏| 151/164 [00:58\u003c00:04,  2.65it/s, loss=0.1234, acc=0.9601]\r[cosine_anneal] Stage2 Epoch 74/75:  93%|█████████▎| 152/164 [00:58\u003c00:04,  2.65it/s, loss=0.1234, acc=0.9601]\n"}
,{"stream_name":"stderr","time":5983.767570573,"data":"\r[cosine_anneal] Stage2 Epoch 74/75:  93%|█████████▎| 152/164 [00:58\u003c00:04,  2.65it/s, loss=0.1234, acc=0.9601]\r[cosine_anneal] Stage2 Epoch 74/75:  93%|█████████▎| 152/164 [00:58\u003c00:04,  2.65it/s, loss=0.1238, acc=0.9600]\n"}
,{"stream_name":"stderr","time":5983.768129612,"data":"\r[cosine_anneal] Stage2 Epoch 74/75:  93%|█████████▎| 152/164 [00:58\u003c00:04,  2.65it/s, loss=0.1238, acc=0.9600]\r[cosine_anneal] Stage2 Epoch 74/75:  93%|█████████▎| 153/164 [00:58\u003c00:04,  2.65it/s, loss=0.1238, acc=0.9600]\n"}
,{"stream_name":"stderr","time":5984.143126077,"data":"\r[cosine_anneal] Stage2 Epoch 74/75:  93%|█████████▎| 153/164 [00:58\u003c00:04,  2.65it/s, loss=0.1238, acc=0.9600]\r[cosine_anneal] Stage2 Epoch 74/75:  93%|█████████▎| 153/164 [00:58\u003c00:04,  2.65it/s, loss=0.1238, acc=0.9598]\n"}
,{"stream_name":"stderr","time":5984.144047541,"data":"\r[cosine_anneal] Stage2 Epoch 74/75:  93%|█████████▎| 153/164 [00:58\u003c00:04,  2.65it/s, loss=0.1238, acc=0.9598]\r[cosine_anneal] Stage2 Epoch 74/75:  94%|█████████▍| 154/164 [00:58\u003c00:03,  2.66it/s, loss=0.1238, acc=0.9598]\n"}
,{"stream_name":"stderr","time":5984.520480138,"data":"\r[cosine_anneal] Stage2 Epoch 74/75:  94%|█████████▍| 154/164 [00:58\u003c00:03,  2.66it/s, loss=0.1238, acc=0.9598]\r[cosine_anneal] Stage2 Epoch 74/75:  94%|█████████▍| 154/164 [00:59\u003c00:03,  2.66it/s, loss=0.1247, acc=0.9593]\n"}
,{"stream_name":"stderr","time":5984.521562366,"data":"\r[cosine_anneal] Stage2 Epoch 74/75:  94%|█████████▍| 154/164 [00:59\u003c00:03,  2.66it/s, loss=0.1247, acc=0.9593]\r[cosine_anneal] Stage2 Epoch 74/75:  95%|█████████▍| 155/164 [00:59\u003c00:03,  2.65it/s, loss=0.1247, acc=0.9593]\n"}
,{"stream_name":"stderr","time":5984.892509943,"data":"\r[cosine_anneal] Stage2 Epoch 74/75:  95%|█████████▍| 155/164 [00:59\u003c00:03,  2.65it/s, loss=0.1247, acc=0.9593]\r[cosine_anneal] Stage2 Epoch 74/75:  95%|█████████▍| 155/164 [00:59\u003c00:03,  2.65it/s, loss=0.1244, acc=0.9593]\n"}
,{"stream_name":"stderr","time":5984.893515833,"data":"\r[cosine_anneal] Stage2 Epoch 74/75:  95%|█████████▍| 155/164 [00:59\u003c00:03,  2.65it/s, loss=0.1244, acc=0.9593]\r[cosine_anneal] Stage2 Epoch 74/75:  95%|█████████▌| 156/164 [00:59\u003c00:03,  2.66it/s, loss=0.1244, acc=0.9593]\n"}
,{"stream_name":"stderr","time":5985.27344067,"data":"\r[cosine_anneal] Stage2 Epoch 74/75:  95%|█████████▌| 156/164 [00:59\u003c00:03,  2.66it/s, loss=0.1244, acc=0.9593]\r[cosine_anneal] Stage2 Epoch 74/75:  95%|█████████▌| 156/164 [00:59\u003c00:03,  2.66it/s, loss=0.1238, acc=0.9596]\n"}
,{"stream_name":"stderr","time":5985.274549329,"data":"\r[cosine_anneal] Stage2 Epoch 74/75:  95%|█████████▌| 156/164 [00:59\u003c00:03,  2.66it/s, loss=0.1238, acc=0.9596]\r[cosine_anneal] Stage2 Epoch 74/75:  96%|█████████▌| 157/164 [00:59\u003c00:02,  2.65it/s, loss=0.1238, acc=0.9596]\n"}
,{"stream_name":"stderr","time":5985.645212206,"data":"\r[cosine_anneal] Stage2 Epoch 74/75:  96%|█████████▌| 157/164 [00:59\u003c00:02,  2.65it/s, loss=0.1238, acc=0.9596]\r[cosine_anneal] Stage2 Epoch 74/75:  96%|█████████▌| 157/164 [01:00\u003c00:02,  2.65it/s, loss=0.1241, acc=0.9595]\n"}
,{"stream_name":"stderr","time":5985.646144823,"data":"\r[cosine_anneal] Stage2 Epoch 74/75:  96%|█████████▌| 157/164 [01:00\u003c00:02,  2.65it/s, loss=0.1241, acc=0.9595]\r[cosine_anneal] Stage2 Epoch 74/75:  96%|█████████▋| 158/164 [01:00\u003c00:02,  2.66it/s, loss=0.1241, acc=0.9595]\n"}
,{"stream_name":"stderr","time":5986.022000387,"data":"\r[cosine_anneal] Stage2 Epoch 74/75:  96%|█████████▋| 158/164 [01:00\u003c00:02,  2.66it/s, loss=0.1241, acc=0.9595]\r[cosine_anneal] Stage2 Epoch 74/75:  96%|█████████▋| 158/164 [01:00\u003c00:02,  2.66it/s, loss=0.1258, acc=0.9593]\n"}
,{"stream_name":"stderr","time":5986.023053072,"data":"\r[cosine_anneal] Stage2 Epoch 74/75:  96%|█████████▋| 158/164 [01:00\u003c00:02,  2.66it/s, loss=0.1258, acc=0.9593]\r[cosine_anneal] Stage2 Epoch 74/75:  97%|█████████▋| 159/164 [01:00\u003c00:01,  2.66it/s, loss=0.1258, acc=0.9593]\n"}
,{"stream_name":"stderr","time":5986.395363233,"data":"\r[cosine_anneal] Stage2 Epoch 74/75:  97%|█████████▋| 159/164 [01:00\u003c00:01,  2.66it/s, loss=0.1258, acc=0.9593]\r[cosine_anneal] Stage2 Epoch 74/75:  97%|█████████▋| 159/164 [01:01\u003c00:01,  2.66it/s, loss=0.1251, acc=0.9596]\n"}
,{"stream_name":"stderr","time":5986.396273103,"data":"\r[cosine_anneal] Stage2 Epoch 74/75:  97%|█████████▋| 159/164 [01:01\u003c00:01,  2.66it/s, loss=0.1251, acc=0.9596]\r[cosine_anneal] Stage2 Epoch 74/75:  98%|█████████▊| 160/164 [01:01\u003c00:01,  2.67it/s, loss=0.1251, acc=0.9596]\n"}
,{"stream_name":"stderr","time":5986.773782205,"data":"\r[cosine_anneal] Stage2 Epoch 74/75:  98%|█████████▊| 160/164 [01:01\u003c00:01,  2.67it/s, loss=0.1251, acc=0.9596]\r[cosine_anneal] Stage2 Epoch 74/75:  98%|█████████▊| 160/164 [01:01\u003c00:01,  2.67it/s, loss=0.1260, acc=0.9594]\n"}
,{"stream_name":"stderr","time":5986.774919292,"data":"\r[cosine_anneal] Stage2 Epoch 74/75:  98%|█████████▊| 160/164 [01:01\u003c00:01,  2.67it/s, loss=0.1260, acc=0.9594]\r[cosine_anneal] Stage2 Epoch 74/75:  98%|█████████▊| 161/164 [01:01\u003c00:01,  2.66it/s, loss=0.1260, acc=0.9594]\n"}
,{"stream_name":"stderr","time":5987.144279282,"data":"\r[cosine_anneal] Stage2 Epoch 74/75:  98%|█████████▊| 161/164 [01:01\u003c00:01,  2.66it/s, loss=0.1260, acc=0.9594]\r[cosine_anneal] Stage2 Epoch 74/75:  98%|█████████▊| 161/164 [01:01\u003c00:01,  2.66it/s, loss=0.1276, acc=0.9591]\n"}
,{"stream_name":"stderr","time":5987.145327863,"data":"\r[cosine_anneal] Stage2 Epoch 74/75:  98%|█████████▊| 161/164 [01:01\u003c00:01,  2.66it/s, loss=0.1276, acc=0.9591]\r[cosine_anneal] Stage2 Epoch 74/75:  99%|█████████▉| 162/164 [01:01\u003c00:00,  2.67it/s, loss=0.1276, acc=0.9591]\n"}
,{"stream_name":"stderr","time":5987.522611454,"data":"\r[cosine_anneal] Stage2 Epoch 74/75:  99%|█████████▉| 162/164 [01:01\u003c00:00,  2.67it/s, loss=0.1276, acc=0.9591]\r[cosine_anneal] Stage2 Epoch 74/75:  99%|█████████▉| 162/164 [01:02\u003c00:00,  2.67it/s, loss=0.1276, acc=0.9590]\n"}
,{"stream_name":"stderr","time":5987.523282696,"data":"\r[cosine_anneal] Stage2 Epoch 74/75:  99%|█████████▉| 162/164 [01:02\u003c00:00,  2.67it/s, loss=0.1276, acc=0.9590]\r[cosine_anneal] Stage2 Epoch 74/75:  99%|█████████▉| 163/164 [01:02\u003c00:00,  2.66it/s, loss=0.1276, acc=0.9590]\n"}
,{"stream_name":"stderr","time":5987.890620586,"data":"\r[cosine_anneal] Stage2 Epoch 74/75:  99%|█████████▉| 163/164 [01:02\u003c00:00,  2.66it/s, loss=0.1276, acc=0.9590]\r[cosine_anneal] Stage2 Epoch 74/75:  99%|█████████▉| 163/164 [01:02\u003c00:00,  2.66it/s, loss=0.1270, acc=0.9592]\n"}
,{"stream_name":"stderr","time":5987.890796239,"data":"\r[cosine_anneal] Stage2 Epoch 74/75:  99%|█████████▉| 163/164 [01:02\u003c00:00,  2.66it/s, loss=0.1270, acc=0.9592]\r[cosine_anneal] Stage2 Epoch 74/75: 100%|██████████| 164/164 [01:02\u003c00:00,  2.68it/s, loss=0.1270, acc=0.9592]\n"}
,{"stream_name":"stderr","time":5987.95880052,"data":"\r[cosine_anneal] Stage2 Epoch 74/75: 100%|██████████| 164/164 [01:02\u003c00:00,  2.68it/s, loss=0.1270, acc=0.9592]\r[cosine_anneal] Stage2 Epoch 74/75: 100%|██████████| 164/164 [01:02\u003c00:00,  2.62it/s, loss=0.1270, acc=0.9592]\n"}
,{"stream_name":"stderr","time":5987.961536276,"data":"\r[cosine_anneal] Stage2 Epoch 74/75: 100%|██████████| 164/164 [01:02\u003c00:00,  2.62it/s, loss=0.1270, acc=0.9592]\n"}
,{"stream_name":"stderr","time":5987.961557506,"data":"\n"}
,{"stream_name":"stderr","time":5987.961561889,"data":"\n"}
,{"stream_name":"stdout","time":5995.991049791,"data":"  Val Loss: 0.6098 | Val Acc: 0.8826 | Val Macro-F1: 0.7984\n"}
,{"stream_name":"stderr","time":5995.99253946,"data":"\r[cosine_anneal] Stage2 Epoch 75/75:   0%|          | 0/164 [00:00\u003c?, ?it/s]\n"}
,{"stream_name":"stderr","time":5995.993697588,"data":"\r[cosine_anneal] Stage2 Epoch 75/75:   0%|          | 0/164 [00:00\u003c?, ?it/s]\r[cosine_anneal] Stage2 Epoch 75/75:   0%|          | 0/164 [00:01\u003c?, ?it/s, loss=0.1753, acc=0.9688]\n"}
,{"stream_name":"stderr","time":5995.994713409,"data":"\r[cosine_anneal] Stage2 Epoch 75/75:   0%|          | 0/164 [00:01\u003c?, ?it/s, loss=0.1753, acc=0.9688]\r[cosine_anneal] Stage2 Epoch 75/75:   1%|          | 1/164 [00:01\u003c04:05,  1.51s/it, loss=0.1753, acc=0.9688]\n"}
,{"stream_name":"stderr","time":5995.99576033,"data":"\r[cosine_anneal] Stage2 Epoch 75/75:   1%|          | 1/164 [00:01\u003c04:05,  1.51s/it, loss=0.1753, acc=0.9688]\r[cosine_anneal] Stage2 Epoch 75/75:   1%|          | 1/164 [00:01\u003c04:05,  1.51s/it, loss=0.1246, acc=0.9688]\n"}
,{"stream_name":"stderr","time":5995.996633662,"data":"\r[cosine_anneal] Stage2 Epoch 75/75:   1%|          | 1/164 [00:01\u003c04:05,  1.51s/it, loss=0.1246, acc=0.9688]\r[cosine_anneal] Stage2 Epoch 75/75:   1%|          | 2/164 [00:01\u003c02:17,  1.18it/s, loss=0.1246, acc=0.9688]\n"}
,{"stream_name":"stderr","time":5995.997615559,"data":"\r[cosine_anneal] Stage2 Epoch 75/75:   1%|          | 2/164 [00:01\u003c02:17,  1.18it/s, loss=0.1246, acc=0.9688]\r[cosine_anneal] Stage2 Epoch 75/75:   1%|          | 2/164 [00:02\u003c02:17,  1.18it/s, loss=0.1570, acc=0.9583]\n"}
,{"stream_name":"stderr","time":5995.998581175,"data":"\r[cosine_anneal] Stage2 Epoch 75/75:   1%|          | 2/164 [00:02\u003c02:17,  1.18it/s, loss=0.1570, acc=0.9583]\r[cosine_anneal] Stage2 Epoch 75/75:   2%|▏         | 3/164 [00:02\u003c01:41,  1.58it/s, loss=0.1570, acc=0.9583]\n"}
,{"stream_name":"stderr","time":5995.999466588,"data":"\r[cosine_anneal] Stage2 Epoch 75/75:   2%|▏         | 3/164 [00:02\u003c01:41,  1.58it/s, loss=0.1570, acc=0.9583]\r[cosine_anneal] Stage2 Epoch 75/75:   2%|▏         | 3/164 [00:02\u003c01:41,  1.58it/s, loss=0.1318, acc=0.9609]\n"}
,{"stream_name":"stderr","time":5996.000355623,"data":"\r[cosine_anneal] Stage2 Epoch 75/75:   2%|▏         | 3/164 [00:02\u003c01:41,  1.58it/s, loss=0.1318, acc=0.9609]\r[cosine_anneal] Stage2 Epoch 75/75:   2%|▏         | 4/164 [00:02\u003c01:26,  1.86it/s, loss=0.1318, acc=0.9609]\n"}
,{"stream_name":"stderr","time":5996.001260604,"data":"\r[cosine_anneal] Stage2 Epoch 75/75:   2%|▏         | 4/164 [00:02\u003c01:26,  1.86it/s, loss=0.1318, acc=0.9609]\r[cosine_anneal] Stage2 Epoch 75/75:   2%|▏         | 4/164 [00:03\u003c01:26,  1.86it/s, loss=0.1553, acc=0.9563]\n"}
,{"stream_name":"stderr","time":5996.002383881,"data":"\r[cosine_anneal] Stage2 Epoch 75/75:   2%|▏         | 4/164 [00:03\u003c01:26,  1.86it/s, loss=0.1553, acc=0.9563]\r[cosine_anneal] Stage2 Epoch 75/75:   3%|▎         | 5/164 [00:03\u003c01:16,  2.08it/s, loss=0.1553, acc=0.9563]\n"}
,{"stream_name":"stderr","time":5996.359087049,"data":"\r[cosine_anneal] Stage2 Epoch 75/75:   3%|▎         | 5/164 [00:03\u003c01:16,  2.08it/s, loss=0.1553, acc=0.9563]\r[cosine_anneal] Stage2 Epoch 75/75:   3%|▎         | 5/164 [00:03\u003c01:16,  2.08it/s, loss=0.1516, acc=0.9531]\n"}
,{"stream_name":"stderr","time":5996.360183612,"data":"\r[cosine_anneal] Stage2 Epoch 75/75:   3%|▎         | 5/164 [00:03\u003c01:16,  2.08it/s, loss=0.1516, acc=0.9531]\r[cosine_anneal] Stage2 Epoch 75/75:   4%|▎         | 6/164 [00:03\u003c01:10,  2.25it/s, loss=0.1516, acc=0.9531]\n"}
,{"stream_name":"stderr","time":5996.729306681,"data":"\r[cosine_anneal] Stage2 Epoch 75/75:   4%|▎         | 6/164 [00:03\u003c01:10,  2.25it/s, loss=0.1516, acc=0.9531]\r[cosine_anneal] Stage2 Epoch 75/75:   4%|▎         | 6/164 [00:03\u003c01:10,  2.25it/s, loss=0.1498, acc=0.9509]\n"}
,{"stream_name":"stderr","time":5996.730702637,"data":"\r[cosine_anneal] Stage2 Epoch 75/75:   4%|▎         | 6/164 [00:03\u003c01:10,  2.25it/s, loss=0.1498, acc=0.9509]\r[cosine_anneal] Stage2 Epoch 75/75:   4%|▍         | 7/164 [00:03\u003c01:05,  2.38it/s, loss=0.1498, acc=0.9509]\n"}
,{"stream_name":"stderr","time":5997.099947995,"data":"\r[cosine_anneal] Stage2 Epoch 75/75:   4%|▍         | 7/164 [00:03\u003c01:05,  2.38it/s, loss=0.1498, acc=0.9509]\r[cosine_anneal] Stage2 Epoch 75/75:   4%|▍         | 7/164 [00:04\u003c01:05,  2.38it/s, loss=0.1324, acc=0.9570]\n"}
,{"stream_name":"stderr","time":5997.100891536,"data":"\r[cosine_anneal] Stage2 Epoch 75/75:   4%|▍         | 7/164 [00:04\u003c01:05,  2.38it/s, loss=0.1324, acc=0.9570]\r[cosine_anneal] Stage2 Epoch 75/75:   5%|▍         | 8/164 [00:04\u003c01:03,  2.47it/s, loss=0.1324, acc=0.9570]\n"}
,{"stream_name":"stderr","time":5997.477428819,"data":"\r[cosine_anneal] Stage2 Epoch 75/75:   5%|▍         | 8/164 [00:04\u003c01:03,  2.47it/s, loss=0.1324, acc=0.9570]\r[cosine_anneal] Stage2 Epoch 75/75:   5%|▍         | 8/164 [00:04\u003c01:03,  2.47it/s, loss=0.1183, acc=0.9618]\n"}
,{"stream_name":"stderr","time":5997.482670189,"data":"\r[cosine_anneal] Stage2 Epoch 75/75:   5%|▍         | 8/164 [00:04\u003c01:03,  2.47it/s, loss=0.1183, acc=0.9618]\r[cosine_anneal] Stage2 Epoch 75/75:   5%|▌         | 9/164 [00:04\u003c01:01,  2.53it/s, loss=0.1183, acc=0.9618]\n"}
,{"stream_name":"stderr","time":5997.849815913,"data":"\r[cosine_anneal] Stage2 Epoch 75/75:   5%|▌         | 9/164 [00:04\u003c01:01,  2.53it/s, loss=0.1183, acc=0.9618]\r[cosine_anneal] Stage2 Epoch 75/75:   5%|▌         | 9/164 [00:04\u003c01:01,  2.53it/s, loss=0.1236, acc=0.9594]\n"}
,{"stream_name":"stderr","time":5997.851171556,"data":"\r[cosine_anneal] Stage2 Epoch 75/75:   5%|▌         | 9/164 [00:04\u003c01:01,  2.53it/s, loss=0.1236, acc=0.9594]\r[cosine_anneal] Stage2 Epoch 75/75:   6%|▌         | 10/164 [00:04\u003c00:59,  2.57it/s, loss=0.1236, acc=0.9594]\n"}
,{"stream_name":"stderr","time":5998.223886377,"data":"\r[cosine_anneal] Stage2 Epoch 75/75:   6%|▌         | 10/164 [00:04\u003c00:59,  2.57it/s, loss=0.1236, acc=0.9594]\r[cosine_anneal] Stage2 Epoch 75/75:   6%|▌         | 10/164 [00:05\u003c00:59,  2.57it/s, loss=0.1143, acc=0.9631]\n"}
,{"stream_name":"stderr","time":5998.224707318,"data":"\r[cosine_anneal] Stage2 Epoch 75/75:   6%|▌         | 10/164 [00:05\u003c00:59,  2.57it/s, loss=0.1143, acc=0.9631]\r[cosine_anneal] Stage2 Epoch 75/75:   7%|▋         | 11/164 [00:05\u003c00:58,  2.60it/s, loss=0.1143, acc=0.9631]\n"}
,{"stream_name":"stderr","time":5998.597133232,"data":"\r[cosine_anneal] Stage2 Epoch 75/75:   7%|▋         | 11/164 [00:05\u003c00:58,  2.60it/s, loss=0.1143, acc=0.9631]\r[cosine_anneal] Stage2 Epoch 75/75:   7%|▋         | 11/164 [00:05\u003c00:58,  2.60it/s, loss=0.1145, acc=0.9583]\n"}
,{"stream_name":"stderr","time":5998.59818643,"data":"\r[cosine_anneal] Stage2 Epoch 75/75:   7%|▋         | 11/164 [00:05\u003c00:58,  2.60it/s, loss=0.1145, acc=0.9583]\r[cosine_anneal] Stage2 Epoch 75/75:   7%|▋         | 12/164 [00:05\u003c00:57,  2.63it/s, loss=0.1145, acc=0.9583]\n"}
,{"stream_name":"stderr","time":5998.974379497,"data":"\r[cosine_anneal] Stage2 Epoch 75/75:   7%|▋         | 12/164 [00:05\u003c00:57,  2.63it/s, loss=0.1145, acc=0.9583]\r[cosine_anneal] Stage2 Epoch 75/75:   7%|▋         | 12/164 [00:06\u003c00:57,  2.63it/s, loss=0.1114, acc=0.9591]\n"}
,{"stream_name":"stderr","time":5998.976897026,"data":"\r[cosine_anneal] Stage2 Epoch 75/75:   7%|▋         | 12/164 [00:06\u003c00:57,  2.63it/s, loss=0.1114, acc=0.9591]\r[cosine_anneal] Stage2 Epoch 75/75:   8%|▊         | 13/164 [00:06\u003c00:57,  2.63it/s, loss=0.1114, acc=0.9591]\n"}
,{"stream_name":"stderr","time":5999.347960343,"data":"\r[cosine_anneal] Stage2 Epoch 75/75:   8%|▊         | 13/164 [00:06\u003c00:57,  2.63it/s, loss=0.1114, acc=0.9591]\r[cosine_anneal] Stage2 Epoch 75/75:   8%|▊         | 13/164 [00:06\u003c00:57,  2.63it/s, loss=0.1045, acc=0.9621]\n"}
,{"stream_name":"stderr","time":5999.348998184,"data":"\r[cosine_anneal] Stage2 Epoch 75/75:   8%|▊         | 13/164 [00:06\u003c00:57,  2.63it/s, loss=0.1045, acc=0.9621]\r[cosine_anneal] Stage2 Epoch 75/75:   9%|▊         | 14/164 [00:06\u003c00:56,  2.65it/s, loss=0.1045, acc=0.9621]\n"}
,{"stream_name":"stderr","time":5999.722853143,"data":"\r[cosine_anneal] Stage2 Epoch 75/75:   9%|▊         | 14/164 [00:06\u003c00:56,  2.65it/s, loss=0.1045, acc=0.9621]\r[cosine_anneal] Stage2 Epoch 75/75:   9%|▊         | 14/164 [00:06\u003c00:56,  2.65it/s, loss=0.1006, acc=0.9625]\n"}
,{"stream_name":"stderr","time":5999.723913503,"data":"\r[cosine_anneal] Stage2 Epoch 75/75:   9%|▊         | 14/164 [00:06\u003c00:56,  2.65it/s, loss=0.1006, acc=0.9625]\r[cosine_anneal] Stage2 Epoch 75/75:   9%|▉         | 15/164 [00:06\u003c00:56,  2.65it/s, loss=0.1006, acc=0.9625]\n"}
,{"stream_name":"stderr","time":6000.092847161,"data":"\r[cosine_anneal] Stage2 Epoch 75/75:   9%|▉         | 15/164 [00:06\u003c00:56,  2.65it/s, loss=0.1006, acc=0.9625]\r[cosine_anneal] Stage2 Epoch 75/75:   9%|▉         | 15/164 [00:07\u003c00:56,  2.65it/s, loss=0.0988, acc=0.9629]\n"}
,{"stream_name":"stderr","time":6000.097205421,"data":"\r[cosine_anneal] Stage2 Epoch 75/75:   9%|▉         | 15/164 [00:07\u003c00:56,  2.65it/s, loss=0.0988, acc=0.9629]\r[cosine_anneal] Stage2 Epoch 75/75:  10%|▉         | 16/164 [00:07\u003c00:55,  2.67it/s, loss=0.0988, acc=0.9629]\n"}
,{"stream_name":"stderr","time":6000.470277811,"data":"\r[cosine_anneal] Stage2 Epoch 75/75:  10%|▉         | 16/164 [00:07\u003c00:55,  2.67it/s, loss=0.0988, acc=0.9629]\r[cosine_anneal] Stage2 Epoch 75/75:  10%|▉         | 16/164 [00:07\u003c00:55,  2.67it/s, loss=0.0989, acc=0.9632]\n"}
,{"stream_name":"stderr","time":6000.471483264,"data":"\r[cosine_anneal] Stage2 Epoch 75/75:  10%|▉         | 16/164 [00:07\u003c00:55,  2.67it/s, loss=0.0989, acc=0.9632]\r[cosine_anneal] Stage2 Epoch 75/75:  10%|█         | 17/164 [00:07\u003c00:55,  2.66it/s, loss=0.0989, acc=0.9632]\n"}
,{"stream_name":"stderr","time":6000.846649056,"data":"\r[cosine_anneal] Stage2 Epoch 75/75:  10%|█         | 17/164 [00:07\u003c00:55,  2.66it/s, loss=0.0989, acc=0.9632]\r[cosine_anneal] Stage2 Epoch 75/75:  10%|█         | 17/164 [00:07\u003c00:55,  2.66it/s, loss=0.0952, acc=0.9653]\n"}
,{"stream_name":"stderr","time":6000.847799782,"data":"\r[cosine_anneal] Stage2 Epoch 75/75:  10%|█         | 17/164 [00:07\u003c00:55,  2.66it/s, loss=0.0952, acc=0.9653]\r[cosine_anneal] Stage2 Epoch 75/75:  11%|█         | 18/164 [00:07\u003c00:54,  2.66it/s, loss=0.0952, acc=0.9653]\n"}
,{"stream_name":"stderr","time":6001.224263969,"data":"\r[cosine_anneal] Stage2 Epoch 75/75:  11%|█         | 18/164 [00:07\u003c00:54,  2.66it/s, loss=0.0952, acc=0.9653]\r[cosine_anneal] Stage2 Epoch 75/75:  11%|█         | 18/164 [00:08\u003c00:54,  2.66it/s, loss=0.1169, acc=0.9572]\n"}
,{"stream_name":"stderr","time":6001.225261823,"data":"\r[cosine_anneal] Stage2 Epoch 75/75:  11%|█         | 18/164 [00:08\u003c00:54,  2.66it/s, loss=0.1169, acc=0.9572]\r[cosine_anneal] Stage2 Epoch 75/75:  12%|█▏        | 19/164 [00:08\u003c00:54,  2.66it/s, loss=0.1169, acc=0.9572]\n"}
,{"stream_name":"stderr","time":6001.594120735,"data":"\r[cosine_anneal] Stage2 Epoch 75/75:  12%|█▏        | 19/164 [00:08\u003c00:54,  2.66it/s, loss=0.1169, acc=0.9572]\r[cosine_anneal] Stage2 Epoch 75/75:  12%|█▏        | 19/164 [00:08\u003c00:54,  2.66it/s, loss=0.1122, acc=0.9594]\n"}
,{"stream_name":"stderr","time":6001.595296923,"data":"\r[cosine_anneal] Stage2 Epoch 75/75:  12%|█▏        | 19/164 [00:08\u003c00:54,  2.66it/s, loss=0.1122, acc=0.9594]\r[cosine_anneal] Stage2 Epoch 75/75:  12%|█▏        | 20/164 [00:08\u003c00:53,  2.67it/s, loss=0.1122, acc=0.9594]\n"}
,{"stream_name":"stderr","time":6001.966680724,"data":"\r[cosine_anneal] Stage2 Epoch 75/75:  12%|█▏        | 20/164 [00:08\u003c00:53,  2.67it/s, loss=0.1122, acc=0.9594]\r[cosine_anneal] Stage2 Epoch 75/75:  12%|█▏        | 20/164 [00:09\u003c00:53,  2.67it/s, loss=0.1347, acc=0.9539]\n"}
,{"stream_name":"stderr","time":6001.967744415,"data":"\r[cosine_anneal] Stage2 Epoch 75/75:  12%|█▏        | 20/164 [00:09\u003c00:53,  2.67it/s, loss=0.1347, acc=0.9539]\r[cosine_anneal] Stage2 Epoch 75/75:  13%|█▎        | 21/164 [00:09\u003c00:53,  2.67it/s, loss=0.1347, acc=0.9539]\n"}
,{"stream_name":"stderr","time":6002.345542032,"data":"\r[cosine_anneal] Stage2 Epoch 75/75:  13%|█▎        | 21/164 [00:09\u003c00:53,  2.67it/s, loss=0.1347, acc=0.9539]\r[cosine_anneal] Stage2 Epoch 75/75:  13%|█▎        | 21/164 [00:09\u003c00:53,  2.67it/s, loss=0.1318, acc=0.9560]\n"}
,{"stream_name":"stderr","time":6002.34599742,"data":"\r[cosine_anneal] Stage2 Epoch 75/75:  13%|█▎        | 21/164 [00:09\u003c00:53,  2.67it/s, loss=0.1318, acc=0.9560]\r[cosine_anneal] Stage2 Epoch 75/75:  13%|█▎        | 22/164 [00:09\u003c00:53,  2.67it/s, loss=0.1318, acc=0.9560]\n"}
,{"stream_name":"stderr","time":6002.721567397,"data":"\r[cosine_anneal] Stage2 Epoch 75/75:  13%|█▎        | 22/164 [00:09\u003c00:53,  2.67it/s, loss=0.1318, acc=0.9560]\r[cosine_anneal] Stage2 Epoch 75/75:  13%|█▎        | 22/164 [00:09\u003c00:53,  2.67it/s, loss=0.1347, acc=0.9552]\n"}
,{"stream_name":"stderr","time":6002.723067758,"data":"\r[cosine_anneal] Stage2 Epoch 75/75:  13%|█▎        | 22/164 [00:09\u003c00:53,  2.67it/s, loss=0.1347, acc=0.9552]\r[cosine_anneal] Stage2 Epoch 75/75:  14%|█▍        | 23/164 [00:09\u003c00:52,  2.66it/s, loss=0.1347, acc=0.9552]\n"}
,{"stream_name":"stderr","time":6003.093791081,"data":"\r[cosine_anneal] Stage2 Epoch 75/75:  14%|█▍        | 23/164 [00:09\u003c00:52,  2.66it/s, loss=0.1347, acc=0.9552]\r[cosine_anneal] Stage2 Epoch 75/75:  14%|█▍        | 23/164 [00:10\u003c00:52,  2.66it/s, loss=0.1360, acc=0.9557]\n"}
,{"stream_name":"stderr","time":6003.094355165,"data":"\r[cosine_anneal] Stage2 Epoch 75/75:  14%|█▍        | 23/164 [00:10\u003c00:52,  2.66it/s, loss=0.1360, acc=0.9557]\r[cosine_anneal] Stage2 Epoch 75/75:  15%|█▍        | 24/164 [00:10\u003c00:52,  2.67it/s, loss=0.1360, acc=0.9557]\n"}
,{"stream_name":"stderr","time":6003.47356269,"data":"\r[cosine_anneal] Stage2 Epoch 75/75:  15%|█▍        | 24/164 [00:10\u003c00:52,  2.67it/s, loss=0.1360, acc=0.9557]\r[cosine_anneal] Stage2 Epoch 75/75:  15%|█▍        | 24/164 [00:10\u003c00:52,  2.67it/s, loss=0.1316, acc=0.9575]\n"}
,{"stream_name":"stderr","time":6003.475317831,"data":"\r[cosine_anneal] Stage2 Epoch 75/75:  15%|█▍        | 24/164 [00:10\u003c00:52,  2.67it/s, loss=0.1316, acc=0.9575]\r[cosine_anneal] Stage2 Epoch 75/75:  15%|█▌        | 25/164 [00:10\u003c00:52,  2.66it/s, loss=0.1316, acc=0.9575]\n"}
,{"stream_name":"stderr","time":6003.845096431,"data":"\r[cosine_anneal] Stage2 Epoch 75/75:  15%|█▌        | 25/164 [00:10\u003c00:52,  2.66it/s, loss=0.1316, acc=0.9575]\r[cosine_anneal] Stage2 Epoch 75/75:  15%|█▌        | 25/164 [00:10\u003c00:52,  2.66it/s, loss=0.1271, acc=0.9591]\n"}
,{"stream_name":"stderr","time":6003.845953194,"data":"\r[cosine_anneal] Stage2 Epoch 75/75:  15%|█▌        | 25/164 [00:10\u003c00:52,  2.66it/s, loss=0.1271, acc=0.9591]\r[cosine_anneal] Stage2 Epoch 75/75:  16%|█▌        | 26/164 [00:10\u003c00:51,  2.67it/s, loss=0.1271, acc=0.9591]\n"}
,{"stream_name":"stderr","time":6004.219473141,"data":"\r[cosine_anneal] Stage2 Epoch 75/75:  16%|█▌        | 26/164 [00:10\u003c00:51,  2.67it/s, loss=0.1271, acc=0.9591]\r[cosine_anneal] Stage2 Epoch 75/75:  16%|█▌        | 26/164 [00:11\u003c00:51,  2.67it/s, loss=0.1227, acc=0.9606]\n"}
,{"stream_name":"stderr","time":6004.21951846,"data":"\r[cosine_anneal] Stage2 Epoch 75/75:  16%|█▌        | 26/164 [00:11\u003c00:51,  2.67it/s, loss=0.1227, acc=0.9606]\r[cosine_anneal] Stage2 Epoch 75/75:  16%|█▋        | 27/164 [00:11\u003c00:51,  2.67it/s, loss=0.1227, acc=0.9606]\n"}
,{"stream_name":"stderr","time":6004.594483464,"data":"\r[cosine_anneal] Stage2 Epoch 75/75:  16%|█▋        | 27/164 [00:11\u003c00:51,  2.67it/s, loss=0.1227, acc=0.9606]\r[cosine_anneal] Stage2 Epoch 75/75:  16%|█▋        | 27/164 [00:11\u003c00:51,  2.67it/s, loss=0.1230, acc=0.9598]\n"}
,{"stream_name":"stderr","time":6004.595430804,"data":"\r[cosine_anneal] Stage2 Epoch 75/75:  16%|█▋        | 27/164 [00:11\u003c00:51,  2.67it/s, loss=0.1230, acc=0.9598]\r[cosine_anneal] Stage2 Epoch 75/75:  17%|█▋        | 28/164 [00:11\u003c00:50,  2.67it/s, loss=0.1230, acc=0.9598]\n"}
,{"stream_name":"stderr","time":6004.971718408,"data":"\r[cosine_anneal] Stage2 Epoch 75/75:  17%|█▋        | 28/164 [00:11\u003c00:50,  2.67it/s, loss=0.1230, acc=0.9598]\r[cosine_anneal] Stage2 Epoch 75/75:  17%|█▋        | 28/164 [00:12\u003c00:50,  2.67it/s, loss=0.1196, acc=0.9612]\n"}
,{"stream_name":"stderr","time":6004.973032175,"data":"\r[cosine_anneal] Stage2 Epoch 75/75:  17%|█▋        | 28/164 [00:12\u003c00:50,  2.67it/s, loss=0.1196, acc=0.9612]\r[cosine_anneal] Stage2 Epoch 75/75:  18%|█▊        | 29/164 [00:12\u003c00:50,  2.66it/s, loss=0.1196, acc=0.9612]\n"}
,{"stream_name":"stderr","time":6005.345281707,"data":"\r[cosine_anneal] Stage2 Epoch 75/75:  18%|█▊        | 29/164 [00:12\u003c00:50,  2.66it/s, loss=0.1196, acc=0.9612]\r[cosine_anneal] Stage2 Epoch 75/75:  18%|█▊        | 29/164 [00:12\u003c00:50,  2.66it/s, loss=0.1204, acc=0.9615]\n"}
,{"stream_name":"stderr","time":6005.346442375,"data":"\r[cosine_anneal] Stage2 Epoch 75/75:  18%|█▊        | 29/164 [00:12\u003c00:50,  2.66it/s, loss=0.1204, acc=0.9615]\r[cosine_anneal] Stage2 Epoch 75/75:  18%|█▊        | 30/164 [00:12\u003c00:50,  2.67it/s, loss=0.1204, acc=0.9615]\n"}
,{"stream_name":"stderr","time":6005.720982601,"data":"\r[cosine_anneal] Stage2 Epoch 75/75:  18%|█▊        | 30/164 [00:12\u003c00:50,  2.67it/s, loss=0.1204, acc=0.9615]\r[cosine_anneal] Stage2 Epoch 75/75:  18%|█▊        | 30/164 [00:12\u003c00:50,  2.67it/s, loss=0.1215, acc=0.9597]\n"}
,{"stream_name":"stderr","time":6005.721966857,"data":"\r[cosine_anneal] Stage2 Epoch 75/75:  18%|█▊        | 30/164 [00:12\u003c00:50,  2.67it/s, loss=0.1215, acc=0.9597]\r[cosine_anneal] Stage2 Epoch 75/75:  19%|█▉        | 31/164 [00:12\u003c00:49,  2.67it/s, loss=0.1215, acc=0.9597]\n"}
,{"stream_name":"stderr","time":6006.094137915,"data":"\r[cosine_anneal] Stage2 Epoch 75/75:  19%|█▉        | 31/164 [00:12\u003c00:49,  2.67it/s, loss=0.1215, acc=0.9597]\r[cosine_anneal] Stage2 Epoch 75/75:  19%|█▉        | 31/164 [00:13\u003c00:49,  2.67it/s, loss=0.1225, acc=0.9590]\n"}
,{"stream_name":"stderr","time":6006.094973527,"data":"\r[cosine_anneal] Stage2 Epoch 75/75:  19%|█▉        | 31/164 [00:13\u003c00:49,  2.67it/s, loss=0.1225, acc=0.9590]\r[cosine_anneal] Stage2 Epoch 75/75:  20%|█▉        | 32/164 [00:13\u003c00:49,  2.67it/s, loss=0.1225, acc=0.9590]\n"}
,{"stream_name":"stderr","time":6006.472290672,"data":"\r[cosine_anneal] Stage2 Epoch 75/75:  20%|█▉        | 32/164 [00:13\u003c00:49,  2.67it/s, loss=0.1225, acc=0.9590]\r[cosine_anneal] Stage2 Epoch 75/75:  20%|█▉        | 32/164 [00:13\u003c00:49,  2.67it/s, loss=0.1224, acc=0.9583]\n"}
,{"stream_name":"stderr","time":6006.473250941,"data":"\r[cosine_anneal] Stage2 Epoch 75/75:  20%|█▉        | 32/164 [00:13\u003c00:49,  2.67it/s, loss=0.1224, acc=0.9583]\r[cosine_anneal] Stage2 Epoch 75/75:  20%|██        | 33/164 [00:13\u003c00:49,  2.66it/s, loss=0.1224, acc=0.9583]\n"}
,{"stream_name":"stderr","time":6006.844803365,"data":"\r[cosine_anneal] Stage2 Epoch 75/75:  20%|██        | 33/164 [00:13\u003c00:49,  2.66it/s, loss=0.1224, acc=0.9583]\r[cosine_anneal] Stage2 Epoch 75/75:  20%|██        | 33/164 [00:13\u003c00:49,  2.66it/s, loss=0.1229, acc=0.9577]\n"}
,{"stream_name":"stderr","time":6006.845909226,"data":"\r[cosine_anneal] Stage2 Epoch 75/75:  20%|██        | 33/164 [00:13\u003c00:49,  2.66it/s, loss=0.1229, acc=0.9577]\r[cosine_anneal] Stage2 Epoch 75/75:  21%|██        | 34/164 [00:13\u003c00:48,  2.67it/s, loss=0.1229, acc=0.9577]\n"}
,{"stream_name":"stderr","time":6007.226726808,"data":"\r[cosine_anneal] Stage2 Epoch 75/75:  21%|██        | 34/164 [00:13\u003c00:48,  2.67it/s, loss=0.1229, acc=0.9577]\r[cosine_anneal] Stage2 Epoch 75/75:  21%|██        | 34/164 [00:14\u003c00:48,  2.67it/s, loss=0.1216, acc=0.9580]\n"}
,{"stream_name":"stderr","time":6007.227758953,"data":"\r[cosine_anneal] Stage2 Epoch 75/75:  21%|██        | 34/164 [00:14\u003c00:48,  2.67it/s, loss=0.1216, acc=0.9580]\r[cosine_anneal] Stage2 Epoch 75/75:  21%|██▏       | 35/164 [00:14\u003c00:48,  2.65it/s, loss=0.1216, acc=0.9580]\n"}
,{"stream_name":"stderr","time":6007.59543535,"data":"\r[cosine_anneal] Stage2 Epoch 75/75:  21%|██▏       | 35/164 [00:14\u003c00:48,  2.65it/s, loss=0.1216, acc=0.9580]\r[cosine_anneal] Stage2 Epoch 75/75:  21%|██▏       | 35/164 [00:14\u003c00:48,  2.65it/s, loss=0.1188, acc=0.9592]\n"}
,{"stream_name":"stderr","time":6007.597439179,"data":"\r[cosine_anneal] Stage2 Epoch 75/75:  21%|██▏       | 35/164 [00:14\u003c00:48,  2.65it/s, loss=0.1188, acc=0.9592]\r[cosine_anneal] Stage2 Epoch 75/75:  22%|██▏       | 36/164 [00:14\u003c00:47,  2.67it/s, loss=0.1188, acc=0.9592]\n"}
,{"stream_name":"stderr","time":6007.976499088,"data":"\r[cosine_anneal] Stage2 Epoch 75/75:  22%|██▏       | 36/164 [00:14\u003c00:47,  2.67it/s, loss=0.1188, acc=0.9592]\r[cosine_anneal] Stage2 Epoch 75/75:  22%|██▏       | 36/164 [00:15\u003c00:47,  2.67it/s, loss=0.1178, acc=0.9595]\n"}
,{"stream_name":"stderr","time":6007.977437972,"data":"\r[cosine_anneal] Stage2 Epoch 75/75:  22%|██▏       | 36/164 [00:15\u003c00:47,  2.67it/s, loss=0.1178, acc=0.9595]\r[cosine_anneal] Stage2 Epoch 75/75:  23%|██▎       | 37/164 [00:15\u003c00:47,  2.66it/s, loss=0.1178, acc=0.9595]\n"}
,{"stream_name":"stderr","time":6008.35493143,"data":"\r[cosine_anneal] Stage2 Epoch 75/75:  23%|██▎       | 37/164 [00:15\u003c00:47,  2.66it/s, loss=0.1178, acc=0.9595]\r[cosine_anneal] Stage2 Epoch 75/75:  23%|██▎       | 37/164 [00:15\u003c00:47,  2.66it/s, loss=0.1195, acc=0.9597]\n"}
,{"stream_name":"stderr","time":6008.356925309,"data":"\r[cosine_anneal] Stage2 Epoch 75/75:  23%|██▎       | 37/164 [00:15\u003c00:47,  2.66it/s, loss=0.1195, acc=0.9597]\r[cosine_anneal] Stage2 Epoch 75/75:  23%|██▎       | 38/164 [00:15\u003c00:47,  2.65it/s, loss=0.1195, acc=0.9597]\n"}
,{"stream_name":"stderr","time":6008.72747694,"data":"\r[cosine_anneal] Stage2 Epoch 75/75:  23%|██▎       | 38/164 [00:15\u003c00:47,  2.65it/s, loss=0.1195, acc=0.9597]\r[cosine_anneal] Stage2 Epoch 75/75:  23%|██▎       | 38/164 [00:15\u003c00:47,  2.65it/s, loss=0.1211, acc=0.9591]\n"}
,{"stream_name":"stderr","time":6008.728539899,"data":"\r[cosine_anneal] Stage2 Epoch 75/75:  23%|██▎       | 38/164 [00:15\u003c00:47,  2.65it/s, loss=0.1211, acc=0.9591]\r[cosine_anneal] Stage2 Epoch 75/75:  24%|██▍       | 39/164 [00:15\u003c00:46,  2.66it/s, loss=0.1211, acc=0.9591]\n"}
,{"stream_name":"stderr","time":6009.102963935,"data":"\r[cosine_anneal] Stage2 Epoch 75/75:  24%|██▍       | 39/164 [00:15\u003c00:46,  2.66it/s, loss=0.1211, acc=0.9591]\r[cosine_anneal] Stage2 Epoch 75/75:  24%|██▍       | 39/164 [00:16\u003c00:46,  2.66it/s, loss=0.1207, acc=0.9594]\n"}
,{"stream_name":"stderr","time":6009.10420815,"data":"\r[cosine_anneal] Stage2 Epoch 75/75:  24%|██▍       | 39/164 [00:16\u003c00:46,  2.66it/s, loss=0.1207, acc=0.9594]\r[cosine_anneal] Stage2 Epoch 75/75:  24%|██▍       | 40/164 [00:16\u003c00:46,  2.66it/s, loss=0.1207, acc=0.9594]\n"}
,{"stream_name":"stderr","time":6009.474673595,"data":"\r[cosine_anneal] Stage2 Epoch 75/75:  24%|██▍       | 40/164 [00:16\u003c00:46,  2.66it/s, loss=0.1207, acc=0.9594]\r[cosine_anneal] Stage2 Epoch 75/75:  24%|██▍       | 40/164 [00:16\u003c00:46,  2.66it/s, loss=0.1184, acc=0.9604]\n"}
,{"stream_name":"stderr","time":6009.475699525,"data":"\r[cosine_anneal] Stage2 Epoch 75/75:  24%|██▍       | 40/164 [00:16\u003c00:46,  2.66it/s, loss=0.1184, acc=0.9604]\r[cosine_anneal] Stage2 Epoch 75/75:  25%|██▌       | 41/164 [00:16\u003c00:46,  2.67it/s, loss=0.1184, acc=0.9604]\n"}
,{"stream_name":"stderr","time":6009.848716543,"data":"\r[cosine_anneal] Stage2 Epoch 75/75:  25%|██▌       | 41/164 [00:16\u003c00:46,  2.67it/s, loss=0.1184, acc=0.9604]\r[cosine_anneal] Stage2 Epoch 75/75:  25%|██▌       | 41/164 [00:16\u003c00:46,  2.67it/s, loss=0.1196, acc=0.9598]\n"}
,{"stream_name":"stderr","time":6009.851370533,"data":"\r[cosine_anneal] Stage2 Epoch 75/75:  25%|██▌       | 41/164 [00:16\u003c00:46,  2.67it/s, loss=0.1196, acc=0.9598]\r[cosine_anneal] Stage2 Epoch 75/75:  26%|██▌       | 42/164 [00:16\u003c00:45,  2.67it/s, loss=0.1196, acc=0.9598]\n"}
,{"stream_name":"stderr","time":6010.228036704,"data":"\r[cosine_anneal] Stage2 Epoch 75/75:  26%|██▌       | 42/164 [00:16\u003c00:45,  2.67it/s, loss=0.1196, acc=0.9598]\r[cosine_anneal] Stage2 Epoch 75/75:  26%|██▌       | 42/164 [00:17\u003c00:45,  2.67it/s, loss=0.1190, acc=0.9600]\n"}
,{"stream_name":"stderr","time":6010.237073119,"data":"\r[cosine_anneal] Stage2 Epoch 75/75:  26%|██▌       | 42/164 [00:17\u003c00:45,  2.67it/s, loss=0.1190, acc=0.9600]\r[cosine_anneal] Stage2 Epoch 75/75:  26%|██▌       | 43/164 [00:17\u003c00:45,  2.66it/s, loss=0.1190, acc=0.9600]\n"}
,{"stream_name":"stderr","time":6010.608840517,"data":"\r[cosine_anneal] Stage2 Epoch 75/75:  26%|██▌       | 43/164 [00:17\u003c00:45,  2.66it/s, loss=0.1190, acc=0.9600]\r[cosine_anneal] Stage2 Epoch 75/75:  26%|██▌       | 43/164 [00:17\u003c00:45,  2.66it/s, loss=0.1177, acc=0.9609]\n"}
,{"stream_name":"stderr","time":6010.610376396,"data":"\r[cosine_anneal] Stage2 Epoch 75/75:  26%|██▌       | 43/164 [00:17\u003c00:45,  2.66it/s, loss=0.1177, acc=0.9609]\r[cosine_anneal] Stage2 Epoch 75/75:  27%|██▋       | 44/164 [00:17\u003c00:45,  2.65it/s, loss=0.1177, acc=0.9609]\n"}
,{"stream_name":"stderr","time":6010.993196909,"data":"\r[cosine_anneal] Stage2 Epoch 75/75:  27%|██▋       | 44/164 [00:17\u003c00:45,  2.65it/s, loss=0.1177, acc=0.9609]\r[cosine_anneal] Stage2 Epoch 75/75:  27%|██▋       | 44/164 [00:18\u003c00:45,  2.65it/s, loss=0.1176, acc=0.9611]\n"}
,{"stream_name":"stderr","time":6010.998853526,"data":"\r[cosine_anneal] Stage2 Epoch 75/75:  27%|██▋       | 44/164 [00:18\u003c00:45,  2.65it/s, loss=0.1176, acc=0.9611]\r[cosine_anneal] Stage2 Epoch 75/75:  27%|██▋       | 45/164 [00:18\u003c00:45,  2.63it/s, loss=0.1176, acc=0.9611]\n"}
,{"stream_name":"stderr","time":6011.364601703,"data":"\r[cosine_anneal] Stage2 Epoch 75/75:  27%|██▋       | 45/164 [00:18\u003c00:45,  2.63it/s, loss=0.1176, acc=0.9611]\r[cosine_anneal] Stage2 Epoch 75/75:  27%|██▋       | 45/164 [00:18\u003c00:45,  2.63it/s, loss=0.1172, acc=0.9613]\n"}
,{"stream_name":"stderr","time":6011.365845585,"data":"\r[cosine_anneal] Stage2 Epoch 75/75:  27%|██▋       | 45/164 [00:18\u003c00:45,  2.63it/s, loss=0.1172, acc=0.9613]\r[cosine_anneal] Stage2 Epoch 75/75:  28%|██▊       | 46/164 [00:18\u003c00:44,  2.65it/s, loss=0.1172, acc=0.9613]\n"}
,{"stream_name":"stderr","time":6011.743341202,"data":"\r[cosine_anneal] Stage2 Epoch 75/75:  28%|██▊       | 46/164 [00:18\u003c00:44,  2.65it/s, loss=0.1172, acc=0.9613]\r[cosine_anneal] Stage2 Epoch 75/75:  28%|██▊       | 46/164 [00:18\u003c00:44,  2.65it/s, loss=0.1152, acc=0.9621]\n"}
,{"stream_name":"stderr","time":6011.744355481,"data":"\r[cosine_anneal] Stage2 Epoch 75/75:  28%|██▊       | 46/164 [00:18\u003c00:44,  2.65it/s, loss=0.1152, acc=0.9621]\r[cosine_anneal] Stage2 Epoch 75/75:  29%|██▊       | 47/164 [00:18\u003c00:44,  2.65it/s, loss=0.1152, acc=0.9621]\n"}
,{"stream_name":"stderr","time":6012.114771703,"data":"\r[cosine_anneal] Stage2 Epoch 75/75:  29%|██▊       | 47/164 [00:18\u003c00:44,  2.65it/s, loss=0.1152, acc=0.9621]\r[cosine_anneal] Stage2 Epoch 75/75:  29%|██▊       | 47/164 [00:19\u003c00:44,  2.65it/s, loss=0.1160, acc=0.9609]\n"}
,{"stream_name":"stderr","time":6012.11588001,"data":"\r[cosine_anneal] Stage2 Epoch 75/75:  29%|██▊       | 47/164 [00:19\u003c00:44,  2.65it/s, loss=0.1160, acc=0.9609]\r[cosine_anneal] Stage2 Epoch 75/75:  29%|██▉       | 48/164 [00:19\u003c00:43,  2.66it/s, loss=0.1160, acc=0.9609]\n"}
,{"stream_name":"stderr","time":6012.493064933,"data":"\r[cosine_anneal] Stage2 Epoch 75/75:  29%|██▉       | 48/164 [00:19\u003c00:43,  2.66it/s, loss=0.1160, acc=0.9609]\r[cosine_anneal] Stage2 Epoch 75/75:  29%|██▉       | 48/164 [00:19\u003c00:43,  2.66it/s, loss=0.1175, acc=0.9605]\n"}
,{"stream_name":"stderr","time":6012.494153541,"data":"\r[cosine_anneal] Stage2 Epoch 75/75:  29%|██▉       | 48/164 [00:19\u003c00:43,  2.66it/s, loss=0.1175, acc=0.9605]\r[cosine_anneal] Stage2 Epoch 75/75:  30%|██▉       | 49/164 [00:19\u003c00:43,  2.66it/s, loss=0.1175, acc=0.9605]\n"}
,{"stream_name":"stderr","time":6012.86851777,"data":"\r[cosine_anneal] Stage2 Epoch 75/75:  30%|██▉       | 49/164 [00:19\u003c00:43,  2.66it/s, loss=0.1175, acc=0.9605]\r[cosine_anneal] Stage2 Epoch 75/75:  30%|██▉       | 49/164 [00:19\u003c00:43,  2.66it/s, loss=0.1187, acc=0.9606]\n"}
,{"stream_name":"stderr","time":6012.874212055,"data":"\r[cosine_anneal] Stage2 Epoch 75/75:  30%|██▉       | 49/164 [00:19\u003c00:43,  2.66it/s, loss=0.1187, acc=0.9606]\r[cosine_anneal] Stage2 Epoch 75/75:  30%|███       | 50/164 [00:19\u003c00:42,  2.66it/s, loss=0.1187, acc=0.9606]\n"}
,{"stream_name":"stderr","time":6013.248598976,"data":"\r[cosine_anneal] Stage2 Epoch 75/75:  30%|███       | 50/164 [00:19\u003c00:42,  2.66it/s, loss=0.1187, acc=0.9606]\r[cosine_anneal] Stage2 Epoch 75/75:  30%|███       | 50/164 [00:20\u003c00:42,  2.66it/s, loss=0.1202, acc=0.9602]\n"}
,{"stream_name":"stderr","time":6013.250851109,"data":"\r[cosine_anneal] Stage2 Epoch 75/75:  30%|███       | 50/164 [00:20\u003c00:42,  2.66it/s, loss=0.1202, acc=0.9602]\r[cosine_anneal] Stage2 Epoch 75/75:  31%|███       | 51/164 [00:20\u003c00:42,  2.65it/s, loss=0.1202, acc=0.9602]\n"}
,{"stream_name":"stderr","time":6013.628516377,"data":"\r[cosine_anneal] Stage2 Epoch 75/75:  31%|███       | 51/164 [00:20\u003c00:42,  2.65it/s, loss=0.1202, acc=0.9602]\r[cosine_anneal] Stage2 Epoch 75/75:  31%|███       | 51/164 [00:20\u003c00:42,  2.65it/s, loss=0.1219, acc=0.9597]\n"}
,{"stream_name":"stderr","time":6013.629459296,"data":"\r[cosine_anneal] Stage2 Epoch 75/75:  31%|███       | 51/164 [00:20\u003c00:42,  2.65it/s, loss=0.1219, acc=0.9597]\r[cosine_anneal] Stage2 Epoch 75/75:  32%|███▏      | 52/164 [00:20\u003c00:42,  2.64it/s, loss=0.1219, acc=0.9597]\n"}
,{"stream_name":"stderr","time":6014.006799288,"data":"\r[cosine_anneal] Stage2 Epoch 75/75:  32%|███▏      | 52/164 [00:20\u003c00:42,  2.64it/s, loss=0.1219, acc=0.9597]\r[cosine_anneal] Stage2 Epoch 75/75:  32%|███▏      | 52/164 [00:21\u003c00:42,  2.64it/s, loss=0.1205, acc=0.9605]\n"}
,{"stream_name":"stderr","time":6014.008162849,"data":"\r[cosine_anneal] Stage2 Epoch 75/75:  32%|███▏      | 52/164 [00:21\u003c00:42,  2.64it/s, loss=0.1205, acc=0.9605]\r[cosine_anneal] Stage2 Epoch 75/75:  32%|███▏      | 53/164 [00:21\u003c00:41,  2.64it/s, loss=0.1205, acc=0.9605]\n"}
,{"stream_name":"stderr","time":6014.381336496,"data":"\r[cosine_anneal] Stage2 Epoch 75/75:  32%|███▏      | 53/164 [00:21\u003c00:41,  2.64it/s, loss=0.1205, acc=0.9605]\r[cosine_anneal] Stage2 Epoch 75/75:  32%|███▏      | 53/164 [00:21\u003c00:41,  2.64it/s, loss=0.1209, acc=0.9606]\n"}
,{"stream_name":"stderr","time":6014.382647697,"data":"\r[cosine_anneal] Stage2 Epoch 75/75:  32%|███▏      | 53/164 [00:21\u003c00:41,  2.64it/s, loss=0.1209, acc=0.9606]\r[cosine_anneal] Stage2 Epoch 75/75:  33%|███▎      | 54/164 [00:21\u003c00:41,  2.65it/s, loss=0.1209, acc=0.9606]\n"}
,{"stream_name":"stderr","time":6014.758066926,"data":"\r[cosine_anneal] Stage2 Epoch 75/75:  33%|███▎      | 54/164 [00:21\u003c00:41,  2.65it/s, loss=0.1209, acc=0.9606]\r[cosine_anneal] Stage2 Epoch 75/75:  33%|███▎      | 54/164 [00:21\u003c00:41,  2.65it/s, loss=0.1194, acc=0.9614]\n"}
,{"stream_name":"stderr","time":6014.759180127,"data":"\r[cosine_anneal] Stage2 Epoch 75/75:  33%|███▎      | 54/164 [00:21\u003c00:41,  2.65it/s, loss=0.1194, acc=0.9614]\r[cosine_anneal] Stage2 Epoch 75/75:  34%|███▎      | 55/164 [00:21\u003c00:41,  2.65it/s, loss=0.1194, acc=0.9614]\n"}
,{"stream_name":"stderr","time":6015.135126926,"data":"\r[cosine_anneal] Stage2 Epoch 75/75:  34%|███▎      | 55/164 [00:21\u003c00:41,  2.65it/s, loss=0.1194, acc=0.9614]\r[cosine_anneal] Stage2 Epoch 75/75:  34%|███▎      | 55/164 [00:22\u003c00:41,  2.65it/s, loss=0.1204, acc=0.9615]\n"}
,{"stream_name":"stderr","time":6015.13609484,"data":"\r[cosine_anneal] Stage2 Epoch 75/75:  34%|███▎      | 55/164 [00:22\u003c00:41,  2.65it/s, loss=0.1204, acc=0.9615]\r[cosine_anneal] Stage2 Epoch 75/75:  34%|███▍      | 56/164 [00:22\u003c00:40,  2.65it/s, loss=0.1204, acc=0.9615]\n"}
,{"stream_name":"stderr","time":6015.511514093,"data":"\r[cosine_anneal] Stage2 Epoch 75/75:  34%|███▍      | 56/164 [00:22\u003c00:40,  2.65it/s, loss=0.1204, acc=0.9615]\r[cosine_anneal] Stage2 Epoch 75/75:  34%|███▍      | 56/164 [00:22\u003c00:40,  2.65it/s, loss=0.1241, acc=0.9605]\n"}
,{"stream_name":"stderr","time":6015.513282378,"data":"\r[cosine_anneal] Stage2 Epoch 75/75:  34%|███▍      | 56/164 [00:22\u003c00:40,  2.65it/s, loss=0.1241, acc=0.9605]\r[cosine_anneal] Stage2 Epoch 75/75:  35%|███▍      | 57/164 [00:22\u003c00:40,  2.65it/s, loss=0.1241, acc=0.9605]\n"}
,{"stream_name":"stderr","time":6015.891001011,"data":"\r[cosine_anneal] Stage2 Epoch 75/75:  35%|███▍      | 57/164 [00:22\u003c00:40,  2.65it/s, loss=0.1241, acc=0.9605]\r[cosine_anneal] Stage2 Epoch 75/75:  35%|███▍      | 57/164 [00:22\u003c00:40,  2.65it/s, loss=0.1233, acc=0.9607]\n"}
,{"stream_name":"stderr","time":6015.896946123,"data":"\r[cosine_anneal] Stage2 Epoch 75/75:  35%|███▍      | 57/164 [00:22\u003c00:40,  2.65it/s, loss=0.1233, acc=0.9607]\r[cosine_anneal] Stage2 Epoch 75/75:  35%|███▌      | 58/164 [00:22\u003c00:40,  2.65it/s, loss=0.1233, acc=0.9607]\n"}
,{"stream_name":"stderr","time":6016.266941848,"data":"\r[cosine_anneal] Stage2 Epoch 75/75:  35%|███▌      | 58/164 [00:22\u003c00:40,  2.65it/s, loss=0.1233, acc=0.9607]\r[cosine_anneal] Stage2 Epoch 75/75:  35%|███▌      | 58/164 [00:23\u003c00:40,  2.65it/s, loss=0.1220, acc=0.9613]\n"}
,{"stream_name":"stderr","time":6016.269316186,"data":"\r[cosine_anneal] Stage2 Epoch 75/75:  35%|███▌      | 58/164 [00:23\u003c00:40,  2.65it/s, loss=0.1220, acc=0.9613]\r[cosine_anneal] Stage2 Epoch 75/75:  36%|███▌      | 59/164 [00:23\u003c00:39,  2.65it/s, loss=0.1220, acc=0.9613]\n"}
,{"stream_name":"stderr","time":6016.644956421,"data":"\r[cosine_anneal] Stage2 Epoch 75/75:  36%|███▌      | 59/164 [00:23\u003c00:39,  2.65it/s, loss=0.1220, acc=0.9613]\r[cosine_anneal] Stage2 Epoch 75/75:  36%|███▌      | 59/164 [00:23\u003c00:39,  2.65it/s, loss=0.1202, acc=0.9620]\n"}
,{"stream_name":"stderr","time":6016.645951837,"data":"\r[cosine_anneal] Stage2 Epoch 75/75:  36%|███▌      | 59/164 [00:23\u003c00:39,  2.65it/s, loss=0.1202, acc=0.9620]\r[cosine_anneal] Stage2 Epoch 75/75:  37%|███▋      | 60/164 [00:23\u003c00:39,  2.65it/s, loss=0.1202, acc=0.9620]\n"}
,{"stream_name":"stderr","time":6017.018662462,"data":"\r[cosine_anneal] Stage2 Epoch 75/75:  37%|███▋      | 60/164 [00:23\u003c00:39,  2.65it/s, loss=0.1202, acc=0.9620]\r[cosine_anneal] Stage2 Epoch 75/75:  37%|███▋      | 60/164 [00:24\u003c00:39,  2.65it/s, loss=0.1211, acc=0.9616]\n"}
,{"stream_name":"stderr","time":6017.019524451,"data":"\r[cosine_anneal] Stage2 Epoch 75/75:  37%|███▋      | 60/164 [00:24\u003c00:39,  2.65it/s, loss=0.1211, acc=0.9616]\r[cosine_anneal] Stage2 Epoch 75/75:  37%|███▋      | 61/164 [00:24\u003c00:38,  2.66it/s, loss=0.1211, acc=0.9616]\n"}
,{"stream_name":"stderr","time":6017.397696248,"data":"\r[cosine_anneal] Stage2 Epoch 75/75:  37%|███▋      | 61/164 [00:24\u003c00:38,  2.66it/s, loss=0.1211, acc=0.9616]\r[cosine_anneal] Stage2 Epoch 75/75:  37%|███▋      | 61/164 [00:24\u003c00:38,  2.66it/s, loss=0.1209, acc=0.9617]\n"}
,{"stream_name":"stderr","time":6017.398923705,"data":"\r[cosine_anneal] Stage2 Epoch 75/75:  37%|███▋      | 61/164 [00:24\u003c00:38,  2.66it/s, loss=0.1209, acc=0.9617]\r[cosine_anneal] Stage2 Epoch 75/75:  38%|███▊      | 62/164 [00:24\u003c00:38,  2.65it/s, loss=0.1209, acc=0.9617]\n"}
,{"stream_name":"stderr","time":6017.774551604,"data":"\r[cosine_anneal] Stage2 Epoch 75/75:  38%|███▊      | 62/164 [00:24\u003c00:38,  2.65it/s, loss=0.1209, acc=0.9617]\r[cosine_anneal] Stage2 Epoch 75/75:  38%|███▊      | 62/164 [00:24\u003c00:38,  2.65it/s, loss=0.1196, acc=0.9623]\n"}
,{"stream_name":"stderr","time":6017.775599705,"data":"\r[cosine_anneal] Stage2 Epoch 75/75:  38%|███▊      | 62/164 [00:24\u003c00:38,  2.65it/s, loss=0.1196, acc=0.9623]\r[cosine_anneal] Stage2 Epoch 75/75:  38%|███▊      | 63/164 [00:24\u003c00:38,  2.65it/s, loss=0.1196, acc=0.9623]\n"}
,{"stream_name":"stderr","time":6018.149142753,"data":"\r[cosine_anneal] Stage2 Epoch 75/75:  38%|███▊      | 63/164 [00:24\u003c00:38,  2.65it/s, loss=0.1196, acc=0.9623]\r[cosine_anneal] Stage2 Epoch 75/75:  38%|███▊      | 63/164 [00:25\u003c00:38,  2.65it/s, loss=0.1206, acc=0.9619]\n"}
,{"stream_name":"stderr","time":6018.15001037,"data":"\r[cosine_anneal] Stage2 Epoch 75/75:  38%|███▊      | 63/164 [00:25\u003c00:38,  2.65it/s, loss=0.1206, acc=0.9619]\r[cosine_anneal] Stage2 Epoch 75/75:  39%|███▉      | 64/164 [00:25\u003c00:37,  2.66it/s, loss=0.1206, acc=0.9619]\n"}
,{"stream_name":"stderr","time":6018.528316909,"data":"\r[cosine_anneal] Stage2 Epoch 75/75:  39%|███▉      | 64/164 [00:25\u003c00:37,  2.66it/s, loss=0.1206, acc=0.9619]\r[cosine_anneal] Stage2 Epoch 75/75:  39%|███▉      | 64/164 [00:25\u003c00:37,  2.66it/s, loss=0.1205, acc=0.9620]\n"}
,{"stream_name":"stderr","time":6018.529321832,"data":"\r[cosine_anneal] Stage2 Epoch 75/75:  39%|███▉      | 64/164 [00:25\u003c00:37,  2.66it/s, loss=0.1205, acc=0.9620]\r[cosine_anneal] Stage2 Epoch 75/75:  40%|███▉      | 65/164 [00:25\u003c00:37,  2.65it/s, loss=0.1205, acc=0.9620]\n"}
,{"stream_name":"stderr","time":6018.9000174,"data":"\r[cosine_anneal] Stage2 Epoch 75/75:  40%|███▉      | 65/164 [00:25\u003c00:37,  2.65it/s, loss=0.1205, acc=0.9620]\r[cosine_anneal] Stage2 Epoch 75/75:  40%|███▉      | 65/164 [00:25\u003c00:37,  2.65it/s, loss=0.1205, acc=0.9616]\n"}
,{"stream_name":"stderr","time":6018.901309216,"data":"\r[cosine_anneal] Stage2 Epoch 75/75:  40%|███▉      | 65/164 [00:25\u003c00:37,  2.65it/s, loss=0.1205, acc=0.9616]\r[cosine_anneal] Stage2 Epoch 75/75:  40%|████      | 66/164 [00:25\u003c00:36,  2.66it/s, loss=0.1205, acc=0.9616]\n"}
,{"stream_name":"stderr","time":6019.278957339,"data":"\r[cosine_anneal] Stage2 Epoch 75/75:  40%|████      | 66/164 [00:25\u003c00:36,  2.66it/s, loss=0.1205, acc=0.9616]\r[cosine_anneal] Stage2 Epoch 75/75:  40%|████      | 66/164 [00:26\u003c00:36,  2.66it/s, loss=0.1195, acc=0.9622]\n"}
,{"stream_name":"stderr","time":6019.280040484,"data":"\r[cosine_anneal] Stage2 Epoch 75/75:  40%|████      | 66/164 [00:26\u003c00:36,  2.66it/s, loss=0.1195, acc=0.9622]\r[cosine_anneal] Stage2 Epoch 75/75:  41%|████      | 67/164 [00:26\u003c00:36,  2.66it/s, loss=0.1195, acc=0.9622]\n"}
,{"stream_name":"stderr","time":6019.653971865,"data":"\r[cosine_anneal] Stage2 Epoch 75/75:  41%|████      | 67/164 [00:26\u003c00:36,  2.66it/s, loss=0.1195, acc=0.9622]\r[cosine_anneal] Stage2 Epoch 75/75:  41%|████      | 67/164 [00:26\u003c00:36,  2.66it/s, loss=0.1202, acc=0.9614]\n"}
,{"stream_name":"stderr","time":6019.654890409,"data":"\r[cosine_anneal] Stage2 Epoch 75/75:  41%|████      | 67/164 [00:26\u003c00:36,  2.66it/s, loss=0.1202, acc=0.9614]\r[cosine_anneal] Stage2 Epoch 75/75:  41%|████▏     | 68/164 [00:26\u003c00:36,  2.66it/s, loss=0.1202, acc=0.9614]\n"}
,{"stream_name":"stderr","time":6020.032700796,"data":"\r[cosine_anneal] Stage2 Epoch 75/75:  41%|████▏     | 68/164 [00:26\u003c00:36,  2.66it/s, loss=0.1202, acc=0.9614]\r[cosine_anneal] Stage2 Epoch 75/75:  41%|████▏     | 68/164 [00:27\u003c00:36,  2.66it/s, loss=0.1196, acc=0.9611]\n"}
,{"stream_name":"stderr","time":6020.0378457,"data":"\r[cosine_anneal] Stage2 Epoch 75/75:  41%|████▏     | 68/164 [00:27\u003c00:36,  2.66it/s, loss=0.1196, acc=0.9611]\r[cosine_anneal] Stage2 Epoch 75/75:  42%|████▏     | 69/164 [00:27\u003c00:35,  2.65it/s, loss=0.1196, acc=0.9611]\n"}
,{"stream_name":"stderr","time":6020.413281616,"data":"\r[cosine_anneal] Stage2 Epoch 75/75:  42%|████▏     | 69/164 [00:27\u003c00:35,  2.65it/s, loss=0.1196, acc=0.9611]\r[cosine_anneal] Stage2 Epoch 75/75:  42%|████▏     | 69/164 [00:27\u003c00:35,  2.65it/s, loss=0.1205, acc=0.9612]\n"}
,{"stream_name":"stderr","time":6020.414281054,"data":"\r[cosine_anneal] Stage2 Epoch 75/75:  42%|████▏     | 69/164 [00:27\u003c00:35,  2.65it/s, loss=0.1205, acc=0.9612]\r[cosine_anneal] Stage2 Epoch 75/75:  43%|████▎     | 70/164 [00:27\u003c00:35,  2.65it/s, loss=0.1205, acc=0.9612]\n"}
,{"stream_name":"stderr","time":6020.787285004,"data":"\r[cosine_anneal] Stage2 Epoch 75/75:  43%|████▎     | 70/164 [00:27\u003c00:35,  2.65it/s, loss=0.1205, acc=0.9612]\r[cosine_anneal] Stage2 Epoch 75/75:  43%|████▎     | 70/164 [00:27\u003c00:35,  2.65it/s, loss=0.1209, acc=0.9604]\n"}
,{"stream_name":"stderr","time":6020.789373007,"data":"\r[cosine_anneal] Stage2 Epoch 75/75:  43%|████▎     | 70/164 [00:27\u003c00:35,  2.65it/s, loss=0.1209, acc=0.9604]\r[cosine_anneal] Stage2 Epoch 75/75:  43%|████▎     | 71/164 [00:27\u003c00:35,  2.65it/s, loss=0.1209, acc=0.9604]\n"}
,{"stream_name":"stderr","time":6021.16773551,"data":"\r[cosine_anneal] Stage2 Epoch 75/75:  43%|████▎     | 71/164 [00:27\u003c00:35,  2.65it/s, loss=0.1209, acc=0.9604]\r[cosine_anneal] Stage2 Epoch 75/75:  43%|████▎     | 71/164 [00:28\u003c00:35,  2.65it/s, loss=0.1247, acc=0.9596]\n"}
,{"stream_name":"stderr","time":6021.169352292,"data":"\r[cosine_anneal] Stage2 Epoch 75/75:  43%|████▎     | 71/164 [00:28\u003c00:35,  2.65it/s, loss=0.1247, acc=0.9596]\r[cosine_anneal] Stage2 Epoch 75/75:  44%|████▍     | 72/164 [00:28\u003c00:34,  2.65it/s, loss=0.1247, acc=0.9596]\n"}
,{"stream_name":"stderr","time":6021.547223679,"data":"\r[cosine_anneal] Stage2 Epoch 75/75:  44%|████▍     | 72/164 [00:28\u003c00:34,  2.65it/s, loss=0.1247, acc=0.9596]\r[cosine_anneal] Stage2 Epoch 75/75:  44%|████▍     | 72/164 [00:28\u003c00:34,  2.65it/s, loss=0.1267, acc=0.9593]\n"}
,{"stream_name":"stderr","time":6021.548220229,"data":"\r[cosine_anneal] Stage2 Epoch 75/75:  44%|████▍     | 72/164 [00:28\u003c00:34,  2.65it/s, loss=0.1267, acc=0.9593]\r[cosine_anneal] Stage2 Epoch 75/75:  45%|████▍     | 73/164 [00:28\u003c00:34,  2.64it/s, loss=0.1267, acc=0.9593]\n"}
,{"stream_name":"stderr","time":6021.926042746,"data":"\r[cosine_anneal] Stage2 Epoch 75/75:  45%|████▍     | 73/164 [00:28\u003c00:34,  2.64it/s, loss=0.1267, acc=0.9593]\r[cosine_anneal] Stage2 Epoch 75/75:  45%|████▍     | 73/164 [00:28\u003c00:34,  2.64it/s, loss=0.1270, acc=0.9586]\n"}
,{"stream_name":"stderr","time":6021.926966158,"data":"\r[cosine_anneal] Stage2 Epoch 75/75:  45%|████▍     | 73/164 [00:28\u003c00:34,  2.64it/s, loss=0.1270, acc=0.9586]\r[cosine_anneal] Stage2 Epoch 75/75:  45%|████▌     | 74/164 [00:28\u003c00:34,  2.64it/s, loss=0.1270, acc=0.9586]\n"}
,{"stream_name":"stderr","time":6022.302108556,"data":"\r[cosine_anneal] Stage2 Epoch 75/75:  45%|████▌     | 74/164 [00:28\u003c00:34,  2.64it/s, loss=0.1270, acc=0.9586]\r[cosine_anneal] Stage2 Epoch 75/75:  45%|████▌     | 74/164 [00:29\u003c00:34,  2.64it/s, loss=0.1264, acc=0.9587]\n"}
,{"stream_name":"stderr","time":6022.312891571,"data":"\r[cosine_anneal] Stage2 Epoch 75/75:  45%|████▌     | 74/164 [00:29\u003c00:34,  2.64it/s, loss=0.1264, acc=0.9587]\r[cosine_anneal] Stage2 Epoch 75/75:  46%|████▌     | 75/164 [00:29\u003c00:33,  2.65it/s, loss=0.1264, acc=0.9587]\n"}
,{"stream_name":"stderr","time":6022.684537774,"data":"\r[cosine_anneal] Stage2 Epoch 75/75:  46%|████▌     | 75/164 [00:29\u003c00:33,  2.65it/s, loss=0.1264, acc=0.9587]\r[cosine_anneal] Stage2 Epoch 75/75:  46%|████▌     | 75/164 [00:29\u003c00:33,  2.65it/s, loss=0.1248, acc=0.9593]\n"}
,{"stream_name":"stderr","time":6022.68541369,"data":"\r[cosine_anneal] Stage2 Epoch 75/75:  46%|████▌     | 75/164 [00:29\u003c00:33,  2.65it/s, loss=0.1248, acc=0.9593]\r[cosine_anneal] Stage2 Epoch 75/75:  46%|████▋     | 76/164 [00:29\u003c00:33,  2.64it/s, loss=0.1248, acc=0.9593]\n"}
,{"stream_name":"stderr","time":6023.060910784,"data":"\r[cosine_anneal] Stage2 Epoch 75/75:  46%|████▋     | 76/164 [00:29\u003c00:33,  2.64it/s, loss=0.1248, acc=0.9593]\r[cosine_anneal] Stage2 Epoch 75/75:  46%|████▋     | 76/164 [00:30\u003c00:33,  2.64it/s, loss=0.1239, acc=0.9594]\n"}
,{"stream_name":"stderr","time":6023.061913029,"data":"\r[cosine_anneal] Stage2 Epoch 75/75:  46%|████▋     | 76/164 [00:30\u003c00:33,  2.64it/s, loss=0.1239, acc=0.9594]\r[cosine_anneal] Stage2 Epoch 75/75:  47%|████▋     | 77/164 [00:30\u003c00:32,  2.64it/s, loss=0.1239, acc=0.9594]\n"}
,{"stream_name":"stderr","time":6023.436028933,"data":"\r[cosine_anneal] Stage2 Epoch 75/75:  47%|████▋     | 77/164 [00:30\u003c00:32,  2.64it/s, loss=0.1239, acc=0.9594]\r[cosine_anneal] Stage2 Epoch 75/75:  47%|████▋     | 77/164 [00:30\u003c00:32,  2.64it/s, loss=0.1227, acc=0.9599]\n"}
,{"stream_name":"stderr","time":6023.437049772,"data":"\r[cosine_anneal] Stage2 Epoch 75/75:  47%|████▋     | 77/164 [00:30\u003c00:32,  2.64it/s, loss=0.1227, acc=0.9599]\r[cosine_anneal] Stage2 Epoch 75/75:  48%|████▊     | 78/164 [00:30\u003c00:32,  2.65it/s, loss=0.1227, acc=0.9599]\n"}
,{"stream_name":"stderr","time":6023.813651973,"data":"\r[cosine_anneal] Stage2 Epoch 75/75:  48%|████▊     | 78/164 [00:30\u003c00:32,  2.65it/s, loss=0.1227, acc=0.9599]\r[cosine_anneal] Stage2 Epoch 75/75:  48%|████▊     | 78/164 [00:30\u003c00:32,  2.65it/s, loss=0.1225, acc=0.9604]\n"}
,{"stream_name":"stderr","time":6023.814445677,"data":"\r[cosine_anneal] Stage2 Epoch 75/75:  48%|████▊     | 78/164 [00:30\u003c00:32,  2.65it/s, loss=0.1225, acc=0.9604]\r[cosine_anneal] Stage2 Epoch 75/75:  48%|████▊     | 79/164 [00:30\u003c00:32,  2.65it/s, loss=0.1225, acc=0.9604]\n"}
,{"stream_name":"stderr","time":6024.188315062,"data":"\r[cosine_anneal] Stage2 Epoch 75/75:  48%|████▊     | 79/164 [00:30\u003c00:32,  2.65it/s, loss=0.1225, acc=0.9604]\r[cosine_anneal] Stage2 Epoch 75/75:  48%|████▊     | 79/164 [00:31\u003c00:32,  2.65it/s, loss=0.1213, acc=0.9609]\n"}
,{"stream_name":"stderr","time":6024.189685338,"data":"\r[cosine_anneal] Stage2 Epoch 75/75:  48%|████▊     | 79/164 [00:31\u003c00:32,  2.65it/s, loss=0.1213, acc=0.9609]\r[cosine_anneal] Stage2 Epoch 75/75:  49%|████▉     | 80/164 [00:31\u003c00:31,  2.66it/s, loss=0.1213, acc=0.9609]\n"}
,{"stream_name":"stderr","time":6024.566510471,"data":"\r[cosine_anneal] Stage2 Epoch 75/75:  49%|████▉     | 80/164 [00:31\u003c00:31,  2.66it/s, loss=0.1213, acc=0.9609]\r[cosine_anneal] Stage2 Epoch 75/75:  49%|████▉     | 80/164 [00:31\u003c00:31,  2.66it/s, loss=0.1219, acc=0.9606]\n"}
,{"stream_name":"stderr","time":6024.567469704,"data":"\r[cosine_anneal] Stage2 Epoch 75/75:  49%|████▉     | 80/164 [00:31\u003c00:31,  2.66it/s, loss=0.1219, acc=0.9606]\r[cosine_anneal] Stage2 Epoch 75/75:  49%|████▉     | 81/164 [00:31\u003c00:31,  2.65it/s, loss=0.1219, acc=0.9606]\n"}
,{"stream_name":"stderr","time":6024.9446641,"data":"\r[cosine_anneal] Stage2 Epoch 75/75:  49%|████▉     | 81/164 [00:31\u003c00:31,  2.65it/s, loss=0.1219, acc=0.9606]\r[cosine_anneal] Stage2 Epoch 75/75:  49%|████▉     | 81/164 [00:31\u003c00:31,  2.65it/s, loss=0.1234, acc=0.9604]\n"}
,{"stream_name":"stderr","time":6024.945632802,"data":"\r[cosine_anneal] Stage2 Epoch 75/75:  49%|████▉     | 81/164 [00:31\u003c00:31,  2.65it/s, loss=0.1234, acc=0.9604]\r[cosine_anneal] Stage2 Epoch 75/75:  50%|█████     | 82/164 [00:31\u003c00:30,  2.65it/s, loss=0.1234, acc=0.9604]\n"}
,{"stream_name":"stderr","time":6025.3186416,"data":"\r[cosine_anneal] Stage2 Epoch 75/75:  50%|█████     | 82/164 [00:31\u003c00:30,  2.65it/s, loss=0.1234, acc=0.9604]\r[cosine_anneal] Stage2 Epoch 75/75:  50%|█████     | 82/164 [00:32\u003c00:30,  2.65it/s, loss=0.1220, acc=0.9608]\n"}
,{"stream_name":"stderr","time":6025.3198686,"data":"\r[cosine_anneal] Stage2 Epoch 75/75:  50%|█████     | 82/164 [00:32\u003c00:30,  2.65it/s, loss=0.1220, acc=0.9608]\r[cosine_anneal] Stage2 Epoch 75/75:  51%|█████     | 83/164 [00:32\u003c00:30,  2.66it/s, loss=0.1220, acc=0.9608]\n"}
,{"stream_name":"stderr","time":6025.698377849,"data":"\r[cosine_anneal] Stage2 Epoch 75/75:  51%|█████     | 83/164 [00:32\u003c00:30,  2.66it/s, loss=0.1220, acc=0.9608]\r[cosine_anneal] Stage2 Epoch 75/75:  51%|█████     | 83/164 [00:32\u003c00:30,  2.66it/s, loss=0.1230, acc=0.9606]\n"}
,{"stream_name":"stderr","time":6025.699437856,"data":"\r[cosine_anneal] Stage2 Epoch 75/75:  51%|█████     | 83/164 [00:32\u003c00:30,  2.66it/s, loss=0.1230, acc=0.9606]\r[cosine_anneal] Stage2 Epoch 75/75:  51%|█████     | 84/164 [00:32\u003c00:30,  2.65it/s, loss=0.1230, acc=0.9606]\n"}
,{"stream_name":"stderr","time":6028.346114428,"data":"\r[cosine_anneal] Stage2 Epoch 75/75:  51%|█████     | 84/164 [00:32\u003c00:30,  2.65it/s, loss=0.1230, acc=0.9606]\r[cosine_anneal] Stage2 Epoch 75/75:  51%|█████     | 84/164 [00:33\u003c00:30,  2.65it/s, loss=0.1220, acc=0.9607]\n"}
,{"stream_name":"stderr","time":6028.34776233,"data":"\r[cosine_anneal] Stage2 Epoch 75/75:  51%|█████     | 84/164 [00:33\u003c00:30,  2.65it/s, loss=0.1220, acc=0.9607]\r[cosine_anneal] Stage2 Epoch 75/75:  52%|█████▏    | 85/164 [00:33\u003c00:29,  2.65it/s, loss=0.1220, acc=0.9607]\n"}
,{"stream_name":"stderr","time":6028.349438342,"data":"\r[cosine_anneal] Stage2 Epoch 75/75:  52%|█████▏    | 85/164 [00:33\u003c00:29,  2.65it/s, loss=0.1220, acc=0.9607]\r[cosine_anneal] Stage2 Epoch 75/75:  52%|█████▏    | 85/164 [00:33\u003c00:29,  2.65it/s, loss=0.1211, acc=0.9611]\n"}
,{"stream_name":"stderr","time":6028.35089862,"data":"\r[cosine_anneal] Stage2 Epoch 75/75:  52%|█████▏    | 85/164 [00:33\u003c00:29,  2.65it/s, loss=0.1211, acc=0.9611]\r[cosine_anneal] Stage2 Epoch 75/75:  52%|█████▏    | 86/164 [00:33\u003c00:29,  2.65it/s, loss=0.1211, acc=0.9611]\n"}
,{"stream_name":"stderr","time":6028.352297388,"data":"\r[cosine_anneal] Stage2 Epoch 75/75:  52%|█████▏    | 86/164 [00:33\u003c00:29,  2.65it/s, loss=0.1211, acc=0.9611]\r[cosine_anneal] Stage2 Epoch 75/75:  52%|█████▏    | 86/164 [00:33\u003c00:29,  2.65it/s, loss=0.1209, acc=0.9612]\n"}
,{"stream_name":"stderr","time":6028.353593965,"data":"\r[cosine_anneal] Stage2 Epoch 75/75:  52%|█████▏    | 86/164 [00:33\u003c00:29,  2.65it/s, loss=0.1209, acc=0.9612]\r[cosine_anneal] Stage2 Epoch 75/75:  53%|█████▎    | 87/164 [00:33\u003c00:29,  2.64it/s, loss=0.1209, acc=0.9612]\n"}
,{"stream_name":"stderr","time":6028.354988855,"data":"\r[cosine_anneal] Stage2 Epoch 75/75:  53%|█████▎    | 87/164 [00:33\u003c00:29,  2.64it/s, loss=0.1209, acc=0.9612]\r[cosine_anneal] Stage2 Epoch 75/75:  53%|█████▎    | 87/164 [00:34\u003c00:29,  2.64it/s, loss=0.1202, acc=0.9613]\n"}
,{"stream_name":"stderr","time":6028.356277852,"data":"\r[cosine_anneal] Stage2 Epoch 75/75:  53%|█████▎    | 87/164 [00:34\u003c00:29,  2.64it/s, loss=0.1202, acc=0.9613]\r[cosine_anneal] Stage2 Epoch 75/75:  54%|█████▎    | 88/164 [00:34\u003c00:28,  2.63it/s, loss=0.1202, acc=0.9613]\n"}
,{"stream_name":"stderr","time":6028.358490928,"data":"\r[cosine_anneal] Stage2 Epoch 75/75:  54%|█████▎    | 88/164 [00:34\u003c00:28,  2.63it/s, loss=0.1202, acc=0.9613]\r[cosine_anneal] Stage2 Epoch 75/75:  54%|█████▎    | 88/164 [00:34\u003c00:28,  2.63it/s, loss=0.1235, acc=0.9607]\n"}
,{"stream_name":"stderr","time":6028.358781098,"data":"\r[cosine_anneal] Stage2 Epoch 75/75:  54%|█████▎    | 88/164 [00:34\u003c00:28,  2.63it/s, loss=0.1235, acc=0.9607]\r[cosine_anneal] Stage2 Epoch 75/75:  54%|█████▍    | 89/164 [00:34\u003c00:28,  2.65it/s, loss=0.1235, acc=0.9607]\n"}
,{"stream_name":"stderr","time":6028.360323899,"data":"\r[cosine_anneal] Stage2 Epoch 75/75:  54%|█████▍    | 89/164 [00:34\u003c00:28,  2.65it/s, loss=0.1235, acc=0.9607]\r[cosine_anneal] Stage2 Epoch 75/75:  54%|█████▍    | 89/164 [00:35\u003c00:28,  2.65it/s, loss=0.1243, acc=0.9604]\n"}
,{"stream_name":"stderr","time":6028.361908974,"data":"\r[cosine_anneal] Stage2 Epoch 75/75:  54%|█████▍    | 89/164 [00:35\u003c00:28,  2.65it/s, loss=0.1243, acc=0.9604]\r[cosine_anneal] Stage2 Epoch 75/75:  55%|█████▍    | 90/164 [00:35\u003c00:28,  2.64it/s, loss=0.1243, acc=0.9604]\n"}
,{"stream_name":"stderr","time":6028.363176923,"data":"\r[cosine_anneal] Stage2 Epoch 75/75:  55%|█████▍    | 90/164 [00:35\u003c00:28,  2.64it/s, loss=0.1243, acc=0.9604]\r[cosine_anneal] Stage2 Epoch 75/75:  55%|█████▍    | 90/164 [00:35\u003c00:28,  2.64it/s, loss=0.1246, acc=0.9598]\n"}
,{"stream_name":"stderr","time":6028.364285415,"data":"\r[cosine_anneal] Stage2 Epoch 75/75:  55%|█████▍    | 90/164 [00:35\u003c00:28,  2.64it/s, loss=0.1246, acc=0.9598]\r[cosine_anneal] Stage2 Epoch 75/75:  55%|█████▌    | 91/164 [00:35\u003c00:27,  2.64it/s, loss=0.1246, acc=0.9598]\n"}
,{"stream_name":"stderr","time":6028.738217008,"data":"\r[cosine_anneal] Stage2 Epoch 75/75:  55%|█████▌    | 91/164 [00:35\u003c00:27,  2.64it/s, loss=0.1246, acc=0.9598]\r[cosine_anneal] Stage2 Epoch 75/75:  55%|█████▌    | 91/164 [00:35\u003c00:27,  2.64it/s, loss=0.1239, acc=0.9599]\n"}
,{"stream_name":"stderr","time":6028.740288356,"data":"\r[cosine_anneal] Stage2 Epoch 75/75:  55%|█████▌    | 91/164 [00:35\u003c00:27,  2.64it/s, loss=0.1239, acc=0.9599]\r[cosine_anneal] Stage2 Epoch 75/75:  56%|█████▌    | 92/164 [00:35\u003c00:27,  2.62it/s, loss=0.1239, acc=0.9599]\n"}
,{"stream_name":"stderr","time":6029.123562358,"data":"\r[cosine_anneal] Stage2 Epoch 75/75:  56%|█████▌    | 92/164 [00:35\u003c00:27,  2.62it/s, loss=0.1239, acc=0.9599]\r[cosine_anneal] Stage2 Epoch 75/75:  56%|█████▌    | 92/164 [00:36\u003c00:27,  2.62it/s, loss=0.1303, acc=0.9587]\n"}
,{"stream_name":"stderr","time":6029.131482182,"data":"\r[cosine_anneal] Stage2 Epoch 75/75:  56%|█████▌    | 92/164 [00:36\u003c00:27,  2.62it/s, loss=0.1303, acc=0.9587]\r[cosine_anneal] Stage2 Epoch 75/75:  57%|█████▋    | 93/164 [00:36\u003c00:27,  2.61it/s, loss=0.1303, acc=0.9587]\n"}
,{"stream_name":"stderr","time":6029.498831563,"data":"\r[cosine_anneal] Stage2 Epoch 75/75:  57%|█████▋    | 93/164 [00:36\u003c00:27,  2.61it/s, loss=0.1303, acc=0.9587]\r[cosine_anneal] Stage2 Epoch 75/75:  57%|█████▋    | 93/164 [00:36\u003c00:27,  2.61it/s, loss=0.1302, acc=0.9588]\n"}
,{"stream_name":"stderr","time":6029.49998446,"data":"\r[cosine_anneal] Stage2 Epoch 75/75:  57%|█████▋    | 93/164 [00:36\u003c00:27,  2.61it/s, loss=0.1302, acc=0.9588]\r[cosine_anneal] Stage2 Epoch 75/75:  57%|█████▋    | 94/164 [00:36\u003c00:26,  2.63it/s, loss=0.1302, acc=0.9588]\n"}
,{"stream_name":"stderr","time":6029.875447294,"data":"\r[cosine_anneal] Stage2 Epoch 75/75:  57%|█████▋    | 94/164 [00:36\u003c00:26,  2.63it/s, loss=0.1302, acc=0.9588]\r[cosine_anneal] Stage2 Epoch 75/75:  57%|█████▋    | 94/164 [00:36\u003c00:26,  2.63it/s, loss=0.1292, acc=0.9592]\n"}
,{"stream_name":"stderr","time":6029.876622062,"data":"\r[cosine_anneal] Stage2 Epoch 75/75:  57%|█████▋    | 94/164 [00:36\u003c00:26,  2.63it/s, loss=0.1292, acc=0.9592]\r[cosine_anneal] Stage2 Epoch 75/75:  58%|█████▊    | 95/164 [00:36\u003c00:26,  2.64it/s, loss=0.1292, acc=0.9592]\n"}
,{"stream_name":"stderr","time":6030.25559331,"data":"\r[cosine_anneal] Stage2 Epoch 75/75:  58%|█████▊    | 95/164 [00:36\u003c00:26,  2.64it/s, loss=0.1292, acc=0.9592]\r[cosine_anneal] Stage2 Epoch 75/75:  58%|█████▊    | 95/164 [00:37\u003c00:26,  2.64it/s, loss=0.1288, acc=0.9590]\n"}
,{"stream_name":"stderr","time":6030.256666751,"data":"\r[cosine_anneal] Stage2 Epoch 75/75:  58%|█████▊    | 95/164 [00:37\u003c00:26,  2.64it/s, loss=0.1288, acc=0.9590]\r[cosine_anneal] Stage2 Epoch 75/75:  59%|█████▊    | 96/164 [00:37\u003c00:25,  2.64it/s, loss=0.1288, acc=0.9590]\n"}
,{"stream_name":"stderr","time":6030.627950135,"data":"\r[cosine_anneal] Stage2 Epoch 75/75:  59%|█████▊    | 96/164 [00:37\u003c00:25,  2.64it/s, loss=0.1288, acc=0.9590]\r[cosine_anneal] Stage2 Epoch 75/75:  59%|█████▊    | 96/164 [00:37\u003c00:25,  2.64it/s, loss=0.1298, acc=0.9588]\n"}
,{"stream_name":"stderr","time":6030.628935862,"data":"\r[cosine_anneal] Stage2 Epoch 75/75:  59%|█████▊    | 96/164 [00:37\u003c00:25,  2.64it/s, loss=0.1298, acc=0.9588]\r[cosine_anneal] Stage2 Epoch 75/75:  59%|█████▉    | 97/164 [00:37\u003c00:25,  2.65it/s, loss=0.1298, acc=0.9588]\n"}
,{"stream_name":"stderr","time":6031.008132176,"data":"\r[cosine_anneal] Stage2 Epoch 75/75:  59%|█████▉    | 97/164 [00:37\u003c00:25,  2.65it/s, loss=0.1298, acc=0.9588]\r[cosine_anneal] Stage2 Epoch 75/75:  59%|█████▉    | 97/164 [00:38\u003c00:25,  2.65it/s, loss=0.1299, acc=0.9585]\n"}
,{"stream_name":"stderr","time":6031.009053951,"data":"\r[cosine_anneal] Stage2 Epoch 75/75:  59%|█████▉    | 97/164 [00:38\u003c00:25,  2.65it/s, loss=0.1299, acc=0.9585]\r[cosine_anneal] Stage2 Epoch 75/75:  60%|█████▉    | 98/164 [00:38\u003c00:24,  2.64it/s, loss=0.1299, acc=0.9585]\n"}
,{"stream_name":"stderr","time":6031.380032304,"data":"\r[cosine_anneal] Stage2 Epoch 75/75:  60%|█████▉    | 98/164 [00:38\u003c00:24,  2.64it/s, loss=0.1299, acc=0.9585]\r[cosine_anneal] Stage2 Epoch 75/75:  60%|█████▉    | 98/164 [00:38\u003c00:24,  2.64it/s, loss=0.1293, acc=0.9586]\n"}
,{"stream_name":"stderr","time":6031.380981675,"data":"\r[cosine_anneal] Stage2 Epoch 75/75:  60%|█████▉    | 98/164 [00:38\u003c00:24,  2.64it/s, loss=0.1293, acc=0.9586]\r[cosine_anneal] Stage2 Epoch 75/75:  60%|██████    | 99/164 [00:38\u003c00:24,  2.66it/s, loss=0.1293, acc=0.9586]\n"}
,{"stream_name":"stderr","time":6031.762370048,"data":"\r[cosine_anneal] Stage2 Epoch 75/75:  60%|██████    | 99/164 [00:38\u003c00:24,  2.66it/s, loss=0.1293, acc=0.9586]\r[cosine_anneal] Stage2 Epoch 75/75:  60%|██████    | 99/164 [00:38\u003c00:24,  2.66it/s, loss=0.1300, acc=0.9584]\n"}
,{"stream_name":"stderr","time":6031.76773895,"data":"\r[cosine_anneal] Stage2 Epoch 75/75:  60%|██████    | 99/164 [00:38\u003c00:24,  2.66it/s, loss=0.1300, acc=0.9584]\r[cosine_anneal] Stage2 Epoch 75/75:  61%|██████    | 100/164 [00:38\u003c00:24,  2.64it/s, loss=0.1300, acc=0.9584]\n"}
,{"stream_name":"stderr","time":6032.143179227,"data":"\r[cosine_anneal] Stage2 Epoch 75/75:  61%|██████    | 100/164 [00:38\u003c00:24,  2.64it/s, loss=0.1300, acc=0.9584]\r[cosine_anneal] Stage2 Epoch 75/75:  61%|██████    | 100/164 [00:39\u003c00:24,  2.64it/s, loss=0.1296, acc=0.9585]\n"}
,{"stream_name":"stderr","time":6032.144474825,"data":"\r[cosine_anneal] Stage2 Epoch 75/75:  61%|██████    | 100/164 [00:39\u003c00:24,  2.64it/s, loss=0.1296, acc=0.9585]\r[cosine_anneal] Stage2 Epoch 75/75:  62%|██████▏   | 101/164 [00:39\u003c00:23,  2.64it/s, loss=0.1296, acc=0.9585]\n"}
,{"stream_name":"stderr","time":6032.519371422,"data":"\r[cosine_anneal] Stage2 Epoch 75/75:  62%|██████▏   | 101/164 [00:39\u003c00:23,  2.64it/s, loss=0.1296, acc=0.9585]\r[cosine_anneal] Stage2 Epoch 75/75:  62%|██████▏   | 101/164 [00:39\u003c00:23,  2.64it/s, loss=0.1306, acc=0.9583]\n"}
,{"stream_name":"stderr","time":6032.522067908,"data":"\r[cosine_anneal] Stage2 Epoch 75/75:  62%|██████▏   | 101/164 [00:39\u003c00:23,  2.64it/s, loss=0.1306, acc=0.9583]\r[cosine_anneal] Stage2 Epoch 75/75:  62%|██████▏   | 102/164 [00:39\u003c00:23,  2.65it/s, loss=0.1306, acc=0.9583]\n"}
,{"stream_name":"stderr","time":6032.896955638,"data":"\r[cosine_anneal] Stage2 Epoch 75/75:  62%|██████▏   | 102/164 [00:39\u003c00:23,  2.65it/s, loss=0.1306, acc=0.9583]\r[cosine_anneal] Stage2 Epoch 75/75:  62%|██████▏   | 102/164 [00:39\u003c00:23,  2.65it/s, loss=0.1303, acc=0.9584]\n"}
,{"stream_name":"stderr","time":6032.897979969,"data":"\r[cosine_anneal] Stage2 Epoch 75/75:  62%|██████▏   | 102/164 [00:39\u003c00:23,  2.65it/s, loss=0.1303, acc=0.9584]\r[cosine_anneal] Stage2 Epoch 75/75:  63%|██████▎   | 103/164 [00:39\u003c00:23,  2.65it/s, loss=0.1303, acc=0.9584]\n"}
,{"stream_name":"stderr","time":6033.278464758,"data":"\r[cosine_anneal] Stage2 Epoch 75/75:  63%|██████▎   | 103/164 [00:39\u003c00:23,  2.65it/s, loss=0.1303, acc=0.9584]\r[cosine_anneal] Stage2 Epoch 75/75:  63%|██████▎   | 103/164 [00:40\u003c00:23,  2.65it/s, loss=0.1306, acc=0.9579]\n"}
,{"stream_name":"stderr","time":6033.279599775,"data":"\r[cosine_anneal] Stage2 Epoch 75/75:  63%|██████▎   | 103/164 [00:40\u003c00:23,  2.65it/s, loss=0.1306, acc=0.9579]\r[cosine_anneal] Stage2 Epoch 75/75:  63%|██████▎   | 104/164 [00:40\u003c00:22,  2.64it/s, loss=0.1306, acc=0.9579]\n"}
,{"stream_name":"stderr","time":6033.654068268,"data":"\r[cosine_anneal] Stage2 Epoch 75/75:  63%|██████▎   | 104/164 [00:40\u003c00:22,  2.64it/s, loss=0.1306, acc=0.9579]\r[cosine_anneal] Stage2 Epoch 75/75:  63%|██████▎   | 104/164 [00:40\u003c00:22,  2.64it/s, loss=0.1314, acc=0.9577]\n"}
,{"stream_name":"stderr","time":6033.655431812,"data":"\r[cosine_anneal] Stage2 Epoch 75/75:  63%|██████▎   | 104/164 [00:40\u003c00:22,  2.64it/s, loss=0.1314, acc=0.9577]\r[cosine_anneal] Stage2 Epoch 75/75:  64%|██████▍   | 105/164 [00:40\u003c00:22,  2.65it/s, loss=0.1314, acc=0.9577]\n"}
,{"stream_name":"stderr","time":6034.029856937,"data":"\r[cosine_anneal] Stage2 Epoch 75/75:  64%|██████▍   | 105/164 [00:40\u003c00:22,  2.65it/s, loss=0.1314, acc=0.9577]\r[cosine_anneal] Stage2 Epoch 75/75:  64%|██████▍   | 105/164 [00:41\u003c00:22,  2.65it/s, loss=0.1312, acc=0.9578]\n"}
,{"stream_name":"stderr","time":6034.031737766,"data":"\r[cosine_anneal] Stage2 Epoch 75/75:  64%|██████▍   | 105/164 [00:41\u003c00:22,  2.65it/s, loss=0.1312, acc=0.9578]\r[cosine_anneal] Stage2 Epoch 75/75:  65%|██████▍   | 106/164 [00:41\u003c00:21,  2.65it/s, loss=0.1312, acc=0.9578]\n"}
,{"stream_name":"stderr","time":6034.409854889,"data":"\r[cosine_anneal] Stage2 Epoch 75/75:  65%|██████▍   | 106/164 [00:41\u003c00:21,  2.65it/s, loss=0.1312, acc=0.9578]\r[cosine_anneal] Stage2 Epoch 75/75:  65%|██████▍   | 106/164 [00:41\u003c00:21,  2.65it/s, loss=0.1305, acc=0.9579]\n"}
,{"stream_name":"stderr","time":6034.410965323,"data":"\r[cosine_anneal] Stage2 Epoch 75/75:  65%|██████▍   | 106/164 [00:41\u003c00:21,  2.65it/s, loss=0.1305, acc=0.9579]\r[cosine_anneal] Stage2 Epoch 75/75:  65%|██████▌   | 107/164 [00:41\u003c00:21,  2.64it/s, loss=0.1305, acc=0.9579]\n"}
,{"stream_name":"stderr","time":6034.784129634,"data":"\r[cosine_anneal] Stage2 Epoch 75/75:  65%|██████▌   | 107/164 [00:41\u003c00:21,  2.64it/s, loss=0.1305, acc=0.9579]\r[cosine_anneal] Stage2 Epoch 75/75:  65%|██████▌   | 107/164 [00:41\u003c00:21,  2.64it/s, loss=0.1306, acc=0.9580]\n"}
,{"stream_name":"stderr","time":6034.785045571,"data":"\r[cosine_anneal] Stage2 Epoch 75/75:  65%|██████▌   | 107/164 [00:41\u003c00:21,  2.64it/s, loss=0.1306, acc=0.9580]\r[cosine_anneal] Stage2 Epoch 75/75:  66%|██████▌   | 108/164 [00:41\u003c00:21,  2.65it/s, loss=0.1306, acc=0.9580]\n"}
,{"stream_name":"stderr","time":6035.163677688,"data":"\r[cosine_anneal] Stage2 Epoch 75/75:  66%|██████▌   | 108/164 [00:41\u003c00:21,  2.65it/s, loss=0.1306, acc=0.9580]\r[cosine_anneal] Stage2 Epoch 75/75:  66%|██████▌   | 108/164 [00:42\u003c00:21,  2.65it/s, loss=0.1301, acc=0.9581]\n"}
,{"stream_name":"stderr","time":6035.164669845,"data":"\r[cosine_anneal] Stage2 Epoch 75/75:  66%|██████▌   | 108/164 [00:42\u003c00:21,  2.65it/s, loss=0.1301, acc=0.9581]\r[cosine_anneal] Stage2 Epoch 75/75:  66%|██████▋   | 109/164 [00:42\u003c00:20,  2.65it/s, loss=0.1301, acc=0.9581]\n"}
,{"stream_name":"stderr","time":6035.538191129,"data":"\r[cosine_anneal] Stage2 Epoch 75/75:  66%|██████▋   | 109/164 [00:42\u003c00:20,  2.65it/s, loss=0.1301, acc=0.9581]\r[cosine_anneal] Stage2 Epoch 75/75:  66%|██████▋   | 109/164 [00:42\u003c00:20,  2.65it/s, loss=0.1291, acc=0.9585]\n"}
,{"stream_name":"stderr","time":6035.539723891,"data":"\r[cosine_anneal] Stage2 Epoch 75/75:  66%|██████▋   | 109/164 [00:42\u003c00:20,  2.65it/s, loss=0.1291, acc=0.9585]\r[cosine_anneal] Stage2 Epoch 75/75:  67%|██████▋   | 110/164 [00:42\u003c00:20,  2.65it/s, loss=0.1291, acc=0.9585]\n"}
,{"stream_name":"stderr","time":6035.916060311,"data":"\r[cosine_anneal] Stage2 Epoch 75/75:  67%|██████▋   | 110/164 [00:42\u003c00:20,  2.65it/s, loss=0.1291, acc=0.9585]\r[cosine_anneal] Stage2 Epoch 75/75:  67%|██████▋   | 110/164 [00:42\u003c00:20,  2.65it/s, loss=0.1282, acc=0.9589]\n"}
,{"stream_name":"stderr","time":6035.917266732,"data":"\r[cosine_anneal] Stage2 Epoch 75/75:  67%|██████▋   | 110/164 [00:42\u003c00:20,  2.65it/s, loss=0.1282, acc=0.9589]\r[cosine_anneal] Stage2 Epoch 75/75:  68%|██████▊   | 111/164 [00:42\u003c00:19,  2.65it/s, loss=0.1282, acc=0.9589]\n"}
,{"stream_name":"stderr","time":6036.296067704,"data":"\r[cosine_anneal] Stage2 Epoch 75/75:  68%|██████▊   | 111/164 [00:42\u003c00:19,  2.65it/s, loss=0.1282, acc=0.9589]\r[cosine_anneal] Stage2 Epoch 75/75:  68%|██████▊   | 111/164 [00:43\u003c00:19,  2.65it/s, loss=0.1278, acc=0.9590]\n"}
,{"stream_name":"stderr","time":6036.297224805,"data":"\r[cosine_anneal] Stage2 Epoch 75/75:  68%|██████▊   | 111/164 [00:43\u003c00:19,  2.65it/s, loss=0.1278, acc=0.9590]\r[cosine_anneal] Stage2 Epoch 75/75:  68%|██████▊   | 112/164 [00:43\u003c00:19,  2.65it/s, loss=0.1278, acc=0.9590]\n"}
,{"stream_name":"stderr","time":6036.667787839,"data":"\r[cosine_anneal] Stage2 Epoch 75/75:  68%|██████▊   | 112/164 [00:43\u003c00:19,  2.65it/s, loss=0.1278, acc=0.9590]\r[cosine_anneal] Stage2 Epoch 75/75:  68%|██████▊   | 112/164 [00:43\u003c00:19,  2.65it/s, loss=0.1271, acc=0.9591]\n"}
,{"stream_name":"stderr","time":6036.668756587,"data":"\r[cosine_anneal] Stage2 Epoch 75/75:  68%|██████▊   | 112/164 [00:43\u003c00:19,  2.65it/s, loss=0.1271, acc=0.9591]\r[cosine_anneal] Stage2 Epoch 75/75:  69%|██████▉   | 113/164 [00:43\u003c00:19,  2.66it/s, loss=0.1271, acc=0.9591]\n"}
,{"stream_name":"stderr","time":6037.047965049,"data":"\r[cosine_anneal] Stage2 Epoch 75/75:  69%|██████▉   | 113/164 [00:43\u003c00:19,  2.66it/s, loss=0.1271, acc=0.9591]\r[cosine_anneal] Stage2 Epoch 75/75:  69%|██████▉   | 113/164 [00:44\u003c00:19,  2.66it/s, loss=0.1261, acc=0.9594]\n"}
,{"stream_name":"stderr","time":6037.049065981,"data":"\r[cosine_anneal] Stage2 Epoch 75/75:  69%|██████▉   | 113/164 [00:44\u003c00:19,  2.66it/s, loss=0.1261, acc=0.9594]\r[cosine_anneal] Stage2 Epoch 75/75:  70%|██████▉   | 114/164 [00:44\u003c00:18,  2.65it/s, loss=0.1261, acc=0.9594]\n"}
,{"stream_name":"stderr","time":6037.425456506,"data":"\r[cosine_anneal] Stage2 Epoch 75/75:  70%|██████▉   | 114/164 [00:44\u003c00:18,  2.65it/s, loss=0.1261, acc=0.9594]\r[cosine_anneal] Stage2 Epoch 75/75:  70%|██████▉   | 114/164 [00:44\u003c00:18,  2.65it/s, loss=0.1257, acc=0.9595]\n"}
,{"stream_name":"stderr","time":6037.426295314,"data":"\r[cosine_anneal] Stage2 Epoch 75/75:  70%|██████▉   | 114/164 [00:44\u003c00:18,  2.65it/s, loss=0.1257, acc=0.9595]\r[cosine_anneal] Stage2 Epoch 75/75:  70%|███████   | 115/164 [00:44\u003c00:18,  2.65it/s, loss=0.1257, acc=0.9595]\n"}
,{"stream_name":"stderr","time":6037.799880721,"data":"\r[cosine_anneal] Stage2 Epoch 75/75:  70%|███████   | 115/164 [00:44\u003c00:18,  2.65it/s, loss=0.1257, acc=0.9595]\r[cosine_anneal] Stage2 Epoch 75/75:  70%|███████   | 115/164 [00:44\u003c00:18,  2.65it/s, loss=0.1255, acc=0.9593]\n"}
,{"stream_name":"stderr","time":6037.800863667,"data":"\r[cosine_anneal] Stage2 Epoch 75/75:  70%|███████   | 115/164 [00:44\u003c00:18,  2.65it/s, loss=0.1255, acc=0.9593]\r[cosine_anneal] Stage2 Epoch 75/75:  71%|███████   | 116/164 [00:44\u003c00:18,  2.66it/s, loss=0.1255, acc=0.9593]\n"}
,{"stream_name":"stderr","time":6038.17960728,"data":"\r[cosine_anneal] Stage2 Epoch 75/75:  71%|███████   | 116/164 [00:44\u003c00:18,  2.66it/s, loss=0.1255, acc=0.9593]\r[cosine_anneal] Stage2 Epoch 75/75:  71%|███████   | 116/164 [00:45\u003c00:18,  2.66it/s, loss=0.1252, acc=0.9594]\n"}
,{"stream_name":"stderr","time":6038.180726335,"data":"\r[cosine_anneal] Stage2 Epoch 75/75:  71%|███████   | 116/164 [00:45\u003c00:18,  2.66it/s, loss=0.1252, acc=0.9594]\r[cosine_anneal] Stage2 Epoch 75/75:  71%|███████▏  | 117/164 [00:45\u003c00:17,  2.65it/s, loss=0.1252, acc=0.9594]\n"}
,{"stream_name":"stderr","time":6038.551528812,"data":"\r[cosine_anneal] Stage2 Epoch 75/75:  71%|███████▏  | 117/164 [00:45\u003c00:17,  2.65it/s, loss=0.1252, acc=0.9594]\r[cosine_anneal] Stage2 Epoch 75/75:  71%|███████▏  | 117/164 [00:45\u003c00:17,  2.65it/s, loss=0.1243, acc=0.9597]\n"}
,{"stream_name":"stderr","time":6038.552491538,"data":"\r[cosine_anneal] Stage2 Epoch 75/75:  71%|███████▏  | 117/164 [00:45\u003c00:17,  2.65it/s, loss=0.1243, acc=0.9597]\r[cosine_anneal] Stage2 Epoch 75/75:  72%|███████▏  | 118/164 [00:45\u003c00:17,  2.66it/s, loss=0.1243, acc=0.9597]\n"}
,{"stream_name":"stderr","time":6038.932020466,"data":"\r[cosine_anneal] Stage2 Epoch 75/75:  72%|███████▏  | 118/164 [00:45\u003c00:17,  2.66it/s, loss=0.1243, acc=0.9597]\r[cosine_anneal] Stage2 Epoch 75/75:  72%|███████▏  | 118/164 [00:45\u003c00:17,  2.66it/s, loss=0.1259, acc=0.9593]\n"}
,{"stream_name":"stderr","time":6038.932903266,"data":"\r[cosine_anneal] Stage2 Epoch 75/75:  72%|███████▏  | 118/164 [00:45\u003c00:17,  2.66it/s, loss=0.1259, acc=0.9593]\r[cosine_anneal] Stage2 Epoch 75/75:  73%|███████▎  | 119/164 [00:45\u003c00:16,  2.65it/s, loss=0.1259, acc=0.9593]\n"}
,{"stream_name":"stderr","time":6039.310517186,"data":"\r[cosine_anneal] Stage2 Epoch 75/75:  73%|███████▎  | 119/164 [00:45\u003c00:16,  2.65it/s, loss=0.1259, acc=0.9593]\r[cosine_anneal] Stage2 Epoch 75/75:  73%|███████▎  | 119/164 [00:46\u003c00:16,  2.65it/s, loss=0.1250, acc=0.9596]\n"}
,{"stream_name":"stderr","time":6039.311518518,"data":"\r[cosine_anneal] Stage2 Epoch 75/75:  73%|███████▎  | 119/164 [00:46\u003c00:16,  2.65it/s, loss=0.1250, acc=0.9596]\r[cosine_anneal] Stage2 Epoch 75/75:  73%|███████▎  | 120/164 [00:46\u003c00:16,  2.65it/s, loss=0.1250, acc=0.9596]\n"}
,{"stream_name":"stderr","time":6039.684742614,"data":"\r[cosine_anneal] Stage2 Epoch 75/75:  73%|███████▎  | 120/164 [00:46\u003c00:16,  2.65it/s, loss=0.1250, acc=0.9596]\r[cosine_anneal] Stage2 Epoch 75/75:  73%|███████▎  | 120/164 [00:46\u003c00:16,  2.65it/s, loss=0.1255, acc=0.9595]\n"}
,{"stream_name":"stderr","time":6039.685793385,"data":"\r[cosine_anneal] Stage2 Epoch 75/75:  73%|███████▎  | 120/164 [00:46\u003c00:16,  2.65it/s, loss=0.1255, acc=0.9595]\r[cosine_anneal] Stage2 Epoch 75/75:  74%|███████▍  | 121/164 [00:46\u003c00:16,  2.66it/s, loss=0.1255, acc=0.9595]\n"}
,{"stream_name":"stderr","time":6040.064453607,"data":"\r[cosine_anneal] Stage2 Epoch 75/75:  74%|███████▍  | 121/164 [00:46\u003c00:16,  2.66it/s, loss=0.1255, acc=0.9595]\r[cosine_anneal] Stage2 Epoch 75/75:  74%|███████▍  | 121/164 [00:47\u003c00:16,  2.66it/s, loss=0.1251, acc=0.9595]\n"}
,{"stream_name":"stderr","time":6040.065478286,"data":"\r[cosine_anneal] Stage2 Epoch 75/75:  74%|███████▍  | 121/164 [00:47\u003c00:16,  2.66it/s, loss=0.1251, acc=0.9595]\r[cosine_anneal] Stage2 Epoch 75/75:  74%|███████▍  | 122/164 [00:47\u003c00:15,  2.65it/s, loss=0.1251, acc=0.9595]\n"}
,{"stream_name":"stderr","time":6040.436761961,"data":"\r[cosine_anneal] Stage2 Epoch 75/75:  74%|███████▍  | 122/164 [00:47\u003c00:15,  2.65it/s, loss=0.1251, acc=0.9595]\r[cosine_anneal] Stage2 Epoch 75/75:  74%|███████▍  | 122/164 [00:47\u003c00:15,  2.65it/s, loss=0.1274, acc=0.9591]\n"}
,{"stream_name":"stderr","time":6040.437914946,"data":"\r[cosine_anneal] Stage2 Epoch 75/75:  74%|███████▍  | 122/164 [00:47\u003c00:15,  2.65it/s, loss=0.1274, acc=0.9591]\r[cosine_anneal] Stage2 Epoch 75/75:  75%|███████▌  | 123/164 [00:47\u003c00:15,  2.66it/s, loss=0.1274, acc=0.9591]\n"}
,{"stream_name":"stderr","time":6040.814384687,"data":"\r[cosine_anneal] Stage2 Epoch 75/75:  75%|███████▌  | 123/164 [00:47\u003c00:15,  2.66it/s, loss=0.1274, acc=0.9591]\r[cosine_anneal] Stage2 Epoch 75/75:  75%|███████▌  | 123/164 [00:47\u003c00:15,  2.66it/s, loss=0.1276, acc=0.9589]\n"}
,{"stream_name":"stderr","time":6040.815524415,"data":"\r[cosine_anneal] Stage2 Epoch 75/75:  75%|███████▌  | 123/164 [00:47\u003c00:15,  2.66it/s, loss=0.1276, acc=0.9589]\r[cosine_anneal] Stage2 Epoch 75/75:  76%|███████▌  | 124/164 [00:47\u003c00:15,  2.66it/s, loss=0.1276, acc=0.9589]\n"}
,{"stream_name":"stderr","time":6041.192756187,"data":"\r[cosine_anneal] Stage2 Epoch 75/75:  76%|███████▌  | 124/164 [00:47\u003c00:15,  2.66it/s, loss=0.1276, acc=0.9589]\r[cosine_anneal] Stage2 Epoch 75/75:  76%|███████▌  | 124/164 [00:48\u003c00:15,  2.66it/s, loss=0.1286, acc=0.9590]\n"}
,{"stream_name":"stderr","time":6041.194450244,"data":"\r[cosine_anneal] Stage2 Epoch 75/75:  76%|███████▌  | 124/164 [00:48\u003c00:15,  2.66it/s, loss=0.1286, acc=0.9590]\r[cosine_anneal] Stage2 Epoch 75/75:  76%|███████▌  | 125/164 [00:48\u003c00:14,  2.65it/s, loss=0.1286, acc=0.9590]\n"}
,{"stream_name":"stderr","time":6041.572556406,"data":"\r[cosine_anneal] Stage2 Epoch 75/75:  76%|███████▌  | 125/164 [00:48\u003c00:14,  2.65it/s, loss=0.1286, acc=0.9590]\r[cosine_anneal] Stage2 Epoch 75/75:  76%|███████▌  | 125/164 [00:48\u003c00:14,  2.65it/s, loss=0.1279, acc=0.9593]\n"}
,{"stream_name":"stderr","time":6041.573762536,"data":"\r[cosine_anneal] Stage2 Epoch 75/75:  76%|███████▌  | 125/164 [00:48\u003c00:14,  2.65it/s, loss=0.1279, acc=0.9593]\r[cosine_anneal] Stage2 Epoch 75/75:  77%|███████▋  | 126/164 [00:48\u003c00:14,  2.65it/s, loss=0.1279, acc=0.9593]\n"}
,{"stream_name":"stderr","time":6041.952639862,"data":"\r[cosine_anneal] Stage2 Epoch 75/75:  77%|███████▋  | 126/164 [00:48\u003c00:14,  2.65it/s, loss=0.1279, acc=0.9593]\r[cosine_anneal] Stage2 Epoch 75/75:  77%|███████▋  | 126/164 [00:49\u003c00:14,  2.65it/s, loss=0.1272, acc=0.9596]\n"}
,{"stream_name":"stderr","time":6041.953581831,"data":"\r[cosine_anneal] Stage2 Epoch 75/75:  77%|███████▋  | 126/164 [00:49\u003c00:14,  2.65it/s, loss=0.1272, acc=0.9596]\r[cosine_anneal] Stage2 Epoch 75/75:  77%|███████▋  | 127/164 [00:49\u003c00:14,  2.64it/s, loss=0.1272, acc=0.9596]\n"}
,{"stream_name":"stderr","time":6042.336458597,"data":"\r[cosine_anneal] Stage2 Epoch 75/75:  77%|███████▋  | 127/164 [00:49\u003c00:14,  2.64it/s, loss=0.1272, acc=0.9596]\r[cosine_anneal] Stage2 Epoch 75/75:  77%|███████▋  | 127/164 [00:49\u003c00:14,  2.64it/s, loss=0.1265, acc=0.9600]\n"}
,{"stream_name":"stderr","time":6042.337607101,"data":"\r[cosine_anneal] Stage2 Epoch 75/75:  77%|███████▋  | 127/164 [00:49\u003c00:14,  2.64it/s, loss=0.1265, acc=0.9600]\r[cosine_anneal] Stage2 Epoch 75/75:  78%|███████▊  | 128/164 [00:49\u003c00:13,  2.63it/s, loss=0.1265, acc=0.9600]\n"}
,{"stream_name":"stderr","time":6042.717327319,"data":"\r[cosine_anneal] Stage2 Epoch 75/75:  78%|███████▊  | 128/164 [00:49\u003c00:13,  2.63it/s, loss=0.1265, acc=0.9600]\r[cosine_anneal] Stage2 Epoch 75/75:  78%|███████▊  | 128/164 [00:49\u003c00:13,  2.63it/s, loss=0.1280, acc=0.9595]\n"}
,{"stream_name":"stderr","time":6042.718430842,"data":"\r[cosine_anneal] Stage2 Epoch 75/75:  78%|███████▊  | 128/164 [00:49\u003c00:13,  2.63it/s, loss=0.1280, acc=0.9595]\r[cosine_anneal] Stage2 Epoch 75/75:  79%|███████▊  | 129/164 [00:49\u003c00:13,  2.63it/s, loss=0.1280, acc=0.9595]\n"}
,{"stream_name":"stderr","time":6043.094136031,"data":"\r[cosine_anneal] Stage2 Epoch 75/75:  79%|███████▊  | 129/164 [00:49\u003c00:13,  2.63it/s, loss=0.1280, acc=0.9595]\r[cosine_anneal] Stage2 Epoch 75/75:  79%|███████▊  | 129/164 [00:50\u003c00:13,  2.63it/s, loss=0.1276, acc=0.9596]\n"}
,{"stream_name":"stderr","time":6043.095202636,"data":"\r[cosine_anneal] Stage2 Epoch 75/75:  79%|███████▊  | 129/164 [00:50\u003c00:13,  2.63it/s, loss=0.1276, acc=0.9596]\r[cosine_anneal] Stage2 Epoch 75/75:  79%|███████▉  | 130/164 [00:50\u003c00:12,  2.64it/s, loss=0.1276, acc=0.9596]\n"}
,{"stream_name":"stderr","time":6043.47274004,"data":"\r[cosine_anneal] Stage2 Epoch 75/75:  79%|███████▉  | 130/164 [00:50\u003c00:12,  2.64it/s, loss=0.1276, acc=0.9596]\r[cosine_anneal] Stage2 Epoch 75/75:  79%|███████▉  | 130/164 [00:50\u003c00:12,  2.64it/s, loss=0.1286, acc=0.9594]\n"}
,{"stream_name":"stderr","time":6043.473643052,"data":"\r[cosine_anneal] Stage2 Epoch 75/75:  79%|███████▉  | 130/164 [00:50\u003c00:12,  2.64it/s, loss=0.1286, acc=0.9594]\r[cosine_anneal] Stage2 Epoch 75/75:  80%|███████▉  | 131/164 [00:50\u003c00:12,  2.64it/s, loss=0.1286, acc=0.9594]\n"}
,{"stream_name":"stderr","time":6043.85425622,"data":"\r[cosine_anneal] Stage2 Epoch 75/75:  80%|███████▉  | 131/164 [00:50\u003c00:12,  2.64it/s, loss=0.1286, acc=0.9594]\r[cosine_anneal] Stage2 Epoch 75/75:  80%|███████▉  | 131/164 [00:50\u003c00:12,  2.64it/s, loss=0.1281, acc=0.9595]\n"}
,{"stream_name":"stderr","time":6043.855435426,"data":"\r[cosine_anneal] Stage2 Epoch 75/75:  80%|███████▉  | 131/164 [00:50\u003c00:12,  2.64it/s, loss=0.1281, acc=0.9595]\r[cosine_anneal] Stage2 Epoch 75/75:  80%|████████  | 132/164 [00:50\u003c00:12,  2.63it/s, loss=0.1281, acc=0.9595]\n"}
,{"stream_name":"stderr","time":6044.229498167,"data":"\r[cosine_anneal] Stage2 Epoch 75/75:  80%|████████  | 132/164 [00:50\u003c00:12,  2.63it/s, loss=0.1281, acc=0.9595]\r[cosine_anneal] Stage2 Epoch 75/75:  80%|████████  | 132/164 [00:51\u003c00:12,  2.63it/s, loss=0.1279, acc=0.9598]\n"}
,{"stream_name":"stderr","time":6044.230382806,"data":"\r[cosine_anneal] Stage2 Epoch 75/75:  80%|████████  | 132/164 [00:51\u003c00:12,  2.63it/s, loss=0.1279, acc=0.9598]\r[cosine_anneal] Stage2 Epoch 75/75:  81%|████████  | 133/164 [00:51\u003c00:11,  2.64it/s, loss=0.1279, acc=0.9598]\n"}
,{"stream_name":"stderr","time":6044.60854745,"data":"\r[cosine_anneal] Stage2 Epoch 75/75:  81%|████████  | 133/164 [00:51\u003c00:11,  2.64it/s, loss=0.1279, acc=0.9598]\r[cosine_anneal] Stage2 Epoch 75/75:  81%|████████  | 133/164 [00:51\u003c00:11,  2.64it/s, loss=0.1281, acc=0.9597]\n"}
,{"stream_name":"stderr","time":6044.61012771,"data":"\r[cosine_anneal] Stage2 Epoch 75/75:  81%|████████  | 133/164 [00:51\u003c00:11,  2.64it/s, loss=0.1281, acc=0.9597]\r[cosine_anneal] Stage2 Epoch 75/75:  82%|████████▏ | 134/164 [00:51\u003c00:11,  2.64it/s, loss=0.1281, acc=0.9597]\n"}
,{"stream_name":"stderr","time":6044.990015629,"data":"\r[cosine_anneal] Stage2 Epoch 75/75:  82%|████████▏ | 134/164 [00:51\u003c00:11,  2.64it/s, loss=0.1281, acc=0.9597]\r[cosine_anneal] Stage2 Epoch 75/75:  82%|████████▏ | 134/164 [00:52\u003c00:11,  2.64it/s, loss=0.1281, acc=0.9595]\n"}
,{"stream_name":"stderr","time":6044.991530251,"data":"\r[cosine_anneal] Stage2 Epoch 75/75:  82%|████████▏ | 134/164 [00:52\u003c00:11,  2.64it/s, loss=0.1281, acc=0.9595]\r[cosine_anneal] Stage2 Epoch 75/75:  82%|████████▏ | 135/164 [00:52\u003c00:11,  2.63it/s, loss=0.1281, acc=0.9595]\n"}
,{"stream_name":"stderr","time":6045.372517139,"data":"\r[cosine_anneal] Stage2 Epoch 75/75:  82%|████████▏ | 135/164 [00:52\u003c00:11,  2.63it/s, loss=0.1281, acc=0.9595]\r[cosine_anneal] Stage2 Epoch 75/75:  82%|████████▏ | 135/164 [00:52\u003c00:11,  2.63it/s, loss=0.1275, acc=0.9596]\n"}
,{"stream_name":"stderr","time":6045.373486607,"data":"\r[cosine_anneal] Stage2 Epoch 75/75:  82%|████████▏ | 135/164 [00:52\u003c00:11,  2.63it/s, loss=0.1275, acc=0.9596]\r[cosine_anneal] Stage2 Epoch 75/75:  83%|████████▎ | 136/164 [00:52\u003c00:10,  2.63it/s, loss=0.1275, acc=0.9596]\n"}
,{"stream_name":"stderr","time":6045.747996353,"data":"\r[cosine_anneal] Stage2 Epoch 75/75:  83%|████████▎ | 136/164 [00:52\u003c00:10,  2.63it/s, loss=0.1275, acc=0.9596]\r[cosine_anneal] Stage2 Epoch 75/75:  83%|████████▎ | 136/164 [00:52\u003c00:10,  2.63it/s, loss=0.1276, acc=0.9596]\n"}
,{"stream_name":"stderr","time":6045.749180798,"data":"\r[cosine_anneal] Stage2 Epoch 75/75:  83%|████████▎ | 136/164 [00:52\u003c00:10,  2.63it/s, loss=0.1276, acc=0.9596]\r[cosine_anneal] Stage2 Epoch 75/75:  84%|████████▎ | 137/164 [00:52\u003c00:10,  2.64it/s, loss=0.1276, acc=0.9596]\n"}
,{"stream_name":"stderr","time":6046.125552871,"data":"\r[cosine_anneal] Stage2 Epoch 75/75:  84%|████████▎ | 137/164 [00:52\u003c00:10,  2.64it/s, loss=0.1276, acc=0.9596]\r[cosine_anneal] Stage2 Epoch 75/75:  84%|████████▎ | 137/164 [00:53\u003c00:10,  2.64it/s, loss=0.1301, acc=0.9592]\n"}
,{"stream_name":"stderr","time":6046.126441795,"data":"\r[cosine_anneal] Stage2 Epoch 75/75:  84%|████████▎ | 137/164 [00:53\u003c00:10,  2.64it/s, loss=0.1301, acc=0.9592]\r[cosine_anneal] Stage2 Epoch 75/75:  84%|████████▍ | 138/164 [00:53\u003c00:09,  2.64it/s, loss=0.1301, acc=0.9592]\n"}
,{"stream_name":"stderr","time":6046.503279245,"data":"\r[cosine_anneal] Stage2 Epoch 75/75:  84%|████████▍ | 138/164 [00:53\u003c00:09,  2.64it/s, loss=0.1301, acc=0.9592]\r[cosine_anneal] Stage2 Epoch 75/75:  84%|████████▍ | 138/164 [00:53\u003c00:09,  2.64it/s, loss=0.1300, acc=0.9593]\n"}
,{"stream_name":"stderr","time":6046.504450737,"data":"\r[cosine_anneal] Stage2 Epoch 75/75:  84%|████████▍ | 138/164 [00:53\u003c00:09,  2.64it/s, loss=0.1300, acc=0.9593]\r[cosine_anneal] Stage2 Epoch 75/75:  85%|████████▍ | 139/164 [00:53\u003c00:09,  2.64it/s, loss=0.1300, acc=0.9593]\n"}
,{"stream_name":"stderr","time":6046.879161321,"data":"\r[cosine_anneal] Stage2 Epoch 75/75:  85%|████████▍ | 139/164 [00:53\u003c00:09,  2.64it/s, loss=0.1300, acc=0.9593]\r[cosine_anneal] Stage2 Epoch 75/75:  85%|████████▍ | 139/164 [00:53\u003c00:09,  2.64it/s, loss=0.1292, acc=0.9596]\n"}
,{"stream_name":"stderr","time":6046.88026259,"data":"\r[cosine_anneal] Stage2 Epoch 75/75:  85%|████████▍ | 139/164 [00:53\u003c00:09,  2.64it/s, loss=0.1292, acc=0.9596]\r[cosine_anneal] Stage2 Epoch 75/75:  85%|████████▌ | 140/164 [00:53\u003c00:09,  2.65it/s, loss=0.1292, acc=0.9596]\n"}
,{"stream_name":"stderr","time":6047.259630925,"data":"\r[cosine_anneal] Stage2 Epoch 75/75:  85%|████████▌ | 140/164 [00:53\u003c00:09,  2.65it/s, loss=0.1292, acc=0.9596]\r[cosine_anneal] Stage2 Epoch 75/75:  85%|████████▌ | 140/164 [00:54\u003c00:09,  2.65it/s, loss=0.1285, acc=0.9599]\n"}
,{"stream_name":"stderr","time":6047.260575506,"data":"\r[cosine_anneal] Stage2 Epoch 75/75:  85%|████████▌ | 140/164 [00:54\u003c00:09,  2.65it/s, loss=0.1285, acc=0.9599]\r[cosine_anneal] Stage2 Epoch 75/75:  86%|████████▌ | 141/164 [00:54\u003c00:08,  2.64it/s, loss=0.1285, acc=0.9599]\n"}
,{"stream_name":"stderr","time":6047.636820523,"data":"\r[cosine_anneal] Stage2 Epoch 75/75:  86%|████████▌ | 141/164 [00:54\u003c00:08,  2.64it/s, loss=0.1285, acc=0.9599]\r[cosine_anneal] Stage2 Epoch 75/75:  86%|████████▌ | 141/164 [00:54\u003c00:08,  2.64it/s, loss=0.1279, acc=0.9602]\n"}
,{"stream_name":"stderr","time":6047.637942963,"data":"\r[cosine_anneal] Stage2 Epoch 75/75:  86%|████████▌ | 141/164 [00:54\u003c00:08,  2.64it/s, loss=0.1279, acc=0.9602]\r[cosine_anneal] Stage2 Epoch 75/75:  87%|████████▋ | 142/164 [00:54\u003c00:08,  2.64it/s, loss=0.1279, acc=0.9602]\n"}
,{"stream_name":"stderr","time":6048.011469746,"data":"\r[cosine_anneal] Stage2 Epoch 75/75:  87%|████████▋ | 142/164 [00:54\u003c00:08,  2.64it/s, loss=0.1279, acc=0.9602]\r[cosine_anneal] Stage2 Epoch 75/75:  87%|████████▋ | 142/164 [00:55\u003c00:08,  2.64it/s, loss=0.1272, acc=0.9604]\n"}
,{"stream_name":"stderr","time":6048.01243465,"data":"\r[cosine_anneal] Stage2 Epoch 75/75:  87%|████████▋ | 142/164 [00:55\u003c00:08,  2.64it/s, loss=0.1272, acc=0.9604]\r[cosine_anneal] Stage2 Epoch 75/75:  87%|████████▋ | 143/164 [00:55\u003c00:07,  2.65it/s, loss=0.1272, acc=0.9604]\n"}
,{"stream_name":"stderr","time":6048.394369471,"data":"\r[cosine_anneal] Stage2 Epoch 75/75:  87%|████████▋ | 143/164 [00:55\u003c00:07,  2.65it/s, loss=0.1272, acc=0.9604]\r[cosine_anneal] Stage2 Epoch 75/75:  87%|████████▋ | 143/164 [00:55\u003c00:07,  2.65it/s, loss=0.1272, acc=0.9605]\n"}
,{"stream_name":"stderr","time":6048.395271795,"data":"\r[cosine_anneal] Stage2 Epoch 75/75:  87%|████████▋ | 143/164 [00:55\u003c00:07,  2.65it/s, loss=0.1272, acc=0.9605]\r[cosine_anneal] Stage2 Epoch 75/75:  88%|████████▊ | 144/164 [00:55\u003c00:07,  2.64it/s, loss=0.1272, acc=0.9605]\n"}
,{"stream_name":"stderr","time":6048.773517824,"data":"\r[cosine_anneal] Stage2 Epoch 75/75:  88%|████████▊ | 144/164 [00:55\u003c00:07,  2.64it/s, loss=0.1272, acc=0.9605]\r[cosine_anneal] Stage2 Epoch 75/75:  88%|████████▊ | 144/164 [00:55\u003c00:07,  2.64it/s, loss=0.1272, acc=0.9603]\n"}
,{"stream_name":"stderr","time":6048.77445991,"data":"\r[cosine_anneal] Stage2 Epoch 75/75:  88%|████████▊ | 144/164 [00:55\u003c00:07,  2.64it/s, loss=0.1272, acc=0.9603]\r[cosine_anneal] Stage2 Epoch 75/75:  88%|████████▊ | 145/164 [00:55\u003c00:07,  2.64it/s, loss=0.1272, acc=0.9603]\n"}
,{"stream_name":"stderr","time":6049.150824077,"data":"\r[cosine_anneal] Stage2 Epoch 75/75:  88%|████████▊ | 145/164 [00:55\u003c00:07,  2.64it/s, loss=0.1272, acc=0.9603]\r[cosine_anneal] Stage2 Epoch 75/75:  88%|████████▊ | 145/164 [00:56\u003c00:07,  2.64it/s, loss=0.1269, acc=0.9604]\n"}
,{"stream_name":"stderr","time":6049.152217759,"data":"\r[cosine_anneal] Stage2 Epoch 75/75:  88%|████████▊ | 145/164 [00:56\u003c00:07,  2.64it/s, loss=0.1269, acc=0.9604]\r[cosine_anneal] Stage2 Epoch 75/75:  89%|████████▉ | 146/164 [00:56\u003c00:06,  2.64it/s, loss=0.1269, acc=0.9604]\n"}
,{"stream_name":"stderr","time":6049.531912995,"data":"\r[cosine_anneal] Stage2 Epoch 75/75:  89%|████████▉ | 146/164 [00:56\u003c00:06,  2.64it/s, loss=0.1269, acc=0.9604]\r[cosine_anneal] Stage2 Epoch 75/75:  89%|████████▉ | 146/164 [00:56\u003c00:06,  2.64it/s, loss=0.1267, acc=0.9605]\n"}
,{"stream_name":"stderr","time":6049.532932171,"data":"\r[cosine_anneal] Stage2 Epoch 75/75:  89%|████████▉ | 146/164 [00:56\u003c00:06,  2.64it/s, loss=0.1267, acc=0.9605]\r[cosine_anneal] Stage2 Epoch 75/75:  90%|████████▉ | 147/164 [00:56\u003c00:06,  2.64it/s, loss=0.1267, acc=0.9605]\n"}
,{"stream_name":"stderr","time":6049.907936599,"data":"\r[cosine_anneal] Stage2 Epoch 75/75:  90%|████████▉ | 147/164 [00:56\u003c00:06,  2.64it/s, loss=0.1267, acc=0.9605]\r[cosine_anneal] Stage2 Epoch 75/75:  90%|████████▉ | 147/164 [00:56\u003c00:06,  2.64it/s, loss=0.1262, acc=0.9605]\n"}
,{"stream_name":"stderr","time":6049.909046343,"data":"\r[cosine_anneal] Stage2 Epoch 75/75:  90%|████████▉ | 147/164 [00:56\u003c00:06,  2.64it/s, loss=0.1262, acc=0.9605]\r[cosine_anneal] Stage2 Epoch 75/75:  90%|█████████ | 148/164 [00:56\u003c00:06,  2.64it/s, loss=0.1262, acc=0.9605]\n"}
,{"stream_name":"stderr","time":6050.284123536,"data":"\r[cosine_anneal] Stage2 Epoch 75/75:  90%|█████████ | 148/164 [00:56\u003c00:06,  2.64it/s, loss=0.1262, acc=0.9605]\r[cosine_anneal] Stage2 Epoch 75/75:  90%|█████████ | 148/164 [00:57\u003c00:06,  2.64it/s, loss=0.1278, acc=0.9602]\n"}
,{"stream_name":"stderr","time":6050.285801877,"data":"\r[cosine_anneal] Stage2 Epoch 75/75:  90%|█████████ | 148/164 [00:57\u003c00:06,  2.64it/s, loss=0.1278, acc=0.9602]\r[cosine_anneal] Stage2 Epoch 75/75:  91%|█████████ | 149/164 [00:57\u003c00:05,  2.65it/s, loss=0.1278, acc=0.9602]\n"}
,{"stream_name":"stderr","time":6050.666316974,"data":"\r[cosine_anneal] Stage2 Epoch 75/75:  91%|█████████ | 149/164 [00:57\u003c00:05,  2.65it/s, loss=0.1278, acc=0.9602]\r[cosine_anneal] Stage2 Epoch 75/75:  91%|█████████ | 149/164 [00:57\u003c00:05,  2.65it/s, loss=0.1290, acc=0.9598]\n"}
,{"stream_name":"stderr","time":6050.667008585,"data":"\r[cosine_anneal] Stage2 Epoch 75/75:  91%|█████████ | 149/164 [00:57\u003c00:05,  2.65it/s, loss=0.1290, acc=0.9598]\r[cosine_anneal] Stage2 Epoch 75/75:  91%|█████████▏| 150/164 [00:57\u003c00:05,  2.64it/s, loss=0.1290, acc=0.9598]\n"}
,{"stream_name":"stderr","time":6051.041947641,"data":"\r[cosine_anneal] Stage2 Epoch 75/75:  91%|█████████▏| 150/164 [00:57\u003c00:05,  2.64it/s, loss=0.1290, acc=0.9598]\r[cosine_anneal] Stage2 Epoch 75/75:  91%|█████████▏| 150/164 [00:58\u003c00:05,  2.64it/s, loss=0.1298, acc=0.9594]\n"}
,{"stream_name":"stderr","time":6051.043047429,"data":"\r[cosine_anneal] Stage2 Epoch 75/75:  91%|█████████▏| 150/164 [00:58\u003c00:05,  2.64it/s, loss=0.1298, acc=0.9594]\r[cosine_anneal] Stage2 Epoch 75/75:  92%|█████████▏| 151/164 [00:58\u003c00:04,  2.65it/s, loss=0.1298, acc=0.9594]\n"}
,{"stream_name":"stderr","time":6051.415772101,"data":"\r[cosine_anneal] Stage2 Epoch 75/75:  92%|█████████▏| 151/164 [00:58\u003c00:04,  2.65it/s, loss=0.1298, acc=0.9594]\r[cosine_anneal] Stage2 Epoch 75/75:  92%|█████████▏| 151/164 [00:58\u003c00:04,  2.65it/s, loss=0.1290, acc=0.9597]\n"}
,{"stream_name":"stderr","time":6051.418500945,"data":"\r[cosine_anneal] Stage2 Epoch 75/75:  92%|█████████▏| 151/164 [00:58\u003c00:04,  2.65it/s, loss=0.1290, acc=0.9597]\r[cosine_anneal] Stage2 Epoch 75/75:  93%|█████████▎| 152/164 [00:58\u003c00:04,  2.65it/s, loss=0.1290, acc=0.9597]\n"}
,{"stream_name":"stderr","time":6051.788521758,"data":"\r[cosine_anneal] Stage2 Epoch 75/75:  93%|█████████▎| 152/164 [00:58\u003c00:04,  2.65it/s, loss=0.1290, acc=0.9597]\r[cosine_anneal] Stage2 Epoch 75/75:  93%|█████████▎| 152/164 [00:58\u003c00:04,  2.65it/s, loss=0.1300, acc=0.9596]\n"}
,{"stream_name":"stderr","time":6051.789896908,"data":"\r[cosine_anneal] Stage2 Epoch 75/75:  93%|█████████▎| 152/164 [00:58\u003c00:04,  2.65it/s, loss=0.1300, acc=0.9596]\r[cosine_anneal] Stage2 Epoch 75/75:  93%|█████████▎| 153/164 [00:58\u003c00:04,  2.66it/s, loss=0.1300, acc=0.9596]\n"}
,{"stream_name":"stderr","time":6052.168318898,"data":"\r[cosine_anneal] Stage2 Epoch 75/75:  93%|█████████▎| 153/164 [00:58\u003c00:04,  2.66it/s, loss=0.1300, acc=0.9596]\r[cosine_anneal] Stage2 Epoch 75/75:  93%|█████████▎| 153/164 [00:59\u003c00:04,  2.66it/s, loss=0.1303, acc=0.9594]\n"}
,{"stream_name":"stderr","time":6052.16973767,"data":"\r[cosine_anneal] Stage2 Epoch 75/75:  93%|█████████▎| 153/164 [00:59\u003c00:04,  2.66it/s, loss=0.1303, acc=0.9594]\r[cosine_anneal] Stage2 Epoch 75/75:  94%|█████████▍| 154/164 [00:59\u003c00:03,  2.65it/s, loss=0.1303, acc=0.9594]\n"}
,{"stream_name":"stderr","time":6052.548105172,"data":"\r[cosine_anneal] Stage2 Epoch 75/75:  94%|█████████▍| 154/164 [00:59\u003c00:03,  2.65it/s, loss=0.1303, acc=0.9594]\r[cosine_anneal] Stage2 Epoch 75/75:  94%|█████████▍| 154/164 [00:59\u003c00:03,  2.65it/s, loss=0.1299, acc=0.9595]\n"}
,{"stream_name":"stderr","time":6052.5493093,"data":"\r[cosine_anneal] Stage2 Epoch 75/75:  94%|█████████▍| 154/164 [00:59\u003c00:03,  2.65it/s, loss=0.1299, acc=0.9595]\r[cosine_anneal] Stage2 Epoch 75/75:  95%|█████████▍| 155/164 [00:59\u003c00:03,  2.65it/s, loss=0.1299, acc=0.9595]\n"}
,{"stream_name":"stderr","time":6052.92257591,"data":"\r[cosine_anneal] Stage2 Epoch 75/75:  95%|█████████▍| 155/164 [00:59\u003c00:03,  2.65it/s, loss=0.1299, acc=0.9595]\r[cosine_anneal] Stage2 Epoch 75/75:  95%|█████████▍| 155/164 [00:59\u003c00:03,  2.65it/s, loss=0.1300, acc=0.9593]\n"}
,{"stream_name":"stderr","time":6052.924048839,"data":"\r[cosine_anneal] Stage2 Epoch 75/75:  95%|█████████▍| 155/164 [00:59\u003c00:03,  2.65it/s, loss=0.1300, acc=0.9593]\r[cosine_anneal] Stage2 Epoch 75/75:  95%|█████████▌| 156/164 [00:59\u003c00:03,  2.65it/s, loss=0.1300, acc=0.9593]\n"}
,{"stream_name":"stderr","time":6053.301378541,"data":"\r[cosine_anneal] Stage2 Epoch 75/75:  95%|█████████▌| 156/164 [00:59\u003c00:03,  2.65it/s, loss=0.1300, acc=0.9593]\r[cosine_anneal] Stage2 Epoch 75/75:  95%|█████████▌| 156/164 [01:00\u003c00:03,  2.65it/s, loss=0.1302, acc=0.9590]\n"}
,{"stream_name":"stderr","time":6053.302494297,"data":"\r[cosine_anneal] Stage2 Epoch 75/75:  95%|█████████▌| 156/164 [01:00\u003c00:03,  2.65it/s, loss=0.1302, acc=0.9590]\r[cosine_anneal] Stage2 Epoch 75/75:  96%|█████████▌| 157/164 [01:00\u003c00:02,  2.65it/s, loss=0.1302, acc=0.9590]\n"}
,{"stream_name":"stderr","time":6053.675597544,"data":"\r[cosine_anneal] Stage2 Epoch 75/75:  96%|█████████▌| 157/164 [01:00\u003c00:02,  2.65it/s, loss=0.1302, acc=0.9590]\r[cosine_anneal] Stage2 Epoch 75/75:  96%|█████████▌| 157/164 [01:00\u003c00:02,  2.65it/s, loss=0.1299, acc=0.9589]\n"}
,{"stream_name":"stderr","time":6053.676793137,"data":"\r[cosine_anneal] Stage2 Epoch 75/75:  96%|█████████▌| 157/164 [01:00\u003c00:02,  2.65it/s, loss=0.1299, acc=0.9589]\r[cosine_anneal] Stage2 Epoch 75/75:  96%|█████████▋| 158/164 [01:00\u003c00:02,  2.66it/s, loss=0.1299, acc=0.9589]\n"}
,{"stream_name":"stderr","time":6054.056614369,"data":"\r[cosine_anneal] Stage2 Epoch 75/75:  96%|█████████▋| 158/164 [01:00\u003c00:02,  2.66it/s, loss=0.1299, acc=0.9589]\r[cosine_anneal] Stage2 Epoch 75/75:  96%|█████████▋| 158/164 [01:01\u003c00:02,  2.66it/s, loss=0.1291, acc=0.9591]\n"}
,{"stream_name":"stderr","time":6054.057723853,"data":"\r[cosine_anneal] Stage2 Epoch 75/75:  96%|█████████▋| 158/164 [01:01\u003c00:02,  2.66it/s, loss=0.1291, acc=0.9591]\r[cosine_anneal] Stage2 Epoch 75/75:  97%|█████████▋| 159/164 [01:01\u003c00:01,  2.65it/s, loss=0.1291, acc=0.9591]\n"}
,{"stream_name":"stderr","time":6054.434486826,"data":"\r[cosine_anneal] Stage2 Epoch 75/75:  97%|█████████▋| 159/164 [01:01\u003c00:01,  2.65it/s, loss=0.1291, acc=0.9591]\r[cosine_anneal] Stage2 Epoch 75/75:  97%|█████████▋| 159/164 [01:01\u003c00:01,  2.65it/s, loss=0.1297, acc=0.9590]\n"}
,{"stream_name":"stderr","time":6054.43514338,"data":"\r[cosine_anneal] Stage2 Epoch 75/75:  97%|█████████▋| 159/164 [01:01\u003c00:01,  2.65it/s, loss=0.1297, acc=0.9590]\r[cosine_anneal] Stage2 Epoch 75/75:  98%|█████████▊| 160/164 [01:01\u003c00:01,  2.65it/s, loss=0.1297, acc=0.9590]\n"}
,{"stream_name":"stderr","time":6054.809349881,"data":"\r[cosine_anneal] Stage2 Epoch 75/75:  98%|█████████▊| 160/164 [01:01\u003c00:01,  2.65it/s, loss=0.1297, acc=0.9590]\r[cosine_anneal] Stage2 Epoch 75/75:  98%|█████████▊| 160/164 [01:01\u003c00:01,  2.65it/s, loss=0.1299, acc=0.9589]\n"}
,{"stream_name":"stderr","time":6054.810522887,"data":"\r[cosine_anneal] Stage2 Epoch 75/75:  98%|█████████▊| 160/164 [01:01\u003c00:01,  2.65it/s, loss=0.1299, acc=0.9589]\r[cosine_anneal] Stage2 Epoch 75/75:  98%|█████████▊| 161/164 [01:01\u003c00:01,  2.65it/s, loss=0.1299, acc=0.9589]\n"}
,{"stream_name":"stderr","time":6055.190023939,"data":"\r[cosine_anneal] Stage2 Epoch 75/75:  98%|█████████▊| 161/164 [01:01\u003c00:01,  2.65it/s, loss=0.1299, acc=0.9589]\r[cosine_anneal] Stage2 Epoch 75/75:  98%|█████████▊| 161/164 [01:02\u003c00:01,  2.65it/s, loss=0.1296, acc=0.9589]\n"}
,{"stream_name":"stderr","time":6055.191293571,"data":"\r[cosine_anneal] Stage2 Epoch 75/75:  98%|█████████▊| 161/164 [01:02\u003c00:01,  2.65it/s, loss=0.1296, acc=0.9589]\r[cosine_anneal] Stage2 Epoch 75/75:  99%|█████████▉| 162/164 [01:02\u003c00:00,  2.64it/s, loss=0.1296, acc=0.9589]\n"}
,{"stream_name":"stderr","time":6055.56842273,"data":"\r[cosine_anneal] Stage2 Epoch 75/75:  99%|█████████▉| 162/164 [01:02\u003c00:00,  2.64it/s, loss=0.1296, acc=0.9589]\r[cosine_anneal] Stage2 Epoch 75/75:  99%|█████████▉| 162/164 [01:02\u003c00:00,  2.64it/s, loss=0.1298, acc=0.9588]\n"}
,{"stream_name":"stderr","time":6055.569480228,"data":"\r[cosine_anneal] Stage2 Epoch 75/75:  99%|█████████▉| 162/164 [01:02\u003c00:00,  2.64it/s, loss=0.1298, acc=0.9588]\r[cosine_anneal] Stage2 Epoch 75/75:  99%|█████████▉| 163/164 [01:02\u003c00:00,  2.64it/s, loss=0.1298, acc=0.9588]\n"}
,{"stream_name":"stderr","time":6055.937942787,"data":"\r[cosine_anneal] Stage2 Epoch 75/75:  99%|█████████▉| 163/164 [01:02\u003c00:00,  2.64it/s, loss=0.1298, acc=0.9588]\r[cosine_anneal] Stage2 Epoch 75/75:  99%|█████████▉| 163/164 [01:02\u003c00:00,  2.64it/s, loss=0.1307, acc=0.9583]\n"}
,{"stream_name":"stderr","time":6055.939169241,"data":"\r[cosine_anneal] Stage2 Epoch 75/75:  99%|█████████▉| 163/164 [01:02\u003c00:00,  2.64it/s, loss=0.1307, acc=0.9583]\r[cosine_anneal] Stage2 Epoch 75/75: 100%|██████████| 164/164 [01:02\u003c00:00,  2.66it/s, loss=0.1307, acc=0.9583]\n"}
,{"stream_name":"stderr","time":6056.011748715,"data":"\r[cosine_anneal] Stage2 Epoch 75/75: 100%|██████████| 164/164 [01:02\u003c00:00,  2.66it/s, loss=0.1307, acc=0.9583]\r[cosine_anneal] Stage2 Epoch 75/75: 100%|██████████| 164/164 [01:03\u003c00:00,  2.60it/s, loss=0.1307, acc=0.9583]\n"}
,{"stream_name":"stderr","time":6056.040854084,"data":"\r[cosine_anneal] Stage2 Epoch 75/75: 100%|██████████| 164/164 [01:03\u003c00:00,  2.60it/s, loss=0.1307, acc=0.9583]\n"}
,{"stream_name":"stderr","time":6056.040882705,"data":"\n"}
,{"stream_name":"stderr","time":6056.040887668,"data":"\n"}
,{"stream_name":"stdout","time":6062.42966937,"data":"  Val Loss: 0.6074 | Val Acc: 0.8788 | Val Macro-F1: 0.8000\n"}
,{"stream_name":"stdout","time":6062.429845478,"data":"\n"}
,{"stream_name":"stdout","time":6062.430988043,"data":"[cosine_anneal] done in 100.4 min. Best val macro_f1: 0.8067\n"}
,{"stream_name":"stdout","time":6062.431005853,"data":"\n"}
,{"stream_name":"stdout","time":6062.431010721,"data":"All augmentation policies trained.\n"}
,{"stream_name":"stdout","time":6069.702478912,"data":"Classes (20): ['coral', 'crab', 'diver', 'eel', 'fish', 'fishInGroups', 'flatworm', 'jellyfish', 'marine_dolphin', 'octopus', 'rayfish', 'seaAnemone', 'seaCucumber', 'seaSlug', 'seaUrchin', 'shark', 'shrimp', 'squid', 'starfish', 'turtle']\n"}
,{"stream_name":"stdout","time":6069.70253485,"data":"\n"}
,{"stream_name":"stdout","time":6076.739830065,"data":"============================================================\n"}
,{"stream_name":"stdout","time":6076.739876166,"data":"  COSINE_ANNEAL  Top-1: 0.8548 | Top-3: 0.9702 | Macro-F1: 0.7676\n"}
,{"stream_name":"stdout","time":6076.739883277,"data":"============================================================\n"}
,{"stream_name":"stdout","time":6079.571989458,"data":"Top-1 Accuracy vs Macro-F1 across augmentation policies:\n"}
,{"stream_name":"stdout","time":6079.572033141,"data":"  cosine_anneal  Top-1 85.48%   Macro-F1 0.7676   errors 234\n"}
,{"stream_name":"stdout","time":6079.587286147,"data":"Saved analysis/augmentation_comparison.{csv,png}\n"}
,{"stream_name":"stdout","time":6086.078513164,"data":"cosine_anneal: confusion matrix -\u003e confusion_matrix_resnet50_cosine_anneal.png\n"}
,{"stream_name":"stdout","time":6091.912034056,"data":"\n"}
,{"stream_name":"stdout","time":6091.912082237,"data":"=== [cosine_anneal] 234 errors (14.5%) | mean conf correct 0.9618 wrong 0.8067\n"}
,{"stream_name":"stdout","time":6091.91210184,"data":"         class  support  precision  recall     f1  top3_recall  mean_conf_correct  mean_conf_wrong  mean_true_prob_when_wrong\n"}
,{"stream_name":"stdout","time":6091.912107154,"data":"marine_dolphin       10     0.6667  0.2000 0.3077       0.5000             0.5885           0.8253                     0.0770\n"}
,{"stream_name":"stdout","time":6091.912111111,"data":"      flatworm       13     0.8000  0.3077 0.4444       0.8462             0.8152           0.8898                     0.0369\n"}
,{"stream_name":"stdout","time":6091.912114926,"data":"   seaCucumber       10     0.5714  0.4000 0.4706       0.7000             0.8706           0.8331                     0.0637\n"}
,{"stream_name":"stdout","time":6091.912118627,"data":"         shark       19     0.5926  0.8421 0.6957       0.8947             0.9703           0.6740                     0.0281\n"}
,{"stream_name":"stdout","time":6091.912122462,"data":"           eel       41     0.6346  0.8049 0.7097       0.9756             0.9744           0.8631                     0.0878\n"}
,{"stream_name":"stdout","time":6091.912127002,"data":"        true    predicted  count  pct_of_true_class\n"}
,{"stream_name":"stdout","time":6091.912131403,"data":"       coral   seaAnemone     18               5.17\n"}
,{"stream_name":"stdout","time":6091.912135393,"data":"        fish        coral     15               2.79\n"}
,{"stream_name":"stdout","time":6091.912138899,"data":"        fish   seaAnemone     15               2.79\n"}
,{"stream_name":"stdout","time":6091.912142613,"data":"       coral         fish     14               4.02\n"}
,{"stream_name":"stdout","time":6091.912146663,"data":"        fish fishInGroups     13               2.42\n"}
,{"stream_name":"stdout","time":6091.91215087,"data":"       coral     starfish     10               2.87\n"}
,{"stream_name":"stdout","time":6091.91215527,"data":"  seaAnemone        coral      9               4.07\n"}
,{"stream_name":"stdout","time":6091.912159436,"data":"fishInGroups         fish      8              11.11\n"}
,{"stream_name":"stdout","time":6091.912164476,"data":"\n"}
,{"stream_name":"stdout","time":6091.912168193,"data":"Error analysis written for all policies.\n"}
,{"stream_name":"stdout","time":6103.367840669,"data":"[cosine_anneal] 20 misclassified + 20 correct, 20 classes -\u003e gradcam/resnet50_cosine_anneal\n"}
,{"stream_name":"stdout","time":6132.377271588,"data":"  saved 40 images\n"}
,{"stream_name":"stdout","time":6132.377313488,"data":"\n"}
,{"stream_name":"stdout","time":6132.377317803,"data":"Grad-CAM complete for all policies.\n"}
,{"stream_name":"stdout","time":6137.754242017,"data":"Kernel output (/kaggle/working):\n"}
,{"stream_name":"stdout","time":6137.754316911,"data":"  __notebook__.ipynb                                                 7.64 MB\n"}
,{"stream_name":"stdout","time":6137.754329216,"data":"  confusion_matrix_resnet50_cosine_anneal.png                        0.16 MB\n"}
,{"stream_name":"stdout","time":6137.754335,"data":"  training_state_resnet50_cosine_anneal.json                         0.00 MB\n"}
,{"stream_name":"stdout","time":6137.754339784,"data":"  weights_resnet50_cosine_anneal.pth                                94.52 MB\n"}
,{"stream_name":"stdout","time":6137.754344519,"data":"  gradcam/resnet50_cosine_anneal/err_000_coral-as-seaAnemone.png     0.81 MB\n"}
,{"stream_name":"stdout","time":6137.754349111,"data":"  gradcam/resnet50_cosine_anneal/err_001_crab-as-fish.png            1.00 MB\n"}
,{"stream_name":"stdout","time":6137.754353834,"data":"  gradcam/resnet50_cosine_anneal/err_002_eel-as-flatworm.png         0.99 MB\n"}
,{"stream_name":"stdout","time":6137.754358787,"data":"  gradcam/resnet50_cosine_anneal/err_003_fish-as-shark.png           0.52 MB\n"}
,{"stream_name":"stdout","time":6137.754375495,"data":"  gradcam/resnet50_cosine_anneal/err_004_fishInGroups-as-fish.png     0.62 MB\n"}
,{"stream_name":"stdout","time":6137.754379122,"data":"  gradcam/resnet50_cosine_anneal/err_005_flatworm-as-seaSlug.png     0.87 MB\n"}
,{"stream_name":"stdout","time":6137.754382546,"data":"  gradcam/resnet50_cosine_anneal/err_006_jellyfish-as-seaAnemone.png     1.00 MB\n"}
,{"stream_name":"stdout","time":6137.754386013,"data":"  gradcam/resnet50_cosine_anneal/err_007_marine_dolphin-as-shark.png     0.61 MB\n"}
,{"stream_name":"stdout","time":6137.754395899,"data":"  gradcam/resnet50_cosine_anneal/err_008_octopus-as-fish.png         0.79 MB\n"}
,{"stream_name":"stdout","time":6137.754399603,"data":"  gradcam/resnet50_cosine_anneal/err_009_rayfish-as-fish.png         1.24 MB\n"}
,{"stream_name":"stdout","time":6137.754404686,"data":"  gradcam/resnet50_cosine_anneal/err_010_seaAnemone-as-seaUrchin.png     0.96 MB\n"}
,{"stream_name":"stdout","time":6137.754422607,"data":"  gradcam/resnet50_cosine_anneal/err_011_seaCucumber-as-eel.png      1.01 MB\n"}
,{"stream_name":"stdout","time":6137.754426132,"data":"  gradcam/resnet50_cosine_anneal/err_012_seaSlug-as-fish.png         0.68 MB\n"}
,{"stream_name":"stdout","time":6137.754429276,"data":"  gradcam/resnet50_cosine_anneal/err_013_seaUrchin-as-starfish.png     1.16 MB\n"}
,{"stream_name":"stdout","time":6137.754432659,"data":"  gradcam/resnet50_cosine_anneal/err_014_shark-as-rayfish.png        0.63 MB\n"}
,{"stream_name":"stdout","time":6137.754435937,"data":"  gradcam/resnet50_cosine_anneal/err_015_shrimp-as-crab.png          0.95 MB\n"}
,{"stream_name":"stdout","time":6137.754439146,"data":"  gradcam/resnet50_cosine_anneal/err_016_squid-as-fish.png           0.66 MB\n"}
,{"stream_name":"stdout","time":6137.754442562,"data":"  gradcam/resnet50_cosine_anneal/err_017_starfish-as-seaCucumber.png     1.15 MB\n"}
,{"stream_name":"stdout","time":6137.754446945,"data":"  gradcam/resnet50_cosine_anneal/err_018_turtle-as-shark.png         0.74 MB\n"}
,{"stream_name":"stdout","time":6137.754451317,"data":"  gradcam/resnet50_cosine_anneal/err_019_coral-as-fish.png           0.87 MB\n"}
,{"stream_name":"stdout","time":6137.754455671,"data":"  gradcam/resnet50_cosine_anneal/zz_ok_020_coral-as-coral.png        1.28 MB\n"}
,{"stream_name":"stdout","time":6137.754461649,"data":"  gradcam/resnet50_cosine_anneal/zz_ok_021_crab-as-crab.png          0.92 MB\n"}
,{"stream_name":"stdout","time":6137.754465322,"data":"  gradcam/resnet50_cosine_anneal/zz_ok_022_diver-as-diver.png        0.58 MB\n"}
,{"stream_name":"stdout","time":6137.754468734,"data":"  gradcam/resnet50_cosine_anneal/zz_ok_023_eel-as-eel.png            1.07 MB\n"}
,{"stream_name":"stdout","time":6137.754472572,"data":"  gradcam/resnet50_cosine_anneal/zz_ok_024_fish-as-fish.png          0.60 MB\n"}
,{"stream_name":"stdout","time":6137.754476056,"data":"  gradcam/resnet50_cosine_anneal/zz_ok_025_fishInGroups-as-fishInGroups.png     0.81 MB\n"}
,{"stream_name":"stdout","time":6137.754479479,"data":"  gradcam/resnet50_cosine_anneal/zz_ok_026_flatworm-as-flatworm.png     1.23 MB\n"}
,{"stream_name":"stdout","time":6137.754482742,"data":"  gradcam/resnet50_cosine_anneal/zz_ok_027_jellyfish-as-jellyfish.png     0.75 MB\n"}
,{"stream_name":"stdout","time":6137.754486209,"data":"  gradcam/resnet50_cosine_anneal/zz_ok_028_marine_dolphin-as-marine_dolphin.png     0.51 MB\n"}
,{"stream_name":"stdout","time":6137.754489463,"data":"  gradcam/resnet50_cosine_anneal/zz_ok_029_octopus-as-octopus.png     0.99 MB\n"}
,{"stream_name":"stdout","time":6137.754492889,"data":"  gradcam/resnet50_cosine_anneal/zz_ok_030_rayfish-as-rayfish.png     0.70 MB\n"}
,{"stream_name":"stdout","time":6137.754502266,"data":"  gradcam/resnet50_cosine_anneal/zz_ok_031_seaAnemone-as-seaAnemone.png     1.00 MB\n"}
,{"stream_name":"stdout","time":6137.75450609,"data":"  gradcam/resnet50_cosine_anneal/zz_ok_032_seaCucumber-as-seaCucumber.png     1.16 MB\n"}
,{"stream_name":"stdout","time":6137.754509819,"data":"  gradcam/resnet50_cosine_anneal/zz_ok_033_seaSlug-as-seaSlug.png     0.77 MB\n"}
,{"stream_name":"stdout","time":6137.754513235,"data":"  gradcam/resnet50_cosine_anneal/zz_ok_034_seaUrchin-as-seaUrchin.png     1.18 MB\n"}
,{"stream_name":"stdout","time":6137.754516561,"data":"  gradcam/resnet50_cosine_anneal/zz_ok_035_shark-as-shark.png        0.46 MB\n"}
,{"stream_name":"stdout","time":6137.754519942,"data":"  gradcam/resnet50_cosine_anneal/zz_ok_036_shrimp-as-shrimp.png      1.04 MB\n"}
,{"stream_name":"stdout","time":6137.754523381,"data":"  gradcam/resnet50_cosine_anneal/zz_ok_037_squid-as-squid.png        0.96 MB\n"}
,{"stream_name":"stdout","time":6137.754527106,"data":"  gradcam/resnet50_cosine_anneal/zz_ok_038_starfish-as-starfish.png     1.22 MB\n"}
,{"stream_name":"stdout","time":6137.754530602,"data":"  gradcam/resnet50_cosine_anneal/zz_ok_039_turtle-as-turtle.png      0.88 MB\n"}
,{"stream_name":"stdout","time":6137.754534003,"data":"  analysis/augmentation_comparison.csv                               0.00 MB\n"}
,{"stream_name":"stdout","time":6137.754537292,"data":"  analysis/augmentation_comparison.png                               0.04 MB\n"}
,{"stream_name":"stdout","time":6137.754540954,"data":"  analysis/cosine_anneal/confident_mistakes.csv                      0.01 MB\n"}
,{"stream_name":"stdout","time":6137.754545116,"data":"  analysis/cosine_anneal/confusion_matrix.csv                        0.00 MB\n"}
,{"stream_name":"stdout","time":6137.754548489,"data":"  analysis/cosine_anneal/confusion_pairs.csv                         0.00 MB\n"}
,{"stream_name":"stdout","time":6137.754551937,"data":"  analysis/cosine_anneal/epoch_log.csv                               0.01 MB\n"}
,{"stream_name":"stdout","time":6137.754555356,"data":"  analysis/cosine_anneal/gradcam_manifest.csv                        0.00 MB\n"}
,{"stream_name":"stdout","time":6137.754559434,"data":"  analysis/cosine_anneal/per_class.csv                               0.00 MB\n"}
,{"stream_name":"stdout","time":6137.754562907,"data":"  analysis/cosine_anneal/probabilities.npy                           0.13 MB\n"}
,{"stream_name":"stdout","time":6137.754566264,"data":"  analysis/cosine_anneal/summary.json                                0.00 MB\n"}
,{"stream_name":"stdout","time":6137.75457006,"data":"\n"}
,{"stream_name":"stdout","time":6137.754574069,"data":"Total: 137.9 MB\n"}
,{"stream_name":"stdout","time":6137.754577682,"data":"\n"}
,{"stream_name":"stdout","time":6137.754580834,"data":"Pull with:  kaggle kernels output farhantahsinkhan/\u003cslug\u003e -p \u003cdir\u003e\n"}
,{"stream_name":"stdout","time":6137.75458489,"data":"Downloads are alphabetical and can truncate — analysis/ arrives first, weights last.\n"}
,{"stream_name":"stderr","time":6147.221713969,"data":"/usr/local/lib/python3.12/dist-packages/mistune.py:435: SyntaxWarning: invalid escape sequence '\\|'\n"}
,{"stream_name":"stderr","time":6147.221781791,"data":"  cells[i][c] = re.sub('\\\\\\\\\\|', '|', cell)\n"}
,{"stream_name":"stderr","time":6147.374950114,"data":"/usr/local/lib/python3.12/dist-packages/nbconvert/filters/filter_links.py:36: SyntaxWarning: invalid escape sequence '\\_'\n"}
,{"stream_name":"stderr","time":6147.375006726,"data":"  text = re.sub(r'_', '\\_', text) # Escape underscores in display text\n"}
,{"stream_name":"stderr","time":6147.974818082,"data":"[NbConvertApp] Converting notebook __notebook__.ipynb to notebook\n"}
,{"stream_name":"stderr","time":6152.537476027,"data":"[NbConvertApp] Writing 170007 bytes to __notebook__.ipynb\n"}
,{"stream_name":"stderr","time":6154.978511119,"data":"[NbConvertApp] Converting notebook __notebook__.ipynb to html\n"}
,{"stream_name":"stderr","time":6156.033186156,"data":"[NbConvertApp] Writing 569907 bytes to __results__.html\n"}
]